latitude,longitude,elevation,utc_offset_seconds,timezone,timezone_abbreviation
55.782074,37.576374,152.0,10800,Europe/Moscow,GMT+3

time,temperature_2m (°C),relative_humidity_2m (%),surface_pressure (hPa),cloud_cover (%),wind_speed_10m (m/s),wind_direction_10m (°),vapour_pressure_deficit (kPa),shortwave_radiation (W/m²),direct_radiation (W/m²),diffuse_radiation (W/m²)
2025-01-01T00:00,-1.9,87,990.3,76,3.31,285,0.07,0.0,0.0,0.0
2025-01-01T01:00,-2.2,86,991.3,100,3.83,290,0.07,0.0,0.0,0.0
2025-01-01T02:00,-2.5,85,992.1,95,4.03,287,0.08,0.0,0.0,0.0
2025-01-01T03:00,-3.5,85,992.9,41,3.76,284,0.07,0.0,0.0,0.0
2025-01-01T04:00,-4.2,84,993.2,82,3.59,279,0.07,0.0,0.0,0.0
2025-01-01T05:00,-4.7,86,993.8,100,3.47,277,0.06,0.0,0.0,0.0
2025-01-01T06:00,-5.4,87,994.0,86,3.01,266,0.05,0.0,0.0,0.0
2025-01-01T07:00,-6.2,89,994.3,94,2.94,252,0.04,0.0,0.0,0.0
2025-01-01T08:00,-6.8,89,994.0,100,2.47,238,0.04,0.0,0.0,0.0
2025-01-01T09:00,-6.5,90,993.7,100,2.67,232,0.04,0.0,0.0,0.0
2025-01-01T10:00,-5.6,90,993.5,100,2.56,211,0.04,15.0,0.0,15.0
2025-01-01T11:00,-4.8,90,992.4,100,2.87,193,0.04,54.0,0.0,54.0
2025-01-01T12:00,-3.8,90,990.8,100,3.10,182,0.05,66.0,0.0,66.0
2025-01-01T13:00,-3.1,90,988.5,100,3.37,168,0.05,49.0,0.0,49.0
2025-01-01T14:00,-2.4,90,986.3,100,3.90,171,0.05,43.0,0.0,43.0
2025-01-01T15:00,-1.5,90,984.7,100,4.05,182,0.05,34.0,0.0,34.0
2025-01-01T16:00,-1.4,92,983.5,100,3.69,196,0.05,9.0,0.0,9.0
2025-01-01T17:00,-0.5,92,982.0,100,3.72,213,0.05,0.0,0.0,0.0
2025-01-01T18:00,0.3,91,980.8,100,4.17,225,0.05,0.0,0.0,0.0
2025-01-01T19:00,0.4,91,980.1,100,4.57,233,0.06,0.0,0.0,0.0
2025-01-01T20:00,0.5,90,979.5,100,4.77,237,0.06,0.0,0.0,0.0
2025-01-01T21:00,0.6,90,978.8,100,4.99,235,0.06,0.0,0.0,0.0
2025-01-01T22:00,0.9,90,978.0,100,5.31,235,0.06,0.0,0.0,0.0
2025-01-01T23:00,1.3,90,977.8,100,5.49,237,0.07,0.0,0.0,0.0
2025-01-02T00:00,1.7,89,977.2,100,5.59,238,0.08,0.0,0.0,0.0
2025-01-02T01:00,2.0,88,976.5,100,5.74,240,0.08,0.0,0.0,0.0
2025-01-02T02:00,2.1,89,975.6,100,5.71,237,0.08,0.0,0.0,0.0
2025-01-02T03:00,2.1,89,975.3,100,5.84,234,0.08,0.0,0.0,0.0
2025-01-02T04:00,1.4,90,973.6,100,5.72,230,0.06,0.0,0.0,0.0
2025-01-02T05:00,1.4,91,972.7,100,5.93,231,0.06,0.0,0.0,0.0
2025-01-02T06:00,1.7,90,972.0,100,6.01,234,0.07,0.0,0.0,0.0
2025-01-02T07:00,2.0,89,971.2,100,6.41,232,0.08,0.0,0.0,0.0
2025-01-02T08:00,2.4,88,970.7,100,6.92,235,0.09,0.0,0.0,0.0
2025-01-02T09:00,2.7,86,970.4,100,7.37,239,0.10,0.0,0.0,0.0
2025-01-02T10:00,3.1,84,970.5,100,7.45,242,0.12,7.0,0.0,7.0
2025-01-02T11:00,3.0,85,971.1,100,6.76,242,0.11,28.0,0.0,28.0
2025-01-02T12:00,3.0,85,971.3,100,6.35,242,0.11,54.0,0.0,54.0
2025-01-02T13:00,3.0,85,971.3,100,6.29,242,0.11,63.0,1.0,62.0
2025-01-02T14:00,3.0,85,971.6,100,6.22,241,0.11,59.0,0.0,59.0
2025-01-02T15:00,2.7,86,971.9,100,5.46,237,0.10,48.0,0.0,48.0
2025-01-02T16:00,2.2,85,971.7,100,5.56,232,0.11,16.0,0.0,16.0
2025-01-02T17:00,1.8,87,972.2,100,5.69,234,0.09,0.0,0.0,0.0
2025-01-02T18:00,1.6,89,972.2,100,5.43,233,0.07,0.0,0.0,0.0
2025-01-02T19:00,1.5,91,972.5,100,5.30,234,0.06,0.0,0.0,0.0
2025-01-02T20:00,1.7,90,972.7,100,5.64,241,0.07,0.0,0.0,0.0
2025-01-02T21:00,1.8,90,973.0,100,4.87,243,0.07,0.0,0.0,0.0
2025-01-02T22:00,1.7,91,973.3,100,3.85,245,0.06,0.0,0.0,0.0
2025-01-02T23:00,1.3,94,973.2,100,3.47,234,0.04,0.0,0.0,0.0
2025-01-03T00:00,1.0,96,973.2,100,3.68,227,0.03,0.0,0.0,0.0
2025-01-03T01:00,1.1,95,973.2,100,3.91,230,0.03,0.0,0.0,0.0
2025-01-03T02:00,1.2,94,973.7,98,4.52,242,0.04,0.0,0.0,0.0
2025-01-03T03:00,1.4,91,974.3,98,5.46,245,0.06,0.0,0.0,0.0
2025-01-03T04:00,0.9,93,974.6,100,3.43,257,0.05,0.0,0.0,0.0
2025-01-03T05:00,-0.4,96,975.4,100,2.65,313,0.03,0.0,0.0,0.0
2025-01-03T06:00,-1.2,93,977.4,100,3.81,330,0.04,0.0,0.0,0.0
2025-01-03T07:00,-1.9,91,978.9,100,3.65,312,0.05,0.0,0.0,0.0
2025-01-03T08:00,-2.8,91,980.6,100,3.87,294,0.05,0.0,0.0,0.0
2025-01-03T09:00,-4.2,84,982.1,66,4.16,283,0.07,0.0,0.0,0.0
2025-01-03T10:00,-4.9,79,983.2,65,2.97,297,0.09,17.0,6.0,11.0
2025-01-03T11:00,-5.0,80,983.8,99,1.53,302,0.09,85.0,42.0,43.0
2025-01-03T12:00,-4.5,80,984.5,87,1.65,256,0.09,108.0,30.0,78.0
2025-01-03T13:00,-4.4,81,984.7,79,2.67,253,0.09,137.0,50.0,87.0
2025-01-03T14:00,-4.6,80,985.0,100,2.11,248,0.09,137.0,70.0,67.0
2025-01-03T15:00,-4.7,81,985.2,100,1.99,245,0.08,71.0,12.0,59.0
2025-01-03T16:00,-6.9,78,985.3,1,1.49,230,0.08,34.0,18.0,16.0
2025-01-03T17:00,-7.1,80,986.0,9,1.85,232,0.07,0.0,0.0,0.0
2025-01-03T18:00,-6.3,82,986.3,100,2.38,221,0.07,0.0,0.0,0.0
2025-01-03T19:00,-6.0,85,986.2,52,2.23,222,0.06,0.0,0.0,0.0
2025-01-03T20:00,-6.4,85,985.8,0,1.86,216,0.06,0.0,0.0,0.0
2025-01-03T21:00,-7.2,86,985.6,0,2.06,203,0.05,0.0,0.0,0.0
2025-01-03T22:00,-7.5,87,986.3,50,2.53,205,0.05,0.0,0.0,0.0
2025-01-03T23:00,-8.1,85,986.5,100,2.51,197,0.05,0.0,0.0,0.0
2025-01-04T00:00,-8.4,84,986.1,100,2.27,194,0.05,0.0,0.0,0.0
2025-01-04T01:00,-8.9,84,985.8,100,2.18,196,0.05,0.0,0.0,0.0
2025-01-04T02:00,-7.9,84,985.6,100,2.23,200,0.06,0.0,0.0,0.0
2025-01-04T03:00,-7.6,84,985.5,100,1.86,207,0.06,0.0,0.0,0.0
2025-01-04T04:00,-6.1,78,985.1,100,2.21,174,0.09,0.0,0.0,0.0
2025-01-04T05:00,-5.8,79,984.4,100,2.36,163,0.08,0.0,0.0,0.0
2025-01-04T06:00,-5.8,81,984.1,100,2.16,175,0.08,0.0,0.0,0.0
2025-01-04T07:00,-5.7,83,983.8,100,2.12,188,0.07,0.0,0.0,0.0
2025-01-04T08:00,-5.6,85,983.5,100,2.30,180,0.06,0.0,0.0,0.0
2025-01-04T09:00,-5.7,87,982.9,100,2.41,175,0.05,0.0,0.0,0.0
2025-01-04T10:00,-5.8,87,982.7,100,1.90,182,0.05,16.0,0.0,16.0
2025-01-04T11:00,-5.4,86,982.4,100,2.45,182,0.06,56.0,6.0,50.0
2025-01-04T12:00,-4.9,84,981.8,95,2.60,183,0.07,87.0,7.0,80.0
2025-01-04T13:00,-4.6,82,981.2,82,2.15,183,0.08,136.0,55.0,81.0
2025-01-04T14:00,-4.8,82,980.7,100,1.61,164,0.08,129.0,43.0,86.0
2025-01-04T15:00,-4.7,85,980.2,100,1.82,127,0.07,59.0,2.0,57.0
2025-01-04T16:00,-4.1,85,980.0,100,1.92,141,0.07,14.0,0.0,14.0
2025-01-04T17:00,-3.9,85,980.1,100,1.88,163,0.07,0.0,0.0,0.0
2025-01-04T18:00,-3.6,86,979.9,100,1.96,176,0.07,0.0,0.0,0.0
2025-01-04T19:00,-3.6,87,979.9,100,1.86,166,0.06,0.0,0.0,0.0
2025-01-04T20:00,-3.6,89,979.5,100,1.62,189,0.05,0.0,0.0,0.0
2025-01-04T21:00,-3.6,91,979.7,100,1.45,207,0.04,0.0,0.0,0.0
2025-01-04T22:00,-3.6,91,980.0,100,1.70,227,0.04,0.0,0.0,0.0
2025-01-04T23:00,-3.6,91,980.0,100,1.97,240,0.04,0.0,0.0,0.0
2025-01-05T00:00,-3.9,91,980.6,100,2.36,253,0.04,0.0,0.0,0.0
2025-01-05T01:00,-3.8,90,981.2,100,3.08,263,0.05,0.0,0.0,0.0
2025-01-05T02:00,-4.1,89,982.0,100,3.30,269,0.05,0.0,0.0,0.0
2025-01-05T03:00,-4.1,90,982.9,100,3.05,280,0.05,0.0,0.0,0.0
2025-01-05T04:00,-4.0,91,983.9,94,2.82,290,0.04,0.0,0.0,0.0
2025-01-05T05:00,-4.6,88,984.8,99,3.21,291,0.05,0.0,0.0,0.0
2025-01-05T06:00,-4.7,86,985.6,100,2.93,295,0.06,0.0,0.0,0.0
2025-01-05T07:00,-4.5,87,986.5,86,3.73,282,0.06,0.0,0.0,0.0
2025-01-05T08:00,-5.5,80,987.1,0,3.53,277,0.08,0.0,0.0,0.0
2025-01-05T09:00,-6.9,82,988.2,76,3.46,267,0.07,0.0,0.0,0.0
2025-01-05T10:00,-7.1,85,988.7,95,3.32,254,0.05,20.0,6.0,14.0
2025-01-05T11:00,-6.8,86,989.2,100,3.72,246,0.05,67.0,7.0,60.0
2025-01-05T12:00,-5.7,85,989.3,99,3.86,249,0.06,92.0,9.0,83.0
2025-01-05T13:00,-5.0,83,989.2,100,4.72,249,0.07,119.0,18.0,101.0
2025-01-05T14:00,-4.4,82,989.1,100,3.83,246,0.08,68.0,0.0,68.0
2025-01-05T15:00,-4.1,82,989.5,100,3.86,249,0.08,52.0,1.0,51.0
2025-01-05T16:00,-4.4,86,989.6,100,3.26,227,0.06,14.0,0.0,14.0
2025-01-05T17:00,-4.4,84,989.7,100,4.06,240,0.07,0.0,0.0,0.0
2025-01-05T18:00,-4.7,82,990.0,100,4.15,248,0.08,0.0,0.0,0.0
2025-01-05T19:00,-4.9,82,990.5,100,4.06,248,0.08,0.0,0.0,0.0
2025-01-05T20:00,-5.0,80,990.8,100,4.23,246,0.08,0.0,0.0,0.0
2025-01-05T21:00,-5.1,81,991.0,100,4.01,247,0.08,0.0,0.0,0.0
2025-01-05T22:00,-5.3,82,991.2,100,3.83,248,0.07,0.0,0.0,0.0
2025-01-05T23:00,-5.5,83,991.5,100,3.75,249,0.07,0.0,0.0,0.0
2025-01-06T00:00,-5.6,82,992.0,100,3.81,247,0.07,0.0,0.0,0.0
2025-01-06T01:00,-5.7,83,992.3,100,3.83,248,0.07,0.0,0.0,0.0
2025-01-06T02:00,-5.6,84,992.8,100,3.52,255,0.07,0.0,0.0,0.0
2025-01-06T03:00,-5.5,84,993.2,100,3.44,257,0.06,0.0,0.0,0.0
2025-01-06T04:00,-5.8,84,993.7,100,3.36,247,0.06,0.0,0.0,0.0
2025-01-06T05:00,-5.8,83,994.1,100,3.45,248,0.07,0.0,0.0,0.0
2025-01-06T06:00,-5.9,84,994.6,100,3.32,247,0.06,0.0,0.0,0.0
2025-01-06T07:00,-5.8,85,995.0,100,3.06,244,0.06,0.0,0.0,0.0
2025-01-06T08:00,-5.7,84,995.8,100,3.00,240,0.06,0.0,0.0,0.0
2025-01-06T09:00,-5.9,82,996.7,100,2.93,240,0.07,0.0,0.0,0.0
2025-01-06T10:00,-6.4,82,997.4,86,3.04,237,0.07,21.0,4.0,17.0
2025-01-06T11:00,-6.4,80,997.9,58,2.81,231,0.08,72.0,12.0,60.0
2025-01-06T12:00,-6.1,80,998.2,93,2.23,224,0.08,108.0,31.0,77.0
2025-01-06T13:00,-5.6,83,998.5,100,2.15,208,0.07,112.0,11.0,101.0
2025-01-06T14:00,-5.3,80,998.6,98,1.53,218,0.08,96.0,8.0,88.0
2025-01-06T15:00,-5.7,81,998.7,100,0.74,160,0.08,66.0,9.0,57.0
2025-01-06T16:00,-5.5,79,999.3,100,1.71,148,0.09,24.0,1.0,23.0
2025-01-06T17:00,-5.3,81,999.0,98,2.09,140,0.08,0.0,0.0,0.0
2025-01-06T18:00,-6.2,83,998.9,95,2.38,141,0.06,0.0,0.0,0.0
2025-01-06T19:00,-5.8,87,998.7,100,2.64,151,0.05,0.0,0.0,0.0
2025-01-06T20:00,-5.6,87,998.6,96,2.82,157,0.05,0.0,0.0,0.0
2025-01-06T21:00,-6.5,88,998.3,92,2.94,159,0.05,0.0,0.0,0.0
2025-01-06T22:00,-6.6,88,997.9,100,3.18,150,0.05,0.0,0.0,0.0
2025-01-06T23:00,-6.0,86,997.6,100,3.26,148,0.06,0.0,0.0,0.0
2025-01-07T00:00,-5.7,85,997.3,100,3.42,153,0.06,0.0,0.0,0.0
2025-01-07T01:00,-5.0,84,996.5,100,3.62,154,0.07,0.0,0.0,0.0
2025-01-07T02:00,-4.8,83,995.8,100,3.87,155,0.07,0.0,0.0,0.0
2025-01-07T03:00,-4.8,84,995.0,100,3.98,155,0.07,0.0,0.0,0.0
2025-01-07T04:00,-4.9,86,993.9,100,3.72,151,0.06,0.0,0.0,0.0
2025-01-07T05:00,-4.7,88,993.2,100,3.60,151,0.05,0.0,0.0,0.0
2025-01-07T06:00,-4.4,89,992.7,100,3.47,150,0.05,0.0,0.0,0.0
2025-01-07T07:00,-4.1,90,991.7,100,3.52,150,0.05,0.0,0.0,0.0
2025-01-07T08:00,-3.9,90,991.3,100,3.31,151,0.05,0.0,0.0,0.0
2025-01-07T09:00,-3.6,91,991.3,100,3.00,147,0.04,0.0,0.0,0.0
2025-01-07T10:00,-3.3,92,990.6,100,3.38,156,0.04,5.0,0.0,5.0
2025-01-07T11:00,-2.8,91,990.4,100,3.31,165,0.04,29.0,0.0,29.0
2025-01-07T12:00,-2.2,91,990.3,100,2.97,173,0.04,46.0,0.0,46.0
2025-01-07T13:00,-1.6,92,989.7,100,2.66,176,0.05,60.0,0.0,60.0
2025-01-07T14:00,-1.0,92,989.6,100,2.50,178,0.04,56.0,0.0,56.0
2025-01-07T15:00,-0.4,93,989.5,100,2.35,179,0.04,37.0,0.0,37.0
2025-01-07T16:00,-0.6,94,989.7,100,2.15,192,0.04,18.0,0.0,18.0
2025-01-07T17:00,0.1,94,989.9,100,2.12,195,0.04,0.0,0.0,0.0
2025-01-07T18:00,0.6,94,990.0,100,2.14,191,0.04,0.0,0.0,0.0
2025-01-07T19:00,1.0,95,990.2,100,2.29,190,0.03,0.0,0.0,0.0
2025-01-07T20:00,1.2,95,990.1,100,2.48,189,0.03,0.0,0.0,0.0
2025-01-07T21:00,1.4,95,989.9,100,2.46,185,0.04,0.0,0.0,0.0
2025-01-07T22:00,1.6,95,989.7,100,2.30,180,0.04,0.0,0.0,0.0
2025-01-07T23:00,1.6,95,989.3,100,2.65,178,0.04,0.0,0.0,0.0
2025-01-08T00:00,1.5,95,989.0,100,2.86,185,0.03,0.0,0.0,0.0
2025-01-08T01:00,1.6,95,988.6,100,2.89,194,0.04,0.0,0.0,0.0
2025-01-08T02:00,1.6,94,988.3,100,2.97,193,0.04,0.0,0.0,0.0
2025-01-08T03:00,1.6,94,988.0,100,3.16,191,0.04,0.0,0.0,0.0
2025-01-08T04:00,1.7,95,987.3,100,3.59,193,0.04,0.0,0.0,0.0
2025-01-08T05:00,1.8,94,986.8,100,3.92,194,0.04,0.0,0.0,0.0
2025-01-08T06:00,1.9,94,986.2,100,4.29,197,0.04,0.0,0.0,0.0
2025-01-08T07:00,2.1,94,986.0,100,4.30,200,0.04,0.0,0.0,0.0
2025-01-08T08:00,2.1,94,985.7,98,4.09,195,0.04,0.0,0.0,0.0
2025-01-08T09:00,1.9,94,985.5,100,4.14,192,0.04,0.0,0.0,0.0
2025-01-08T10:00,2.1,93,984.9,100,4.12,190,0.05,19.0,0.0,19.0
2025-01-08T11:00,2.5,92,984.4,100,4.76,189,0.06,76.0,16.0,60.0
2025-01-08T12:00,2.9,92,983.7,100,5.00,194,0.06,72.0,0.0,72.0
2025-01-08T13:00,3.3,92,983.6,100,5.17,205,0.06,85.0,4.0,81.0
2025-01-08T14:00,3.3,93,983.5,100,4.73,211,0.06,56.0,0.0,56.0
2025-01-08T15:00,3.1,93,983.8,100,4.53,214,0.05,23.0,0.0,23.0
2025-01-08T16:00,3.1,93,984.2,100,4.60,225,0.05,13.0,0.0,13.0
2025-01-08T17:00,2.8,92,984.9,100,4.63,232,0.06,0.0,0.0,0.0
2025-01-08T18:00,2.4,92,985.5,100,4.54,234,0.06,0.0,0.0,0.0
2025-01-08T19:00,2.2,91,986.0,100,4.60,233,0.07,0.0,0.0,0.0
2025-01-08T20:00,2.0,92,986.0,100,4.10,226,0.06,0.0,0.0,0.0
2025-01-08T21:00,1.5,93,986.6,100,4.12,230,0.05,0.0,0.0,0.0
2025-01-08T22:00,1.2,93,987.2,100,3.62,235,0.05,0.0,0.0,0.0
2025-01-08T23:00,0.9,90,987.4,100,3.89,228,0.06,0.0,0.0,0.0
2025-01-09T00:00,0.6,87,987.8,100,4.04,236,0.08,0.0,0.0,0.0
2025-01-09T01:00,0.5,86,987.5,100,3.11,244,0.09,0.0,0.0,0.0
2025-01-09T02:00,0.2,87,988.0,100,2.93,240,0.08,0.0,0.0,0.0
2025-01-09T03:00,0.2,88,988.4,100,2.51,227,0.08,0.0,0.0,0.0
2025-01-09T04:00,0.6,88,988.4,100,2.76,228,0.08,0.0,0.0,0.0
2025-01-09T05:00,0.7,87,988.0,100,2.88,236,0.08,0.0,0.0,0.0
2025-01-09T06:00,0.6,86,988.1,100,2.76,248,0.09,0.0,0.0,0.0
2025-01-09T07:00,0.6,84,988.6,100,3.04,256,0.10,0.0,0.0,0.0
2025-01-09T08:00,0.4,84,989.2,100,2.88,262,0.10,0.0,0.0,0.0
2025-01-09T09:00,0.1,87,990.2,98,2.45,274,0.08,0.0,0.0,0.0
2025-01-09T10:00,-0.3,88,991.2,100,2.50,267,0.07,18.0,6.0,12.0
2025-01-09T11:00,-0.2,81,992.4,100,3.32,276,0.11,50.0,2.0,48.0
2025-01-09T12:00,-0.6,80,993.2,100,2.85,268,0.12,57.0,0.0,57.0
2025-01-09T13:00,-0.8,81,993.8,100,2.80,254,0.11,81.0,7.0,74.0
2025-01-09T14:00,-1.0,82,994.8,100,3.08,253,0.10,83.0,9.0,74.0
2025-01-09T15:00,-1.3,81,995.6,100,2.86,237,0.11,49.0,2.0,47.0
2025-01-09T16:00,-0.6,78,996.5,100,2.71,232,0.13,26.0,5.0,21.0
2025-01-09T17:00,-0.6,77,997.4,100,3.19,228,0.14,1.0,0.0,1.0
2025-01-09T18:00,-0.5,77,997.7,100,3.15,228,0.14,0.0,0.0,0.0
2025-01-09T19:00,-0.7,76,997.4,100,2.48,227,0.14,0.0,0.0,0.0
2025-01-09T20:00,-1.7,79,997.3,99,2.62,193,0.11,0.0,0.0,0.0
2025-01-09T21:00,-2.1,82,997.5,100,3.34,197,0.09,0.0,0.0,0.0
2025-01-09T22:00,-2.5,85,998.4,100,3.43,199,0.07,0.0,0.0,0.0
2025-01-09T23:00,-2.1,86,998.8,100,3.27,203,0.08,0.0,0.0,0.0
2025-01-10T00:00,-1.8,87,998.6,100,3.13,197,0.07,0.0,0.0,0.0
2025-01-10T01:00,-1.3,87,998.2,100,2.75,181,0.07,0.0,0.0,0.0
2025-01-10T02:00,-0.9,87,998.2,100,2.90,179,0.07,0.0,0.0,0.0
2025-01-10T03:00,-0.7,89,998.2,100,3.00,177,0.06,0.0,0.0,0.0
2025-01-10T04:00,-0.2,89,997.7,100,3.26,169,0.07,0.0,0.0,0.0
2025-01-10T05:00,0.2,88,997.2,100,3.46,175,0.07,0.0,0.0,0.0
2025-01-10T06:00,0.5,87,996.9,100,3.42,173,0.08,0.0,0.0,0.0
2025-01-10T07:00,0.7,88,996.5,100,3.54,172,0.08,0.0,0.0,0.0
2025-01-10T08:00,0.9,90,996.3,100,3.57,169,0.07,0.0,0.0,0.0
2025-01-10T09:00,1.1,90,996.5,100,3.58,165,0.07,0.0,0.0,0.0
2025-01-10T10:00,1.1,93,996.1,100,3.62,162,0.05,4.0,0.0,4.0
2025-01-10T11:00,1.5,91,996.0,100,3.94,160,0.06,12.0,0.0,12.0
2025-01-10T12:00,1.5,93,995.6,100,3.74,157,0.05,19.0,0.0,19.0
2025-01-10T13:00,1.6,92,994.8,100,3.74,155,0.05,16.0,0.0,16.0
2025-01-10T14:00,2.0,91,994.0,100,3.76,157,0.06,41.0,0.0,41.0
2025-01-10T15:00,2.1,92,993.5,100,3.68,158,0.06,22.0,0.0,22.0
2025-01-10T16:00,1.9,92,993.7,100,3.61,161,0.05,13.0,0.0,13.0
2025-01-10T17:00,2.0,93,993.5,100,3.42,162,0.05,0.0,0.0,0.0
2025-01-10T18:00,2.0,94,993.3,100,3.85,167,0.04,0.0,0.0,0.0
2025-01-10T19:00,1.9,95,993.2,100,3.83,168,0.03,0.0,0.0,0.0
2025-01-10T20:00,1.7,96,993.2,100,3.50,163,0.02,0.0,0.0,0.0
2025-01-10T21:00,1.7,97,992.9,100,3.09,155,0.02,0.0,0.0,0.0
2025-01-10T22:00,1.6,98,992.6,100,3.19,145,0.02,0.0,0.0,0.0
2025-01-10T23:00,1.7,98,992.2,100,3.41,141,0.01,0.0,0.0,0.0
2025-01-11T00:00,1.8,98,991.4,100,3.55,141,0.01,0.0,0.0,0.0
2025-01-11T01:00,2.1,98,990.8,100,3.80,145,0.01,0.0,0.0,0.0
2025-01-11T02:00,2.7,98,990.4,100,3.94,153,0.02,0.0,0.0,0.0
2025-01-11T03:00,3.3,97,990.3,100,4.18,159,0.02,0.0,0.0,0.0
2025-01-11T04:00,3.3,97,990.5,100,3.85,150,0.02,0.0,0.0,0.0
2025-01-11T05:00,3.7,97,990.0,100,4.27,153,0.02,0.0,0.0,0.0
2025-01-11T06:00,3.8,98,989.7,100,4.27,153,0.02,0.0,0.0,0.0
2025-01-11T07:00,3.7,99,989.4,100,4.22,149,0.01,0.0,0.0,0.0
2025-01-11T08:00,3.6,99,989.2,100,4.25,143,0.01,0.0,0.0,0.0
2025-01-11T09:00,3.3,99,989.3,100,4.31,142,0.01,0.0,0.0,0.0
2025-01-11T10:00,3.3,99,989.0,100,4.28,143,0.01,7.0,0.0,7.0
2025-01-11T11:00,3.5,98,988.9,100,4.34,142,0.01,26.0,0.0,26.0
2025-01-11T12:00,3.7,97,988.5,100,4.36,143,0.02,38.0,7.0,31.0
2025-01-11T13:00,3.5,98,988.0,100,4.23,145,0.01,19.0,0.0,19.0
2025-01-11T14:00,3.6,98,987.7,100,4.22,144,0.02,29.0,0.0,29.0
2025-01-11T15:00,3.3,98,987.8,100,4.30,141,0.02,18.0,0.0,18.0
2025-01-11T16:00,3.0,98,988.0,100,4.33,141,0.01,8.0,0.0,8.0
2025-01-11T17:00,2.8,98,988.5,100,4.37,150,0.02,0.0,0.0,0.0
2025-01-11T18:00,2.8,97,988.5,100,4.12,151,0.03,0.0,0.0,0.0
2025-01-11T19:00,2.7,97,988.7,100,3.99,156,0.03,0.0,0.0,0.0
2025-01-11T20:00,2.7,97,989.0,100,3.69,167,0.02,0.0,0.0,0.0
2025-01-11T21:00,2.6,98,989.7,100,3.19,197,0.02,0.0,0.0,0.0
2025-01-11T22:00,1.5,96,990.9,100,3.74,242,0.03,0.0,0.0,0.0
2025-01-11T23:00,0.8,95,991.9,100,3.39,248,0.03,0.0,0.0,0.0
2025-01-12T00:00,0.4,94,992.7,100,3.27,251,0.04,0.0,0.0,0.0
2025-01-12T01:00,0.2,92,993.4,100,3.24,250,0.05,0.0,0.0,0.0
2025-01-12T02:00,-0.2,90,994.0,100,3.27,247,0.06,0.0,0.0,0.0
2025-01-12T03:00,-0.9,86,994.8,100,3.67,250,0.08,0.0,0.0,0.0
2025-01-12T04:00,-1.2,85,995.3,95,3.49,246,0.08,0.0,0.0,0.0
2025-01-12T05:00,-1.7,79,996.1,82,2.82,264,0.11,0.0,0.0,0.0
2025-01-12T06:00,-1.8,81,996.6,100,1.84,241,0.10,0.0,0.0,0.0
2025-01-12T07:00,-1.4,82,997.1,100,2.30,222,0.10,0.0,0.0,0.0
2025-01-12T08:00,-1.2,79,997.9,100,2.51,226,0.12,0.0,0.0,0.0
2025-01-12T09:00,-1.4,75,998.4,100,2.37,235,0.14,0.0,0.0,0.0
2025-01-12T10:00,-1.3,73,999.0,88,2.35,243,0.15,24.0,8.0,16.0
2025-01-12T11:00,-1.1,71,999.6,97,2.42,243,0.16,79.0,33.0,46.0
2025-01-12T12:00,-0.9,70,999.8,100,2.04,245,0.17,119.0,68.0,51.0
2025-01-12T13:00,-0.7,70,999.9,100,1.61,240,0.17,120.0,37.0,83.0
2025-01-12T14:00,-0.6,70,1000.1,100,1.21,232,0.18,98.0,22.0,76.0
2025-01-12T15:00,-0.6,70,1000.4,100,0.82,218,0.18,63.0,7.0,56.0
2025-01-12T16:00,-0.6,65,1001.0,35,1.25,143,0.20,45.0,20.0,25.0
2025-01-12T17:00,-1.3,69,1001.2,23,1.60,148,0.17,2.0,0.0,2.0
2025-01-12T18:00,-1.6,71,1001.6,42,1.39,165,0.16,0.0,0.0,0.0
2025-01-12T19:00,-1.6,72,1001.8,100,1.23,207,0.15,0.0,0.0,0.0
2025-01-12T20:00,-1.6,72,1002.0,100,1.30,238,0.15,0.0,0.0,0.0
2025-01-12T21:00,-1.7,74,1002.3,100,1.64,282,0.14,0.0,0.0,0.0
2025-01-12T22:00,-1.8,79,1002.6,93,2.39,323,0.11,0.0,0.0,0.0
2025-01-12T23:00,-2.2,81,1002.7,17,2.59,326,0.10,0.0,0.0,0.0
2025-01-13T00:00,-3.1,83,1003.0,59,2.16,318,0.09,0.0,0.0,0.0
2025-01-13T01:00,-3.0,83,1003.2,100,2.39,299,0.08,0.0,0.0,0.0
2025-01-13T02:00,-2.8,81,1003.3,83,2.41,310,0.09,0.0,0.0,0.0
2025-01-13T03:00,-3.1,79,1003.3,89,1.77,292,0.10,0.0,0.0,0.0
2025-01-13T04:00,-3.1,89,1003.0,90,1.71,291,0.05,0.0,0.0,0.0
2025-01-13T05:00,-3.1,89,1003.1,85,1.97,279,0.06,0.0,0.0,0.0
2025-01-13T06:00,-2.8,88,1003.2,100,2.01,276,0.06,0.0,0.0,0.0
2025-01-13T07:00,-2.5,87,1003.2,99,2.20,287,0.07,0.0,0.0,0.0
2025-01-13T08:00,-2.2,83,1003.4,100,2.29,290,0.09,0.0,0.0,0.0
2025-01-13T09:00,-2.3,78,1003.6,100,2.06,276,0.12,0.0,0.0,0.0
2025-01-13T10:00,-2.2,77,1004.0,100,2.05,270,0.12,12.0,0.0,12.0
2025-01-13T11:00,-2.5,82,1004.3,100,2.49,280,0.09,33.0,4.0,29.0
2025-01-13T12:00,-2.5,86,1004.5,100,2.97,290,0.07,33.0,4.0,29.0
2025-01-13T13:00,-1.9,81,1004.3,98,2.62,299,0.10,64.0,1.0,63.0
2025-01-13T14:00,-1.6,75,1004.3,100,2.80,294,0.14,106.0,24.0,82.0
2025-01-13T15:00,-1.7,78,1004.5,100,2.77,277,0.12,43.0,6.0,37.0
2025-01-13T16:00,-2.0,78,1004.3,99,2.20,270,0.12,38.0,11.0,27.0
2025-01-13T17:00,-2.2,85,1004.8,100,2.49,285,0.08,2.0,0.0,2.0
2025-01-13T18:00,-1.7,87,1004.7,100,2.37,295,0.07,0.0,0.0,0.0
2025-01-13T19:00,-1.8,87,1004.7,100,2.73,310,0.07,0.0,0.0,0.0
2025-01-13T20:00,-2.2,87,1005.1,100,2.77,319,0.07,0.0,0.0,0.0
2025-01-13T21:00,-2.6,86,1005.0,100,2.55,312,0.07,0.0,0.0,0.0
2025-01-13T22:00,-3.2,85,1005.0,100,3.09,309,0.07,0.0,0.0,0.0
2025-01-13T23:00,-4.3,84,1005.0,98,2.91,305,0.07,0.0,0.0,0.0
2025-01-14T00:00,-5.8,84,1005.0,99,2.89,298,0.06,0.0,0.0,0.0
2025-01-14T01:00,-7.1,86,1005.0,100,2.80,297,0.05,0.0,0.0,0.0
2025-01-14T02:00,-7.7,88,1004.5,100,2.44,293,0.04,0.0,0.0,0.0
2025-01-14T03:00,-7.5,89,1004.5,100,2.50,286,0.04,0.0,0.0,0.0
2025-01-14T04:00,-7.0,92,1003.7,100,2.41,265,0.03,0.0,0.0,0.0
2025-01-14T05:00,-6.6,92,1002.5,100,2.66,244,0.03,0.0,0.0,0.0
2025-01-14T06:00,-6.6,92,1001.9,100,3.50,248,0.03,0.0,0.0,0.0
2025-01-14T07:00,-6.6,90,1001.2,100,3.65,245,0.04,0.0,0.0,0.0
2025-01-14T08:00,-6.6,89,1000.8,100,3.64,243,0.04,0.0,0.0,0.0
2025-01-14T09:00,-6.7,88,1000.1,100,3.92,240,0.04,0.0,0.0,0.0
2025-01-14T10:00,-6.6,87,999.4,100,4.06,232,0.05,11.0,0.0,11.0
2025-01-14T11:00,-6.2,86,998.6,100,3.81,214,0.05,23.0,0.0,23.0
2025-01-14T12:00,-5.6,85,996.8,100,3.84,219,0.06,30.0,0.0,30.0
2025-01-14T13:00,-4.9,86,995.3,100,3.64,217,0.06,30.0,0.0,30.0
2025-01-14T14:00,-4.3,86,994.0,100,4.01,219,0.06,32.0,0.0,32.0
2025-01-14T15:00,-3.7,86,993.2,100,4.62,230,0.07,18.0,0.0,18.0
2025-01-14T16:00,-4.3,87,993.5,100,4.91,235,0.06,7.0,0.0,7.0
2025-01-14T17:00,-3.9,87,992.8,100,4.79,241,0.06,1.0,0.0,1.0
2025-01-14T18:00,-3.5,87,992.1,100,4.34,241,0.06,0.0,0.0,0.0
2025-01-14T19:00,-3.1,87,991.4,100,4.28,240,0.06,0.0,0.0,0.0
2025-01-14T20:00,-2.6,87,990.8,100,4.18,244,0.06,0.0,0.0,0.0
2025-01-14T21:00,-2.1,88,990.2,100,4.16,246,0.06,0.0,0.0,0.0
2025-01-14T22:00,-1.6,89,989.8,100,4.10,246,0.06,0.0,0.0,0.0
2025-01-14T23:00,-1.2,90,989.8,100,4.08,247,0.06,0.0,0.0,0.0
2025-01-15T00:00,-0.9,90,989.5,100,3.92,247,0.06,0.0,0.0,0.0
2025-01-15T01:00,-0.6,91,989.1,100,3.87,246,0.06,0.0,0.0,0.0
2025-01-15T02:00,-0.3,90,989.1,100,3.81,247,0.06,0.0,0.0,0.0
2025-01-15T03:00,-0.1,91,989.2,100,3.78,252,0.05,0.0,0.0,0.0
2025-01-15T04:00,-0.9,91,990.2,100,3.81,251,0.05,0.0,0.0,0.0
2025-01-15T05:00,-0.7,95,990.3,100,3.69,257,0.03,0.0,0.0,0.0
2025-01-15T06:00,-0.3,94,990.4,100,3.63,262,0.03,0.0,0.0,0.0
2025-01-15T07:00,0.2,93,990.7,100,3.56,267,0.04,0.0,0.0,0.0
2025-01-15T08:00,0.5,93,991.1,100,3.51,275,0.04,0.0,0.0,0.0
2025-01-15T09:00,0.8,93,991.6,100,3.30,284,0.05,0.0,0.0,0.0
2025-01-15T10:00,1.0,93,992.7,100,3.17,286,0.05,8.0,0.0,8.0
2025-01-15T11:00,1.2,92,993.9,100,3.18,298,0.05,30.0,0.0,30.0
2025-01-15T12:00,1.5,91,994.5,100,2.91,297,0.06,79.0,3.0,76.0
2025-01-15T13:00,1.5,91,995.0,100,3.27,299,0.06,55.0,0.0,55.0
2025-01-15T14:00,1.4,92,995.8,100,3.31,308,0.06,38.0,0.0,38.0
2025-01-15T15:00,1.3,92,996.7,100,3.18,316,0.05,27.0,0.0,27.0
2025-01-15T16:00,0.9,90,997.8,100,2.83,316,0.06,24.0,1.0,23.0
2025-01-15T17:00,0.7,91,998.7,100,2.51,329,0.06,1.0,0.0,1.0
2025-01-15T18:00,0.4,91,999.9,100,3.87,354,0.06,0.0,0.0,0.0
2025-01-15T19:00,-1.2,85,1001.4,100,3.65,2,0.09,0.0,0.0,0.0
2025-01-15T20:00,-1.5,85,1002.3,100,2.73,332,0.08,0.0,0.0,0.0
2025-01-15T21:00,-1.6,87,1002.7,100,2.75,344,0.07,0.0,0.0,0.0
2025-01-15T22:00,-2.0,87,1003.4,99,2.84,9,0.07,0.0,0.0,0.0
2025-01-15T23:00,-2.8,82,1003.8,99,2.43,9,0.09,0.0,0.0,0.0
2025-01-16T00:00,-3.2,81,1004.2,83,2.09,339,0.09,0.0,0.0,0.0
2025-01-16T01:00,-3.4,80,1004.4,68,2.02,330,0.09,0.0,0.0,0.0
2025-01-16T02:00,-3.7,82,1004.7,74,1.84,331,0.09,0.0,0.0,0.0
2025-01-16T03:00,-4.7,85,1004.5,100,0.99,315,0.07,0.0,0.0,0.0
2025-01-16T04:00,-3.3,80,1003.9,100,1.05,301,0.09,0.0,0.0,0.0
2025-01-16T05:00,-3.1,84,1003.5,100,1.17,260,0.08,0.0,0.0,0.0
2025-01-16T06:00,-3.0,86,1003.1,100,2.20,267,0.07,0.0,0.0,0.0
2025-01-16T07:00,-3.0,86,1002.7,100,2.52,262,0.07,0.0,0.0,0.0
2025-01-16T08:00,-3.0,87,1002.3,100,2.33,239,0.06,0.0,0.0,0.0
2025-01-16T09:00,-2.7,87,1001.4,100,2.98,241,0.06,0.0,0.0,0.0
2025-01-16T10:00,-2.1,87,1001.4,100,3.34,248,0.07,13.0,0.0,13.0
2025-01-16T11:00,-1.6,89,1000.8,100,3.31,255,0.06,37.0,0.0,37.0
2025-01-16T12:00,-1.1,91,1000.1,100,3.40,253,0.05,26.0,0.0,26.0
2025-01-16T13:00,-0.7,91,998.8,100,3.83,250,0.05,31.0,0.0,31.0
2025-01-16T14:00,-0.3,90,997.9,100,3.88,248,0.06,42.0,0.0,42.0
2025-01-16T15:00,-0.2,95,997.0,100,3.85,247,0.03,22.0,0.0,22.0
2025-01-16T16:00,0.2,92,996.4,100,4.05,257,0.05,14.0,0.0,14.0
2025-01-16T17:00,0.3,93,996.0,100,3.88,263,0.04,1.0,0.0,1.0
2025-01-16T18:00,0.4,94,995.3,100,4.31,266,0.04,0.0,0.0,0.0
2025-01-16T19:00,0.7,93,994.4,100,4.35,269,0.04,0.0,0.0,0.0
2025-01-16T20:00,1.1,92,994.5,100,4.66,274,0.05,0.0,0.0,0.0
2025-01-16T21:00,1.2,92,994.1,100,4.67,275,0.06,0.0,0.0,0.0
2025-01-16T22:00,1.4,92,994.0,100,4.47,275,0.05,0.0,0.0,0.0
2025-01-16T23:00,1.5,93,993.5,100,4.32,276,0.05,0.0,0.0,0.0
2025-01-17T00:00,1.6,94,993.5,100,4.37,276,0.04,0.0,0.0,0.0
2025-01-17T01:00,1.7,95,992.9,100,4.35,273,0.04,0.0,0.0,0.0
2025-01-17T02:00,1.8,95,991.9,100,4.51,273,0.03,0.0,0.0,0.0
2025-01-17T03:00,2.1,95,991.7,100,5.07,280,0.03,0.0,0.0,0.0
2025-01-17T04:00,2.1,94,991.6,100,5.11,290,0.04,0.0,0.0,0.0
2025-01-17T05:00,2.4,93,991.8,100,5.14,291,0.05,0.0,0.0,0.0
2025-01-17T06:00,2.4,93,992.1,100,4.83,291,0.05,0.0,0.0,0.0
2025-01-17T07:00,2.4,94,992.4,100,5.04,294,0.05,0.0,0.0,0.0
2025-01-17T08:00,2.5,93,992.7,100,5.08,298,0.05,0.0,0.0,0.0
2025-01-17T09:00,2.6,93,993.2,100,4.67,302,0.05,0.0,0.0,0.0
2025-01-17T10:00,2.6,92,993.5,100,4.56,302,0.06,7.0,0.0,7.0
2025-01-17T11:00,2.9,91,994.0,100,4.51,304,0.07,29.0,1.0,28.0
2025-01-17T12:00,3.0,90,994.1,100,4.48,303,0.08,57.0,1.0,56.0
2025-01-17T13:00,3.0,89,994.3,100,4.71,307,0.08,57.0,0.0,57.0
2025-01-17T14:00,3.1,88,994.8,100,4.60,312,0.09,58.0,7.0,51.0
2025-01-17T15:00,3.0,87,995.2,100,4.38,314,0.10,50.0,1.0,49.0
2025-01-17T16:00,2.9,88,996.1,100,4.38,316,0.09,23.0,1.0,22.0
2025-01-17T17:00,2.7,88,996.8,100,4.12,321,0.09,2.0,0.0,2.0
2025-01-17T18:00,2.6,88,997.4,100,3.87,321,0.09,0.0,0.0,0.0
2025-01-17T19:00,2.5,89,998.0,100,3.89,318,0.08,0.0,0.0,0.0
2025-01-17T20:00,2.2,90,998.4,100,3.71,317,0.07,0.0,0.0,0.0
2025-01-17T21:00,1.9,92,998.5,100,3.43,317,0.05,0.0,0.0,0.0
2025-01-17T22:00,1.7,94,998.6,100,2.86,316,0.04,0.0,0.0,0.0
2025-01-17T23:00,1.5,94,998.7,100,2.48,304,0.04,0.0,0.0,0.0
2025-01-18T00:00,1.3,95,998.7,100,2.32,289,0.03,0.0,0.0,0.0
2025-01-18T01:00,1.2,96,998.4,100,2.55,281,0.03,0.0,0.0,0.0
2025-01-18T02:00,1.1,97,998.2,100,2.57,277,0.02,0.0,0.0,0.0
2025-01-18T03:00,1.0,97,997.9,100,2.56,264,0.02,0.0,0.0,0.0
2025-01-18T04:00,0.6,98,996.7,100,2.73,256,0.01,0.0,0.0,0.0
2025-01-18T05:00,0.5,98,995.8,100,2.72,253,0.01,0.0,0.0,0.0
2025-01-18T06:00,0.3,99,995.0,100,2.95,246,0.01,0.0,0.0,0.0
2025-01-18T07:00,0.4,99,994.0,100,3.24,245,0.01,0.0,0.0,0.0
2025-01-18T08:00,0.5,99,992.7,100,3.39,239,0.00,0.0,0.0,0.0
2025-01-18T09:00,0.6,99,991.9,100,3.44,242,0.00,0.0,0.0,0.0
2025-01-18T10:00,0.7,98,991.0,100,3.60,246,0.02,7.0,0.0,7.0
2025-01-18T11:00,0.8,98,989.9,100,3.75,251,0.02,28.0,0.0,28.0
2025-01-18T12:00,1.1,97,989.0,100,3.71,256,0.02,35.0,0.0,35.0
2025-01-18T13:00,1.5,95,987.4,100,3.91,260,0.04,43.0,3.0,40.0
2025-01-18T14:00,1.7,94,986.6,100,4.25,271,0.04,34.0,0.0,34.0
2025-01-18T15:00,2.1,93,986.1,100,4.41,283,0.05,25.0,1.0,24.0
2025-01-18T16:00,1.9,93,986.4,100,4.39,285,0.05,12.0,0.0,12.0
2025-01-18T17:00,2.0,92,986.1,100,4.63,290,0.06,1.0,0.0,1.0
2025-01-18T18:00,2.0,91,986.4,100,4.88,298,0.06,0.0,0.0,0.0
2025-01-18T19:00,1.9,90,986.5,100,5.05,304,0.07,0.0,0.0,0.0
2025-01-18T20:00,1.6,90,986.6,100,5.10,307,0.07,0.0,0.0,0.0
2025-01-18T21:00,1.2,90,986.7,100,5.01,310,0.07,0.0,0.0,0.0
2025-01-18T22:00,1.3,86,987.1,100,4.85,312,0.10,0.0,0.0,0.0
2025-01-18T23:00,1.3,82,987.7,100,4.91,315,0.12,0.0,0.0,0.0
2025-01-19T00:00,1.2,79,988.1,100,4.81,317,0.14,0.0,0.0,0.0
2025-01-19T01:00,1.0,76,988.7,100,4.88,317,0.16,0.0,0.0,0.0
2025-01-19T02:00,0.6,75,989.6,100,5.00,319,0.16,0.0,0.0,0.0
2025-01-19T03:00,0.1,75,990.2,100,4.56,317,0.15,0.0,0.0,0.0
2025-01-19T04:00,0.5,71,990.8,100,4.56,316,0.18,0.0,0.0,0.0
2025-01-19T05:00,0.3,73,991.1,100,4.56,315,0.17,0.0,0.0,0.0
2025-01-19T06:00,0.0,74,991.9,100,4.60,316,0.16,0.0,0.0,0.0
2025-01-19T07:00,-0.6,75,992.7,98,4.56,317,0.15,0.0,0.0,0.0
2025-01-19T08:00,-1.0,76,993.2,84,4.39,317,0.14,0.0,0.0,0.0
2025-01-19T09:00,-1.6,77,993.7,2,4.38,316,0.13,0.0,0.0,0.0
2025-01-19T10:00,-1.6,75,994.2,0,4.15,319,0.13,42.0,22.0,20.0
2025-01-19T11:00,-1.3,73,994.7,2,3.25,307,0.15,125.0,84.0,41.0
2025-01-19T12:00,-1.0,72,995.1,4,3.59,309,0.16,188.0,139.0,49.0
2025-01-19T13:00,-0.6,71,995.0,12,3.41,305,0.17,215.0,162.0,53.0
2025-01-19T14:00,-0.4,70,995.2,28,3.20,297,0.18,200.0,148.0,52.0
2025-01-19T15:00,-0.4,71,995.2,4,3.15,290,0.17,145.0,96.0,49.0
2025-01-19T16:00,0.2,68,994.7,0,3.11,281,0.20,73.0,44.0,29.0
2025-01-19T17:00,-0.5,71,994.9,0,3.34,283,0.17,7.0,3.0,4.0
2025-01-19T18:00,-0.8,73,995.2,0,3.46,290,0.16,0.0,0.0,0.0
2025-01-19T19:00,-1.1,75,995.1,32,3.43,289,0.14,0.0,0.0,0.0
2025-01-19T20:00,-1.0,75,994.7,99,3.49,283,0.14,0.0,0.0,0.0
2025-01-19T21:00,-0.4,71,994.3,99,3.53,282,0.17,0.0,0.0,0.0
2025-01-19T22:00,0.1,68,994.0,100,3.73,282,0.20,0.0,0.0,0.0
2025-01-19T23:00,-0.2,69,993.6,100,3.78,278,0.19,0.0,0.0,0.0
2025-01-20T00:00,-0.5,71,992.9,100,4.05,272,0.17,0.0,0.0,0.0
2025-01-20T01:00,-0.6,75,992.5,38,4.30,272,0.15,0.0,0.0,0.0
2025-01-20T02:00,-1.3,86,992.0,100,4.55,279,0.08,0.0,0.0,0.0
2025-01-20T03:00,-0.8,92,991.6,100,4.19,278,0.05,0.0,0.0,0.0
2025-01-20T04:00,0.1,92,991.5,100,4.27,291,0.05,0.0,0.0,0.0
2025-01-20T05:00,0.8,92,991.8,100,4.48,299,0.05,0.0,0.0,0.0
2025-01-20T06:00,1.2,91,991.9,100,4.72,306,0.06,0.0,0.0,0.0
2025-01-20T07:00,1.5,90,992.3,100,4.64,307,0.07,0.0,0.0,0.0
2025-01-20T08:00,1.6,89,992.7,100,4.53,312,0.08,0.0,0.0,0.0
2025-01-20T09:00,1.6,88,993.3,100,4.53,319,0.08,0.0,0.0,0.0
2025-01-20T10:00,1.6,87,994.4,100,4.43,318,0.09,12.0,1.0,11.0
2025-01-20T11:00,1.7,85,995.2,100,4.35,315,0.10,38.0,1.0,37.0
2025-01-20T12:00,1.7,80,996.0,99,4.39,317,0.14,57.0,0.0,57.0
2025-01-20T13:00,1.8,77,996.7,100,4.52,331,0.16,84.0,4.0,80.0
2025-01-20T14:00,1.5,76,998.0,97,4.12,327,0.16,68.0,2.0,66.0
2025-01-20T15:00,1.3,73,999.0,84,4.07,323,0.18,72.0,7.0,65.0
2025-01-20T16:00,1.0,72,999.5,100,3.51,319,0.18,37.0,1.0,36.0
2025-01-20T17:00,0.4,74,1000.2,100,3.39,316,0.16,5.0,0.0,5.0
2025-01-20T18:00,0.0,74,1000.9,100,3.54,318,0.16,0.0,0.0,0.0
2025-01-20T19:00,-0.5,74,1002.0,100,3.94,327,0.15,0.0,0.0,0.0
2025-01-20T20:00,-0.9,75,1002.4,100,3.73,321,0.14,0.0,0.0,0.0
2025-01-20T21:00,-1.2,77,1003.0,100,3.48,325,0.13,0.0,0.0,0.0
2025-01-20T22:00,-1.6,74,1003.5,83,3.54,327,0.14,0.0,0.0,0.0
2025-01-20T23:00,-2.3,69,1004.1,94,3.62,319,0.16,0.0,0.0,0.0
2025-01-21T00:00,-2.6,68,1004.5,100,3.05,311,0.16,0.0,0.0,0.0
2025-01-21T01:00,-2.5,72,1004.9,100,3.04,333,0.14,0.0,0.0,0.0
2025-01-21T02:00,-2.8,67,1005.6,100,3.11,5,0.16,0.0,0.0,0.0
2025-01-21T03:00,-3.8,52,1006.4,100,2.89,14,0.23,0.0,0.0,0.0
2025-01-21T04:00,-3.1,49,1006.2,91,2.39,349,0.25,0.0,0.0,0.0
2025-01-21T05:00,-3.7,53,1007.0,100,2.61,356,0.22,0.0,0.0,0.0
2025-01-21T06:00,-4.9,57,1007.9,29,3.06,5,0.18,0.0,0.0,0.0
2025-01-21T07:00,-6.2,60,1008.6,5,2.71,356,0.16,0.0,0.0,0.0
2025-01-21T08:00,-7.0,60,1009.3,96,2.56,356,0.15,0.0,0.0,0.0
2025-01-21T09:00,-7.4,59,1009.8,100,2.25,357,0.14,1.0,0.0,1.0
2025-01-21T10:00,-7.6,58,1010.1,65,1.95,359,0.15,32.0,3.0,29.0
2025-01-21T11:00,-7.4,55,1010.7,78,1.55,360,0.16,129.0,82.0,47.0
2025-01-21T12:00,-6.9,51,1010.8,11,1.36,8,0.18,191.0,131.0,60.0
2025-01-21T13:00,-6.4,47,1011.2,36,1.15,5,0.20,227.0,174.0,53.0
2025-01-21T14:00,-6.0,45,1011.5,44,1.03,14,0.22,211.0,155.0,56.0
2025-01-21T15:00,-5.9,43,1011.7,76,0.86,10,0.23,159.0,110.0,49.0
2025-01-21T16:00,-5.5,36,1011.9,100,1.12,10,0.26,82.0,50.0,32.0
2025-01-21T17:00,-5.8,40,1012.1,100,1.45,27,0.24,8.0,1.0,7.0
2025-01-21T18:00,-6.1,45,1012.3,100,1.48,33,0.21,0.0,0.0,0.0
2025-01-21T19:00,-6.4,49,1012.4,100,1.28,39,0.19,0.0,0.0,0.0
2025-01-21T20:00,-6.8,51,1012.7,100,1.66,57,0.18,0.0,0.0,0.0
2025-01-21T21:00,-7.2,54,1012.9,100,1.74,72,0.17,0.0,0.0,0.0
2025-01-21T22:00,-7.3,55,1013.3,100,1.66,85,0.16,0.0,0.0,0.0
2025-01-21T23:00,-7.5,57,1013.5,100,2.20,91,0.15,0.0,0.0,0.0
2025-01-22T00:00,-7.7,60,1013.6,100,2.32,97,0.14,0.0,0.0,0.0
2025-01-22T01:00,-7.7,61,1013.8,100,2.15,112,0.14,0.0,0.0,0.0
2025-01-22T02:00,-7.7,61,1013.9,100,2.48,118,0.14,0.0,0.0,0.0
2025-01-22T03:00,-7.6,60,1013.9,100,2.86,117,0.14,0.0,0.0,0.0
2025-01-22T04:00,-7.3,59,1013.3,100,2.82,117,0.15,0.0,0.0,0.0
2025-01-22T05:00,-7.3,60,1013.0,100,2.98,121,0.14,0.0,0.0,0.0
2025-01-22T06:00,-7.2,61,1012.7,100,3.14,121,0.14,0.0,0.0,0.0
2025-01-22T07:00,-7.1,62,1012.4,100,3.37,125,0.14,0.0,0.0,0.0
2025-01-22T08:00,-7.0,63,1012.1,100,3.51,130,0.14,0.0,0.0,0.0
2025-01-22T09:00,-6.9,63,1011.7,100,3.40,133,0.14,0.0,0.0,0.0
2025-01-22T10:00,-6.6,63,1011.4,100,3.41,129,0.14,12.0,0.0,12.0
2025-01-22T11:00,-6.3,62,1011.2,100,3.61,133,0.14,33.0,0.0,33.0
2025-01-22T12:00,-5.9,61,1010.6,100,3.54,135,0.15,43.0,0.0,43.0
2025-01-22T13:00,-5.5,61,1009.8,100,3.80,140,0.16,62.0,0.0,62.0
2025-01-22T14:00,-5.2,62,1008.9,100,3.95,142,0.16,44.0,0.0,44.0
2025-01-22T15:00,-5.0,59,1007.7,100,3.41,130,0.17,36.0,0.0,36.0
2025-01-22T16:00,-4.0,47,1007.0,100,3.33,133,0.24,27.0,0.0,27.0
2025-01-22T17:00,-3.9,47,1006.5,100,3.94,156,0.24,4.0,0.0,4.0
2025-01-22T18:00,-3.2,51,1006.3,100,4.34,173,0.23,0.0,0.0,0.0
2025-01-22T19:00,-2.8,53,1005.8,100,4.45,178,0.24,0.0,0.0,0.0
2025-01-22T20:00,-2.6,54,1005.7,100,4.26,184,0.24,0.0,0.0,0.0
2025-01-22T21:00,-2.4,56,1005.5,100,4.14,188,0.23,0.0,0.0,0.0
2025-01-22T22:00,-2.2,58,1005.3,100,4.13,187,0.22,0.0,0.0,0.0
2025-01-22T23:00,-2.1,59,1005.2,100,4.28,187,0.22,0.0,0.0,0.0
2025-01-23T00:00,-2.1,57,1005.0,100,4.43,186,0.22,0.0,0.0,0.0
2025-01-23T01:00,-2.1,56,1004.6,100,4.42,186,0.23,0.0,0.0,0.0
2025-01-23T02:00,-2.1,54,1004.3,100,4.37,185,0.24,0.0,0.0,0.0
2025-01-23T03:00,-2.2,49,1004.0,100,4.32,185,0.27,0.0,0.0,0.0
2025-01-23T04:00,-2.7,39,1003.9,100,4.04,188,0.31,0.0,0.0,0.0
2025-01-23T05:00,-2.7,39,1003.4,100,3.84,188,0.31,0.0,0.0,0.0
2025-01-23T06:00,-2.8,41,1003.1,100,3.85,189,0.30,0.0,0.0,0.0
2025-01-23T07:00,-2.8,43,1002.9,100,3.81,191,0.29,0.0,0.0,0.0
2025-01-23T08:00,-2.8,44,1002.8,100,3.59,189,0.28,0.0,0.0,0.0
2025-01-23T09:00,-2.8,46,1002.7,100,3.71,190,0.27,0.0,0.0,0.0
2025-01-23T10:00,-2.8,48,1002.7,100,2.86,176,0.26,10.0,0.0,10.0
2025-01-23T11:00,-2.6,49,1002.6,100,3.17,174,0.26,37.0,0.0,37.0
2025-01-23T12:00,-2.5,53,1002.3,100,3.40,178,0.24,41.0,1.0,40.0
2025-01-23T13:00,-2.5,56,1001.7,100,3.35,180,0.23,37.0,0.0,37.0
2025-01-23T14:00,-2.3,57,1001.4,100,3.10,178,0.22,45.0,0.0,45.0
2025-01-23T15:00,-2.2,57,1001.1,100,2.81,176,0.22,26.0,1.0,25.0
2025-01-23T16:00,-3.0,60,1001.9,100,2.85,182,0.20,23.0,0.0,23.0
2025-01-23T17:00,-3.1,60,1002.0,100,2.60,180,0.19,3.0,0.0,3.0
2025-01-23T18:00,-2.9,59,1002.1,100,2.65,180,0.20,0.0,0.0,0.0
2025-01-23T19:00,-2.8,58,1002.1,100,2.77,186,0.21,0.0,0.0,0.0
2025-01-23T20:00,-2.9,59,1001.9,100,2.89,190,0.21,0.0,0.0,0.0
2025-01-23T21:00,-2.8,59,1001.5,100,2.95,195,0.20,0.0,0.0,0.0
2025-01-23T22:00,-2.9,60,1001.5,100,2.67,197,0.20,0.0,0.0,0.0
2025-01-23T23:00,-2.7,60,1001.6,100,2.43,194,0.20,0.0,0.0,0.0
2025-01-24T00:00,-2.7,61,1001.5,100,2.28,189,0.20,0.0,0.0,0.0
2025-01-24T01:00,-2.9,63,1001.5,100,2.01,174,0.18,0.0,0.0,0.0
2025-01-24T02:00,-3.0,65,1001.7,100,2.03,170,0.17,0.0,0.0,0.0
2025-01-24T03:00,-2.8,67,1001.7,100,2.32,194,0.17,0.0,0.0,0.0
2025-01-24T04:00,-2.5,69,1001.7,100,2.50,192,0.16,0.0,0.0,0.0
2025-01-24T05:00,-2.5,71,1001.7,100,2.50,192,0.15,0.0,0.0,0.0
2025-01-24T06:00,-2.5,71,1001.6,100,2.53,189,0.15,0.0,0.0,0.0
2025-01-24T07:00,-2.5,72,1001.7,100,2.39,191,0.14,0.0,0.0,0.0
2025-01-24T08:00,-2.5,72,1001.8,100,2.47,188,0.14,0.0,0.0,0.0
2025-01-24T09:00,-2.5,72,1001.9,100,2.47,188,0.14,1.0,0.0,1.0
2025-01-24T10:00,-2.5,72,1002.0,100,2.25,184,0.14,18.0,1.0,17.0
2025-01-24T11:00,-2.3,72,1002.2,100,2.05,179,0.15,35.0,0.0,35.0
2025-01-24T12:00,-1.9,70,1002.3,100,2.06,174,0.16,61.0,0.0,61.0
2025-01-24T13:00,-1.5,68,1002.0,100,2.25,168,0.17,71.0,5.0,66.0
2025-01-24T14:00,-1.4,68,1002.0,100,2.26,167,0.18,55.0,2.0,53.0
2025-01-24T15:00,-1.2,66,1001.8,100,2.18,164,0.19,57.0,2.0,55.0
2025-01-24T16:00,-1.3,67,1002.1,100,2.34,164,0.18,22.0,0.0,22.0
2025-01-24T17:00,-1.4,68,1002.4,100,2.22,172,0.18,4.0,0.0,4.0
2025-01-24T18:00,-1.6,68,1002.4,100,2.42,173,0.18,0.0,0.0,0.0
2025-01-24T19:00,-1.6,67,1002.4,100,2.43,171,0.18,0.0,0.0,0.0
2025-01-24T20:00,-1.6,67,1002.6,100,2.16,173,0.18,0.0,0.0,0.0
2025-01-24T21:00,-1.5,68,1002.5,100,2.20,179,0.18,0.0,0.0,0.0
2025-01-24T22:00,-1.5,68,1002.5,100,2.30,184,0.17,0.0,0.0,0.0
2025-01-24T23:00,-1.6,70,1002.6,100,2.32,187,0.17,0.0,0.0,0.0
2025-01-25T00:00,-1.6,71,1002.8,100,2.17,188,0.16,0.0,0.0,0.0
2025-01-25T01:00,-1.7,72,1002.7,100,2.16,184,0.15,0.0,0.0,0.0
2025-01-25T02:00,-1.6,72,1002.8,100,2.06,186,0.15,0.0,0.0,0.0
2025-01-25T03:00,-1.6,73,1002.8,100,2.11,175,0.15,0.0,0.0,0.0
2025-01-25T04:00,-1.8,76,1002.4,95,2.27,172,0.13,0.0,0.0,0.0
2025-01-25T05:00,-1.9,78,1002.4,100,2.16,184,0.12,0.0,0.0,0.0
2025-01-25T06:00,-1.8,78,1002.5,100,1.97,189,0.12,0.0,0.0,0.0
2025-01-25T07:00,-1.6,78,1002.5,100,2.05,181,0.12,0.0,0.0,0.0
2025-01-25T08:00,-1.5,79,1002.6,100,2.26,185,0.12,0.0,0.0,0.0
2025-01-25T09:00,-1.4,81,1002.6,100,2.30,184,0.11,1.0,0.0,1.0
2025-01-25T10:00,-1.2,82,1002.8,100,2.67,188,0.10,11.0,0.0,11.0
2025-01-25T11:00,-0.9,82,1002.9,100,2.50,177,0.11,28.0,0.0,28.0
2025-01-25T12:00,-0.3,78,1002.7,100,2.18,164,0.13,86.0,12.0,74.0
2025-01-25T13:00,0.3,76,1002.0,100,2.30,180,0.15,98.0,4.0,94.0
2025-01-25T14:00,1.1,76,1002.0,100,3.29,210,0.16,98.0,8.0,90.0
2025-01-25T15:00,1.5,77,1001.8,100,2.75,205,0.15,62.0,1.0,61.0
2025-01-25T16:00,0.3,82,1002.3,100,2.27,188,0.11,29.0,1.0,28.0
2025-01-25T17:00,0.2,83,1002.0,100,2.53,189,0.10,7.0,0.0,7.0
2025-01-25T18:00,0.3,85,1002.1,100,2.58,195,0.10,0.0,0.0,0.0
2025-01-25T19:00,0.4,85,1001.8,100,2.86,196,0.09,0.0,0.0,0.0
2025-01-25T20:00,0.4,87,1001.6,100,3.04,200,0.08,0.0,0.0,0.0
2025-01-25T21:00,0.4,87,1001.3,100,3.07,202,0.08,0.0,0.0,0.0
2025-01-25T22:00,0.6,88,1001.3,100,3.31,209,0.08,0.0,0.0,0.0
2025-01-25T23:00,0.5,90,1001.0,100,3.09,207,0.07,0.0,0.0,0.0
2025-01-26T00:00,0.6,90,1000.5,100,3.32,198,0.06,0.0,0.0,0.0
2025-01-26T01:00,0.8,88,1000.7,100,3.43,214,0.08,0.0,0.0,0.0
2025-01-26T02:00,0.8,89,1000.4,100,3.38,205,0.07,0.0,0.0,0.0
2025-01-26T03:00,1.0,87,1000.1,100,3.52,210,0.08,0.0,0.0,0.0
2025-01-26T04:00,0.8,89,999.1,100,3.54,203,0.07,0.0,0.0,0.0
2025-01-26T05:00,1.0,90,998.7,100,3.54,211,0.06,0.0,0.0,0.0
2025-01-26T06:00,1.1,91,998.8,100,3.62,213,0.06,0.0,0.0,0.0
2025-01-26T07:00,1.4,91,998.4,100,3.84,215,0.06,0.0,0.0,0.0
2025-01-26T08:00,1.5,91,998.3,100,3.81,218,0.06,0.0,0.0,0.0
2025-01-26T09:00,1.5,92,998.2,100,3.69,220,0.05,1.0,0.0,1.0
2025-01-26T10:00,1.7,92,998.3,100,3.58,222,0.06,18.0,0.0,18.0
2025-01-26T11:00,2.0,91,998.8,100,3.50,226,0.06,24.0,0.0,24.0
2025-01-26T12:00,2.3,90,998.8,100,3.47,227,0.07,44.0,0.0,44.0
2025-01-26T13:00,2.7,90,998.8,100,3.38,236,0.08,72.0,1.0,71.0
2025-01-26T14:00,2.9,89,998.9,100,3.26,230,0.08,61.0,0.0,61.0
2025-01-26T15:00,3.0,89,998.9,100,3.11,228,0.08,54.0,0.0,54.0
2025-01-26T16:00,2.5,91,999.4,100,2.94,227,0.07,29.0,0.0,29.0
2025-01-26T17:00,2.4,92,999.4,100,2.87,227,0.06,6.0,0.0,6.0
2025-01-26T18:00,2.3,92,999.6,100,2.69,227,0.05,0.0,0.0,0.0
2025-01-26T19:00,2.2,93,999.7,100,2.58,224,0.05,0.0,0.0,0.0
2025-01-26T20:00,2.0,94,999.9,100,2.42,218,0.04,0.0,0.0,0.0
2025-01-26T21:00,1.8,95,999.7,100,2.39,209,0.03,0.0,0.0,0.0
2025-01-26T22:00,1.6,95,999.3,100,2.53,210,0.03,0.0,0.0,0.0
2025-01-26T23:00,1.5,95,999.1,100,2.69,209,0.03,0.0,0.0,0.0
2025-01-27T00:00,1.5,95,999.0,100,2.73,208,0.04,0.0,0.0,0.0
2025-01-27T01:00,1.6,95,998.5,100,2.53,205,0.04,0.0,0.0,0.0
2025-01-27T02:00,1.6,96,998.1,100,2.80,199,0.03,0.0,0.0,0.0
2025-01-27T03:00,1.8,96,997.7,100,3.07,199,0.02,0.0,0.0,0.0
2025-01-27T04:00,2.2,96,996.9,100,3.46,198,0.03,0.0,0.0,0.0
2025-01-27T05:00,2.5,96,996.1,100,3.70,196,0.03,0.0,0.0,0.0
2025-01-27T06:00,2.7,96,995.1,100,3.76,190,0.03,0.0,0.0,0.0
2025-01-27T07:00,2.9,96,994.3,100,3.86,190,0.03,0.0,0.0,0.0
2025-01-27T08:00,3.1,96,993.8,100,3.97,199,0.03,0.0,0.0,0.0
2025-01-27T09:00,3.4,96,993.6,100,4.17,203,0.03,1.0,0.0,1.0
2025-01-27T10:00,3.7,96,993.3,100,4.29,206,0.04,12.0,0.0,12.0
2025-01-27T11:00,3.9,95,993.2,100,4.41,208,0.04,25.0,0.0,25.0
2025-01-27T12:00,4.1,95,993.0,100,4.44,211,0.04,28.0,0.0,28.0
2025-01-27T13:00,4.3,94,992.7,100,4.45,215,0.05,32.0,0.0,32.0
2025-01-27T14:00,4.4,93,992.6,100,4.33,219,0.06,34.0,0.0,34.0
2025-01-27T15:00,4.5,94,992.8,100,4.10,223,0.05,29.0,0.0,29.0
2025-01-27T16:00,4.4,95,993.0,100,3.93,222,0.04,23.0,0.0,23.0
2025-01-27T17:00,4.4,95,993.1,100,3.82,223,0.05,4.0,0.0,4.0
2025-01-27T18:00,4.4,95,993.5,100,3.92,224,0.05,0.0,0.0,0.0
2025-01-27T19:00,4.5,94,993.7,100,3.72,229,0.05,0.0,0.0,0.0
2025-01-27T20:00,4.3,95,994.0,100,3.61,227,0.04,0.0,0.0,0.0
2025-01-27T21:00,4.2,95,994.1,100,3.42,232,0.04,0.0,0.0,0.0
2025-01-27T22:00,4.1,95,994.4,100,3.15,237,0.04,0.0,0.0,0.0
2025-01-27T23:00,4.0,96,994.6,100,3.08,234,0.04,0.0,0.0,0.0
2025-01-28T00:00,3.9,96,995.0,100,3.01,234,0.04,0.0,0.0,0.0
2025-01-28T01:00,3.8,96,995.2,100,3.11,233,0.04,0.0,0.0,0.0
2025-01-28T02:00,3.9,95,995.4,39,3.38,236,0.04,0.0,0.0,0.0
2025-01-28T03:00,3.5,95,995.6,44,3.39,233,0.04,0.0,0.0,0.0
2025-01-28T04:00,3.6,95,995.6,100,2.56,219,0.04,0.0,0.0,0.0
2025-01-28T05:00,4.0,94,995.9,91,3.50,222,0.05,0.0,0.0,0.0
2025-01-28T06:00,3.8,95,996.4,96,2.97,228,0.04,0.0,0.0,0.0
2025-01-28T07:00,3.0,97,996.5,100,2.83,226,0.02,0.0,0.0,0.0
2025-01-28T08:00,3.1,98,996.8,100,2.55,223,0.02,0.0,0.0,0.0
2025-01-28T09:00,3.2,98,997.3,100,2.34,214,0.02,1.0,0.0,1.0
2025-01-28T10:00,3.2,98,997.4,100,2.62,206,0.02,14.0,0.0,14.0
2025-01-28T11:00,3.2,97,997.6,100,2.95,208,0.02,30.0,0.0,30.0
2025-01-28T12:00,3.3,96,997.7,100,3.37,221,0.03,57.0,2.0,55.0
2025-01-28T13:00,3.4,96,997.7,100,3.52,219,0.03,66.0,8.0,58.0
2025-01-28T14:00,3.7,95,997.3,100,2.84,204,0.04,68.0,2.0,66.0
2025-01-28T15:00,3.8,96,997.1,100,2.63,194,0.03,49.0,0.0,49.0
2025-01-28T16:00,3.6,96,997.1,100,2.02,187,0.03,23.0,0.0,23.0
2025-01-28T17:00,3.6,97,997.1,100,2.00,180,0.03,5.0,0.0,5.0
2025-01-28T18:00,3.7,96,997.5,100,2.14,191,0.03,0.0,0.0,0.0
2025-01-28T19:00,3.6,96,997.4,100,2.69,190,0.04,0.0,0.0,0.0
2025-01-28T20:00,3.7,94,997.4,100,2.80,199,0.05,0.0,0.0,0.0
2025-01-28T21:00,3.0,97,997.4,100,2.55,191,0.02,0.0,0.0,0.0
2025-01-28T22:00,2.9,97,997.7,100,2.56,192,0.02,0.0,0.0,0.0
2025-01-28T23:00,3.0,96,997.5,100,2.89,189,0.03,0.0,0.0,0.0
2025-01-29T00:00,3.0,95,997.5,100,2.97,197,0.03,0.0,0.0,0.0
2025-01-29T01:00,2.9,95,997.6,100,2.97,200,0.03,0.0,0.0,0.0
2025-01-29T02:00,2.8,95,998.2,100,2.77,200,0.03,0.0,0.0,0.0
2025-01-29T03:00,2.8,95,998.4,100,2.49,202,0.03,0.0,0.0,0.0
2025-01-29T04:00,3.4,95,998.3,100,2.49,190,0.04,0.0,0.0,0.0
2025-01-29T05:00,3.3,95,998.1,100,2.74,189,0.04,0.0,0.0,0.0
2025-01-29T06:00,3.2,95,998.4,100,2.65,191,0.04,0.0,0.0,0.0
2025-01-29T07:00,3.2,95,998.5,100,2.34,191,0.04,0.0,0.0,0.0
2025-01-29T08:00,3.0,96,998.5,100,2.06,176,0.03,0.0,0.0,0.0
2025-01-29T09:00,2.8,97,998.6,100,2.20,179,0.03,1.0,0.0,1.0
2025-01-29T10:00,3.1,94,998.9,100,2.60,191,0.04,15.0,0.0,15.0
2025-01-29T11:00,3.3,94,999.2,100,2.36,175,0.05,37.0,2.0,35.0
2025-01-29T12:00,3.3,95,999.1,100,2.20,168,0.04,48.0,0.0,48.0
2025-01-29T13:00,3.5,94,998.8,100,2.59,170,0.05,55.0,0.0,55.0
2025-01-29T14:00,3.7,94,998.7,100,2.50,160,0.05,67.0,2.0,65.0
2025-01-29T15:00,3.8,94,998.6,100,2.81,168,0.05,52.0,0.0,52.0
2025-01-29T16:00,4.1,95,998.5,100,2.68,166,0.04,30.0,0.0,30.0
2025-01-29T17:00,4.0,95,998.2,100,2.81,168,0.04,6.0,0.0,6.0
2025-01-29T18:00,4.0,94,998.3,100,2.74,165,0.05,0.0,0.0,0.0
2025-01-29T19:00,3.9,94,998.0,100,2.95,169,0.05,0.0,0.0,0.0
2025-01-29T20:00,3.9,95,998.1,100,3.18,172,0.04,0.0,0.0,0.0
2025-01-29T21:00,3.7,95,998.4,100,3.01,176,0.04,0.0,0.0,0.0
2025-01-29T22:00,3.6,95,998.6,100,2.96,175,0.04,0.0,0.0,0.0
2025-01-29T23:00,3.5,95,998.6,100,2.97,174,0.04,0.0,0.0,0.0
2025-01-30T00:00,3.4,95,998.6,100,3.05,178,0.04,0.0,0.0,0.0
2025-01-30T01:00,3.3,96,998.5,100,3.06,185,0.03,0.0,0.0,0.0
2025-01-30T02:00,3.3,96,998.6,100,2.93,189,0.03,0.0,0.0,0.0
2025-01-30T03:00,3.4,95,998.4,100,2.89,189,0.04,0.0,0.0,0.0
2025-01-30T04:00,3.9,96,998.3,100,3.18,193,0.04,0.0,0.0,0.0
2025-01-30T05:00,3.9,96,998.2,100,3.17,192,0.04,0.0,0.0,0.0
2025-01-30T06:00,3.9,96,998.4,100,3.34,197,0.03,0.0,0.0,0.0
2025-01-30T07:00,4.1,96,998.7,100,3.35,207,0.04,0.0,0.0,0.0
2025-01-30T08:00,4.2,96,999.3,100,3.56,218,0.04,0.0,0.0,0.0
2025-01-30T09:00,4.5,95,1000.3,100,3.43,222,0.04,1.0,0.0,1.0
2025-01-30T10:00,4.9,95,1000.6,100,3.32,224,0.04,24.0,1.0,23.0
2025-01-30T11:00,5.1,95,1001.2,100,3.61,227,0.04,49.0,2.0,47.0
2025-01-30T12:00,5.3,92,1001.4,100,3.54,228,0.07,70.0,5.0,65.0
2025-01-30T13:00,5.4,90,1001.6,100,3.76,229,0.09,77.0,6.0,71.0
2025-01-30T14:00,5.7,87,1001.7,100,3.26,227,0.12,84.0,8.0,76.0
2025-01-30T15:00,5.8,87,1002.1,100,2.87,220,0.12,80.0,5.0,75.0
2025-01-30T16:00,6.5,86,1001.9,100,2.42,207,0.13,94.0,45.0,49.0
2025-01-30T17:00,5.9,88,1001.6,100,2.89,198,0.11,20.0,1.0,19.0
2025-01-30T18:00,5.4,89,1001.7,100,3.45,202,0.10,0.0,0.0,0.0
2025-01-30T19:00,4.8,90,1001.8,100,3.76,209,0.08,0.0,0.0,0.0
2025-01-30T20:00,4.6,91,1001.8,100,3.73,219,0.08,0.0,0.0,0.0
2025-01-30T21:00,4.4,92,1002.1,22,3.65,228,0.07,0.0,0.0,0.0
2025-01-30T22:00,3.9,93,1002.3,100,3.60,232,0.06,0.0,0.0,0.0
2025-01-30T23:00,4.1,92,1002.7,100,3.50,239,0.06,0.0,0.0,0.0
2025-01-31T00:00,4.3,92,1003.0,100,3.22,240,0.07,0.0,0.0,0.0
2025-01-31T01:00,4.2,92,1003.3,100,3.40,244,0.07,0.0,0.0,0.0
2025-01-31T02:00,4.1,91,1003.7,100,3.34,251,0.07,0.0,0.0,0.0
2025-01-31T03:00,4.1,90,1004.1,100,3.00,255,0.08,0.0,0.0,0.0
2025-01-31T04:00,4.5,85,1004.5,100,3.18,254,0.12,0.0,0.0,0.0
2025-01-31T05:00,4.4,85,1004.7,100,3.02,254,0.12,0.0,0.0,0.0
2025-01-31T06:00,4.2,86,1004.8,100,2.95,246,0.12,0.0,0.0,0.0
2025-01-31T07:00,4.1,84,1005.0,100,2.92,239,0.13,0.0,0.0,0.0
2025-01-31T08:00,3.5,84,1005.2,33,2.88,231,0.13,0.0,0.0,0.0
2025-01-31T09:00,2.7,86,1005.4,21,2.90,224,0.10,6.0,2.0,4.0
2025-01-31T10:00,2.8,86,1006.1,11,2.85,218,0.11,75.0,43.0,32.0
2025-01-31T11:00,2.9,88,1006.5,5,2.28,209,0.09,168.0,121.0,47.0
2025-01-31T12:00,3.6,87,1006.4,81,2.03,196,0.10,234.0,178.0,56.0
2025-01-31T13:00,4.5,86,1006.1,95,2.03,196,0.12,257.0,194.0,63.0
2025-01-31T14:00,5.1,84,1006.0,99,2.16,193,0.14,238.0,166.0,72.0
2025-01-31T15:00,5.3,85,1006.0,100,1.96,184,0.14,178.0,98.0,80.0
2025-01-31T16:00,3.8,84,1006.5,94,2.26,186,0.13,102.0,41.0,61.0
2025-01-31T17:00,3.0,87,1006.3,49,2.67,186,0.10,28.0,10.0,18.0
2025-01-31T18:00,2.4,89,1006.1,41,2.80,182,0.08,0.0,0.0,0.0
2025-01-31T19:00,1.8,91,1005.8,90,2.96,184,0.06,0.0,0.0,0.0
2025-01-31T20:00,1.7,91,1005.5,100,3.06,186,0.06,0.0,0.0,0.0
2025-01-31T21:00,1.4,91,1005.1,93,3.15,183,0.06,0.0,0.0,0.0
2025-01-31T22:00,1.0,92,1004.9,100,3.08,197,0.05,0.0,0.0,0.0
2025-01-31T23:00,1.1,92,1004.8,100,3.32,198,0.05,0.0,0.0,0.0
2025-02-01T00:00,1.2,94,1004.6,100,3.35,197,0.04,0.0,0.0,0.0
2025-02-01T01:00,1.4,95,1004.1,100,2.93,188,0.03,0.0,0.0,0.0
2025-02-01T02:00,1.4,96,1003.6,100,3.01,186,0.03,0.0,0.0,0.0
2025-02-01T03:00,1.6,96,1003.2,100,3.06,186,0.03,0.0,0.0,0.0
2025-02-01T04:00,2.1,96,1002.9,100,3.26,184,0.03,0.0,0.0,0.0
2025-02-01T05:00,2.3,96,1002.0,100,3.36,183,0.03,0.0,0.0,0.0
2025-02-01T06:00,2.5,95,1001.5,100,3.46,184,0.03,0.0,0.0,0.0
2025-02-01T07:00,2.5,96,1000.7,100,3.40,182,0.03,0.0,0.0,0.0
2025-02-01T08:00,2.5,97,1000.2,100,3.30,181,0.03,0.0,0.0,0.0
2025-02-01T09:00,2.8,96,999.7,100,3.62,186,0.03,1.0,0.0,1.0
2025-02-01T10:00,3.0,95,999.5,100,3.71,183,0.04,13.0,0.0,13.0
2025-02-01T11:00,3.1,95,999.2,100,3.80,181,0.04,22.0,0.0,22.0
2025-02-01T12:00,3.0,95,998.8,100,3.70,181,0.04,31.0,0.0,31.0
2025-02-01T13:00,3.2,94,998.2,100,3.35,183,0.04,30.0,0.0,30.0
2025-02-01T14:00,3.5,94,997.5,100,3.36,183,0.04,38.0,0.0,38.0
2025-02-01T15:00,3.7,94,997.1,100,3.32,186,0.05,29.0,0.0,29.0
2025-02-01T16:00,3.8,94,997.1,100,3.35,183,0.05,22.0,0.0,22.0
2025-02-01T17:00,3.8,95,997.1,100,3.48,192,0.04,7.0,0.0,7.0
2025-02-01T18:00,3.7,94,997.0,100,4.07,206,0.05,0.0,0.0,0.0
2025-02-01T19:00,3.3,91,996.9,100,4.16,235,0.07,0.0,0.0,0.0
2025-02-01T20:00,2.2,85,996.8,100,3.33,229,0.11,0.0,0.0,0.0
2025-02-01T21:00,1.7,83,996.5,100,3.52,210,0.12,0.0,0.0,0.0
2025-02-01T22:00,1.6,83,996.4,100,3.56,206,0.12,0.0,0.0,0.0
2025-02-01T23:00,1.5,84,996.4,100,3.47,203,0.11,0.0,0.0,0.0
2025-02-02T00:00,1.5,84,996.0,100,3.44,208,0.11,0.0,0.0,0.0
2025-02-02T01:00,1.5,84,995.6,100,3.22,213,0.11,0.0,0.0,0.0
2025-02-02T02:00,1.3,87,995.5,100,2.75,199,0.09,0.0,0.0,0.0
2025-02-02T03:00,1.3,89,995.3,84,2.98,203,0.08,0.0,0.0,0.0
2025-02-02T04:00,0.5,89,995.6,4,3.11,206,0.07,0.0,0.0,0.0
2025-02-02T05:00,0.0,92,995.4,100,3.02,214,0.05,0.0,0.0,0.0
2025-02-02T06:00,0.3,92,995.5,100,3.03,218,0.05,0.0,0.0,0.0
2025-02-02T07:00,0.2,90,995.4,100,3.13,209,0.06,0.0,0.0,0.0
2025-02-02T08:00,0.0,89,995.3,100,3.22,206,0.07,0.0,0.0,0.0
2025-02-02T09:00,0.0,86,995.2,100,3.15,205,0.08,4.0,0.0,4.0
2025-02-02T10:00,0.3,83,995.4,100,2.96,199,0.11,41.0,3.0,38.0
2025-02-02T11:00,0.5,81,995.5,100,3.94,220,0.12,67.0,4.0,63.0
2025-02-02T12:00,1.0,75,995.4,55,3.69,234,0.16,130.0,36.0,94.0
2025-02-02T13:00,1.1,72,994.9,100,3.46,250,0.18,129.0,29.0,100.0
2025-02-02T14:00,0.9,67,995.3,100,3.58,258,0.22,96.0,20.0,76.0
2025-02-02T15:00,0.7,66,995.7,100,3.25,256,0.22,59.0,3.0,56.0
2025-02-02T16:00,0.5,70,995.8,100,2.17,241,0.19,33.0,1.0,32.0
2025-02-02T17:00,0.3,73,995.8,100,2.20,231,0.17,12.0,0.0,12.0
2025-02-02T18:00,0.1,77,996.1,100,2.34,236,0.14,0.0,0.0,0.0
2025-02-02T19:00,-0.1,80,996.3,100,2.75,241,0.12,0.0,0.0,0.0
2025-02-02T20:00,-0.2,79,996.5,100,2.86,243,0.13,0.0,0.0,0.0
2025-02-02T21:00,-0.4,81,996.5,100,2.75,237,0.11,0.0,0.0,0.0
2025-02-02T22:00,-0.7,85,996.7,100,2.80,241,0.09,0.0,0.0,0.0
2025-02-02T23:00,-0.8,84,996.7,100,2.39,244,0.09,0.0,0.0,0.0
2025-02-03T00:00,-0.8,83,996.6,100,2.06,231,0.10,0.0,0.0,0.0
2025-02-03T01:00,-1.0,83,996.4,100,2.30,228,0.09,0.0,0.0,0.0
2025-02-03T02:00,-1.3,85,996.3,100,2.32,233,0.09,0.0,0.0,0.0
2025-02-03T03:00,-1.1,82,996.3,100,2.16,228,0.10,0.0,0.0,0.0
2025-02-03T04:00,-1.3,85,996.6,100,1.79,203,0.09,0.0,0.0,0.0
2025-02-03T05:00,-1.5,82,996.4,100,1.96,199,0.10,0.0,0.0,0.0
2025-02-03T06:00,-1.3,78,996.4,100,2.15,205,0.12,0.0,0.0,0.0
2025-02-03T07:00,-1.3,80,996.3,100,2.01,207,0.11,0.0,0.0,0.0
2025-02-03T08:00,-1.7,83,996.4,100,2.04,208,0.09,0.0,0.0,0.0
2025-02-03T09:00,-1.5,81,996.5,100,1.95,209,0.11,8.0,0.0,8.0
2025-02-03T10:00,-0.9,73,996.6,100,1.98,223,0.15,69.0,16.0,53.0
2025-02-03T11:00,-0.4,68,996.7,99,2.06,221,0.19,141.0,57.0,84.0
2025-02-03T12:00,0.4,65,996.7,95,2.58,227,0.22,195.0,78.0,117.0
2025-02-03T13:00,0.6,62,996.4,100,2.40,225,0.24,144.0,29.0,115.0
2025-02-03T14:00,0.7,63,996.4,100,2.42,218,0.24,102.0,14.0,88.0
2025-02-03T15:00,0.7,63,996.5,92,2.18,212,0.24,79.0,10.0,69.0
2025-02-03T16:00,0.4,59,996.9,100,1.36,208,0.26,48.0,0.0,48.0
2025-02-03T17:00,-0.1,63,997.4,99,1.33,193,0.23,18.0,2.0,16.0
2025-02-03T18:00,-0.6,71,997.7,96,1.63,198,0.17,0.0,0.0,0.0
2025-02-03T19:00,-0.8,75,997.8,100,1.50,206,0.15,0.0,0.0,0.0
2025-02-03T20:00,-1.0,75,998.1,88,1.31,223,0.14,0.0,0.0,0.0
2025-02-03T21:00,-1.5,77,998.3,25,1.25,209,0.13,0.0,0.0,0.0
2025-02-03T22:00,-1.5,76,998.7,82,1.44,200,0.13,0.0,0.0,0.0
2025-02-03T23:00,-1.3,73,998.9,100,1.57,202,0.15,0.0,0.0,0.0
2025-02-04T00:00,-1.4,70,999.3,100,1.63,203,0.17,0.0,0.0,0.0
2025-02-04T01:00,-1.5,71,999.5,100,1.77,209,0.16,0.0,0.0,0.0
2025-02-04T02:00,-1.8,75,999.8,100,1.72,210,0.13,0.0,0.0,0.0
2025-02-04T03:00,-1.9,80,1000.4,98,1.68,210,0.11,0.0,0.0,0.0
2025-02-04T04:00,-2.2,80,1000.5,0,0.90,180,0.10,0.0,0.0,0.0
2025-02-04T05:00,-2.6,85,1000.9,0,1.10,175,0.08,0.0,0.0,0.0
2025-02-04T06:00,-3.2,89,1001.4,0,0.95,183,0.05,0.0,0.0,0.0
2025-02-04T07:00,-3.6,91,1001.8,0,0.81,202,0.04,0.0,0.0,0.0
2025-02-04T08:00,-4.0,93,1002.7,6,0.60,204,0.03,0.0,0.0,0.0
2025-02-04T09:00,-4.1,93,1003.4,8,0.76,191,0.03,12.0,5.0,7.0
2025-02-04T10:00,-3.3,91,1004.1,2,0.90,183,0.04,91.0,51.0,40.0
2025-02-04T11:00,-2.1,84,1004.7,0,0.40,187,0.09,182.0,120.0,62.0
2025-02-04T12:00,-1.0,77,1005.0,2,0.40,210,0.13,262.0,206.0,56.0
2025-02-04T13:00,-0.1,71,1005.2,42,0.81,223,0.18,285.0,217.0,68.0
2025-02-04T14:00,0.3,67,1005.6,58,0.46,221,0.21,240.0,153.0,87.0
2025-02-04T15:00,0.3,64,1006.0,68,0.36,286,0.22,145.0,57.0,88.0
2025-02-04T16:00,-0.1,65,1007.0,15,0.57,128,0.21,125.0,72.0,53.0
2025-02-04T17:00,-0.8,68,1007.6,14,0.85,118,0.18,40.0,19.0,21.0
2025-02-04T18:00,-1.2,70,1008.1,9,0.90,109,0.17,0.0,0.0,0.0
2025-02-04T19:00,-1.6,72,1008.6,35,0.59,110,0.15,0.0,0.0,0.0
2025-02-04T20:00,-1.9,74,1008.8,70,0.25,11,0.14,0.0,0.0,0.0
2025-02-04T21:00,-2.0,74,1008.8,100,1.15,355,0.14,0.0,0.0,0.0
2025-02-04T22:00,-2.0,75,1009.2,99,1.62,9,0.13,0.0,0.0,0.0
2025-02-04T23:00,-2.0,72,1009.5,73,1.81,42,0.15,0.0,0.0,0.0
2025-02-05T00:00,-2.2,71,1009.9,98,1.61,26,0.15,0.0,0.0,0.0
2025-02-05T01:00,-2.2,73,1010.3,95,2.04,22,0.14,0.0,0.0,0.0
2025-02-05T02:00,-2.1,73,1010.5,91,2.41,34,0.14,0.0,0.0,0.0
2025-02-05T03:00,-2.3,73,1011.1,31,2.55,23,0.14,0.0,0.0,0.0
2025-02-05T04:00,-2.5,73,1011.1,26,3.18,24,0.14,0.0,0.0,0.0
2025-02-05T05:00,-2.8,73,1011.0,93,3.56,26,0.13,0.0,0.0,0.0
2025-02-05T06:00,-2.9,73,1011.5,100,3.69,25,0.13,0.0,0.0,0.0
2025-02-05T07:00,-2.7,73,1011.7,100,3.79,34,0.14,0.0,0.0,0.0
2025-02-05T08:00,-2.6,78,1012.0,100,3.47,33,0.11,0.0,0.0,0.0
2025-02-05T09:00,-2.7,81,1012.4,100,3.33,33,0.10,3.0,0.0,3.0
2025-02-05T10:00,-2.5,82,1012.8,100,3.61,46,0.09,18.0,0.0,18.0
2025-02-05T11:00,-1.9,80,1013.0,100,3.37,40,0.11,47.0,0.0,47.0
2025-02-05T12:00,-0.8,76,1013.2,100,4.45,61,0.14,126.0,14.0,112.0
2025-02-05T13:00,-0.3,73,1013.6,100,4.30,70,0.16,144.0,18.0,126.0
2025-02-05T14:00,-0.1,73,1014.0,100,3.85,65,0.17,79.0,1.0,78.0
2025-02-05T15:00,0.1,73,1014.4,100,3.62,62,0.17,50.0,0.0,50.0
2025-02-05T16:00,-0.5,76,1015.0,100,3.03,59,0.14,44.0,1.0,43.0
2025-02-05T17:00,-0.6,78,1015.6,100,2.53,60,0.13,13.0,0.0,13.0
2025-02-05T18:00,-0.7,80,1016.2,100,2.37,62,0.12,0.0,0.0,0.0
2025-02-05T19:00,-0.7,81,1016.6,100,2.47,72,0.11,0.0,0.0,0.0
2025-02-05T20:00,-0.7,81,1016.8,100,2.60,79,0.11,0.0,0.0,0.0
2025-02-05T21:00,-0.8,80,1016.8,100,2.40,86,0.11,0.0,0.0,0.0
2025-02-05T22:00,-0.9,79,1017.1,100,2.10,90,0.12,0.0,0.0,0.0
2025-02-05T23:00,-0.9,79,1017.6,100,1.85,90,0.12,0.0,0.0,0.0
2025-02-06T00:00,-1.0,79,1017.9,100,1.70,87,0.12,0.0,0.0,0.0
2025-02-06T01:00,-1.1,79,1018.1,100,1.53,79,0.12,0.0,0.0,0.0
2025-02-06T02:00,-1.3,81,1018.3,100,1.60,70,0.11,0.0,0.0,0.0
2025-02-06T03:00,-1.4,82,1018.7,100,1.61,74,0.10,0.0,0.0,0.0
2025-02-06T04:00,-1.0,80,1018.8,100,1.71,69,0.11,0.0,0.0,0.0
2025-02-06T05:00,-1.1,81,1019.2,100,1.68,67,0.11,0.0,0.0,0.0
2025-02-06T06:00,-1.1,80,1019.4,100,1.99,72,0.11,0.0,0.0,0.0
2025-02-06T07:00,-1.3,79,1019.6,100,2.10,78,0.12,0.0,0.0,0.0
2025-02-06T08:00,-1.7,80,1020.0,100,2.18,81,0.11,0.0,0.0,0.0
2025-02-06T09:00,-2.2,81,1020.6,100,2.01,86,0.10,5.0,0.0,5.0
2025-02-06T10:00,-2.4,81,1021.2,100,1.86,84,0.10,38.0,2.0,36.0
2025-02-06T11:00,-2.4,79,1021.6,100,1.65,87,0.11,81.0,6.0,75.0
2025-02-06T12:00,-2.2,75,1021.7,99,1.42,80,0.13,117.0,9.0,108.0
2025-02-06T13:00,-1.8,71,1022.0,75,1.28,69,0.16,163.0,28.0,135.0
2025-02-06T14:00,-1.2,66,1022.0,73,1.36,62,0.19,194.0,65.0,129.0
2025-02-06T15:00,-0.8,63,1022.3,88,1.17,43,0.21,210.0,124.0,86.0
2025-02-06T16:00,-1.4,68,1023.4,96,1.69,56,0.18,86.0,8.0,78.0
2025-02-06T17:00,-1.3,67,1023.9,45,1.21,38,0.18,32.0,6.0,26.0
2025-02-06T18:00,-1.7,69,1024.4,100,1.11,352,0.17,0.0,0.0,0.0
2025-02-06T19:00,-1.5,70,1025.0,100,1.42,18,0.17,0.0,0.0,0.0
2025-02-06T20:00,-1.5,71,1025.3,98,1.77,40,0.16,0.0,0.0,0.0
2025-02-06T21:00,-1.7,74,1025.6,100,2.00,53,0.14,0.0,0.0,0.0
2025-02-06T22:00,-2.0,77,1025.8,96,1.80,46,0.12,0.0,0.0,0.0
2025-02-06T23:00,-2.2,79,1026.1,69,2.06,41,0.11,0.0,0.0,0.0
2025-02-07T00:00,-2.4,82,1026.3,38,2.02,42,0.09,0.0,0.0,0.0
2025-02-07T01:00,-2.9,85,1027.1,93,2.21,52,0.08,0.0,0.0,0.0
2025-02-07T02:00,-3.2,85,1027.9,65,2.45,57,0.07,0.0,0.0,0.0
2025-02-07T03:00,-3.6,85,1028.4,73,2.57,61,0.07,0.0,0.0,0.0
2025-02-07T04:00,-4.2,77,1029.4,0,2.42,63,0.10,0.0,0.0,0.0
2025-02-07T05:00,-4.6,79,1029.6,30,2.30,63,0.09,0.0,0.0,0.0
2025-02-07T06:00,-4.6,78,1029.9,70,1.97,63,0.09,0.0,0.0,0.0
2025-02-07T07:00,-4.4,77,1030.1,84,2.02,70,0.10,0.0,0.0,0.0
2025-02-07T08:00,-4.5,78,1030.8,100,2.13,81,0.10,0.0,0.0,0.0
2025-02-07T09:00,-4.5,77,1031.5,97,2.65,87,0.10,12.0,3.0,9.0
2025-02-07T10:00,-4.5,75,1032.0,91,2.57,83,0.11,68.0,20.0,48.0
2025-02-07T11:00,-4.2,70,1032.4,83,3.28,74,0.13,120.0,31.0,89.0
2025-02-07T12:00,-3.7,65,1032.4,99,3.49,77,0.16,193.0,63.0,130.0
2025-02-07T13:00,-3.8,64,1032.6,99,3.08,83,0.17,178.0,48.0,130.0
2025-02-07T14:00,-4.0,64,1033.0,100,2.71,86,0.17,139.0,17.0,122.0
2025-02-07T15:00,-4.1,63,1033.2,99,2.41,85,0.17,117.0,19.0,98.0
2025-02-07T16:00,-3.5,65,1033.3,92,1.93,73,0.16,76.0,4.0,72.0
2025-02-07T17:00,-3.5,67,1033.4,100,1.99,72,0.16,27.0,1.0,26.0
2025-02-07T18:00,-3.5,69,1033.5,100,1.73,80,0.15,0.0,0.0,0.0
2025-02-07T19:00,-3.4,69,1033.6,100,1.61,83,0.15,0.0,0.0,0.0
2025-02-07T20:00,-3.2,70,1033.6,100,1.36,84,0.15,0.0,0.0,0.0
2025-02-07T21:00,-3.2,70,1033.6,96,1.42,72,0.14,0.0,0.0,0.0
2025-02-07T22:00,-3.3,70,1033.7,98,1.66,65,0.15,0.0,0.0,0.0
2025-02-07T23:00,-3.5,70,1033.7,99,1.61,54,0.14,0.0,0.0,0.0
2025-02-08T00:00,-3.8,72,1033.7,78,1.65,55,0.13,0.0,0.0,0.0
2025-02-08T01:00,-4.2,74,1033.8,100,1.86,54,0.12,0.0,0.0,0.0
2025-02-08T02:00,-4.3,75,1034.3,100,1.97,60,0.11,0.0,0.0,0.0
2025-02-08T03:00,-4.4,77,1034.3,97,2.08,66,0.10,0.0,0.0,0.0
2025-02-08T04:00,-4.8,80,1033.8,100,1.32,61,0.09,0.0,0.0,0.0
2025-02-08T05:00,-4.8,80,1033.6,100,1.21,66,0.09,0.0,0.0,0.0
2025-02-08T06:00,-4.8,81,1033.8,100,1.09,74,0.08,0.0,0.0,0.0
2025-02-08T07:00,-4.8,81,1033.9,100,1.03,67,0.08,0.0,0.0,0.0
2025-02-08T08:00,-4.7,81,1033.7,100,1.32,61,0.08,0.0,0.0,0.0
2025-02-08T09:00,-4.6,80,1033.9,100,1.52,73,0.09,6.0,0.0,6.0
2025-02-08T10:00,-4.5,79,1033.8,100,1.38,77,0.09,37.0,1.0,36.0
2025-02-08T11:00,-4.2,77,1033.6,100,1.06,71,0.10,78.0,3.0,75.0
2025-02-08T12:00,-3.8,75,1033.1,100,0.92,61,0.11,106.0,4.0,102.0
2025-02-08T13:00,-3.5,74,1032.6,100,1.11,54,0.12,134.0,15.0,119.0
2025-02-08T14:00,-3.3,73,1032.5,100,1.21,60,0.13,100.0,2.0,98.0
2025-02-08T15:00,-3.2,73,1032.1,100,1.01,63,0.13,92.0,7.0,85.0
2025-02-08T16:00,-3.6,76,1031.8,100,0.43,54,0.12,71.0,5.0,66.0
2025-02-08T17:00,-3.6,76,1031.5,100,0.74,48,0.11,25.0,2.0,23.0
2025-02-08T18:00,-3.7,77,1031.4,100,1.08,56,0.11,1.0,0.0,1.0
2025-02-08T19:00,-3.7,78,1030.9,100,1.08,68,0.11,0.0,0.0,0.0
2025-02-08T20:00,-3.7,78,1030.5,100,0.95,87,0.11,0.0,0.0,0.0
2025-02-08T21:00,-3.7,78,1030.3,100,0.98,114,0.11,0.0,0.0,0.0
2025-02-08T22:00,-3.7,78,1030.2,100,1.07,127,0.10,0.0,0.0,0.0
2025-02-08T23:00,-3.7,78,1029.7,100,0.81,133,0.11,0.0,0.0,0.0
2025-02-09T00:00,-3.7,78,1029.7,100,0.96,133,0.10,0.0,0.0,0.0
2025-02-09T01:00,-3.8,78,1029.4,100,0.76,122,0.10,0.0,0.0,0.0
2025-02-09T02:00,-3.8,78,1029.1,100,0.81,120,0.10,0.0,0.0,0.0
2025-02-09T03:00,-3.8,78,1029.1,100,0.99,131,0.10,0.0,0.0,0.0
2025-02-09T04:00,-5.1,86,1028.6,100,0.52,107,0.06,0.0,0.0,0.0
2025-02-09T05:00,-5.2,88,1028.4,100,0.27,112,0.05,0.0,0.0,0.0
2025-02-09T06:00,-5.1,87,1028.1,100,0.30,90,0.05,0.0,0.0,0.0
2025-02-09T07:00,-5.0,87,1027.7,100,0.40,60,0.06,0.0,0.0,0.0
2025-02-09T08:00,-5.1,88,1027.5,100,0.29,31,0.05,0.0,0.0,0.0
2025-02-09T09:00,-4.9,87,1027.5,100,0.62,14,0.06,9.0,0.0,9.0
2025-02-09T10:00,-5.0,87,1027.3,100,0.56,27,0.05,37.0,1.0,36.0
2025-02-09T11:00,-4.8,87,1027.3,100,0.74,48,0.06,70.0,2.0,68.0
2025-02-09T12:00,-4.6,86,1026.9,100,0.69,60,0.06,105.0,7.0,98.0
2025-02-09T13:00,-4.5,85,1026.4,100,0.49,66,0.06,104.0,4.0,100.0
2025-02-09T14:00,-4.3,85,1025.8,100,0.41,76,0.07,110.0,10.0,100.0
2025-02-09T15:00,-4.2,84,1025.3,100,0.40,60,0.07,94.0,1.0,93.0
2025-02-09T16:00,-4.4,84,1025.0,100,0.40,360,0.07,70.0,5.0,65.0
2025-02-09T17:00,-4.4,84,1024.7,100,0.45,360,0.07,25.0,0.0,25.0
2025-02-09T18:00,-4.3,84,1024.5,100,0.41,14,0.07,1.0,0.0,1.0
2025-02-09T19:00,-4.4,86,1024.1,100,0.32,39,0.06,0.0,0.0,0.0
2025-02-09T20:00,-4.2,84,1023.6,100,0.63,29,0.07,0.0,0.0,0.0
2025-02-09T21:00,-4.2,85,1023.0,100,0.39,40,0.07,0.0,0.0,0.0
2025-02-09T22:00,-4.2,86,1022.8,100,0.38,67,0.06,0.0,0.0,0.0
2025-02-09T23:00,-4.3,86,1022.4,100,0.30,81,0.06,0.0,0.0,0.0
2025-02-10T00:00,-4.3,87,1022.0,100,0.20,90,0.06,0.0,0.0,0.0
2025-02-10T01:00,-4.3,85,1021.7,100,0.29,59,0.07,0.0,0.0,0.0
2025-02-10T02:00,-4.4,84,1021.5,100,0.49,45,0.07,0.0,0.0,0.0
2025-02-10T03:00,-4.5,85,1021.0,100,0.35,45,0.06,0.0,0.0,0.0
2025-02-10T04:00,-6.1,86,1020.8,100,0.73,16,0.05,0.0,0.0,0.0
2025-02-10T05:00,-6.1,86,1020.6,100,0.87,13,0.05,0.0,0.0,0.0
2025-02-10T06:00,-6.0,86,1020.0,100,0.75,360,0.05,0.0,0.0,0.0
2025-02-10T07:00,-6.0,86,1019.7,100,0.72,12,0.05,0.0,0.0,0.0
2025-02-10T08:00,-5.8,86,1019.7,100,0.74,20,0.05,0.0,0.0,0.0
2025-02-10T09:00,-5.6,86,1019.7,100,0.92,13,0.06,8.0,0.0,8.0
2025-02-10T10:00,-5.3,85,1019.7,100,1.16,7,0.06,43.0,2.0,41.0
2025-02-10T11:00,-5.0,85,1019.6,100,1.58,11,0.06,71.0,2.0,69.0
2025-02-10T12:00,-4.8,85,1019.4,100,1.52,23,0.07,98.0,6.0,92.0
2025-02-10T13:00,-4.5,83,1019.2,100,1.35,39,0.07,112.0,10.0,102.0
2025-02-10T14:00,-4.2,82,1019.2,100,1.31,47,0.08,110.0,3.0,107.0
2025-02-10T15:00,-4.0,82,1019.0,100,1.41,45,0.08,85.0,5.0,80.0
2025-02-10T16:00,-4.7,79,1019.0,100,1.36,36,0.09,65.0,4.0,61.0
2025-02-10T17:00,-4.8,80,1019.1,100,1.33,34,0.09,29.0,3.0,26.0
2025-02-10T18:00,-5.0,80,1019.5,100,1.55,33,0.09,1.0,0.0,1.0
2025-02-10T19:00,-5.1,80,1019.6,100,1.64,38,0.08,0.0,0.0,0.0
2025-02-10T20:00,-5.2,80,1019.7,100,1.65,35,0.08,0.0,0.0,0.0
2025-02-10T21:00,-5.2,81,1019.7,100,1.61,36,0.08,0.0,0.0,0.0
2025-02-10T22:00,-5.2,82,1020.0,100,1.70,43,0.08,0.0,0.0,0.0
2025-02-10T23:00,-5.3,82,1020.4,100,1.87,44,0.07,0.0,0.0,0.0
2025-02-11T00:00,-5.4,83,1020.6,100,1.84,45,0.07,0.0,0.0,0.0
2025-02-11T01:00,-5.5,83,1020.9,100,1.67,51,0.07,0.0,0.0,0.0
2025-02-11T02:00,-5.5,83,1021.2,100,1.60,51,0.07,0.0,0.0,0.0
2025-02-11T03:00,-5.5,83,1021.3,100,1.49,50,0.07,0.0,0.0,0.0
2025-02-11T04:00,-6.3,84,1021.7,100,1.27,11,0.06,0.0,0.0,0.0
2025-02-11T05:00,-6.2,84,1021.6,100,1.13,13,0.06,0.0,0.0,0.0
2025-02-11T06:00,-6.1,84,1021.9,100,1.33,13,0.06,0.0,0.0,0.0
2025-02-11T07:00,-6.0,83,1022.2,100,1.19,15,0.07,0.0,0.0,0.0
2025-02-11T08:00,-6.0,83,1022.4,100,1.35,22,0.07,0.0,0.0,0.0
2025-02-11T09:00,-6.0,82,1022.6,100,1.17,31,0.07,9.0,0.0,9.0
2025-02-11T10:00,-5.8,80,1022.7,100,1.05,25,0.08,44.0,2.0,42.0
2025-02-11T11:00,-5.6,79,1023.2,100,1.15,18,0.08,80.0,1.0,79.0
2025-02-11T12:00,-5.4,78,1023.1,100,1.23,12,0.09,102.0,4.0,98.0
2025-02-11T13:00,-5.2,77,1023.0,100,1.35,4,0.10,112.0,4.0,108.0
2025-02-11T14:00,-4.9,76,1022.7,100,1.35,356,0.10,116.0,9.0,107.0
2025-02-11T15:00,-4.6,74,1022.3,100,1.25,344,0.11,127.0,8.0,119.0
2025-02-11T16:00,-5.9,74,1022.0,100,1.68,330,0.10,86.0,8.0,78.0
2025-02-11T17:00,-5.9,74,1021.8,100,1.50,330,0.10,37.0,1.0,36.0
2025-02-11T18:00,-6.1,74,1021.7,100,1.55,339,0.10,2.0,0.0,2.0
2025-02-11T19:00,-6.3,74,1021.7,100,1.78,350,0.10,0.0,0.0,0.0
2025-02-11T20:00,-6.7,75,1021.5,100,1.60,356,0.09,0.0,0.0,0.0
2025-02-11T21:00,-6.8,75,1021.0,100,1.30,337,0.09,0.0,0.0,0.0
2025-02-11T22:00,-6.9,76,1020.6,99,1.11,324,0.09,0.0,0.0,0.0
2025-02-11T23:00,-6.9,77,1020.5,100,0.97,325,0.08,0.0,0.0,0.0
2025-02-12T00:00,-7.1,78,1020.1,100,0.93,324,0.08,0.0,0.0,0.0
2025-02-12T01:00,-7.2,79,1019.9,100,0.99,315,0.08,0.0,0.0,0.0
2025-02-12T02:00,-7.2,79,1019.5,100,1.25,307,0.07,0.0,0.0,0.0
2025-02-12T03:00,-7.2,80,1019.0,100,1.01,290,0.07,0.0,0.0,0.0
2025-02-12T04:00,-8.0,82,1018.1,100,1.46,276,0.06,0.0,0.0,0.0
2025-02-12T05:00,-7.9,82,1017.6,100,1.50,270,0.06,0.0,0.0,0.0
2025-02-12T06:00,-7.8,82,1017.1,100,1.72,253,0.06,0.0,0.0,0.0
2025-02-12T07:00,-7.8,84,1016.5,100,2.00,270,0.06,0.0,0.0,0.0
2025-02-12T08:00,-7.8,85,1016.3,100,1.92,263,0.05,0.0,0.0,0.0
2025-02-12T09:00,-7.7,84,1016.2,100,2.12,251,0.05,14.0,0.0,14.0
2025-02-12T10:00,-7.4,83,1015.6,100,2.31,264,0.06,54.0,1.0,53.0
2025-02-12T11:00,-6.9,81,1015.4,100,2.25,269,0.07,114.0,12.0,102.0
2025-02-12T12:00,-6.3,78,1014.7,100,1.95,270,0.08,147.0,8.0,139.0
2025-02-12T13:00,-5.8,76,1014.0,100,2.01,256,0.10,203.0,47.0,156.0
2025-02-12T14:00,-5.5,75,1013.4,100,2.31,248,0.10,166.0,24.0,142.0
2025-02-12T15:00,-5.2,73,1012.6,100,2.40,253,0.11,165.0,30.0,135.0
2025-02-12T16:00,-6.1,77,1012.0,100,2.75,254,0.09,97.0,12.0,85.0
2025-02-12T17:00,-6.1,77,1011.7,100,2.88,262,0.09,37.0,2.0,35.0
2025-02-12T18:00,-6.1,78,1010.9,100,2.60,268,0.09,2.0,0.0,2.0
2025-02-12T19:00,-6.2,80,1010.7,100,2.46,275,0.08,0.0,0.0,0.0
2025-02-12T20:00,-6.4,81,1010.2,100,2.36,275,0.07,0.0,0.0,0.0
2025-02-12T21:00,-6.6,82,1010.1,100,2.51,275,0.07,0.0,0.0,0.0
2025-02-12T22:00,-6.8,83,1009.9,100,2.60,272,0.06,0.0,0.0,0.0
2025-02-12T23:00,-7.0,83,1009.6,100,2.51,276,0.06,0.0,0.0,0.0
2025-02-13T00:00,-7.1,83,1009.1,100,2.39,281,0.06,0.0,0.0,0.0
2025-02-13T01:00,-7.1,82,1008.7,100,2.16,283,0.06,0.0,0.0,0.0
2025-02-13T02:00,-7.2,83,1008.2,100,1.82,278,0.06,0.0,0.0,0.0
2025-02-13T03:00,-7.3,83,1007.8,100,1.62,261,0.06,0.0,0.0,0.0
2025-02-13T04:00,-8.2,82,1007.1,100,1.77,248,0.06,0.0,0.0,0.0
2025-02-13T05:00,-8.1,83,1006.7,100,1.60,256,0.06,0.0,0.0,0.0
2025-02-13T06:00,-7.9,82,1006.3,100,1.43,258,0.06,0.0,0.0,0.0
2025-02-13T07:00,-7.8,82,1005.9,100,1.30,254,0.06,0.0,0.0,0.0
2025-02-13T08:00,-7.7,82,1005.6,100,1.22,251,0.06,0.0,0.0,0.0
2025-02-13T09:00,-7.5,79,1005.3,100,1.21,263,0.07,13.0,1.0,12.0
2025-02-13T10:00,-7.3,76,1004.6,100,1.30,254,0.08,50.0,2.0,48.0
2025-02-13T11:00,-7.0,75,1004.3,100,1.38,251,0.09,90.0,6.0,84.0
2025-02-13T12:00,-6.7,73,1003.8,100,1.37,246,0.10,121.0,7.0,114.0
2025-02-13T13:00,-6.4,72,1003.3,100,1.61,244,0.11,131.0,10.0,121.0
2025-02-13T14:00,-6.2,72,1002.7,100,1.70,246,0.11,122.0,6.0,116.0
2025-02-13T15:00,-6.0,71,1002.2,100,1.79,243,0.11,104.0,8.0,96.0
2025-02-13T16:00,-6.9,72,1002.0,100,1.77,254,0.10,66.0,4.0,62.0
2025-02-13T17:00,-7.0,72,1001.5,100,1.80,251,0.10,28.0,0.0,28.0
2025-02-13T18:00,-7.0,73,1000.9,100,1.73,237,0.10,2.0,0.0,2.0
2025-02-13T19:00,-7.0,73,1000.3,100,1.87,236,0.10,0.0,0.0,0.0
2025-02-13T20:00,-7.0,74,1000.1,100,1.96,238,0.09,0.0,0.0,0.0
2025-02-13T21:00,-7.1,74,999.8,100,1.84,229,0.09,0.0,0.0,0.0
2025-02-13T22:00,-7.1,75,999.2,100,1.70,227,0.09,0.0,0.0,0.0
2025-02-13T23:00,-7.1,77,998.9,100,1.47,215,0.08,0.0,0.0,0.0
2025-02-14T00:00,-7.1,79,998.5,100,1.25,209,0.08,0.0,0.0,0.0
2025-02-14T01:00,-7.1,79,997.8,100,1.20,163,0.07,0.0,0.0,0.0
2025-02-14T02:00,-7.1,80,997.4,100,1.52,171,0.07,0.0,0.0,0.0
2025-02-14T03:00,-6.8,82,997.0,99,1.52,197,0.07,0.0,0.0,0.0
2025-02-14T04:00,-7.7,84,996.7,100,1.62,214,0.05,0.0,0.0,0.0
2025-02-14T05:00,-7.6,82,996.2,100,1.82,217,0.06,0.0,0.0,0.0
2025-02-14T06:00,-7.5,82,995.7,100,1.86,216,0.06,0.0,0.0,0.0
2025-02-14T07:00,-7.4,83,995.1,100,1.75,211,0.06,0.0,0.0,0.0
2025-02-14T08:00,-7.2,84,994.8,100,1.84,209,0.06,0.0,0.0,0.0
2025-02-14T09:00,-6.9,85,994.7,100,1.70,220,0.06,11.0,0.0,11.0
2025-02-14T10:00,-6.5,85,994.5,100,1.98,229,0.06,34.0,0.0,34.0
2025-02-14T11:00,-5.9,81,994.3,100,2.33,242,0.07,80.0,0.0,80.0
2025-02-14T12:00,-5.4,71,994.2,100,2.75,260,0.12,92.0,0.0,92.0
2025-02-14T13:00,-5.2,71,993.8,100,2.11,266,0.12,84.0,0.0,84.0
2025-02-14T14:00,-5.1,72,993.8,100,1.87,279,0.12,85.0,1.0,84.0
2025-02-14T15:00,-5.2,72,993.7,100,1.67,309,0.12,73.0,4.0,69.0
2025-02-14T16:00,-6.1,72,993.0,100,1.66,277,0.11,66.0,3.0,63.0
2025-02-14T17:00,-6.2,72,993.0,100,1.61,300,0.11,29.0,0.0,29.0
2025-02-14T18:00,-6.6,74,993.0,100,1.66,331,0.10,3.0,0.0,3.0
2025-02-14T19:00,-7.1,73,993.3,100,2.06,342,0.10,0.0,0.0,0.0
2025-02-14T20:00,-7.6,74,993.2,97,1.88,343,0.09,0.0,0.0,0.0
2025-02-14T21:00,-8.1,75,993.2,59,2.07,352,0.08,0.0,0.0,0.0
2025-02-14T22:00,-8.3,74,993.0,48,1.41,352,0.08,0.0,0.0,0.0
2025-02-14T23:00,-10.0,78,993.1,52,1.19,338,0.06,0.0,0.0,0.0
2025-02-15T00:00,-9.5,81,992.8,96,1.34,333,0.06,0.0,0.0,0.0
2025-02-15T01:00,-8.4,84,992.7,100,1.50,339,0.05,0.0,0.0,0.0
2025-02-15T02:00,-7.7,85,992.5,100,2.10,348,0.05,0.0,0.0,0.0
2025-02-15T03:00,-7.9,85,992.6,90,2.50,359,0.05,0.0,0.0,0.0
2025-02-15T04:00,-7.9,87,992.5,100,2.45,348,0.05,0.0,0.0,0.0
2025-02-15T05:00,-7.7,87,992.3,100,2.64,341,0.05,0.0,0.0,0.0
2025-02-15T06:00,-7.6,85,992.1,100,3.17,344,0.05,0.0,0.0,0.0
2025-02-15T07:00,-8.1,83,992.1,100,3.31,349,0.06,0.0,0.0,0.0
2025-02-15T08:00,-8.7,81,992.4,99,3.11,349,0.06,0.0,0.0,0.0
2025-02-15T09:00,-8.8,77,992.8,100,3.30,357,0.07,21.0,0.0,21.0
2025-02-15T10:00,-8.9,75,993.1,100,3.32,354,0.08,74.0,3.0,71.0
2025-02-15T11:00,-8.8,72,993.2,100,3.17,348,0.09,132.0,10.0,122.0
2025-02-15T12:00,-8.6,70,993.2,100,3.22,348,0.10,156.0,15.0,141.0
2025-02-15T13:00,-8.3,69,992.9,100,3.08,343,0.10,155.0,13.0,142.0
2025-02-15T14:00,-8.1,66,992.6,100,3.02,341,0.11,150.0,12.0,138.0
2025-02-15T15:00,-8.2,64,992.5,100,3.01,339,0.12,138.0,13.0,125.0
2025-02-15T16:00,-8.1,63,992.2,100,3.11,334,0.12,104.0,10.0,94.0
2025-02-15T17:00,-8.3,64,992.4,100,3.07,336,0.12,36.0,0.0,36.0
2025-02-15T18:00,-8.3,66,992.5,100,2.07,340,0.11,3.0,0.0,3.0
2025-02-15T19:00,-8.3,68,992.5,100,1.81,332,0.10,0.0,0.0,0.0
2025-02-15T20:00,-8.6,69,992.5,100,2.44,317,0.10,0.0,0.0,0.0
2025-02-15T21:00,-9.4,67,992.2,73,2.41,317,0.10,0.0,0.0,0.0
2025-02-15T22:00,-10.1,72,991.9,20,2.10,308,0.08,0.0,0.0,0.0
2025-02-15T23:00,-10.3,77,991.9,34,2.00,302,0.07,0.0,0.0,0.0
2025-02-16T00:00,-10.9,81,991.8,38,1.72,296,0.05,0.0,0.0,0.0
2025-02-16T01:00,-11.2,83,991.7,98,1.57,301,0.04,0.0,0.0,0.0
2025-02-16T02:00,-12.0,85,991.7,100,1.39,308,0.04,0.0,0.0,0.0
2025-02-16T03:00,-12.6,86,991.7,100,1.42,309,0.03,0.0,0.0,0.0
2025-02-16T04:00,-11.0,75,991.3,100,1.62,304,0.07,0.0,0.0,0.0
2025-02-16T05:00,-11.4,78,991.2,100,1.63,293,0.06,0.0,0.0,0.0
2025-02-16T06:00,-11.9,82,991.0,100,1.55,291,0.04,0.0,0.0,0.0
2025-02-16T07:00,-12.1,84,991.0,100,1.59,298,0.04,0.0,0.0,0.0
2025-02-16T08:00,-11.9,86,991.2,100,1.68,300,0.04,0.0,0.0,0.0
2025-02-16T09:00,-10.8,84,991.4,100,2.14,307,0.04,30.0,2.0,28.0
2025-02-16T10:00,-10.1,83,991.5,100,2.39,307,0.05,96.0,6.0,90.0
2025-02-16T11:00,-9.6,79,991.5,100,2.71,308,0.06,158.0,10.0,148.0
2025-02-16T12:00,-9.4,75,991.5,100,2.91,311,0.08,177.0,10.0,167.0
2025-02-16T13:00,-9.2,73,991.7,100,3.15,313,0.08,176.0,9.0,167.0
2025-02-16T14:00,-9.2,71,991.7,100,3.09,310,0.09,143.0,4.0,139.0
2025-02-16T15:00,-9.0,69,991.7,100,3.44,311,0.10,152.0,7.0,145.0
2025-02-16T16:00,-9.8,68,992.0,100,3.29,317,0.09,91.0,6.0,85.0
2025-02-16T17:00,-10.1,68,992.4,100,3.36,317,0.09,31.0,0.0,31.0
2025-02-16T18:00,-10.3,68,992.9,100,3.61,323,0.09,3.0,0.0,3.0
2025-02-16T19:00,-10.6,67,993.7,100,3.40,330,0.09,0.0,0.0,0.0
2025-02-16T20:00,-10.6,67,993.9,100,2.88,326,0.09,0.0,0.0,0.0
2025-02-16T21:00,-10.7,71,994.0,96,2.62,317,0.08,0.0,0.0,0.0
2025-02-16T22:00,-11.5,74,994.4,80,2.51,314,0.07,0.0,0.0,0.0
2025-02-16T23:00,-12.4,76,994.9,100,2.38,300,0.06,0.0,0.0,0.0
2025-02-17T00:00,-12.4,76,995.3,87,2.56,301,0.06,0.0,0.0,0.0
2025-02-17T01:00,-12.6,77,995.6,49,2.46,297,0.05,0.0,0.0,0.0
2025-02-17T02:00,-13.4,79,996.0,69,2.19,294,0.04,0.0,0.0,0.0
2025-02-17T03:00,-14.2,81,996.3,36,1.96,285,0.04,0.0,0.0,0.0
2025-02-17T04:00,-15.0,80,996.4,3,1.70,273,0.04,0.0,0.0,0.0
2025-02-17T05:00,-14.9,79,996.5,59,1.95,267,0.04,0.0,0.0,0.0
2025-02-17T06:00,-14.7,79,996.7,99,2.00,269,0.04,0.0,0.0,0.0
2025-02-17T07:00,-13.9,80,996.8,99,1.86,265,0.04,0.0,0.0,0.0
2025-02-17T08:00,-12.6,81,997.0,100,2.19,259,0.05,0.0,0.0,0.0
2025-02-17T09:00,-11.5,79,997.3,100,2.90,269,0.05,31.0,5.0,26.0
2025-02-17T10:00,-11.5,74,997.6,100,3.70,272,0.07,90.0,9.0,81.0
2025-02-17T11:00,-11.7,71,998.1,100,3.85,269,0.07,159.0,19.0,140.0
2025-02-17T12:00,-11.3,70,998.4,100,4.07,265,0.08,200.0,26.0,174.0
2025-02-17T13:00,-10.7,68,998.5,100,4.08,263,0.09,244.0,58.0,186.0
2025-02-17T14:00,-10.2,66,998.6,100,4.04,261,0.10,250.0,68.0,182.0
2025-02-17T15:00,-9.9,65,998.7,100,3.90,261,0.10,195.0,34.0,161.0
2025-02-17T16:00,-10.4,65,999.1,100,3.40,256,0.10,137.0,20.0,117.0
2025-02-17T17:00,-10.5,66,999.3,99,3.21,255,0.09,61.0,4.0,57.0
2025-02-17T18:00,-10.5,68,999.6,100,2.61,250,0.09,7.0,0.0,7.0
2025-02-17T19:00,-10.3,70,999.9,51,2.72,234,0.08,0.0,0.0,0.0
2025-02-17T20:00,-11.5,73,1000.0,0,2.61,238,0.07,0.0,0.0,0.0
2025-02-17T21:00,-12.2,75,1000.1,0,2.30,243,0.06,0.0,0.0,0.0
2025-02-17T22:00,-13.3,77,1000.3,0,1.73,237,0.05,0.0,0.0,0.0
2025-02-17T23:00,-14.7,79,1000.2,26,1.57,233,0.04,0.0,0.0,0.0
2025-02-18T00:00,-15.2,79,1000.2,38,1.56,228,0.04,0.0,0.0,0.0
2025-02-18T01:00,-15.4,79,1000.3,53,1.45,224,0.04,0.0,0.0,0.0
2025-02-18T02:00,-15.4,79,1000.2,59,1.06,221,0.04,0.0,0.0,0.0
2025-02-18T03:00,-15.8,81,1000.2,17,1.03,209,0.03,0.0,0.0,0.0
2025-02-18T04:00,-15.4,84,999.7,100,1.30,178,0.03,0.0,0.0,0.0
2025-02-18T05:00,-15.0,84,999.6,100,1.35,176,0.03,0.0,0.0,0.0
2025-02-18T06:00,-13.9,83,999.9,100,1.31,187,0.03,0.0,0.0,0.0
2025-02-18T07:00,-12.2,84,1000.0,100,1.10,183,0.04,0.0,0.0,0.0
2025-02-18T08:00,-12.0,84,1000.0,99,0.81,173,0.04,0.0,0.0,0.0
2025-02-18T09:00,-11.8,84,1000.1,100,1.27,191,0.04,36.0,5.0,31.0
2025-02-18T10:00,-10.5,83,1000.4,100,1.60,231,0.05,101.0,6.0,95.0
2025-02-18T11:00,-9.8,81,1000.8,100,1.68,240,0.05,137.0,2.0,135.0
2025-02-18T12:00,-8.8,79,1000.9,100,1.75,239,0.07,225.0,37.0,188.0
2025-02-18T13:00,-7.9,70,1000.8,100,2.06,252,0.10,298.0,126.0,172.0
2025-02-18T14:00,-7.5,68,1000.8,100,2.28,251,0.11,220.0,44.0,176.0
2025-02-18T15:00,-7.3,67,1000.9,100,2.26,242,0.12,149.0,11.0,138.0
2025-02-18T16:00,-6.6,61,1000.5,37,2.02,228,0.15,173.0,62.0,111.0
2025-02-18T17:00,-7.8,64,1000.4,3,1.25,209,0.12,101.0,54.0,47.0
2025-02-18T18:00,-9.5,66,1000.2,65,1.66,201,0.10,12.0,5.0,7.0
2025-02-18T19:00,-8.7,74,1000.6,97,2.29,216,0.08,0.0,0.0,0.0
2025-02-18T20:00,-9.3,80,1000.2,100,1.63,207,0.06,0.0,0.0,0.0
2025-02-18T21:00,-9.0,83,999.9,100,1.53,199,0.05,0.0,0.0,0.0
2025-02-18T22:00,-8.4,83,999.7,100,1.72,188,0.05,0.0,0.0,0.0
2025-02-18T23:00,-7.7,85,999.6,85,2.18,200,0.05,0.0,0.0,0.0
2025-02-19T00:00,-8.8,87,999.3,80,1.54,216,0.04,0.0,0.0,0.0
2025-02-19T01:00,-10.3,90,999.3,98,1.43,216,0.03,0.0,0.0,0.0
2025-02-19T02:00,-9.5,90,999.3,100,1.35,211,0.03,0.0,0.0,0.0
2025-02-19T03:00,-8.6,90,999.3,100,1.26,214,0.03,0.0,0.0,0.0
2025-02-19T04:00,-9.3,92,998.8,100,1.38,251,0.02,0.0,0.0,0.0
2025-02-19T05:00,-9.1,91,998.9,100,1.18,234,0.03,0.0,0.0,0.0
2025-02-19T06:00,-7.6,89,999.0,100,1.93,239,0.04,0.0,0.0,0.0
2025-02-19T07:00,-7.3,87,999.3,100,2.29,260,0.05,0.0,0.0,0.0
2025-02-19T08:00,-7.6,87,999.8,99,2.51,265,0.05,0.0,0.0,0.0
2025-02-19T09:00,-7.7,87,1000.3,34,2.30,266,0.05,41.0,8.0,33.0
2025-02-19T10:00,-7.6,84,1000.6,17,1.32,261,0.05,174.0,122.0,52.0
2025-02-19T11:00,-6.7,79,1000.8,100,1.04,253,0.08,275.0,197.0,78.0
2025-02-19T12:00,-5.9,74,1001.0,100,1.40,272,0.10,342.0,237.0,105.0
2025-02-19T13:00,-5.3,70,1001.2,100,1.19,255,0.13,355.0,213.0,142.0
2025-02-19T14:00,-4.9,67,1001.4,100,0.65,266,0.14,276.0,102.0,174.0
2025-02-19T15:00,-4.8,67,1001.5,100,0.35,270,0.14,195.0,26.0,169.0
2025-02-19T16:00,-5.3,67,1002.2,100,0.41,284,0.14,150.0,13.0,137.0
2025-02-19T17:00,-5.7,71,1002.7,100,0.51,11,0.12,63.0,2.0,61.0
2025-02-19T18:00,-6.8,74,1003.2,100,0.71,39,0.09,9.0,0.0,9.0
2025-02-19T19:00,-7.3,75,1003.7,99,0.70,21,0.09,0.0,0.0,0.0
2025-02-19T20:00,-9.4,78,1004.0,8,1.71,353,0.06,0.0,0.0,0.0
2025-02-19T21:00,-8.4,83,1004.6,73,2.40,356,0.05,0.0,0.0,0.0
2025-02-19T22:00,-8.0,85,1005.2,100,2.40,358,0.05,0.0,0.0,0.0
2025-02-19T23:00,-7.9,85,1005.8,98,2.30,4,0.05,0.0,0.0,0.0
2025-02-20T00:00,-8.4,86,1006.3,95,2.10,357,0.05,0.0,0.0,0.0
2025-02-20T01:00,-9.1,86,1007.0,96,2.16,355,0.04,0.0,0.0,0.0
2025-02-20T02:00,-9.3,86,1007.8,96,2.11,356,0.04,0.0,0.0,0.0
2025-02-20T03:00,-9.4,86,1008.2,99,1.89,348,0.04,0.0,0.0,0.0
2025-02-20T04:00,-10.6,86,1008.4,82,1.30,344,0.04,0.0,0.0,0.0
2025-02-20T05:00,-11.6,88,1008.8,60,1.46,338,0.03,0.0,0.0,0.0
2025-02-20T06:00,-12.9,89,1009.4,34,1.39,334,0.03,0.0,0.0,0.0
2025-02-20T07:00,-13.7,88,1009.8,40,1.37,336,0.03,0.0,0.0,0.0
2025-02-20T08:00,-12.9,86,1010.6,100,1.28,339,0.03,1.0,0.0,1.0
2025-02-20T09:00,-10.1,84,1011.3,100,1.46,344,0.05,36.0,0.0,36.0
2025-02-20T10:00,-8.8,82,1011.9,96,1.29,347,0.06,85.0,0.0,85.0
2025-02-20T11:00,-7.8,75,1012.2,77,0.90,326,0.08,222.0,84.0,138.0
2025-02-20T12:00,-7.1,64,1012.5,100,1.98,344,0.13,265.0,81.0,184.0
2025-02-20T13:00,-6.7,64,1012.9,100,2.11,338,0.14,237.0,38.0,199.0
2025-02-20T14:00,-6.5,65,1013.2,100,2.06,337,0.13,192.0,12.0,180.0
2025-02-20T15:00,-6.4,66,1013.4,100,2.23,344,0.13,175.0,24.0,151.0
2025-02-20T16:00,-7.5,65,1014.1,100,2.25,339,0.12,130.0,9.0,121.0
2025-02-20T17:00,-7.7,67,1014.6,100,1.74,342,0.11,70.0,4.0,66.0
2025-02-20T18:00,-8.3,71,1015.0,100,1.03,337,0.10,10.0,0.0,10.0
2025-02-20T19:00,-8.9,72,1015.4,100,0.86,324,0.09,0.0,0.0,0.0
2025-02-20T20:00,-8.9,70,1015.8,100,0.30,351,0.09,0.0,0.0,0.0
2025-02-20T21:00,-9.3,70,1016.0,100,0.07,225,0.09,0.0,0.0,0.0
2025-02-20T22:00,-9.1,73,1016.6,100,0.25,217,0.08,0.0,0.0,0.0
2025-02-20T23:00,-9.4,74,1016.7,100,1.07,191,0.08,0.0,0.0,0.0
2025-02-21T00:00,-9.4,77,1017.0,99,1.06,199,0.07,0.0,0.0,0.0
2025-02-21T01:00,-9.6,78,1017.7,100,0.87,246,0.07,0.0,0.0,0.0
2025-02-21T02:00,-9.2,78,1017.9,100,1.24,220,0.07,0.0,0.0,0.0
2025-02-21T03:00,-9.4,79,1018.0,99,1.45,229,0.06,0.0,0.0,0.0
2025-02-21T04:00,-9.0,78,1018.3,81,1.41,247,0.07,0.0,0.0,0.0
2025-02-21T05:00,-9.9,81,1018.4,52,1.31,252,0.06,0.0,0.0,0.0
2025-02-21T06:00,-11.0,83,1018.7,28,1.39,249,0.04,0.0,0.0,0.0
2025-02-21T07:00,-11.7,85,1018.7,1,1.57,239,0.04,0.0,0.0,0.0
2025-02-21T08:00,-12.1,85,1019.0,64,1.66,241,0.04,2.0,0.0,2.0
2025-02-21T09:00,-10.6,80,1019.6,38,1.77,248,0.05,67.0,33.0,34.0
2025-02-21T10:00,-9.2,77,1019.9,16,2.21,237,0.07,184.0,116.0,68.0
2025-02-21T11:00,-7.7,74,1020.0,97,1.95,247,0.09,295.0,212.0,83.0
2025-02-21T12:00,-6.3,74,1020.0,33,2.18,254,0.10,360.0,250.0,110.0
2025-02-21T13:00,-5.1,72,1019.8,87,2.34,254,0.12,398.0,288.0,110.0
2025-02-21T14:00,-4.4,69,1019.7,92,2.45,258,0.14,388.0,286.0,102.0
2025-02-21T15:00,-3.9,69,1019.5,62,2.45,258,0.14,328.0,229.0,99.0
2025-02-21T16:00,-3.2,63,1018.9,100,1.87,250,0.18,228.0,134.0,94.0
2025-02-21T17:00,-4.1,67,1018.8,94,1.98,249,0.15,116.0,59.0,57.0
2025-02-21T18:00,-5.1,72,1018.5,100,2.34,250,0.12,17.0,3.0,14.0
2025-02-21T19:00,-5.6,75,1018.5,98,2.62,257,0.10,0.0,0.0,0.0
2025-02-21T20:00,-6.2,79,1018.5,100,2.66,266,0.08,0.0,0.0,0.0
2025-02-21T21:00,-6.7,81,1018.7,100,2.65,271,0.07,0.0,0.0,0.0
2025-02-21T22:00,-7.1,82,1019.2,98,2.30,270,0.07,0.0,0.0,0.0
2025-02-21T23:00,-7.3,83,1019.2,96,2.20,267,0.06,0.0,0.0,0.0
2025-02-22T00:00,-7.9,84,1018.9,72,2.05,270,0.05,0.0,0.0,0.0
2025-02-22T01:00,-8.7,85,1018.6,12,1.90,272,0.05,0.0,0.0,0.0
2025-02-22T02:00,-9.2,85,1018.8,38,2.05,271,0.05,0.0,0.0,0.0
2025-02-22T03:00,-9.3,84,1019.2,50,2.26,276,0.05,0.0,0.0,0.0
2025-02-22T04:00,-8.2,82,1018.0,51,1.95,271,0.06,0.0,0.0,0.0
2025-02-22T05:00,-8.7,82,1017.8,85,1.82,262,0.06,0.0,0.0,0.0
2025-02-22T06:00,-9.2,84,1017.7,93,1.97,263,0.05,0.0,0.0,0.0
2025-02-22T07:00,-9.3,84,1017.8,92,2.05,267,0.05,0.0,0.0,0.0
2025-02-22T08:00,-9.6,84,1018.0,94,2.10,270,0.05,2.0,0.0,2.0
2025-02-22T09:00,-9.1,83,1018.1,97,1.95,270,0.05,67.0,26.0,41.0
2025-02-22T10:00,-8.0,81,1018.5,97,1.67,261,0.06,184.0,103.0,81.0
2025-02-22T11:00,-6.7,78,1018.5,93,1.57,261,0.08,292.0,189.0,103.0
2025-02-22T12:00,-5.4,74,1018.2,89,1.60,266,0.11,365.0,249.0,116.0
2025-02-22T13:00,-4.2,70,1017.7,76,1.65,267,0.14,401.0,285.0,116.0
2025-02-22T14:00,-3.4,66,1017.3,56,1.66,265,0.16,396.0,290.0,106.0
2025-02-22T15:00,-3.1,64,1016.8,14,1.41,264,0.17,347.0,262.0,85.0
2025-02-22T16:00,-2.7,57,1015.4,0,1.17,239,0.22,255.0,192.0,63.0
2025-02-22T17:00,-4.5,60,1015.1,0,0.92,229,0.18,132.0,88.0,44.0
2025-02-22T18:00,-6.2,61,1015.0,0,0.83,245,0.15,22.0,12.0,10.0
2025-02-22T19:00,-7.6,67,1015.3,0,1.55,268,0.11,0.0,0.0,0.0
2025-02-22T20:00,-8.2,73,1015.2,0,1.56,276,0.09,0.0,0.0,0.0
2025-02-22T21:00,-8.9,77,1015.4,0,1.24,284,0.07,0.0,0.0,0.0
2025-02-22T22:00,-9.6,80,1015.4,0,1.06,289,0.06,0.0,0.0,0.0
2025-02-22T23:00,-10.2,83,1015.3,0,0.87,294,0.05,0.0,0.0,0.0
2025-02-23T00:00,-10.9,85,1015.3,0,0.65,302,0.04,0.0,0.0,0.0
2025-02-23T01:00,-11.6,88,1015.2,0,0.53,319,0.03,0.0,0.0,0.0
2025-02-23T02:00,-12.2,90,1015.3,0,0.46,319,0.02,0.0,0.0,0.0
2025-02-23T03:00,-12.6,91,1015.5,0,0.36,344,0.02,0.0,0.0,0.0
2025-02-23T04:00,-12.8,88,1014.4,0,0.57,15,0.03,0.0,0.0,0.0
2025-02-23T05:00,-13.1,86,1014.6,0,0.78,45,0.03,0.0,0.0,0.0
2025-02-23T06:00,-13.8,85,1014.8,0,1.35,68,0.03,0.0,0.0,0.0
2025-02-23T07:00,-14.1,85,1014.9,0,1.45,90,0.03,0.0,0.0,0.0
2025-02-23T08:00,-13.6,85,1015.3,0,1.59,103,0.03,3.0,1.0,2.0
2025-02-23T09:00,-11.5,84,1015.8,0,1.30,106,0.04,80.0,48.0,32.0
2025-02-23T10:00,-9.7,81,1015.9,0,1.20,90,0.06,205.0,147.0,58.0
2025-02-23T11:00,-8.1,80,1016.0,0,0.86,97,0.07,317.0,245.0,72.0
2025-02-23T12:00,-6.5,78,1015.8,0,0.76,101,0.08,395.0,315.0,80.0
2025-02-23T13:00,-5.4,75,1015.6,0,0.78,105,0.10,430.0,346.0,84.0
2025-02-23T14:00,-4.6,71,1015.5,1,0.91,84,0.13,416.0,332.0,84.0
2025-02-23T15:00,-4.2,68,1015.3,1,0.92,45,0.15,358.0,281.0,77.0
2025-02-23T16:00,-3.7,62,1014.4,1,0.92,41,0.18,261.0,197.0,64.0
2025-02-23T17:00,-5.3,62,1014.1,0,0.64,39,0.16,138.0,93.0,45.0
2025-02-23T18:00,-7.1,63,1013.7,0,0.68,36,0.13,25.0,13.0,12.0
2025-02-23T19:00,-8.2,66,1013.7,0,1.16,65,0.11,0.0,0.0,0.0
2025-02-23T20:00,-8.8,71,1013.5,0,1.83,73,0.09,0.0,0.0,0.0
2025-02-23T21:00,-10.0,76,1013.6,0,1.72,73,0.07,0.0,0.0,0.0
2025-02-23T22:00,-11.8,80,1013.4,0,1.39,69,0.05,0.0,0.0,0.0
2025-02-23T23:00,-12.2,81,1013.4,0,0.71,51,0.05,0.0,0.0,0.0
2025-02-24T00:00,-12.9,82,1013.4,0,0.76,23,0.04,0.0,0.0,0.0
2025-02-24T01:00,-13.6,84,1013.4,0,1.01,9,0.03,0.0,0.0,0.0
2025-02-24T02:00,-14.2,86,1013.1,0,1.10,3,0.03,0.0,0.0,0.0
2025-02-24T03:00,-14.9,88,1012.9,0,1.30,2,0.02,0.0,0.0,0.0
2025-02-24T04:00,-14.7,92,1012.1,0,1.51,6,0.02,0.0,0.0,0.0
2025-02-24T05:00,-15.2,91,1011.7,0,1.51,8,0.02,0.0,0.0,0.0
2025-02-24T06:00,-15.6,90,1011.3,0,1.46,8,0.02,0.0,0.0,0.0
2025-02-24T07:00,-16.0,89,1011.0,1,1.50,4,0.02,0.0,0.0,0.0
2025-02-24T08:00,-16.0,86,1011.0,0,1.65,358,0.02,5.0,2.0,3.0
2025-02-24T09:00,-13.6,80,1011.0,0,1.55,356,0.04,91.0,58.0,33.0
2025-02-24T10:00,-11.7,74,1010.9,2,1.47,350,0.07,224.0,167.0,57.0
2025-02-24T11:00,-9.8,70,1010.7,0,1.09,344,0.09,340.0,271.0,69.0
2025-02-24T12:00,-7.8,66,1010.3,0,1.19,332,0.12,418.0,341.0,77.0
2025-02-24T13:00,-5.7,60,1009.7,0,1.54,335,0.16,451.0,370.0,81.0
2025-02-24T14:00,-4.3,55,1009.3,0,1.96,341,0.20,434.0,355.0,79.0
2025-02-24T15:00,-3.8,52,1008.9,0,2.01,346,0.22,372.0,299.0,73.0
2025-02-24T16:00,-3.2,46,1008.4,0,2.02,351,0.26,271.0,208.0,63.0
2025-02-24T17:00,-4.4,51,1008.3,0,2.10,348,0.22,145.0,100.0,45.0
2025-02-24T18:00,-6.2,56,1008.0,0,2.22,352,0.17,28.0,16.0,12.0
2025-02-24T19:00,-7.3,59,1008.2,0,2.15,3,0.15,0.0,0.0,0.0
2025-02-24T20:00,-8.5,61,1008.3,0,1.86,14,0.13,0.0,0.0,0.0
2025-02-24T21:00,-9.9,63,1008.1,0,1.68,30,0.11,0.0,0.0,0.0
2025-02-24T22:00,-11.1,64,1008.1,0,1.39,26,0.10,0.0,0.0,0.0
2025-02-24T23:00,-11.7,65,1008.2,0,1.25,23,0.09,0.0,0.0,0.0
2025-02-25T00:00,-12.3,66,1008.1,0,1.23,27,0.08,0.0,0.0,0.0
2025-02-25T01:00,-12.7,67,1007.6,0,0.85,40,0.08,0.0,0.0,0.0
2025-02-25T02:00,-13.0,68,1007.2,0,0.57,38,0.07,0.0,0.0,0.0
2025-02-25T03:00,-13.5,70,1007.3,0,0.30,360,0.06,0.0,0.0,0.0
2025-02-25T04:00,-13.5,77,1006.7,0,0.52,343,0.05,0.0,0.0,0.0
2025-02-25T05:00,-14.0,79,1006.8,0,0.56,350,0.04,0.0,0.0,0.0
2025-02-25T06:00,-14.5,81,1006.4,0,0.52,343,0.04,0.0,0.0,0.0
2025-02-25T07:00,-15.1,82,1006.2,0,0.74,318,0.03,0.0,0.0,0.0
2025-02-25T08:00,-15.2,82,1005.9,0,0.74,312,0.03,6.0,2.0,4.0
2025-02-25T09:00,-13.3,77,1005.8,0,0.43,324,0.05,95.0,60.0,35.0
2025-02-25T10:00,-10.9,68,1006.1,0,0.86,324,0.09,227.0,169.0,58.0
2025-02-25T11:00,-8.8,65,1006.2,0,0.10,270,0.11,341.0,271.0,70.0
2025-02-25T12:00,-6.9,60,1005.9,0,0.38,293,0.15,419.0,343.0,76.0
2025-02-25T13:00,-5.2,54,1005.6,0,0.65,302,0.19,451.0,371.0,80.0
2025-02-25T14:00,-4.0,48,1004.9,22,0.86,306,0.24,436.0,357.0,79.0
2025-02-25T15:00,-3.2,45,1004.3,2,0.85,310,0.27,376.0,303.0,73.0
2025-02-25T16:00,-2.0,46,1003.9,0,0.47,328,0.28,276.0,214.0,62.0
2025-02-25T17:00,-3.2,34,1003.5,0,0.11,243,0.32,150.0,105.0,45.0
2025-02-25T18:00,-5.5,35,1003.1,2,0.21,225,0.27,31.0,17.0,14.0
2025-02-25T19:00,-6.5,38,1002.9,6,0.41,256,0.24,0.0,0.0,0.0
2025-02-25T20:00,-7.7,40,1002.7,0,0.61,305,0.21,0.0,0.0,0.0
2025-02-25T21:00,-8.8,44,1002.7,4,0.78,345,0.18,0.0,0.0,0.0
2025-02-25T22:00,-9.6,49,1002.7,31,0.76,23,0.15,0.0,0.0,0.0
2025-02-25T23:00,-10.0,52,1002.9,89,0.78,63,0.14,0.0,0.0,0.0
2025-02-26T00:00,-10.4,53,1002.9,32,0.90,93,0.13,0.0,0.0,0.0
2025-02-26T01:00,-10.5,55,1002.9,98,1.41,113,0.12,0.0,0.0,0.0
2025-02-26T02:00,-9.1,58,1003.1,100,1.27,132,0.13,0.0,0.0,0.0
2025-02-26T03:00,-9.2,58,1003.2,97,1.29,144,0.13,0.0,0.0,0.0
2025-02-26T04:00,-10.0,61,1003.1,84,1.23,153,0.11,0.0,0.0,0.0
2025-02-26T05:00,-9.6,63,1003.5,100,1.42,148,0.11,0.0,0.0,0.0
2025-02-26T06:00,-8.7,67,1003.7,93,1.30,157,0.11,0.0,0.0,0.0
2025-02-26T07:00,-9.4,69,1003.8,36,1.17,160,0.09,0.0,0.0,0.0
2025-02-26T08:00,-10.5,75,1004.3,92,1.42,141,0.07,7.0,2.0,5.0
2025-02-26T09:00,-7.7,76,1004.9,14,1.52,139,0.08,69.0,22.0,47.0
2025-02-26T10:00,-6.6,74,1005.4,13,1.14,157,0.10,215.0,150.0,65.0
2025-02-26T11:00,-5.1,72,1005.7,0,0.92,151,0.12,313.0,217.0,96.0
2025-02-26T12:00,-3.7,68,1005.9,0,1.01,153,0.15,404.0,326.0,78.0
2025-02-26T13:00,-2.6,64,1005.7,0,1.27,154,0.18,438.0,357.0,81.0
2025-02-26T14:00,-2.0,63,1005.9,0,1.45,153,0.20,424.0,345.0,79.0
2025-02-26T15:00,-1.6,62,1005.8,0,1.46,158,0.21,367.0,292.0,75.0
2025-02-26T16:00,-1.2,57,1006.0,0,1.24,166,0.24,272.0,208.0,64.0
2025-02-26T17:00,-2.7,63,1006.0,0,0.99,150,0.19,150.0,103.0,47.0
2025-02-26T18:00,-4.8,62,1006.1,0,1.10,156,0.16,33.0,18.0,15.0
2025-02-26T19:00,-5.8,65,1006.4,0,1.45,180,0.14,0.0,0.0,0.0
2025-02-26T20:00,-6.1,67,1006.4,0,1.68,203,0.13,0.0,0.0,0.0
2025-02-26T21:00,-6.5,70,1006.4,0,1.67,219,0.11,0.0,0.0,0.0
2025-02-26T22:00,-7.6,75,1007.1,0,1.57,217,0.09,0.0,0.0,0.0
2025-02-26T23:00,-8.2,78,1007.4,0,1.58,235,0.07,0.0,0.0,0.0
2025-02-27T00:00,-8.9,81,1007.8,0,1.44,236,0.06,0.0,0.0,0.0
2025-02-27T01:00,-9.4,82,1007.7,0,1.52,243,0.05,0.0,0.0,0.0
2025-02-27T02:00,-9.7,83,1007.7,0,1.60,256,0.05,0.0,0.0,0.0
2025-02-27T03:00,-9.8,82,1007.6,0,1.61,263,0.05,0.0,0.0,0.0
2025-02-27T04:00,-10.5,88,1007.1,0,1.46,262,0.03,0.0,0.0,0.0
2025-02-27T05:00,-10.9,88,1007.2,0,1.51,262,0.03,0.0,0.0,0.0
2025-02-27T06:00,-11.2,87,1007.3,0,1.46,262,0.03,0.0,0.0,0.0
2025-02-27T07:00,-11.7,87,1007.3,0,1.42,260,0.03,0.0,0.0,0.0
2025-02-27T08:00,-11.4,86,1007.5,0,1.41,262,0.04,9.0,3.0,6.0
2025-02-27T09:00,-9.4,82,1007.8,0,1.42,260,0.05,101.0,64.0,37.0
2025-02-27T10:00,-7.7,77,1007.9,0,1.05,267,0.08,230.0,172.0,58.0
2025-02-27T11:00,-5.5,72,1008.2,1,0.67,257,0.11,341.0,272.0,69.0
2025-02-27T12:00,-3.3,65,1008.3,5,0.82,256,0.17,418.0,342.0,76.0
2025-02-27T13:00,-1.2,55,1007.9,9,0.93,254,0.25,452.0,373.0,79.0
2025-02-27T14:00,0.0,47,1007.7,12,0.87,257,0.33,438.0,360.0,78.0
2025-02-27T15:00,0.6,45,1007.3,0,0.91,264,0.35,379.0,306.0,73.0
2025-02-27T16:00,0.8,43,1006.9,0,0.90,267,0.37,283.0,219.0,64.0
2025-02-27T17:00,-0.8,42,1006.6,0,0.54,236,0.34,159.0,111.0,48.0
2025-02-27T18:00,-3.1,42,1006.3,0,1.10,246,0.28,37.0,21.0,16.0
2025-02-27T19:00,-4.0,46,1006.3,0,1.52,261,0.24,0.0,0.0,0.0
2025-02-27T20:00,-5.1,50,1006.6,0,1.37,260,0.21,0.0,0.0,0.0
2025-02-27T21:00,-6.1,54,1006.9,0,1.32,261,0.18,0.0,0.0,0.0
2025-02-27T22:00,-7.0,58,1006.9,0,1.10,273,0.15,0.0,0.0,0.0
2025-02-27T23:00,-7.9,62,1006.9,0,1.00,270,0.13,0.0,0.0,0.0
2025-02-28T00:00,-8.9,66,1006.9,0,1.10,273,0.11,0.0,0.0,0.0
2025-02-28T01:00,-9.3,68,1006.7,0,0.76,278,0.10,0.0,0.0,0.0
2025-02-28T02:00,-9.9,70,1006.9,0,0.45,243,0.09,0.0,0.0,0.0
2025-02-28T03:00,-10.5,72,1007.0,0,0.56,243,0.08,0.0,0.0,0.0
2025-02-28T04:00,-10.7,74,1006.9,0,0.90,267,0.07,0.0,0.0,0.0
2025-02-28T05:00,-11.0,75,1007.1,0,0.59,250,0.07,0.0,0.0,0.0
2025-02-28T06:00,-11.3,76,1007.3,0,0.49,225,0.06,0.0,0.0,0.0
2025-02-28T07:00,-11.5,76,1007.2,0,0.69,240,0.06,0.0,0.0,0.0
2025-02-28T08:00,-11.1,75,1007.5,0,0.64,231,0.07,11.0,5.0,6.0
2025-02-28T09:00,-8.4,72,1007.4,0,1.10,204,0.09,108.0,70.0,38.0
2025-02-28T10:00,-5.0,63,1007.6,0,1.70,194,0.16,237.0,178.0,59.0
2025-02-28T11:00,-2.5,60,1007.9,0,0.85,201,0.20,348.0,278.0,70.0
2025-02-28T12:00,-0.4,56,1007.9,0,0.97,192,0.26,424.0,346.0,78.0
2025-02-28T13:00,1.2,54,1007.9,0,1.17,200,0.31,455.0,375.0,80.0
2025-02-28T14:00,2.0,52,1007.5,4,1.23,207,0.34,441.0,363.0,78.0
2025-02-28T15:00,2.5,50,1007.3,53,1.19,208,0.36,381.0,308.0,73.0
2025-02-28T16:00,3.3,35,1007.3,35,1.52,189,0.51,283.0,220.0,63.0
2025-02-28T17:00,2.5,40,1007.2,95,1.30,178,0.44,155.0,101.0,54.0
2025-02-28T18:00,1.3,42,1007.3,98,1.74,198,0.39,37.0,16.0,21.0
2025-02-28T19:00,0.5,44,1007.4,100,2.26,223,0.36,0.0,0.0,0.0
2025-02-28T20:00,-0.1,47,1007.5,100,2.27,229,0.33,0.0,0.0,0.0
2025-02-28T21:00,-0.5,51,1007.3,100,2.41,220,0.29,0.0,0.0,0.0
2025-02-28T22:00,-1.2,58,1007.6,100,2.35,218,0.24,0.0,0.0,0.0
2025-02-28T23:00,-1.8,66,1007.6,96,2.32,217,0.18,0.0,0.0,0.0
2025-03-01T00:00,-2.5,71,1007.4,91,2.28,218,0.15,0.0,0.0,0.0
2025-03-01T01:00,-3.1,76,1007.3,32,2.30,221,0.12,0.0,0.0,0.0
2025-03-01T02:00,-3.7,79,1007.2,9,2.45,219,0.10,0.0,0.0,0.0
2025-03-01T03:00,-4.2,82,1007.1,10,2.41,220,0.08,0.0,0.0,0.0
2025-03-01T04:00,-3.3,77,1007.1,57,2.35,218,0.11,0.0,0.0,0.0
2025-03-01T05:00,-3.2,79,1007.1,100,2.23,226,0.10,0.0,0.0,0.0
2025-03-01T06:00,-3.0,80,1007.1,100,2.23,222,0.10,0.0,0.0,0.0
2025-03-01T07:00,-2.9,81,1006.9,100,2.26,225,0.09,0.0,0.0,0.0
2025-03-01T08:00,-2.5,80,1007.0,99,2.19,223,0.10,5.0,0.0,5.0
2025-03-01T09:00,-2.2,79,1006.9,97,2.00,217,0.11,46.0,0.0,46.0
2025-03-01T10:00,-1.4,75,1007.0,100,1.81,219,0.14,163.0,59.0,104.0
2025-03-01T11:00,0.0,70,1006.9,100,1.81,219,0.18,257.0,98.0,159.0
2025-03-01T12:00,1.2,65,1007.0,100,2.33,223,0.23,317.0,151.0,166.0
2025-03-01T13:00,1.7,62,1006.6,100,2.23,226,0.26,215.0,13.0,202.0
2025-03-01T14:00,2.5,57,1006.1,100,2.09,226,0.32,254.0,92.0,162.0
2025-03-01T15:00,3.2,54,1005.7,100,2.06,219,0.35,295.0,131.0,164.0
2025-03-01T16:00,3.3,54,1005.6,100,1.72,206,0.36,194.0,46.0,148.0
2025-03-01T17:00,2.3,59,1005.4,100,2.21,205,0.30,100.0,8.0,92.0
2025-03-01T18:00,1.1,60,1005.5,100,2.53,218,0.27,25.0,0.0,25.0
2025-03-01T19:00,0.4,60,1005.4,100,2.30,221,0.25,0.0,0.0,0.0
2025-03-01T20:00,0.1,60,1005.2,100,2.51,223,0.25,0.0,0.0,0.0
2025-03-01T21:00,-0.2,65,1004.9,100,2.65,227,0.21,0.0,0.0,0.0
2025-03-01T22:00,-0.6,70,1004.5,100,2.48,227,0.18,0.0,0.0,0.0
2025-03-01T23:00,-1.1,72,1004.3,98,2.23,222,0.16,0.0,0.0,0.0
2025-03-02T00:00,-1.4,73,1004.0,96,2.27,221,0.15,0.0,0.0,0.0
2025-03-02T01:00,-1.9,75,1003.6,100,2.23,226,0.14,0.0,0.0,0.0
2025-03-02T02:00,-2.3,78,1003.4,97,2.09,230,0.12,0.0,0.0,0.0
2025-03-02T03:00,-2.6,80,1003.0,95,1.95,228,0.10,0.0,0.0,0.0
2025-03-02T04:00,-2.4,81,1002.9,100,1.76,235,0.10,0.0,0.0,0.0
2025-03-02T05:00,-2.6,85,1002.5,100,1.48,237,0.08,0.0,0.0,0.0
2025-03-02T06:00,-2.3,87,1002.0,100,1.43,216,0.07,0.0,0.0,0.0
2025-03-02T07:00,-2.2,89,1001.5,100,1.57,211,0.06,0.0,0.0,0.0
2025-03-02T08:00,-2.0,91,1001.3,100,1.72,210,0.05,7.0,0.0,7.0
2025-03-02T09:00,-1.4,89,1001.1,100,1.91,223,0.06,55.0,0.0,55.0
2025-03-02T10:00,-0.6,85,1000.9,100,2.00,238,0.09,143.0,19.0,124.0
2025-03-02T11:00,0.3,79,1000.5,100,2.06,241,0.13,194.0,18.0,176.0
2025-03-02T12:00,0.7,75,1000.1,100,1.95,241,0.16,196.0,13.0,183.0
2025-03-02T13:00,1.0,73,999.7,100,1.88,241,0.18,198.0,18.0,180.0
2025-03-02T14:00,1.2,72,999.1,100,1.77,254,0.19,180.0,5.0,175.0
2025-03-02T15:00,1.3,73,998.9,100,1.58,259,0.18,152.0,7.0,145.0
2025-03-02T16:00,0.3,76,998.7,100,1.65,267,0.15,130.0,10.0,120.0
2025-03-02T17:00,0.0,79,998.2,100,0.96,276,0.13,57.0,0.0,57.0
2025-03-02T18:00,-0.5,84,997.8,100,0.69,240,0.10,16.0,0.0,16.0
2025-03-02T19:00,-1.0,83,997.3,100,0.96,227,0.10,0.0,0.0,0.0
2025-03-02T20:00,-2.8,85,996.7,100,1.36,242,0.07,0.0,0.0,0.0
2025-03-02T21:00,-2.6,86,996.2,100,1.39,249,0.07,0.0,0.0,0.0
2025-03-02T22:00,-1.6,88,996.0,100,1.82,254,0.07,0.0,0.0,0.0
2025-03-02T23:00,-1.6,89,995.6,100,1.79,240,0.06,0.0,0.0,0.0
2025-03-03T00:00,-1.5,90,995.0,100,1.86,234,0.05,0.0,0.0,0.0
2025-03-03T01:00,-1.2,90,994.5,100,2.01,243,0.06,0.0,0.0,0.0
2025-03-03T02:00,-1.3,91,994.1,100,1.77,245,0.05,0.0,0.0,0.0
2025-03-03T03:00,-1.4,92,993.4,98,1.45,226,0.04,0.0,0.0,0.0
2025-03-03T04:00,-1.7,93,992.8,100,1.52,221,0.04,0.0,0.0,0.0
2025-03-03T05:00,-1.2,93,992.2,100,1.79,216,0.04,0.0,0.0,0.0
2025-03-03T06:00,-0.8,93,991.7,100,2.12,227,0.04,0.0,0.0,0.0
2025-03-03T07:00,-0.8,91,991.5,100,2.30,228,0.05,0.0,0.0,0.0
2025-03-03T08:00,-0.8,91,990.9,100,2.36,216,0.05,6.0,0.0,6.0
2025-03-03T09:00,-0.5,90,990.6,100,2.23,220,0.06,43.0,5.0,38.0
2025-03-03T10:00,-0.2,89,990.3,100,2.27,213,0.06,55.0,0.0,55.0
2025-03-03T11:00,0.4,85,990.2,100,3.41,235,0.10,175.0,19.0,156.0
2025-03-03T12:00,0.6,84,989.7,100,2.62,230,0.10,167.0,11.0,156.0
2025-03-03T13:00,1.0,79,989.2,100,2.17,218,0.14,238.0,19.0,219.0
2025-03-03T14:00,0.9,84,989.0,100,1.89,217,0.11,114.0,1.0,113.0
2025-03-03T15:00,0.9,88,988.8,100,1.95,230,0.08,100.0,0.0,100.0
2025-03-03T16:00,1.1,82,988.9,100,1.78,281,0.12,124.0,5.0,119.0
2025-03-03T17:00,1.0,85,988.6,100,1.05,267,0.10,67.0,0.0,67.0
2025-03-03T18:00,0.6,86,988.5,100,1.29,234,0.09,27.0,3.0,24.0
2025-03-03T19:00,0.5,86,988.4,98,2.06,247,0.09,0.0,0.0,0.0
2025-03-03T20:00,-0.3,87,988.0,94,1.97,246,0.08,0.0,0.0,0.0
2025-03-03T21:00,-1.4,89,987.6,97,1.98,229,0.06,0.0,0.0,0.0
2025-03-03T22:00,-1.5,89,987.4,100,2.26,225,0.06,0.0,0.0,0.0
2025-03-03T23:00,-1.1,89,986.7,100,2.31,219,0.06,0.0,0.0,0.0
2025-03-04T00:00,-1.1,91,985.6,100,2.36,201,0.05,0.0,0.0,0.0
2025-03-04T01:00,-0.9,94,984.6,100,2.46,193,0.04,0.0,0.0,0.0
2025-03-04T02:00,-0.5,95,983.8,100,2.46,204,0.03,0.0,0.0,0.0
2025-03-04T03:00,0.1,95,983.3,100,2.48,230,0.03,0.0,0.0,0.0
2025-03-04T04:00,0.6,94,983.0,100,2.86,258,0.04,0.0,0.0,0.0
2025-03-04T05:00,0.7,94,982.7,100,3.01,259,0.04,0.0,0.0,0.0
2025-03-04T06:00,0.8,94,982.8,100,3.04,261,0.04,0.0,0.0,0.0
2025-03-04T07:00,0.7,95,982.3,100,2.79,255,0.03,0.0,0.0,0.0
2025-03-04T08:00,0.8,95,982.3,100,3.16,259,0.03,4.0,0.0,4.0
2025-03-04T09:00,1.1,94,982.5,100,3.60,268,0.04,23.0,0.0,23.0
2025-03-04T10:00,1.5,92,982.3,100,3.35,273,0.05,61.0,0.0,61.0
2025-03-04T11:00,2.0,90,982.6,100,3.52,277,0.07,131.0,1.0,130.0
2025-03-04T12:00,2.4,89,982.1,100,2.77,264,0.08,193.0,9.0,184.0
2025-03-04T13:00,2.7,89,982.0,100,3.23,257,0.08,194.0,2.0,192.0
2025-03-04T14:00,2.8,89,981.1,100,3.09,256,0.08,213.0,15.0,198.0
2025-03-04T15:00,2.8,88,981.2,100,3.70,257,0.09,162.0,12.0,150.0
2025-03-04T16:00,3.1,80,980.3,100,3.21,249,0.15,149.0,12.0,137.0
2025-03-04T17:00,2.7,84,980.4,100,3.89,254,0.12,80.0,5.0,75.0
2025-03-04T18:00,1.7,91,979.6,100,3.60,246,0.06,12.0,0.0,12.0
2025-03-04T19:00,1.4,94,979.0,100,4.30,245,0.04,0.0,0.0,0.0
2025-03-04T20:00,1.7,92,978.5,100,4.46,252,0.05,0.0,0.0,0.0
2025-03-04T21:00,1.4,95,977.6,100,3.88,248,0.04,0.0,0.0,0.0
2025-03-04T22:00,0.8,95,976.8,100,3.96,249,0.03,0.0,0.0,0.0
2025-03-04T23:00,0.8,97,976.4,100,4.65,270,0.02,0.0,0.0,0.0
2025-03-05T00:00,0.9,94,976.9,100,4.63,296,0.04,0.0,0.0,0.0
2025-03-05T01:00,0.7,92,977.4,100,5.07,301,0.05,0.0,0.0,0.0
2025-03-05T02:00,0.5,89,978.2,100,5.12,304,0.07,0.0,0.0,0.0
2025-03-05T03:00,-0.1,87,979.1,100,4.84,300,0.08,0.0,0.0,0.0
2025-03-05T04:00,0.2,80,979.4,96,5.13,294,0.13,0.0,0.0,0.0
2025-03-05T05:00,0.2,77,980.3,100,5.68,298,0.14,0.0,0.0,0.0
2025-03-05T06:00,0.0,77,981.3,100,6.20,302,0.14,0.0,0.0,0.0
2025-03-05T07:00,0.1,78,982.2,100,5.84,308,0.14,0.0,0.0,0.0
2025-03-05T08:00,0.1,78,983.3,100,5.19,309,0.13,13.0,0.0,13.0
2025-03-05T09:00,0.4,77,984.6,100,5.02,300,0.15,87.0,19.0,68.0
2025-03-05T10:00,0.8,73,985.6,100,5.53,311,0.17,122.0,7.0,115.0
2025-03-05T11:00,1.5,70,985.9,100,4.84,305,0.20,260.0,96.0,164.0
2025-03-05T12:00,2.2,67,986.1,100,5.06,295,0.23,351.0,184.0,167.0
2025-03-05T13:00,2.4,68,986.2,100,4.20,285,0.23,245.0,26.0,219.0
2025-03-05T14:00,2.8,65,986.0,100,4.03,276,0.26,257.0,32.0,225.0
2025-03-05T15:00,3.4,61,985.6,100,3.00,267,0.30,273.0,75.0,198.0
2025-03-05T16:00,2.9,63,984.6,100,2.73,229,0.28,223.0,67.0,156.0
2025-03-05T17:00,2.5,67,984.3,100,2.93,226,0.25,162.0,86.0,76.0
2025-03-05T18:00,1.9,70,983.6,100,3.36,226,0.21,30.0,0.0,30.0
2025-03-05T19:00,1.6,76,982.7,100,3.62,215,0.17,0.0,0.0,0.0
2025-03-05T20:00,1.3,84,981.6,100,3.94,213,0.11,0.0,0.0,0.0
2025-03-05T21:00,1.2,91,980.4,100,3.98,220,0.06,0.0,0.0,0.0
2025-03-05T22:00,1.1,95,979.4,100,4.05,230,0.03,0.0,0.0,0.0
2025-03-05T23:00,1.1,97,978.7,100,4.28,247,0.02,0.0,0.0,0.0
2025-03-06T00:00,1.7,96,978.1,100,4.87,265,0.03,0.0,0.0,0.0
2025-03-06T01:00,2.4,93,978.3,100,5.27,279,0.05,0.0,0.0,0.0
2025-03-06T02:00,2.9,92,978.7,100,5.38,288,0.06,0.0,0.0,0.0
2025-03-06T03:00,3.2,92,979.4,100,5.08,291,0.06,0.0,0.0,0.0
2025-03-06T04:00,3.2,93,979.8,100,4.30,288,0.05,0.0,0.0,0.0
2025-03-06T05:00,3.1,94,980.3,100,4.27,280,0.05,0.0,0.0,0.0
2025-03-06T06:00,3.3,94,980.8,100,4.45,282,0.05,0.0,0.0,0.0
2025-03-06T07:00,3.4,93,981.4,100,4.93,276,0.05,0.0,0.0,0.0
2025-03-06T08:00,3.7,92,981.5,100,4.76,274,0.06,5.0,0.0,5.0
2025-03-06T09:00,4.2,91,982.0,100,4.77,275,0.07,31.0,0.0,31.0
2025-03-06T10:00,4.5,89,982.4,100,4.36,274,0.09,65.0,4.0,61.0
2025-03-06T11:00,5.1,88,983.0,100,3.60,268,0.10,157.0,6.0,151.0
2025-03-06T12:00,4.6,90,983.1,100,3.70,268,0.08,65.0,0.0,65.0
2025-03-06T13:00,4.4,92,983.5,100,3.56,259,0.06,66.0,0.0,66.0
2025-03-06T14:00,4.4,93,983.3,100,3.61,256,0.06,71.0,1.0,70.0
2025-03-06T15:00,4.3,93,983.2,100,3.52,255,0.06,46.0,0.0,46.0
2025-03-06T16:00,5.1,93,982.4,100,4.19,253,0.06,49.0,2.0,47.0
2025-03-06T17:00,5.1,93,982.5,100,4.57,260,0.06,22.0,0.0,22.0
2025-03-06T18:00,5.2,94,982.4,100,4.90,262,0.05,8.0,0.0,8.0
2025-03-06T19:00,5.6,93,982.5,100,5.17,265,0.06,0.0,0.0,0.0
2025-03-06T20:00,5.8,93,982.4,100,5.02,265,0.07,0.0,0.0,0.0
2025-03-06T21:00,6.3,92,982.4,100,5.25,269,0.08,0.0,0.0,0.0
2025-03-06T22:00,7.2,89,982.3,100,5.52,275,0.11,0.0,0.0,0.0
2025-03-06T23:00,7.4,88,982.3,100,5.30,272,0.12,0.0,0.0,0.0
2025-03-07T00:00,7.8,87,982.6,100,5.52,279,0.14,0.0,0.0,0.0
2025-03-07T01:00,8.2,84,983.3,100,5.50,287,0.17,0.0,0.0,0.0
2025-03-07T02:00,8.2,82,984.1,100,5.33,289,0.20,0.0,0.0,0.0
2025-03-07T03:00,8.1,81,984.7,100,5.10,286,0.21,0.0,0.0,0.0
2025-03-07T04:00,8.1,75,985.4,100,4.85,289,0.27,0.0,0.0,0.0
2025-03-07T05:00,7.9,77,985.8,100,4.71,282,0.24,0.0,0.0,0.0
2025-03-07T06:00,7.8,78,986.5,69,5.12,282,0.23,0.0,0.0,0.0
2025-03-07T07:00,7.2,78,987.0,75,5.18,283,0.22,0.0,0.0,0.0
2025-03-07T08:00,6.9,78,987.7,84,4.96,282,0.22,26.0,10.0,16.0
2025-03-07T09:00,7.2,77,988.5,93,4.98,280,0.23,121.0,55.0,66.0
2025-03-07T10:00,7.8,77,989.3,90,4.16,275,0.24,220.0,105.0,115.0
2025-03-07T11:00,8.5,70,990.0,97,6.16,293,0.33,314.0,171.0,143.0
2025-03-07T12:00,8.6,67,990.6,96,5.55,302,0.37,281.0,99.0,182.0
2025-03-07T13:00,8.8,63,991.5,100,5.38,308,0.42,233.0,57.0,176.0
2025-03-07T14:00,8.6,65,992.4,100,4.77,305,0.39,164.0,31.0,133.0
2025-03-07T15:00,8.1,65,993.5,98,4.81,303,0.37,151.0,20.0,131.0
2025-03-07T16:00,8.4,56,994.2,96,4.96,304,0.48,246.0,119.0,127.0
2025-03-07T17:00,7.8,58,995.1,36,4.24,308,0.45,131.0,48.0,83.0
2025-03-07T18:00,6.8,62,995.9,59,3.96,315,0.37,59.0,28.0,31.0
2025-03-07T19:00,5.8,65,997.0,12,3.55,320,0.32,1.0,0.0,1.0
2025-03-07T20:00,4.6,69,998.0,8,2.98,325,0.26,0.0,0.0,0.0
2025-03-07T21:00,3.5,73,998.9,36,2.70,326,0.21,0.0,0.0,0.0
2025-03-07T22:00,2.5,77,999.7,18,2.29,328,0.17,0.0,0.0,0.0
2025-03-07T23:00,1.6,79,1000.3,0,1.88,335,0.15,0.0,0.0,0.0
2025-03-08T00:00,0.8,81,1000.7,0,1.50,339,0.12,0.0,0.0,0.0
2025-03-08T01:00,0.3,83,1001.1,0,1.24,320,0.11,0.0,0.0,0.0
2025-03-08T02:00,-0.4,86,1001.8,4,0.94,302,0.09,0.0,0.0,0.0
2025-03-08T03:00,-0.8,87,1002.1,0,1.32,281,0.07,0.0,0.0,0.0
2025-03-08T04:00,-0.8,90,1002.1,0,1.24,256,0.06,0.0,0.0,0.0
2025-03-08T05:00,-1.0,91,1002.4,0,1.44,250,0.05,0.0,0.0,0.0
2025-03-08T06:00,-1.2,91,1002.6,0,1.41,247,0.05,0.0,0.0,0.0
2025-03-08T07:00,-1.3,91,1002.7,0,1.30,242,0.05,0.0,0.0,0.0
2025-03-08T08:00,-1.0,89,1002.7,0,1.53,238,0.06,31.0,16.0,15.0
2025-03-08T09:00,0.3,86,1002.8,0,1.30,212,0.09,147.0,99.0,48.0
2025-03-08T10:00,2.3,80,1002.9,0,0.76,212,0.14,276.0,210.0,66.0
2025-03-08T11:00,4.2,75,1003.0,0,1.01,207,0.21,383.0,307.0,76.0
2025-03-08T12:00,5.9,70,1002.5,0,1.39,210,0.28,456.0,375.0,81.0
2025-03-08T13:00,7.4,63,1001.9,0,1.85,218,0.38,486.0,403.0,83.0
2025-03-08T14:00,8.5,56,1001.1,0,2.16,220,0.49,470.0,388.0,82.0
2025-03-08T15:00,9.2,54,1000.3,0,2.39,217,0.54,411.0,334.0,77.0
2025-03-08T16:00,9.6,48,999.7,0,2.26,205,0.62,317.0,248.0,69.0
2025-03-08T17:00,9.1,53,999.0,0,2.48,199,0.54,194.0,139.0,55.0
2025-03-08T18:00,7.9,58,998.5,0,2.95,206,0.45,68.0,38.0,30.0
2025-03-08T19:00,6.8,61,998.1,94,3.28,211,0.38,2.0,0.0,2.0
2025-03-08T20:00,6.1,64,997.5,14,3.54,216,0.34,0.0,0.0,0.0
2025-03-08T21:00,5.6,66,997.1,79,3.64,223,0.30,0.0,0.0,0.0
2025-03-08T22:00,5.1,70,996.8,56,3.49,241,0.27,0.0,0.0,0.0
2025-03-08T23:00,4.5,76,996.4,26,3.67,244,0.20,0.0,0.0,0.0
2025-03-09T00:00,4.1,83,996.2,6,3.67,253,0.14,0.0,0.0,0.0
2025-03-09T01:00,3.9,86,996.1,5,3.63,258,0.11,0.0,0.0,0.0
2025-03-09T02:00,3.5,88,995.9,5,3.56,259,0.09,0.0,0.0,0.0
2025-03-09T03:00,3.0,89,995.8,89,3.50,268,0.09,0.0,0.0,0.0
2025-03-09T04:00,4.0,78,995.6,6,3.10,269,0.18,0.0,0.0,0.0
2025-03-09T05:00,3.6,79,995.6,74,3.15,267,0.17,0.0,0.0,0.0
2025-03-09T06:00,3.1,81,995.6,95,3.00,268,0.15,0.0,0.0,0.0
2025-03-09T07:00,2.5,83,995.8,51,3.02,263,0.12,0.0,0.0,0.0
2025-03-09T08:00,2.3,84,996.1,13,2.90,271,0.11,34.0,16.0,18.0
2025-03-09T09:00,3.2,84,996.2,3,2.63,261,0.12,156.0,106.0,50.0
2025-03-09T10:00,4.6,80,996.6,5,2.46,264,0.17,287.0,221.0,66.0
2025-03-09T11:00,6.3,73,996.6,5,2.57,277,0.26,397.0,322.0,75.0
2025-03-09T12:00,7.8,64,996.6,35,2.68,279,0.38,470.0,390.0,80.0
2025-03-09T13:00,9.0,52,996.3,3,2.73,284,0.55,496.0,405.0,91.0
2025-03-09T14:00,9.7,41,996.2,9,2.88,290,0.71,483.0,398.0,85.0
2025-03-09T15:00,10.1,36,996.2,37,2.96,289,0.79,424.0,346.0,78.0
2025-03-09T16:00,10.9,31,995.9,0,2.74,285,0.90,328.0,259.0,69.0
2025-03-09T17:00,10.2,35,996.0,0,2.59,280,0.81,203.0,147.0,56.0
2025-03-09T18:00,8.6,40,996.0,2,2.52,277,0.68,73.0,42.0,31.0
2025-03-09T19:00,7.2,44,996.4,5,2.70,273,0.57,2.0,0.0,2.0
2025-03-09T20:00,6.0,49,996.8,30,2.64,289,0.48,0.0,0.0,0.0
2025-03-09T21:00,4.8,53,997.4,97,2.40,301,0.41,0.0,0.0,0.0
2025-03-09T22:00,4.0,55,997.8,23,2.19,317,0.36,0.0,0.0,0.0
2025-03-09T23:00,3.2,58,997.9,7,1.79,333,0.32,0.0,0.0,0.0
2025-03-10T00:00,2.4,61,998.2,2,1.36,343,0.28,0.0,0.0,0.0
2025-03-10T01:00,1.7,64,998.4,0,1.41,354,0.25,0.0,0.0,0.0
2025-03-10T02:00,1.3,65,998.8,1,1.63,18,0.24,0.0,0.0,0.0
2025-03-10T03:00,0.3,73,999.0,12,1.03,43,0.17,0.0,0.0,0.0
2025-03-10T04:00,0.8,71,998.7,3,1.06,41,0.19,0.0,0.0,0.0
2025-03-10T05:00,0.4,73,998.8,65,1.22,55,0.17,0.0,0.0,0.0
2025-03-10T06:00,0.2,73,999.1,96,1.43,78,0.17,0.0,0.0,0.0
2025-03-10T07:00,0.0,72,999.3,97,1.91,85,0.17,0.0,0.0,0.0
2025-03-10T08:00,0.3,71,999.4,100,2.17,98,0.18,37.0,15.0,22.0
2025-03-10T09:00,1.3,70,999.4,100,2.23,106,0.20,130.0,45.0,85.0
2025-03-10T10:00,2.4,68,999.5,100,1.60,104,0.23,222.0,74.0,148.0
2025-03-10T11:00,3.9,64,999.3,100,1.87,106,0.29,344.0,189.0,155.0
2025-03-10T12:00,5.3,59,998.9,100,2.10,108,0.36,408.0,222.0,186.0
2025-03-10T13:00,6.1,56,998.3,100,2.37,108,0.42,328.0,92.0,236.0
2025-03-10T14:00,6.5,54,997.6,100,2.45,107,0.45,199.0,7.0,192.0
2025-03-10T15:00,7.4,50,997.0,100,2.79,111,0.51,276.0,62.0,214.0
2025-03-10T16:00,9.0,45,995.9,100,2.64,117,0.63,253.0,99.0,154.0
2025-03-10T17:00,8.5,48,995.4,100,2.83,122,0.58,137.0,20.0,117.0
2025-03-10T18:00,7.7,50,995.0,100,3.22,123,0.52,46.0,2.0,44.0
2025-03-10T19:00,7.0,53,994.5,100,3.38,124,0.48,2.0,0.0,2.0
2025-03-10T20:00,6.4,56,994.0,100,3.33,126,0.43,0.0,0.0,0.0
2025-03-10T21:00,5.8,59,993.5,100,3.29,133,0.38,0.0,0.0,0.0
2025-03-10T22:00,5.4,62,992.9,100,3.19,140,0.34,0.0,0.0,0.0
2025-03-10T23:00,5.2,66,992.3,100,2.95,146,0.30,0.0,0.0,0.0
2025-03-11T00:00,5.0,70,991.7,100,2.71,155,0.26,0.0,0.0,0.0
2025-03-11T01:00,4.8,73,990.8,100,2.64,161,0.23,0.0,0.0,0.0
2025-03-11T02:00,4.7,74,990.4,100,2.85,169,0.23,0.0,0.0,0.0
2025-03-11T03:00,4.7,74,989.9,100,3.01,175,0.22,0.0,0.0,0.0
2025-03-11T04:00,5.3,74,989.0,100,3.06,174,0.23,0.0,0.0,0.0
2025-03-11T05:00,5.0,76,988.4,100,3.30,179,0.21,0.0,0.0,0.0
2025-03-11T06:00,4.6,78,987.9,100,3.35,183,0.19,0.0,0.0,0.0
2025-03-11T07:00,4.0,79,987.5,100,3.41,184,0.17,0.0,0.0,0.0
2025-03-11T08:00,3.9,77,987.2,100,3.51,185,0.18,41.0,17.0,24.0
2025-03-11T09:00,4.7,75,986.7,100,3.00,183,0.22,155.0,86.0,69.0
2025-03-11T10:00,5.9,72,986.4,100,2.87,174,0.26,277.0,182.0,95.0
2025-03-11T11:00,7.3,67,985.8,100,2.93,172,0.34,379.0,261.0,118.0
2025-03-11T12:00,8.2,65,985.1,100,2.92,167,0.38,313.0,135.0,178.0
2025-03-11T13:00,8.7,65,984.5,100,3.03,167,0.40,205.0,0.0,205.0
2025-03-11T14:00,9.8,63,983.8,99,3.21,169,0.44,349.0,158.0,191.0
2025-03-11T15:00,10.3,64,983.2,100,2.88,172,0.46,299.0,110.0,189.0
2025-03-11T16:00,11.3,61,983.1,100,3.10,182,0.53,177.0,57.0,120.0
2025-03-11T17:00,10.8,63,982.3,100,3.42,173,0.47,62.0,0.0,62.0
2025-03-11T18:00,9.9,67,982.1,100,3.91,184,0.41,40.0,2.0,38.0
2025-03-11T19:00,8.6,74,982.4,100,4.18,191,0.29,1.0,0.0,1.0
2025-03-11T20:00,7.6,77,982.1,100,3.91,199,0.24,0.0,0.0,0.0
2025-03-11T21:00,7.0,77,982.4,100,4.12,204,0.23,0.0,0.0,0.0
2025-03-11T22:00,6.3,78,982.4,100,3.93,211,0.21,0.0,0.0,0.0
2025-03-11T23:00,5.7,80,982.4,100,3.69,213,0.18,0.0,0.0,0.0
2025-03-12T00:00,5.5,82,982.5,100,3.26,220,0.17,0.0,0.0,0.0
2025-03-12T01:00,5.4,84,982.3,100,2.76,222,0.14,0.0,0.0,0.0
2025-03-12T02:00,5.3,85,982.3,100,2.76,215,0.13,0.0,0.0,0.0
2025-03-12T03:00,5.2,87,982.6,100,2.74,218,0.12,0.0,0.0,0.0
2025-03-12T04:00,5.4,87,982.7,100,2.85,218,0.12,0.0,0.0,0.0
2025-03-12T05:00,5.5,89,982.6,84,2.26,225,0.10,0.0,0.0,0.0
2025-03-12T06:00,5.2,91,982.7,98,1.50,233,0.08,0.0,0.0,0.0
2025-03-12T07:00,4.8,93,982.9,100,1.74,198,0.06,0.0,0.0,0.0
2025-03-12T08:00,5.1,93,982.8,100,1.66,196,0.06,33.0,10.0,23.0
2025-03-12T09:00,5.9,91,982.8,100,1.35,184,0.08,88.0,14.0,74.0
2025-03-12T10:00,6.9,89,983.1,100,1.71,195,0.11,162.0,37.0,125.0
2025-03-12T11:00,8.2,86,983.2,100,1.39,206,0.16,224.0,44.0,180.0
2025-03-12T12:00,8.8,84,982.8,100,0.92,151,0.18,202.0,11.0,191.0
2025-03-12T13:00,9.5,83,982.3,100,1.39,120,0.20,288.0,62.0,226.0
2025-03-12T14:00,11.1,77,981.9,100,1.82,159,0.30,447.0,294.0,153.0
2025-03-12T15:00,11.8,73,981.5,100,2.09,169,0.37,278.0,93.0,185.0
2025-03-12T16:00,11.0,74,981.7,100,1.31,133,0.34,111.0,0.0,111.0
2025-03-12T17:00,10.9,76,981.5,100,1.52,134,0.31,98.0,8.0,90.0
2025-03-12T18:00,10.0,81,981.3,100,2.05,137,0.24,24.0,0.0,24.0
2025-03-12T19:00,9.0,86,981.5,100,2.36,144,0.16,1.0,0.0,1.0
2025-03-12T20:00,8.1,92,981.5,100,2.15,149,0.09,0.0,0.0,0.0
2025-03-12T21:00,7.5,95,981.5,100,1.60,176,0.05,0.0,0.0,0.0
2025-03-12T22:00,7.2,95,981.6,100,2.13,221,0.05,0.0,0.0,0.0
2025-03-12T23:00,7.0,96,982.0,100,2.75,254,0.04,0.0,0.0,0.0
2025-03-13T00:00,6.4,96,981.9,100,2.80,259,0.04,0.0,0.0,0.0
2025-03-13T01:00,5.6,96,982.2,100,3.18,254,0.04,0.0,0.0,0.0
2025-03-13T02:00,4.9,97,982.8,100,3.35,253,0.03,0.0,0.0,0.0
2025-03-13T03:00,4.9,96,983.5,71,3.47,255,0.03,0.0,0.0,0.0
2025-03-13T04:00,5.5,96,983.8,1,3.48,254,0.04,0.0,0.0,0.0
2025-03-13T05:00,5.0,95,984.5,90,3.74,254,0.04,0.0,0.0,0.0
2025-03-13T06:00,4.6,96,985.1,5,3.83,258,0.03,0.0,0.0,0.0
2025-03-13T07:00,3.8,97,985.8,100,3.72,264,0.03,0.0,0.0,0.0
2025-03-13T08:00,3.8,97,986.5,100,4.45,268,0.03,31.0,6.0,25.0
2025-03-13T09:00,3.8,95,987.4,100,3.67,265,0.04,70.0,1.0,69.0
2025-03-13T10:00,4.2,93,988.0,100,3.29,261,0.06,130.0,13.0,117.0
2025-03-13T11:00,5.3,86,988.7,100,3.18,257,0.12,220.0,43.0,177.0
2025-03-13T12:00,6.8,79,989.1,100,3.49,246,0.21,344.0,129.0,215.0
2025-03-13T13:00,7.7,77,989.5,100,3.33,237,0.25,318.0,76.0,242.0
2025-03-13T14:00,8.9,73,989.3,90,3.12,230,0.31,362.0,147.0,215.0
2025-03-13T15:00,10.9,62,988.3,21,2.20,231,0.49,369.0,216.0,153.0
2025-03-13T16:00,9.7,73,988.2,100,0.46,131,0.33,138.0,4.0,134.0
2025-03-13T17:00,9.8,76,987.7,100,1.47,125,0.29,113.0,22.0,91.0
2025-03-13T18:00,9.8,79,987.3,100,2.38,158,0.26,34.0,0.0,34.0
2025-03-13T19:00,9.7,79,986.7,100,2.95,156,0.26,3.0,0.0,3.0
2025-03-13T20:00,9.2,80,985.8,100,3.40,150,0.24,0.0,0.0,0.0
2025-03-13T21:00,9.1,78,985.0,100,3.78,154,0.25,0.0,0.0,0.0
2025-03-13T22:00,9.2,77,984.4,100,4.18,159,0.27,0.0,0.0,0.0
2025-03-13T23:00,9.2,77,982.9,100,4.32,153,0.27,0.0,0.0,0.0
2025-03-14T00:00,9.1,77,981.4,100,4.69,146,0.27,0.0,0.0,0.0
2025-03-14T01:00,8.6,81,979.7,100,4.63,145,0.21,0.0,0.0,0.0
2025-03-14T02:00,7.9,90,977.8,100,5.30,142,0.10,0.0,0.0,0.0
2025-03-14T03:00,7.9,95,975.8,100,5.59,151,0.05,0.0,0.0,0.0
2025-03-14T04:00,8.8,94,974.4,100,5.55,166,0.06,0.0,0.0,0.0
2025-03-14T05:00,10.2,94,973.8,100,5.71,194,0.08,0.0,0.0,0.0
2025-03-14T06:00,10.6,94,973.7,100,6.04,202,0.07,0.0,0.0,0.0
2025-03-14T07:00,10.9,94,974.0,100,5.63,200,0.08,0.0,0.0,0.0
2025-03-14T08:00,11.1,92,974.2,100,6.17,201,0.10,12.0,0.0,12.0
2025-03-14T09:00,11.5,89,974.3,100,5.92,200,0.15,61.0,2.0,59.0
2025-03-14T10:00,12.5,79,974.1,34,6.39,203,0.30,147.0,20.0,127.0
2025-03-14T11:00,13.2,72,974.0,75,6.26,207,0.42,329.0,210.0,119.0
2025-03-14T12:00,13.3,71,973.4,79,6.18,209,0.43,317.0,197.0,120.0
2025-03-14T13:00,13.8,65,973.3,46,7.02,211,0.56,389.0,232.0,157.0
2025-03-14T14:00,13.7,60,973.2,100,7.02,218,0.62,327.0,199.0,128.0
2025-03-14T15:00,13.5,54,973.8,97,7.96,227,0.71,330.0,182.0,148.0
2025-03-14T16:00,9.7,76,975.7,99,7.79,241,0.28,116.0,37.0,79.0
2025-03-14T17:00,8.9,66,977.8,100,7.69,249,0.39,98.0,44.0,54.0
2025-03-14T18:00,6.9,67,980.6,100,6.90,263,0.33,19.0,0.0,19.0
2025-03-14T19:00,5.9,70,982.9,100,6.01,262,0.28,3.0,0.0,3.0
2025-03-14T20:00,5.3,72,984.7,100,5.61,259,0.25,0.0,0.0,0.0
2025-03-14T21:00,4.6,75,985.8,100,4.69,259,0.21,0.0,0.0,0.0
2025-03-14T22:00,4.0,74,987.3,96,4.48,263,0.22,0.0,0.0,0.0
2025-03-14T23:00,3.3,70,988.3,16,4.40,269,0.23,0.0,0.0,0.0
2025-03-15T00:00,2.4,70,989.3,91,3.91,274,0.22,0.0,0.0,0.0
2025-03-15T01:00,1.9,71,990.5,50,3.50,272,0.20,0.0,0.0,0.0
2025-03-15T02:00,1.3,73,991.6,60,3.42,276,0.18,0.0,0.0,0.0
2025-03-15T03:00,0.9,75,992.4,97,2.79,285,0.17,0.0,0.0,0.0
2025-03-15T04:00,0.7,69,992.5,76,2.65,272,0.20,0.0,0.0,0.0
2025-03-15T05:00,0.3,72,993.5,97,2.67,291,0.18,0.0,0.0,0.0
2025-03-15T06:00,-0.3,70,994.2,100,3.08,313,0.18,0.0,0.0,0.0
2025-03-15T07:00,-1.4,68,995.0,100,2.80,317,0.18,1.0,0.0,1.0
2025-03-15T08:00,-1.6,65,996.2,100,2.44,313,0.19,48.0,9.0,39.0
2025-03-15T09:00,-1.4,63,997.2,100,2.23,316,0.20,126.0,18.0,108.0
2025-03-15T10:00,-1.0,62,997.9,100,1.77,320,0.21,185.0,26.0,159.0
2025-03-15T11:00,-0.6,60,998.0,100,1.60,321,0.23,220.0,17.0,203.0
2025-03-15T12:00,-0.4,59,998.2,100,1.43,331,0.25,187.0,7.0,180.0
2025-03-15T13:00,0.1,57,998.3,100,1.44,326,0.26,210.0,7.0,203.0
2025-03-15T14:00,0.7,55,998.5,100,1.78,328,0.29,232.0,12.0,220.0
2025-03-15T15:00,2.0,49,998.4,100,2.28,337,0.36,293.0,59.0,234.0
2025-03-15T16:00,1.9,46,998.7,57,2.25,357,0.38,363.0,279.0,84.0
2025-03-15T17:00,2.6,41,998.6,2,1.35,356,0.44,215.0,134.0,81.0
2025-03-15T18:00,2.0,48,998.5,4,1.65,2,0.37,102.0,63.0,39.0
2025-03-15T19:00,0.9,56,998.6,0,2.23,9,0.29,8.0,3.0,5.0
2025-03-15T20:00,0.0,60,998.9,0,1.69,19,0.25,0.0,0.0,0.0
2025-03-15T21:00,-0.5,63,999.0,0,1.35,356,0.22,0.0,0.0,0.0
2025-03-15T22:00,-0.9,66,999.2,0,1.56,354,0.20,0.0,0.0,0.0
2025-03-15T23:00,-1.3,68,999.2,0,1.05,3,0.18,0.0,0.0,0.0
2025-03-16T00:00,-1.6,72,999.0,0,0.18,326,0.15,0.0,0.0,0.0
2025-03-16T01:00,-1.8,71,998.4,0,0.51,191,0.15,0.0,0.0,0.0
2025-03-16T02:00,-1.8,69,998.3,0,0.92,193,0.17,0.0,0.0,0.0
2025-03-16T03:00,-2.1,72,997.9,0,0.58,211,0.15,0.0,0.0,0.0
2025-03-16T04:00,-3.4,84,997.5,0,0.62,194,0.08,0.0,0.0,0.0
2025-03-16T05:00,-3.4,84,997.1,0,1.13,193,0.08,0.0,0.0,0.0
2025-03-16T06:00,-3.6,82,996.5,0,1.53,191,0.09,0.0,0.0,0.0
2025-03-16T07:00,-3.8,78,995.8,0,1.95,193,0.10,1.0,0.0,1.0
2025-03-16T08:00,-3.3,71,995.1,0,2.06,194,0.14,70.0,40.0,30.0
2025-03-16T09:00,-1.8,61,994.5,0,1.60,200,0.21,207.0,149.0,58.0
2025-03-16T10:00,0.2,49,994.0,0,2.17,209,0.32,344.0,272.0,72.0
2025-03-16T11:00,1.6,41,992.9,0,2.55,223,0.41,456.0,376.0,80.0
2025-03-16T12:00,2.6,42,991.9,0,2.52,229,0.43,531.0,446.0,85.0
2025-03-16T13:00,3.2,44,990.5,0,2.58,226,0.43,561.0,475.0,86.0
2025-03-16T14:00,3.9,42,989.4,21,2.76,226,0.47,545.0,460.0,85.0
2025-03-16T15:00,4.5,40,988.5,2,2.87,227,0.50,480.0,398.0,82.0
2025-03-16T16:00,3.6,46,988.1,5,2.93,226,0.43,380.0,304.0,76.0
2025-03-16T17:00,3.4,50,987.4,3,2.66,220,0.39,247.0,184.0,63.0
2025-03-16T18:00,2.3,56,987.1,45,2.77,214,0.32,106.0,67.0,39.0
2025-03-16T19:00,1.0,61,986.8,77,3.19,212,0.26,9.0,3.0,6.0
2025-03-16T20:00,0.1,65,986.7,89,3.33,221,0.22,0.0,0.0,0.0
2025-03-16T21:00,-0.4,68,986.3,100,3.26,230,0.19,0.0,0.0,0.0
2025-03-16T22:00,-0.6,68,986.3,75,3.20,241,0.19,0.0,0.0,0.0
2025-03-16T23:00,-0.7,68,986.1,100,3.11,251,0.19,0.0,0.0,0.0
2025-03-17T00:00,-0.9,68,985.9,100,2.96,265,0.18,0.0,0.0,0.0
2025-03-17T01:00,-1.2,69,985.8,100,2.45,268,0.17,0.0,0.0,0.0
2025-03-17T02:00,-1.3,70,985.7,100,2.05,267,0.17,0.0,0.0,0.0
2025-03-17T03:00,-1.3,69,985.7,100,1.85,270,0.17,0.0,0.0,0.0
2025-03-17T04:00,-1.1,65,985.6,100,1.50,270,0.20,0.0,0.0,0.0
2025-03-17T05:00,-1.1,68,985.7,100,1.23,291,0.18,0.0,0.0,0.0
2025-03-17T06:00,-1.1,73,985.9,100,1.41,315,0.16,0.0,0.0,0.0
2025-03-17T07:00,-1.0,83,986.4,100,2.01,333,0.10,1.0,0.0,1.0
2025-03-17T08:00,-1.3,83,986.9,100,3.60,1,0.10,14.0,0.0,14.0
2025-03-17T09:00,-2.3,74,987.8,100,4.12,6,0.13,43.0,0.0,43.0
2025-03-17T10:00,-2.7,73,988.5,100,3.91,13,0.14,81.0,0.0,81.0
2025-03-17T11:00,-2.0,64,988.7,100,4.29,21,0.19,250.0,45.0,205.0
2025-03-17T12:00,-1.2,53,989.2,100,4.48,20,0.27,280.0,35.0,245.0
2025-03-17T13:00,-1.2,49,989.9,100,4.26,16,0.29,201.0,4.0,197.0
2025-03-17T14:00,-1.2,45,990.2,100,4.01,14,0.31,178.0,8.0,170.0
2025-03-17T15:00,-1.1,41,990.5,100,3.85,13,0.34,147.0,0.0,147.0
2025-03-17T16:00,-1.7,46,991.4,100,3.41,5,0.29,179.0,5.0,174.0
2025-03-17T17:00,-1.8,46,991.8,100,3.30,3,0.29,148.0,10.0,138.0
2025-03-17T18:00,-2.3,47,992.5,100,2.90,358,0.28,72.0,6.0,66.0
2025-03-17T19:00,-2.2,37,993.4,100,2.95,2,0.33,9.0,0.0,9.0
2025-03-17T20:00,-2.6,37,993.9,100,2.70,358,0.32,0.0,0.0,0.0
2025-03-17T21:00,-2.9,38,994.2,2,2.62,353,0.31,0.0,0.0,0.0
2025-03-17T22:00,-3.3,40,994.5,5,2.33,351,0.29,0.0,0.0,0.0
2025-03-17T23:00,-3.4,40,994.8,0,1.82,339,0.28,0.0,0.0,0.0
2025-03-18T00:00,-4.0,44,995.2,1,2.06,319,0.26,0.0,0.0,0.0
2025-03-18T01:00,-4.5,46,995.6,0,2.09,314,0.24,0.0,0.0,0.0
2025-03-18T02:00,-4.8,48,995.8,0,2.02,316,0.22,0.0,0.0,0.0
2025-03-18T03:00,-5.1,52,996.0,0,1.92,309,0.20,0.0,0.0,0.0
2025-03-18T04:00,-5.7,60,996.1,0,1.66,303,0.16,0.0,0.0,0.0
2025-03-18T05:00,-5.9,63,996.3,0,1.48,298,0.15,0.0,0.0,0.0
2025-03-18T06:00,-6.2,66,996.4,0,1.29,283,0.13,0.0,0.0,0.0
2025-03-18T07:00,-6.4,69,996.6,0,1.38,257,0.12,3.0,1.0,2.0
2025-03-18T08:00,-5.9,67,996.6,0,1.41,243,0.13,80.0,46.0,34.0
2025-03-18T09:00,-4.3,58,997.0,0,0.93,254,0.19,218.0,157.0,61.0
2025-03-18T10:00,-2.4,49,997.5,0,1.07,242,0.27,354.0,278.0,76.0
2025-03-18T11:00,-0.9,41,997.4,0,1.66,241,0.34,465.0,380.0,85.0
2025-03-18T12:00,0.5,34,997.4,64,2.10,273,0.42,543.0,454.0,89.0
2025-03-18T13:00,0.8,37,997.1,22,2.15,269,0.41,501.0,353.0,148.0
2025-03-18T14:00,1.2,37,996.7,66,2.11,263,0.42,505.0,366.0,139.0
2025-03-18T15:00,1.5,36,996.7,60,2.34,259,0.43,445.0,302.0,143.0
2025-03-18T16:00,1.3,37,997.0,2,1.95,244,0.42,376.0,281.0,95.0
2025-03-18T17:00,1.2,40,997.0,56,1.83,235,0.40,252.0,177.0,75.0
2025-03-18T18:00,0.5,45,997.0,1,1.45,221,0.35,98.0,40.0,58.0
2025-03-18T19:00,-0.1,47,997.6,3,1.67,229,0.32,11.0,2.0,9.0
2025-03-18T20:00,-0.7,48,997.9,0,1.83,235,0.30,0.0,0.0,0.0
2025-03-18T21:00,-1.1,48,998.0,0,1.97,234,0.29,0.0,0.0,0.0
2025-03-18T22:00,-1.6,45,998.5,0,2.10,242,0.30,0.0,0.0,0.0
2025-03-18T23:00,-2.1,46,998.6,0,1.96,238,0.29,0.0,0.0,0.0
2025-03-19T00:00,-2.6,49,998.6,2,1.99,231,0.26,0.0,0.0,0.0
2025-03-19T01:00,-3.0,54,998.7,21,2.09,230,0.22,0.0,0.0,0.0
2025-03-19T02:00,-3.1,60,998.5,76,2.13,229,0.20,0.0,0.0,0.0
2025-03-19T03:00,-3.2,66,998.3,50,2.09,228,0.17,0.0,0.0,0.0
2025-03-19T04:00,-3.7,68,998.3,2,2.32,213,0.15,0.0,0.0,0.0
2025-03-19T05:00,-3.8,74,998.1,3,2.59,205,0.12,0.0,0.0,0.0
2025-03-19T06:00,-4.2,80,998.0,52,2.91,209,0.09,0.0,0.0,0.0
2025-03-19T07:00,-3.9,80,997.8,100,3.30,212,0.09,3.0,0.0,3.0
2025-03-19T08:00,-2.6,75,997.7,100,4.08,221,0.13,57.0,13.0,44.0
2025-03-19T09:00,-1.5,72,997.2,44,3.24,209,0.15,117.0,28.0,89.0
2025-03-19T10:00,0.2,68,996.8,100,4.78,227,0.20,245.0,93.0,152.0
2025-03-19T11:00,0.2,70,996.3,100,4.07,217,0.19,156.0,29.0,127.0
2025-03-19T12:00,0.0,75,995.6,100,4.88,223,0.15,103.0,4.0,99.0
2025-03-19T13:00,0.5,77,995.3,100,5.54,230,0.15,128.0,3.0,125.0
2025-03-19T14:00,1.5,75,994.4,100,5.61,233,0.17,169.0,9.0,160.0
2025-03-19T15:00,2.3,74,993.8,100,5.56,240,0.19,160.0,8.0,152.0
2025-03-19T16:00,3.1,72,993.6,83,3.96,227,0.21,139.0,11.0,128.0
2025-03-19T17:00,3.5,73,993.1,98,4.61,233,0.22,162.0,77.0,85.0
2025-03-19T18:00,3.6,73,992.9,45,4.47,243,0.21,58.0,7.0,51.0
2025-03-19T19:00,3.3,76,992.9,44,4.79,250,0.19,11.0,2.0,9.0
2025-03-19T20:00,2.7,79,993.7,89,3.76,275,0.15,0.0,0.0,0.0
2025-03-19T21:00,2.4,83,993.9,57,3.60,272,0.12,0.0,0.0,0.0
2025-03-19T22:00,1.8,86,994.4,25,3.61,275,0.10,0.0,0.0,0.0
2025-03-19T23:00,1.8,87,995.1,58,3.63,285,0.09,0.0,0.0,0.0
2025-03-20T00:00,1.5,88,995.7,21,3.61,289,0.08,0.0,0.0,0.0
2025-03-20T01:00,0.9,86,996.6,0,3.47,293,0.09,0.0,0.0,0.0
2025-03-20T02:00,0.2,84,997.4,0,3.37,291,0.10,0.0,0.0,0.0
2025-03-20T03:00,-0.2,80,998.4,0,3.38,297,0.12,0.0,0.0,0.0
2025-03-20T04:00,0.1,77,999.0,0,2.75,295,0.14,0.0,0.0,0.0
2025-03-20T05:00,-0.4,76,999.8,0,2.72,290,0.14,0.0,0.0,0.0
2025-03-20T06:00,-0.7,77,1000.5,0,2.64,285,0.14,0.0,0.0,0.0
2025-03-20T07:00,-0.9,77,1001.4,0,2.60,281,0.13,5.0,1.0,4.0
2025-03-20T08:00,-0.2,72,1002.1,0,2.25,271,0.17,88.0,51.0,37.0
2025-03-20T09:00,1.2,64,1002.7,0,1.80,272,0.24,227.0,166.0,61.0
2025-03-20T10:00,2.9,58,1003.2,0,1.68,260,0.32,363.0,288.0,75.0
2025-03-20T11:00,4.5,55,1003.6,1,1.69,251,0.38,470.0,385.0,85.0
2025-03-20T12:00,6.2,41,1003.3,99,3.27,277,0.56,545.0,460.0,85.0
2025-03-20T13:00,6.5,40,1003.1,100,4.11,275,0.58,393.0,168.0,225.0
2025-03-20T14:00,6.8,41,1003.0,88,4.10,272,0.59,340.0,92.0,248.0
2025-03-20T15:00,7.6,40,1002.9,22,4.09,278,0.63,436.0,297.0,139.0
2025-03-20T16:00,7.8,38,1002.5,26,3.73,282,0.66,387.0,307.0,80.0
2025-03-20T17:00,7.4,44,1002.7,11,2.49,280,0.58,259.0,193.0,66.0
2025-03-20T18:00,6.0,57,1002.4,0,1.06,251,0.41,120.0,75.0,45.0
2025-03-20T19:00,5.1,55,1002.7,2,1.71,218,0.40,16.0,6.0,10.0
2025-03-20T20:00,4.0,58,1003.4,26,2.35,232,0.34,0.0,0.0,0.0
2025-03-20T21:00,3.1,65,1003.6,7,2.67,262,0.27,0.0,0.0,0.0
2025-03-20T22:00,2.5,72,1003.6,90,2.56,266,0.20,0.0,0.0,0.0
2025-03-20T23:00,2.2,76,1003.7,6,2.46,257,0.17,0.0,0.0,0.0
2025-03-21T00:00,1.8,78,1003.6,7,2.35,246,0.16,0.0,0.0,0.0
2025-03-21T01:00,1.6,79,1003.6,24,2.34,230,0.15,0.0,0.0,0.0
2025-03-21T02:00,1.5,79,1003.5,100,2.55,223,0.15,0.0,0.0,0.0
2025-03-21T03:00,1.6,77,1003.0,100,2.80,221,0.16,0.0,0.0,0.0
2025-03-21T04:00,2.7,71,1002.6,100,3.23,215,0.21,0.0,0.0,0.0
2025-03-21T05:00,2.5,72,1002.4,100,3.31,214,0.21,0.0,0.0,0.0
2025-03-21T06:00,2.4,73,1002.3,99,3.38,218,0.20,0.0,0.0,0.0
2025-03-21T07:00,2.0,75,1002.2,83,3.30,229,0.18,5.0,0.0,5.0
2025-03-21T08:00,2.3,75,1002.3,81,3.25,233,0.18,73.0,18.0,55.0
2025-03-21T09:00,3.1,75,1002.2,80,2.59,229,0.19,187.0,78.0,109.0
2025-03-21T10:00,4.4,71,1002.4,95,2.75,237,0.24,335.0,225.0,110.0
2025-03-21T11:00,5.8,67,1002.2,100,2.64,245,0.31,436.0,301.0,135.0
2025-03-21T12:00,6.8,63,1002.0,100,2.55,250,0.36,390.0,129.0,261.0
2025-03-21T13:00,7.8,59,1002.1,100,4.00,271,0.43,397.0,118.0,279.0
2025-03-21T14:00,8.2,57,1002.3,100,3.57,281,0.47,365.0,101.0,264.0
2025-03-21T15:00,8.5,56,1002.4,100,2.98,293,0.49,285.0,72.0,213.0
2025-03-21T16:00,8.7,49,1002.5,100,2.30,304,0.58,308.0,142.0,166.0
2025-03-21T17:00,8.3,50,1002.8,95,2.13,319,0.54,220.0,109.0,111.0
2025-03-21T18:00,7.3,56,1003.2,84,1.91,327,0.45,112.0,54.0,58.0
2025-03-21T19:00,5.9,61,1003.8,48,1.31,288,0.37,17.0,5.0,12.0
2025-03-21T20:00,5.2,64,1004.5,99,2.04,324,0.32,0.0,0.0,0.0
2025-03-21T21:00,4.7,67,1005.1,84,2.31,355,0.29,0.0,0.0,0.0
2025-03-21T22:00,4.0,72,1005.9,52,3.18,28,0.23,0.0,0.0,0.0
2025-03-21T23:00,2.9,79,1006.8,33,3.22,30,0.16,0.0,0.0,0.0
2025-03-22T00:00,2.5,81,1007.6,100,2.85,31,0.14,0.0,0.0,0.0
2025-03-22T01:00,2.3,83,1008.4,100,2.75,29,0.13,0.0,0.0,0.0
2025-03-22T02:00,1.9,83,1009.3,93,2.68,33,0.12,0.0,0.0,0.0
2025-03-22T03:00,1.4,84,1009.8,87,2.91,35,0.11,0.0,0.0,0.0
2025-03-22T04:00,1.7,76,1010.2,100,2.98,35,0.16,0.0,0.0,0.0
2025-03-22T05:00,1.1,74,1011.0,85,3.21,37,0.17,0.0,0.0,0.0
2025-03-22T06:00,0.4,68,1011.8,98,3.15,36,0.20,0.0,0.0,0.0
2025-03-22T07:00,-0.6,65,1012.7,0,3.32,37,0.21,5.0,1.0,4.0
2025-03-22T08:00,-1.0,65,1013.9,0,3.25,44,0.20,88.0,44.0,44.0
2025-03-22T09:00,-0.6,63,1014.6,0,3.04,48,0.22,244.0,180.0,64.0
2025-03-22T10:00,0.6,54,1015.4,0,3.23,51,0.30,379.0,299.0,80.0
2025-03-22T11:00,1.5,42,1015.8,0,3.59,51,0.39,495.0,408.0,87.0
2025-03-22T12:00,2.3,37,1016.1,0,3.69,50,0.46,570.0,478.0,92.0
2025-03-22T13:00,3.1,32,1016.3,0,3.83,54,0.52,599.0,506.0,93.0
2025-03-22T14:00,3.6,30,1016.4,0,3.87,54,0.55,581.0,489.0,92.0
2025-03-22T15:00,3.8,29,1016.5,0,3.87,54,0.57,516.0,429.0,87.0
2025-03-22T16:00,4.0,27,1016.1,0,3.59,55,0.59,413.0,334.0,79.0
2025-03-22T17:00,3.7,29,1016.2,0,3.43,56,0.57,280.0,212.0,68.0
2025-03-22T18:00,2.9,35,1016.3,0,2.86,54,0.49,135.0,88.0,47.0
2025-03-22T19:00,1.7,41,1016.7,0,2.40,54,0.41,20.0,9.0,11.0
2025-03-22T20:00,0.7,45,1017.0,0,2.61,58,0.35,0.0,0.0,0.0
2025-03-22T21:00,-0.1,47,1017.4,0,2.37,62,0.32,0.0,0.0,0.0
2025-03-22T22:00,-0.8,50,1017.7,0,2.36,69,0.29,0.0,0.0,0.0
2025-03-22T23:00,-1.1,51,1017.9,0,2.42,63,0.28,0.0,0.0,0.0
2025-03-23T00:00,-1.5,51,1018.3,0,2.33,62,0.27,0.0,0.0,0.0
2025-03-23T01:00,-1.8,50,1018.5,0,2.18,70,0.27,0.0,0.0,0.0
2025-03-23T02:00,-2.0,48,1018.6,0,2.02,70,0.28,0.0,0.0,0.0
2025-03-23T03:00,-2.3,48,1018.5,0,1.90,67,0.27,0.0,0.0,0.0
2025-03-23T04:00,-2.7,48,1017.9,0,1.83,73,0.26,0.0,0.0,0.0
2025-03-23T05:00,-3.2,49,1017.9,0,1.82,81,0.25,0.0,0.0,0.0
2025-03-23T06:00,-3.6,50,1017.9,0,1.84,77,0.23,0.0,0.0,0.0
2025-03-23T07:00,-3.9,50,1018.1,0,1.94,78,0.23,10.0,4.0,6.0
2025-03-23T08:00,-3.0,47,1018.4,0,2.11,68,0.26,109.0,67.0,42.0
2025-03-23T09:00,-1.2,39,1018.7,0,1.32,79,0.34,255.0,190.0,65.0
2025-03-23T10:00,1.2,30,1018.7,0,1.55,92,0.46,393.0,315.0,78.0
2025-03-23T11:00,2.7,24,1018.5,0,2.38,105,0.57,503.0,417.0,86.0
2025-03-23T12:00,3.3,31,1018.0,0,2.13,114,0.53,573.0,482.0,91.0
2025-03-23T13:00,3.8,36,1017.7,0,1.90,113,0.52,598.0,505.0,93.0
2025-03-23T14:00,4.4,37,1017.2,0,1.80,109,0.53,578.0,485.0,93.0
2025-03-23T15:00,4.9,37,1016.7,0,1.75,114,0.55,515.0,426.0,89.0
2025-03-23T16:00,4.7,36,1016.7,0,1.52,131,0.55,414.0,333.0,81.0
2025-03-23T17:00,4.6,37,1016.2,0,1.49,140,0.54,281.0,212.0,69.0
2025-03-23T18:00,4.0,45,1015.8,0,0.97,145,0.45,137.0,89.0,48.0
2025-03-23T19:00,2.9,49,1015.6,0,1.14,119,0.38,22.0,10.0,12.0
2025-03-23T20:00,2.0,53,1015.9,0,1.35,121,0.33,0.0,0.0,0.0
2025-03-23T21:00,1.6,52,1016.0,0,1.54,126,0.33,0.0,0.0,0.0
2025-03-23T22:00,1.1,55,1016.1,0,1.66,123,0.30,0.0,0.0,0.0
2025-03-23T23:00,0.8,56,1016.2,0,1.89,122,0.28,0.0,0.0,0.0
2025-03-24T00:00,0.3,59,1016.2,6,2.04,126,0.26,0.0,0.0,0.0
2025-03-24T01:00,0.0,61,1016.4,67,2.02,138,0.24,0.0,0.0,0.0
2025-03-24T02:00,0.1,62,1016.5,100,2.09,132,0.23,0.0,0.0,0.0
2025-03-24T03:00,0.2,62,1016.4,95,2.26,135,0.23,0.0,0.0,0.0
2025-03-24T04:00,-1.2,63,1015.9,0,2.34,132,0.21,0.0,0.0,0.0
2025-03-24T05:00,-1.4,65,1015.6,2,2.51,133,0.19,0.0,0.0,0.0
2025-03-24T06:00,-1.6,68,1015.5,63,2.41,132,0.18,0.0,0.0,0.0
2025-03-24T07:00,-1.3,69,1015.3,100,2.41,132,0.17,9.0,2.0,7.0
2025-03-24T08:00,-0.4,67,1015.2,71,2.53,120,0.20,73.0,17.0,56.0
2025-03-24T09:00,1.3,62,1015.1,43,2.03,128,0.25,199.0,94.0,105.0
2025-03-24T10:00,3.5,56,1015.0,0,1.95,130,0.35,360.0,259.0,101.0
2025-03-24T11:00,5.6,56,1014.4,0,2.34,130,0.40,481.0,387.0,94.0
2025-03-24T12:00,7.2,56,1013.7,0,3.04,136,0.44,553.0,456.0,97.0
2025-03-24T13:00,8.5,54,1013.2,0,3.52,145,0.51,582.0,485.0,97.0
2025-03-24T14:00,9.4,50,1012.4,25,3.95,148,0.59,565.0,470.0,95.0
2025-03-24T15:00,10.0,46,1011.3,56,4.72,156,0.66,493.0,388.0,105.0
2025-03-24T16:00,10.1,44,1010.6,80,4.41,151,0.69,378.0,275.0,103.0
2025-03-24T17:00,9.7,47,1009.5,80,3.90,147,0.63,204.0,86.0,118.0
2025-03-24T18:00,9.0,50,1008.7,100,3.72,144,0.57,119.0,58.0,61.0
2025-03-24T19:00,7.7,53,1007.9,91,3.88,145,0.49,22.0,7.0,15.0
2025-03-24T20:00,6.7,56,1007.5,90,3.88,148,0.43,0.0,0.0,0.0
2025-03-24T21:00,6.1,59,1006.7,13,3.96,151,0.38,0.0,0.0,0.0
2025-03-24T22:00,5.3,63,1006.5,33,4.03,157,0.33,0.0,0.0,0.0
2025-03-24T23:00,4.7,66,1006.2,99,4.01,157,0.29,0.0,0.0,0.0
2025-03-25T00:00,4.3,67,1005.5,100,3.82,158,0.27,0.0,0.0,0.0
2025-03-25T01:00,4.4,66,1005.1,100,3.58,165,0.29,0.0,0.0,0.0
2025-03-25T02:00,4.5,64,1004.7,100,3.71,170,0.31,0.0,0.0,0.0
2025-03-25T03:00,4.3,65,1004.3,100,4.00,178,0.29,0.0,0.0,0.0
2025-03-25T04:00,5.0,67,1003.0,100,3.94,172,0.29,0.0,0.0,0.0
2025-03-25T05:00,4.6,74,1002.4,100,4.02,169,0.22,0.0,0.0,0.0
2025-03-25T06:00,4.3,80,1001.8,100,4.30,171,0.17,0.0,0.0,0.0
2025-03-25T07:00,4.2,83,1001.3,100,4.44,172,0.14,3.0,0.0,3.0
2025-03-25T08:00,4.5,83,1001.2,100,4.40,178,0.14,39.0,0.0,39.0
2025-03-25T09:00,4.6,84,1000.9,100,4.10,180,0.13,42.0,0.0,42.0
2025-03-25T10:00,4.7,86,1000.8,100,4.21,177,0.12,63.0,0.0,63.0
2025-03-25T11:00,4.8,85,1000.7,100,4.10,179,0.13,78.0,0.0,78.0
2025-03-25T12:00,4.9,85,1000.5,100,4.00,178,0.13,118.0,0.0,118.0
2025-03-25T13:00,5.0,84,1000.1,100,4.75,182,0.14,129.0,1.0,128.0
2025-03-25T14:00,4.7,87,999.9,100,3.42,173,0.12,95.0,0.0,95.0
2025-03-25T15:00,4.5,87,999.4,100,4.02,175,0.11,111.0,1.0,110.0
2025-03-25T16:00,4.4,88,999.2,100,3.58,160,0.10,85.0,2.0,83.0
2025-03-25T17:00,3.9,91,999.0,100,3.31,160,0.07,37.0,0.0,37.0
2025-03-25T18:00,3.3,92,998.8,100,3.81,163,0.06,16.0,0.0,16.0
2025-03-25T19:00,2.3,95,998.6,100,3.86,161,0.04,4.0,0.0,4.0
2025-03-25T20:00,1.7,98,998.3,100,3.40,152,0.02,0.0,0.0,0.0
2025-03-25T21:00,1.6,97,997.9,100,2.97,144,0.02,0.0,0.0,0.0
2025-03-25T22:00,1.6,97,997.6,100,3.20,146,0.02,0.0,0.0,0.0
2025-03-25T23:00,1.3,97,997.3,100,2.65,144,0.02,0.0,0.0,0.0
2025-03-26T00:00,1.3,97,996.7,100,2.39,143,0.02,0.0,0.0,0.0
2025-03-26T01:00,1.2,97,996.2,100,2.20,141,0.02,0.0,0.0,0.0
2025-03-26T02:00,1.1,97,995.7,100,2.02,134,0.02,0.0,0.0,0.0
2025-03-26T03:00,1.0,97,995.5,100,1.74,129,0.02,0.0,0.0,0.0
2025-03-26T04:00,1.4,95,995.6,100,1.46,112,0.03,0.0,0.0,0.0
2025-03-26T05:00,1.3,96,995.3,100,1.32,115,0.03,0.0,0.0,0.0
2025-03-26T06:00,1.3,96,995.0,100,0.85,118,0.03,0.0,0.0,0.0
2025-03-26T07:00,1.3,96,995.0,100,0.59,110,0.03,3.0,0.0,3.0
2025-03-26T08:00,1.4,96,994.9,100,0.73,106,0.03,25.0,0.0,25.0
2025-03-26T09:00,1.8,93,995.0,100,0.22,63,0.05,75.0,0.0,75.0
2025-03-26T10:00,2.6,89,995.2,100,0.54,326,0.08,173.0,13.0,160.0
2025-03-26T11:00,3.3,85,995.1,100,0.58,301,0.12,222.0,16.0,206.0
2025-03-26T12:00,4.0,81,995.0,100,0.97,291,0.16,230.0,11.0,219.0
2025-03-26T13:00,4.5,78,994.9,100,1.20,287,0.19,198.0,7.0,191.0
2025-03-26T14:00,4.8,76,994.9,100,1.26,277,0.21,175.0,1.0,174.0
2025-03-26T15:00,5.1,75,994.9,100,1.41,276,0.22,157.0,7.0,150.0
2025-03-26T16:00,4.8,73,995.4,100,1.45,270,0.23,166.0,13.0,153.0
2025-03-26T17:00,5.1,73,995.5,100,1.20,272,0.24,105.0,3.0,102.0
2025-03-26T18:00,5.3,72,995.5,99,0.72,236,0.25,61.0,2.0,59.0
2025-03-26T19:00,4.8,77,995.8,79,0.98,195,0.20,14.0,1.0,13.0
2025-03-26T20:00,4.3,81,995.9,89,1.42,198,0.16,0.0,0.0,0.0
2025-03-26T21:00,4.0,83,995.9,99,1.57,197,0.14,0.0,0.0,0.0
2025-03-26T22:00,4.0,85,996.1,100,1.84,202,0.12,0.0,0.0,0.0
2025-03-26T23:00,3.9,87,996.2,100,1.92,205,0.10,0.0,0.0,0.0
2025-03-27T00:00,3.5,89,996.1,100,2.00,217,0.09,0.0,0.0,0.0
2025-03-27T01:00,3.5,88,995.9,100,1.81,231,0.09,0.0,0.0,0.0
2025-03-27T02:00,3.2,89,996.0,100,1.64,218,0.09,0.0,0.0,0.0
2025-03-27T03:00,3.2,89,996.0,100,1.79,203,0.09,0.0,0.0,0.0
2025-03-27T04:00,2.7,90,996.1,100,1.82,172,0.07,0.0,0.0,0.0
2025-03-27T05:00,2.9,90,996.2,100,1.96,176,0.07,0.0,0.0,0.0
2025-03-27T06:00,3.2,89,996.4,100,2.00,181,0.09,0.0,0.0,0.0
2025-03-27T07:00,3.4,88,996.6,100,2.20,183,0.09,3.0,0.0,3.0
2025-03-27T08:00,3.7,88,996.8,100,2.31,186,0.10,18.0,0.0,18.0
2025-03-27T09:00,4.2,87,996.9,100,2.29,190,0.10,48.0,0.0,48.0
2025-03-27T10:00,4.5,88,997.2,100,1.75,178,0.10,77.0,0.0,77.0
2025-03-27T11:00,4.8,89,997.3,100,1.49,166,0.09,75.0,0.0,75.0
2025-03-27T12:00,5.7,87,997.5,100,1.47,170,0.12,116.0,3.0,113.0
2025-03-27T13:00,6.9,81,997.6,100,2.35,204,0.19,179.0,12.0,167.0
2025-03-27T14:00,7.5,77,997.5,100,2.53,207,0.24,161.0,5.0,156.0
2025-03-27T15:00,7.5,76,997.4,100,2.09,201,0.25,108.0,1.0,107.0
2025-03-27T16:00,7.6,79,997.4,100,1.60,160,0.22,75.0,0.0,75.0
2025-03-27T17:00,7.3,82,997.4,100,2.25,179,0.18,49.0,0.0,49.0
2025-03-27T18:00,6.7,89,997.4,100,2.01,186,0.11,21.0,0.0,21.0
2025-03-27T19:00,6.0,95,997.5,100,1.76,215,0.05,5.0,0.0,5.0
2025-03-27T20:00,5.5,97,997.8,100,1.56,230,0.03,0.0,0.0,0.0
2025-03-27T21:00,4.7,98,997.9,100,1.36,216,0.02,0.0,0.0,0.0
2025-03-27T22:00,4.3,98,998.1,100,1.21,204,0.01,0.0,0.0,0.0
2025-03-27T23:00,3.7,99,998.2,100,0.97,201,0.01,0.0,0.0,0.0
2025-03-28T00:00,2.9,100,998.4,100,0.98,204,0.00,0.0,0.0,0.0
2025-03-28T01:00,3.2,100,998.4,100,0.57,225,0.00,0.0,0.0,0.0
2025-03-28T02:00,3.3,99,998.3,100,0.16,108,0.01,0.0,0.0,0.0
2025-03-28T03:00,3.3,100,998.2,100,0.41,104,0.00,0.0,0.0,0.0
2025-03-28T04:00,3.7,98,998.6,100,1.05,31,0.02,0.0,0.0,0.0
2025-03-28T05:00,3.4,98,998.7,97,1.06,45,0.02,0.0,0.0,0.0
2025-03-28T06:00,3.4,97,998.9,98,1.11,72,0.02,0.0,0.0,0.0
2025-03-28T07:00,4.0,95,998.9,100,1.68,63,0.04,11.0,1.0,10.0
2025-03-28T08:00,4.6,94,999.2,100,1.62,68,0.05,43.0,2.0,41.0
2025-03-28T09:00,5.4,92,999.6,100,1.10,60,0.07,92.0,11.0,81.0
2025-03-28T10:00,6.2,90,1000.0,100,1.04,55,0.10,133.0,2.0,131.0
2025-03-28T11:00,7.1,84,1000.2,90,1.23,69,0.16,222.0,67.0,155.0
2025-03-28T12:00,8.1,79,1000.5,58,1.12,69,0.23,226.0,49.0,177.0
2025-03-28T13:00,9.5,72,1000.4,53,0.59,70,0.34,469.0,261.0,208.0
2025-03-28T14:00,10.2,66,1000.2,40,0.51,101,0.42,454.0,293.0,161.0
2025-03-28T15:00,10.7,63,1000.1,26,0.34,63,0.47,400.0,257.0,143.0
2025-03-28T16:00,9.5,64,1001.4,57,0.27,202,0.43,321.0,161.0,160.0
2025-03-28T17:00,9.5,63,1001.5,43,0.50,217,0.43,222.0,109.0,113.0
2025-03-28T18:00,9.0,67,1001.6,12,0.81,210,0.38,103.0,37.0,66.0
2025-03-28T19:00,7.9,74,1001.7,2,1.21,232,0.28,28.0,10.0,18.0
2025-03-28T20:00,6.7,80,1001.7,0,0.70,249,0.20,0.0,0.0,0.0
2025-03-28T21:00,6.1,81,1001.6,1,0.36,236,0.18,0.0,0.0,0.0
2025-03-28T22:00,5.3,84,1001.8,1,0.20,270,0.15,0.0,0.0,0.0
2025-03-28T23:00,4.4,87,1002.2,4,0.67,318,0.11,0.0,0.0,0.0
2025-03-29T00:00,3.8,89,1002.5,8,1.01,340,0.09,0.0,0.0,0.0
2025-03-29T01:00,3.1,91,1002.6,8,1.00,357,0.07,0.0,0.0,0.0
2025-03-29T02:00,2.5,92,1002.7,0,0.67,27,0.06,0.0,0.0,0.0
2025-03-29T03:00,2.0,93,1002.8,0,0.54,56,0.05,0.0,0.0,0.0
2025-03-29T04:00,1.9,95,1003.1,0,0.25,53,0.04,0.0,0.0,0.0
2025-03-29T05:00,1.4,96,1003.5,0,0.22,27,0.03,0.0,0.0,0.0
2025-03-29T06:00,1.1,96,1003.6,0,0.40,90,0.03,0.0,0.0,0.0
2025-03-29T07:00,1.2,96,1003.7,0,0.61,99,0.03,22.0,9.0,13.0
2025-03-29T08:00,2.6,92,1004.1,0,0.56,27,0.06,132.0,80.0,52.0
2025-03-29T09:00,4.8,87,1004.5,0,0.05,360,0.11,272.0,198.0,74.0
2025-03-29T10:00,7.2,80,1005.0,0,0.38,113,0.21,403.0,317.0,86.0
2025-03-29T11:00,9.1,72,1005.0,0,0.62,104,0.32,509.0,414.0,95.0
2025-03-29T12:00,10.4,67,1004.7,0,0.59,110,0.42,578.0,478.0,100.0
2025-03-29T13:00,11.2,62,1004.4,0,0.60,114,0.51,612.0,513.0,99.0
2025-03-29T14:00,11.9,58,1004.1,14,0.57,128,0.58,570.0,461.0,109.0
2025-03-29T15:00,12.2,55,1003.7,39,0.74,138,0.64,427.0,270.0,157.0
2025-03-29T16:00,12.6,47,1003.9,68,1.28,149,0.77,345.0,207.0,138.0
2025-03-29T17:00,12.3,49,1003.5,98,1.03,151,0.74,175.0,46.0,129.0
2025-03-29T18:00,11.9,56,1003.2,86,0.54,146,0.61,74.0,9.0,65.0
2025-03-29T19:00,11.2,56,1003.0,44,1.14,157,0.58,26.0,7.0,19.0
2025-03-29T20:00,9.8,65,1003.2,13,2.11,175,0.43,0.0,0.0,0.0
2025-03-29T21:00,8.4,71,1003.0,8,2.31,186,0.32,0.0,0.0,0.0
2025-03-29T22:00,7.3,75,1003.0,12,1.99,192,0.26,0.0,0.0,0.0
2025-03-29T23:00,6.7,76,1002.8,33,1.76,195,0.23,0.0,0.0,0.0
2025-03-30T00:00,5.9,79,1002.8,19,1.25,209,0.19,0.0,0.0,0.0
2025-03-30T01:00,4.8,84,1002.5,5,0.92,241,0.14,0.0,0.0,0.0
2025-03-30T02:00,3.8,87,1002.4,0,0.54,292,0.10,0.0,0.0,0.0
2025-03-30T03:00,2.9,90,1002.3,1,0.36,344,0.07,0.0,0.0,0.0
2025-03-30T04:00,3.5,88,1002.2,1,0.20,90,0.09,0.0,0.0,0.0
2025-03-30T05:00,2.8,91,1002.3,22,0.87,114,0.07,0.0,0.0,0.0
2025-03-30T06:00,2.3,92,1002.3,84,1.11,126,0.06,0.0,0.0,0.0
2025-03-30T07:00,2.8,90,1002.2,100,1.13,135,0.07,21.0,6.0,15.0
2025-03-30T08:00,3.9,87,1002.3,99,1.56,140,0.10,66.0,5.0,61.0
2025-03-30T09:00,4.9,87,1002.0,100,1.75,121,0.11,130.0,26.0,104.0
2025-03-30T10:00,6.9,80,1002.3,23,0.88,137,0.20,256.0,105.0,151.0
2025-03-30T11:00,9.3,71,1001.8,1,1.13,139,0.34,423.0,266.0,157.0
2025-03-30T12:00,11.3,50,1001.5,63,2.31,158,0.67,592.0,495.0,97.0
2025-03-30T13:00,11.7,45,1001.0,86,2.49,170,0.75,520.0,345.0,175.0
2025-03-30T14:00,11.8,43,1000.4,100,2.46,167,0.78,354.0,125.0,229.0
2025-03-30T15:00,12.0,43,1000.1,85,2.47,166,0.80,384.0,192.0,192.0
2025-03-30T16:00,12.0,42,1000.1,100,2.80,161,0.81,258.0,83.0,175.0
2025-03-30T17:00,11.6,47,999.7,84,2.12,153,0.72,160.0,35.0,125.0
2025-03-30T18:00,11.0,51,999.5,28,2.13,131,0.64,116.0,41.0,75.0
2025-03-30T19:00,9.4,56,999.3,7,2.38,120,0.52,39.0,18.0,21.0
2025-03-30T20:00,8.5,58,999.4,13,2.26,118,0.47,0.0,0.0,0.0
2025-03-30T21:00,7.6,60,999.5,32,2.11,126,0.42,0.0,0.0,0.0
2025-03-30T22:00,7.0,63,999.8,43,1.77,137,0.37,0.0,0.0,0.0
2025-03-30T23:00,6.1,69,999.8,8,1.31,137,0.29,0.0,0.0,0.0
2025-03-31T00:00,5.6,68,1000.0,6,1.35,129,0.29,0.0,0.0,0.0
2025-03-31T01:00,5.4,68,1000.1,99,1.59,118,0.28,0.0,0.0,0.0
2025-03-31T02:00,5.0,72,1000.3,100,1.23,111,0.25,0.0,0.0,0.0
2025-03-31T03:00,5.2,72,1000.6,100,1.50,111,0.24,0.0,0.0,0.0
2025-03-31T04:00,5.0,77,1001.1,100,1.73,100,0.20,0.0,0.0,0.0
2025-03-31T05:00,5.0,78,1001.2,98,1.60,90,0.19,0.0,0.0,0.0
2025-03-31T06:00,4.6,79,1001.3,96,1.71,85,0.18,0.0,0.0,0.0
2025-03-31T07:00,5.0,78,1001.5,54,1.80,87,0.19,19.0,2.0,17.0
2025-03-31T08:00,6.3,74,1001.7,34,1.95,91,0.25,113.0,45.0,68.0
2025-03-31T09:00,7.9,71,1002.0,100,1.75,92,0.31,256.0,146.0,110.0
2025-03-31T10:00,9.6,64,1002.4,72,1.70,93,0.43,368.0,203.0,165.0
2025-03-31T11:00,11.7,56,1002.5,100,1.99,102,0.60,519.0,403.0,116.0
2025-03-31T12:00,13.3,40,1002.3,100,3.49,119,0.91,557.0,390.0,167.0
2025-03-31T13:00,13.9,37,1001.9,100,3.24,124,1.00,498.0,242.0,256.0
2025-03-31T14:00,13.9,36,1001.8,100,3.28,128,1.01,478.0,219.0,259.0
2025-03-31T15:00,14.0,35,1001.8,100,2.64,117,1.04,427.0,201.0,226.0
2025-03-31T16:00,14.2,34,1002.1,100,2.42,114,1.07,393.0,246.0,147.0
2025-03-31T17:00,13.8,39,1001.6,100,1.72,98,0.97,242.0,101.0,141.0
2025-03-31T18:00,12.9,45,1001.6,100,1.74,72,0.82,116.0,20.0,96.0
2025-03-31T19:00,11.7,49,1001.9,100,2.26,65,0.70,31.0,1.0,30.0
2025-03-31T20:00,10.7,52,1002.1,100,2.41,69,0.62,0.0,0.0,0.0
2025-03-31T21:00,10.1,54,1002.2,100,2.48,71,0.57,0.0,0.0,0.0
2025-03-31T22:00,9.5,56,1002.1,100,2.46,77,0.52,0.0,0.0,0.0
2025-03-31T23:00,9.0,57,1002.0,100,2.33,75,0.49,0.0,0.0,0.0
2025-04-01T00:00,8.4,60,1001.7,100,2.25,69,0.44,0.0,0.0,0.0
2025-04-01T01:00,7.8,61,1001.7,100,2.35,66,0.41,0.0,0.0,0.0
2025-04-01T02:00,7.5,62,1001.7,100,2.24,66,0.39,0.0,0.0,0.0
2025-04-01T03:00,7.2,63,1001.3,100,2.33,65,0.38,0.0,0.0,0.0
2025-04-01T04:00,7.2,64,1001.4,100,2.45,57,0.37,0.0,0.0,0.0
2025-04-01T05:00,7.2,64,1001.5,100,2.39,57,0.37,0.0,0.0,0.0
2025-04-01T06:00,7.0,64,1001.3,100,2.76,55,0.37,0.0,0.0,0.0
2025-04-01T07:00,7.0,63,1001.2,100,2.63,51,0.37,9.0,0.0,9.0
2025-04-01T08:00,7.4,62,1001.2,100,2.66,49,0.39,62.0,4.0,58.0
2025-04-01T09:00,7.6,63,1001.1,100,2.94,50,0.39,63.0,0.0,63.0
2025-04-01T10:00,8.3,65,1000.9,100,2.51,44,0.38,117.0,2.0,115.0
2025-04-01T11:00,8.9,60,1000.7,100,3.09,61,0.45,114.0,5.0,109.0
2025-04-01T12:00,9.7,61,1000.5,100,2.97,57,0.47,117.0,0.0,117.0
2025-04-01T13:00,10.1,61,1000.0,100,3.41,40,0.48,100.0,0.0,100.0
2025-04-01T14:00,10.7,63,999.6,100,3.18,24,0.48,170.0,10.0,160.0
2025-04-01T15:00,11.1,62,999.0,100,3.45,22,0.50,182.0,9.0,173.0
2025-04-01T16:00,13.0,53,999.3,100,3.05,40,0.70,189.0,10.0,179.0
2025-04-01T17:00,12.0,58,999.2,100,3.04,46,0.59,72.0,0.0,72.0
2025-04-01T18:00,10.1,73,999.0,100,3.82,42,0.34,14.0,0.0,14.0
2025-04-01T19:00,8.7,88,998.9,100,3.59,40,0.14,5.0,0.0,5.0
2025-04-01T20:00,8.3,90,998.6,100,3.88,38,0.11,0.0,0.0,0.0
2025-04-01T21:00,8.0,92,998.6,100,3.87,39,0.09,0.0,0.0,0.0
2025-04-01T22:00,7.7,92,998.8,100,3.48,35,0.08,0.0,0.0,0.0
2025-04-01T23:00,7.4,93,998.6,100,4.09,28,0.07,0.0,0.0,0.0
2025-04-02T00:00,7.2,92,998.3,100,4.37,22,0.08,0.0,0.0,0.0
2025-04-02T01:00,7.0,92,998.5,100,4.94,21,0.08,0.0,0.0,0.0
2025-04-02T02:00,6.9,89,998.3,100,4.74,25,0.11,0.0,0.0,0.0
2025-04-02T03:00,6.4,90,998.1,100,4.56,27,0.09,0.0,0.0,0.0
2025-04-02T04:00,6.5,90,998.2,100,4.04,41,0.09,0.0,0.0,0.0
2025-04-02T05:00,6.5,86,998.0,100,3.96,45,0.13,0.0,0.0,0.0
2025-04-02T06:00,6.1,88,998.1,100,3.18,26,0.12,0.0,0.0,0.0
2025-04-02T07:00,5.9,89,998.6,100,3.00,11,0.10,9.0,0.0,9.0
2025-04-02T08:00,6.2,90,998.8,92,2.30,2,0.09,82.0,13.0,69.0
2025-04-02T09:00,7.0,86,998.9,12,3.08,7,0.14,240.0,117.0,123.0
2025-04-02T10:00,8.2,76,999.2,0,3.03,8,0.27,438.0,343.0,95.0
2025-04-02T11:00,9.8,67,999.2,0,3.22,7,0.40,550.0,459.0,91.0
2025-04-02T12:00,11.1,58,999.2,0,3.62,6,0.56,615.0,519.0,96.0
2025-04-02T13:00,11.8,49,999.5,0,3.91,4,0.70,646.0,549.0,97.0
2025-04-02T14:00,12.0,44,999.7,0,3.85,360,0.78,617.0,514.0,103.0
2025-04-02T15:00,12.2,39,999.5,0,3.86,357,0.87,562.0,467.0,95.0
2025-04-02T16:00,12.5,35,999.4,0,3.55,350,0.94,458.0,371.0,87.0
2025-04-02T17:00,12.0,37,999.3,0,3.41,349,0.88,327.0,251.0,76.0
2025-04-02T18:00,11.2,41,999.1,0,2.83,347,0.79,181.0,123.0,58.0
2025-04-02T19:00,9.8,46,999.1,0,2.40,343,0.65,50.0,26.0,24.0
2025-04-02T20:00,8.6,52,999.0,0,2.09,327,0.54,0.0,0.0,0.0
2025-04-02T21:00,7.7,56,999.3,0,2.38,330,0.46,0.0,0.0,0.0
2025-04-02T22:00,7.1,59,999.2,0,2.00,323,0.41,0.0,0.0,0.0
2025-04-02T23:00,6.5,62,998.8,1,1.90,300,0.37,0.0,0.0,0.0
2025-04-03T00:00,5.9,66,998.7,82,2.16,283,0.32,0.0,0.0,0.0
2025-04-03T01:00,5.4,69,998.4,99,2.43,279,0.28,0.0,0.0,0.0
2025-04-03T02:00,5.1,72,998.3,100,2.49,285,0.25,0.0,0.0,0.0
2025-04-03T03:00,5.3,74,998.3,100,2.51,299,0.23,0.0,0.0,0.0
2025-04-03T04:00,5.1,73,998.1,99,2.32,303,0.24,0.0,0.0,0.0
2025-04-03T05:00,4.9,76,998.1,99,2.40,315,0.21,0.0,0.0,0.0
2025-04-03T06:00,4.6,79,998.3,21,2.39,323,0.18,0.0,0.0,0.0
2025-04-03T07:00,4.6,81,998.8,5,2.48,326,0.16,39.0,18.0,21.0
2025-04-03T08:00,5.5,80,999.3,77,1.98,315,0.18,160.0,103.0,57.0
2025-04-03T09:00,6.9,76,999.4,58,2.04,324,0.24,295.0,207.0,88.0
2025-04-03T10:00,8.4,68,999.6,6,2.00,328,0.35,423.0,317.0,106.0
2025-04-03T11:00,9.7,60,999.5,0,2.11,324,0.48,523.0,407.0,116.0
2025-04-03T12:00,10.9,50,999.2,0,2.68,333,0.66,608.0,508.0,100.0
2025-04-03T13:00,11.7,44,999.0,0,2.82,337,0.77,633.0,530.0,103.0
2025-04-03T14:00,12.2,42,998.9,0,2.75,333,0.82,614.0,512.0,102.0
2025-04-03T15:00,12.5,41,998.8,0,2.97,333,0.86,551.0,454.0,97.0
2025-04-03T16:00,13.2,34,998.3,0,3.38,335,0.99,454.0,367.0,87.0
2025-04-03T17:00,12.8,38,998.1,0,2.87,337,0.92,324.0,247.0,77.0
2025-04-03T18:00,12.1,43,997.9,0,2.15,335,0.80,180.0,121.0,59.0
2025-04-03T19:00,10.7,50,997.8,0,1.70,332,0.64,52.0,26.0,26.0
2025-04-03T20:00,9.6,54,997.7,14,1.25,323,0.54,0.0,0.0,0.0
2025-04-03T21:00,8.1,64,997.5,51,1.14,299,0.39,0.0,0.0,0.0
2025-04-03T22:00,7.3,64,997.4,51,1.20,272,0.37,0.0,0.0,0.0
2025-04-03T23:00,6.4,67,997.0,100,1.64,258,0.32,0.0,0.0,0.0
2025-04-04T00:00,5.5,70,996.4,100,1.82,254,0.27,0.0,0.0,0.0
2025-04-04T01:00,4.9,72,995.9,100,1.98,249,0.24,0.0,0.0,0.0
2025-04-04T02:00,4.6,72,995.2,68,2.32,251,0.24,0.0,0.0,0.0
2025-04-04T03:00,4.3,71,994.4,23,2.53,248,0.24,0.0,0.0,0.0
2025-04-04T04:00,3.9,71,993.4,15,2.72,250,0.23,0.0,0.0,0.0
2025-04-04T05:00,3.5,75,992.6,28,2.94,249,0.20,0.0,0.0,0.0
2025-04-04T06:00,3.6,76,991.6,20,3.31,243,0.19,0.0,0.0,0.0
2025-04-04T07:00,4.6,76,990.6,45,3.67,242,0.20,43.0,19.0,24.0
2025-04-04T08:00,6.6,74,989.5,62,3.94,246,0.25,162.0,98.0,64.0
2025-04-04T09:00,8.5,73,988.4,27,3.18,240,0.30,290.0,188.0,102.0
2025-04-04T10:00,10.7,64,987.4,41,4.43,252,0.46,438.0,342.0,96.0
2025-04-04T11:00,12.1,58,986.4,0,4.65,262,0.59,546.0,446.0,100.0
2025-04-04T12:00,13.3,55,985.6,0,4.55,262,0.69,614.0,514.0,100.0
2025-04-04T13:00,14.4,49,985.0,0,4.66,261,0.84,641.0,539.0,102.0
2025-04-04T14:00,15.1,41,984.4,100,5.15,271,1.01,622.0,525.0,97.0
2025-04-04T15:00,14.7,39,983.8,44,5.32,279,1.01,362.0,174.0,188.0
2025-04-04T16:00,15.5,37,983.0,100,4.86,282,1.10,327.0,166.0,161.0
2025-04-04T17:00,14.2,38,982.9,99,4.85,296,1.00,158.0,32.0,126.0
2025-04-04T18:00,12.5,36,983.3,99,5.14,307,0.93,120.0,34.0,86.0
2025-04-04T19:00,10.8,40,984.0,100,4.42,315,0.77,46.0,17.0,29.0
2025-04-04T20:00,9.1,45,984.8,35,4.25,333,0.64,0.0,0.0,0.0
2025-04-04T21:00,7.5,50,985.1,0,3.63,330,0.52,0.0,0.0,0.0
2025-04-04T22:00,6.3,54,985.4,0,2.88,321,0.44,0.0,0.0,0.0
2025-04-04T23:00,5.3,59,985.3,0,2.48,312,0.37,0.0,0.0,0.0
2025-04-05T00:00,4.5,63,985.3,0,2.13,300,0.31,0.0,0.0,0.0
2025-04-05T01:00,3.7,66,985.3,14,2.15,292,0.27,0.0,0.0,0.0
2025-04-05T02:00,2.9,69,985.4,48,2.15,306,0.23,0.0,0.0,0.0
2025-04-05T03:00,2.6,71,985.3,98,1.88,312,0.21,0.0,0.0,0.0
2025-04-05T04:00,2.9,68,984.5,97,1.43,306,0.24,0.0,0.0,0.0
2025-04-05T05:00,2.9,70,984.4,99,1.25,307,0.22,0.0,0.0,0.0
2025-04-05T06:00,2.9,72,984.6,100,1.38,319,0.21,0.0,0.0,0.0
2025-04-05T07:00,3.1,73,984.6,100,1.57,333,0.21,23.0,0.0,23.0
2025-04-05T08:00,3.5,72,984.8,91,1.70,3,0.22,80.0,9.0,71.0
2025-04-05T09:00,4.0,70,985.0,82,1.82,21,0.24,216.0,87.0,129.0
2025-04-05T10:00,4.4,69,985.4,72,1.31,7,0.26,305.0,154.0,151.0
2025-04-05T11:00,4.9,69,985.6,50,1.64,12,0.27,385.0,199.0,186.0
2025-04-05T12:00,5.2,67,985.5,84,2.14,21,0.29,383.0,159.0,224.0
2025-04-05T13:00,5.6,63,985.6,55,2.55,26,0.34,434.0,237.0,197.0
2025-04-05T14:00,6.0,58,985.4,69,2.42,38,0.39,465.0,253.0,212.0
2025-04-05T15:00,6.1,55,985.5,100,2.83,46,0.42,376.0,171.0,205.0
2025-04-05T16:00,6.1,49,985.5,100,2.77,51,0.48,350.0,197.0,153.0
2025-04-05T17:00,5.9,48,985.7,99,3.08,48,0.49,162.0,18.0,144.0
2025-04-05T18:00,5.6,48,985.8,100,3.24,38,0.47,76.0,1.0,75.0
2025-04-05T19:00,4.4,52,986.4,100,4.52,35,0.40,32.0,3.0,29.0
2025-04-05T20:00,3.2,57,987.1,100,4.42,38,0.33,0.0,0.0,0.0
2025-04-05T21:00,2.4,58,987.4,100,4.34,35,0.31,0.0,0.0,0.0
2025-04-05T22:00,1.9,58,987.7,100,4.43,37,0.29,0.0,0.0,0.0
2025-04-05T23:00,1.2,60,987.9,100,4.49,35,0.27,0.0,0.0,0.0
2025-04-06T00:00,0.5,62,987.8,100,4.56,35,0.24,0.0,0.0,0.0
2025-04-06T01:00,-0.2,65,988.2,100,4.83,39,0.21,0.0,0.0,0.0
2025-04-06T02:00,-1.0,69,988.1,100,4.96,41,0.18,0.0,0.0,0.0
2025-04-06T03:00,-1.7,72,988.0,100,5.01,39,0.15,0.0,0.0,0.0
2025-04-06T04:00,-1.8,75,987.6,100,4.72,34,0.14,0.0,0.0,0.0
2025-04-06T05:00,-2.2,79,987.1,100,4.92,28,0.11,0.0,0.0,0.0
2025-04-06T06:00,-2.7,84,987.4,100,4.88,28,0.08,0.0,0.0,0.0
2025-04-06T07:00,-2.9,85,987.0,100,5.23,32,0.07,7.0,0.0,7.0
2025-04-06T08:00,-2.9,87,987.3,100,5.35,28,0.06,34.0,0.0,34.0
2025-04-06T09:00,-2.8,87,987.6,100,5.69,34,0.07,73.0,0.0,73.0
2025-04-06T10:00,-2.5,86,987.9,100,6.18,37,0.07,106.0,0.0,106.0
2025-04-06T11:00,-2.2,85,988.6,100,5.64,33,0.08,173.0,1.0,172.0
2025-04-06T12:00,-2.0,83,988.7,100,5.92,30,0.09,177.0,0.0,177.0
2025-04-06T13:00,-1.9,83,988.8,100,5.37,29,0.09,178.0,0.0,178.0
2025-04-06T14:00,-1.8,82,989.0,100,5.86,31,0.09,180.0,0.0,180.0
2025-04-06T15:00,-1.7,82,989.2,100,5.54,31,0.10,225.0,1.0,224.0
2025-04-06T16:00,-1.7,80,989.4,100,5.04,37,0.11,206.0,1.0,205.0
2025-04-06T17:00,-1.8,80,989.4,100,4.66,38,0.11,93.0,0.0,93.0
2025-04-06T18:00,-1.9,81,989.6,100,4.73,36,0.10,41.0,0.0,41.0
2025-04-06T19:00,-2.1,83,989.9,100,4.85,41,0.09,18.0,0.0,18.0
2025-04-06T20:00,-2.2,85,990.4,100,4.56,45,0.08,0.0,0.0,0.0
2025-04-06T21:00,-2.3,86,990.1,100,4.70,45,0.07,0.0,0.0,0.0
2025-04-06T22:00,-2.4,86,989.8,100,4.88,45,0.07,0.0,0.0,0.0
2025-04-06T23:00,-2.4,87,989.5,100,4.92,48,0.07,0.0,0.0,0.0
2025-04-07T00:00,-2.4,87,989.2,100,4.95,47,0.07,0.0,0.0,0.0
2025-04-07T01:00,-2.5,88,988.8,100,5.03,49,0.06,0.0,0.0,0.0
2025-04-07T02:00,-2.6,89,988.3,100,5.05,51,0.06,0.0,0.0,0.0
2025-04-07T03:00,-2.6,89,987.5,100,5.34,52,0.06,0.0,0.0,0.0
2025-04-07T04:00,-2.8,88,987.1,100,5.13,55,0.06,0.0,0.0,0.0
2025-04-07T05:00,-2.7,90,987.0,100,4.85,58,0.05,0.0,0.0,0.0
2025-04-07T06:00,-2.7,90,986.3,100,4.99,57,0.05,0.0,0.0,0.0
2025-04-07T07:00,-2.5,91,986.5,100,4.36,62,0.05,14.0,0.0,14.0
2025-04-07T08:00,-2.3,90,986.7,100,3.89,62,0.05,57.0,0.0,57.0
2025-04-07T09:00,-2.0,90,987.1,100,2.94,58,0.05,100.0,1.0,99.0
2025-04-07T10:00,-1.7,90,987.4,100,3.31,63,0.05,154.0,1.0,153.0
2025-04-07T11:00,-1.3,89,987.5,100,3.26,75,0.06,247.0,5.0,242.0
2025-04-07T12:00,-0.7,88,987.9,100,2.80,93,0.07,375.0,21.0,354.0
2025-04-07T13:00,-0.2,88,988.5,100,2.06,116,0.07,383.0,17.0,366.0
2025-04-07T14:00,0.2,87,989.0,100,1.88,151,0.08,361.0,24.0,337.0
2025-04-07T15:00,0.6,86,989.4,98,1.05,155,0.09,334.0,27.0,307.0
2025-04-07T16:00,0.4,86,989.2,58,1.82,58,0.09,400.0,85.0,315.0
2025-04-07T17:00,0.5,85,989.5,94,1.10,47,0.10,353.0,201.0,152.0
2025-04-07T18:00,0.1,84,989.6,96,1.80,13,0.10,177.0,58.0,119.0
2025-04-07T19:00,-0.4,86,990.0,100,1.55,21,0.08,41.0,4.0,37.0
2025-04-07T20:00,-0.3,90,990.2,99,2.67,38,0.06,1.0,0.0,1.0
2025-04-07T21:00,-0.9,87,990.0,97,3.00,37,0.08,0.0,0.0,0.0
2025-04-07T22:00,-1.4,94,990.3,100,2.69,43,0.04,0.0,0.0,0.0
2025-04-07T23:00,-1.6,93,990.1,100,2.64,61,0.04,0.0,0.0,0.0
2025-04-08T00:00,-1.6,91,990.2,83,2.27,68,0.05,0.0,0.0,0.0
2025-04-08T01:00,-2.1,91,990.4,82,2.31,60,0.05,0.0,0.0,0.0
2025-04-08T02:00,-2.5,93,989.9,90,2.08,55,0.04,0.0,0.0,0.0
2025-04-08T03:00,-2.8,94,989.9,100,2.06,41,0.03,0.0,0.0,0.0
2025-04-08T04:00,-1.4,94,989.6,100,2.71,30,0.04,0.0,0.0,0.0
2025-04-08T05:00,-1.4,93,989.3,100,3.01,32,0.04,0.0,0.0,0.0
2025-04-08T06:00,-1.4,92,989.0,100,3.29,33,0.04,1.0,0.0,1.0
2025-04-08T07:00,-1.5,91,988.9,100,3.39,31,0.05,24.0,0.0,24.0
2025-04-08T08:00,-1.5,90,989.0,100,2.69,22,0.06,93.0,0.0,93.0
2025-04-08T09:00,-1.5,89,989.1,100,3.16,23,0.06,163.0,2.0,161.0
2025-04-08T10:00,-1.5,88,989.1,100,3.45,24,0.07,219.0,4.0,215.0
2025-04-08T11:00,-1.3,88,988.8,100,3.76,25,0.07,292.0,5.0,287.0
2025-04-08T12:00,-1.0,86,988.9,100,3.58,25,0.08,285.0,4.0,281.0
2025-04-08T13:00,-0.6,84,988.7,100,3.58,23,0.09,365.0,11.0,354.0
2025-04-08T14:00,-0.7,85,988.9,100,3.31,15,0.09,285.0,4.0,281.0
2025-04-08T15:00,-0.8,87,988.6,100,3.14,9,0.08,249.0,0.0,249.0
2025-04-08T16:00,-0.9,91,987.6,100,3.01,356,0.05,234.0,0.0,234.0
2025-04-08T17:00,-1.0,93,987.4,100,2.53,351,0.04,187.0,0.0,187.0
2025-04-08T18:00,-1.1,92,987.1,100,2.65,349,0.05,88.0,0.0,88.0
2025-04-08T19:00,-1.3,93,987.0,100,2.97,343,0.04,21.0,0.0,21.0
2025-04-08T20:00,-1.5,92,986.8,100,3.58,353,0.04,1.0,0.0,1.0
2025-04-08T21:00,-1.7,90,986.5,100,3.67,354,0.05,0.0,0.0,0.0
2025-04-08T22:00,-2.0,91,986.1,100,3.29,343,0.05,0.0,0.0,0.0
2025-04-08T23:00,-2.2,91,985.6,100,3.36,337,0.05,0.0,0.0,0.0
2025-04-09T00:00,-2.3,90,985.1,100,3.28,329,0.05,0.0,0.0,0.0
2025-04-09T01:00,-2.4,90,985.0,100,3.34,321,0.05,0.0,0.0,0.0
2025-04-09T02:00,-2.6,90,984.5,100,3.37,310,0.05,0.0,0.0,0.0
2025-04-09T03:00,-2.8,90,984.3,100,3.69,306,0.05,0.0,0.0,0.0
2025-04-09T04:00,-2.9,86,984.0,100,4.39,311,0.07,0.0,0.0,0.0
2025-04-09T05:00,-2.9,85,983.9,100,4.52,305,0.07,0.0,0.0,0.0
2025-04-09T06:00,-3.2,87,983.9,100,4.10,294,0.06,1.0,0.0,1.0
2025-04-09T07:00,-3.5,85,984.1,100,4.03,290,0.07,51.0,0.0,51.0
2025-04-09T08:00,-3.4,82,984.4,100,4.42,280,0.09,159.0,9.0,150.0
2025-04-09T09:00,-3.0,82,984.9,100,4.01,274,0.09,309.0,74.0,235.0
2025-04-09T10:00,-2.6,78,985.2,100,3.96,274,0.11,366.0,53.0,313.0
2025-04-09T11:00,-2.4,75,985.5,100,4.80,278,0.13,522.0,95.0,427.0
2025-04-09T12:00,-1.9,71,985.6,100,4.10,272,0.15,588.0,138.0,450.0
2025-04-09T13:00,-1.4,69,985.8,100,4.10,270,0.17,648.0,226.0,422.0
2025-04-09T14:00,-0.6,62,985.9,100,3.88,263,0.22,607.0,190.0,417.0
2025-04-09T15:00,-0.8,66,986.2,100,4.29,251,0.20,426.0,52.0,374.0
2025-04-09T16:00,-0.6,65,985.9,100,3.89,244,0.21,347.0,71.0,276.0
2025-04-09T17:00,-0.7,63,986.0,100,4.01,246,0.21,280.0,80.0,200.0
2025-04-09T18:00,-0.9,63,985.8,97,3.72,237,0.21,154.0,7.0,147.0
2025-04-09T19:00,-1.5,66,985.6,99,3.68,222,0.19,69.0,11.0,58.0
2025-04-09T20:00,-2.2,68,985.9,100,3.75,217,0.17,3.0,0.0,3.0
2025-04-09T21:00,-2.4,69,985.8,100,3.94,213,0.16,0.0,0.0,0.0
2025-04-09T22:00,-2.7,73,985.8,99,4.04,214,0.14,0.0,0.0,0.0
2025-04-09T23:00,-3.1,74,985.4,100,4.14,210,0.13,0.0,0.0,0.0
2025-04-10T00:00,-3.2,76,985.0,100,3.96,206,0.11,0.0,0.0,0.0
2025-04-10T01:00,-3.2,78,984.6,100,3.76,205,0.11,0.0,0.0,0.0
2025-04-10T02:00,-3.9,79,984.2,84,3.49,205,0.10,0.0,0.0,0.0
2025-04-10T03:00,-4.8,81,983.8,92,3.30,202,0.08,0.0,0.0,0.0
2025-04-10T04:00,-4.4,81,983.4,95,3.09,203,0.08,0.0,0.0,0.0
2025-04-10T05:00,-4.5,83,983.2,100,2.95,204,0.08,0.0,0.0,0.0
2025-04-10T06:00,-4.2,84,983.2,100,2.96,196,0.07,2.0,0.0,2.0
2025-04-10T07:00,-3.5,83,983.3,100,3.14,189,0.08,53.0,0.0,53.0
2025-04-10T08:00,-2.9,82,983.5,100,3.11,186,0.09,147.0,7.0,140.0
2025-04-10T09:00,-2.4,80,983.8,100,2.85,182,0.10,211.0,1.0,210.0
2025-04-10T10:00,-1.9,80,984.0,100,2.29,160,0.11,328.0,26.0,302.0
2025-04-10T11:00,-1.3,79,984.3,100,2.98,188,0.11,461.0,49.0,412.0
2025-04-10T12:00,-0.6,78,984.4,100,3.21,191,0.13,525.0,69.0,456.0
2025-04-10T13:00,0.1,77,984.6,100,2.86,185,0.14,470.0,21.0,449.0
2025-04-10T14:00,0.4,80,984.8,100,2.45,182,0.13,387.0,2.0,385.0
2025-04-10T15:00,0.6,82,985.1,100,1.71,175,0.12,306.0,0.0,306.0
2025-04-10T16:00,0.9,82,985.3,100,0.54,158,0.12,285.0,7.0,278.0
2025-04-10T17:00,1.0,82,985.5,100,0.25,127,0.12,249.0,9.0,240.0
2025-04-10T18:00,0.9,84,985.9,100,0.43,69,0.11,108.0,0.0,108.0
2025-04-10T19:00,0.1,88,986.1,100,0.47,72,0.08,46.0,1.0,45.0
2025-04-10T20:00,-0.3,90,986.4,100,0.63,72,0.06,2.0,0.0,2.0
2025-04-10T21:00,-1.6,92,986.5,48,0.85,93,0.04,0.0,0.0,0.0
2025-04-10T22:00,-3.4,96,986.6,100,0.40,120,0.02,0.0,0.0,0.0
2025-04-10T23:00,-3.1,96,986.8,81,0.56,207,0.02,0.0,0.0,0.0
2025-04-11T00:00,-3.1,97,986.8,90,1.25,217,0.01,0.0,0.0,0.0
2025-04-11T01:00,-3.8,97,986.7,71,1.10,231,0.01,0.0,0.0,0.0
2025-04-11T02:00,-4.1,98,986.5,100,0.86,263,0.01,0.0,0.0,0.0
2025-04-11T03:00,-3.9,98,986.6,99,1.49,230,0.01,0.0,0.0,0.0
2025-04-11T04:00,-2.7,99,986.5,100,1.01,200,0.01,0.0,0.0,0.0
2025-04-11T05:00,-4.8,97,986.3,100,1.14,203,0.01,0.0,0.0,0.0
2025-04-11T06:00,-5.2,97,986.3,100,1.12,243,0.01,3.0,0.0,3.0
2025-04-11T07:00,-5.2,97,986.6,100,0.95,270,0.01,59.0,3.0,56.0
2025-04-11T08:00,-4.1,98,986.7,100,1.11,234,0.01,159.0,21.0,138.0
2025-04-11T09:00,-2.6,96,987.0,99,1.49,222,0.02,325.0,98.0,227.0
2025-04-11T10:00,-0.7,92,987.0,27,1.84,225,0.05,485.0,215.0,270.0
2025-04-11T11:00,0.7,85,986.9,99,1.66,201,0.10,637.0,460.0,177.0
2025-04-11T12:00,1.7,80,986.6,100,1.82,188,0.13,687.0,452.0,235.0
2025-04-11T13:00,2.2,74,986.4,100,2.51,193,0.19,537.0,161.0,376.0
2025-04-11T14:00,2.3,73,986.3,100,3.22,208,0.19,526.0,117.0,409.0
2025-04-11T15:00,2.3,73,986.0,100,3.04,213,0.19,452.0,67.0,385.0
2025-04-11T16:00,2.4,72,985.2,100,3.16,215,0.20,343.0,51.0,292.0
2025-04-11T17:00,2.4,73,984.8,95,3.27,214,0.20,238.0,21.0,217.0
2025-04-11T18:00,1.9,71,985.2,99,3.93,223,0.20,193.0,62.0,131.0
2025-04-11T19:00,1.4,71,985.2,100,3.54,223,0.19,66.0,10.0,56.0
2025-04-11T20:00,0.8,73,985.6,100,3.43,227,0.18,4.0,0.0,4.0
2025-04-11T21:00,0.4,76,985.7,100,3.29,237,0.15,0.0,0.0,0.0
2025-04-11T22:00,-0.1,77,985.3,100,3.25,233,0.14,0.0,0.0,0.0
2025-04-11T23:00,-0.6,80,985.0,100,3.22,234,0.12,0.0,0.0,0.0
2025-04-12T00:00,-0.7,81,984.9,100,3.46,233,0.11,0.0,0.0,0.0
2025-04-12T01:00,-0.8,82,984.7,100,3.80,230,0.10,0.0,0.0,0.0
2025-04-12T02:00,-0.8,83,984.6,100,3.77,231,0.10,0.0,0.0,0.0
2025-04-12T03:00,-0.9,85,984.6,100,3.80,237,0.09,0.0,0.0,0.0
2025-04-12T04:00,-1.0,85,985.2,100,3.33,244,0.09,0.0,0.0,0.0
2025-04-12T05:00,-1.0,87,985.2,76,3.34,253,0.07,0.0,0.0,0.0
2025-04-12T06:00,-1.2,90,985.8,100,3.40,270,0.06,3.0,0.0,3.0
2025-04-12T07:00,-0.9,89,986.7,100,3.42,295,0.06,51.0,1.0,50.0
2025-04-12T08:00,-1.3,85,987.8,100,3.57,301,0.08,144.0,12.0,132.0
2025-04-12T09:00,-1.1,80,989.0,100,3.73,305,0.11,230.0,26.0,204.0
2025-04-12T10:00,-1.2,78,990.1,100,3.62,305,0.13,258.0,11.0,247.0
2025-04-12T11:00,-1.1,76,991.2,100,3.40,298,0.13,388.0,23.0,365.0
2025-04-12T12:00,-0.6,73,992.3,98,3.62,298,0.16,482.0,67.0,415.0
2025-04-12T13:00,0.1,68,992.9,89,3.38,294,0.20,545.0,107.0,438.0
2025-04-12T14:00,0.6,61,993.1,76,3.04,284,0.25,586.0,205.0,381.0
2025-04-12T15:00,1.1,60,993.0,89,2.55,272,0.27,582.0,298.0,284.0
2025-04-12T16:00,2.8,45,992.2,100,2.20,253,0.41,474.0,266.0,208.0
2025-04-12T17:00,2.6,51,992.3,100,2.10,252,0.36,336.0,173.0,163.0
2025-04-12T18:00,2.0,56,991.9,100,2.21,242,0.31,145.0,12.0,133.0
2025-04-12T19:00,1.4,63,992.0,100,3.43,236,0.25,55.0,1.0,54.0
2025-04-12T20:00,0.6,66,992.1,100,3.15,243,0.22,3.0,0.0,3.0
2025-04-12T21:00,0.4,66,992.1,100,2.73,242,0.21,0.0,0.0,0.0
2025-04-12T22:00,0.1,71,992.3,100,3.59,249,0.18,0.0,0.0,0.0
2025-04-12T23:00,-0.5,80,992.1,100,3.33,242,0.12,0.0,0.0,0.0
2025-04-13T00:00,-0.7,84,991.7,100,3.38,236,0.09,0.0,0.0,0.0
2025-04-13T01:00,-0.7,87,991.6,100,3.22,237,0.08,0.0,0.0,0.0
2025-04-13T02:00,-0.8,90,991.6,100,3.01,238,0.06,0.0,0.0,0.0
2025-04-13T03:00,-0.7,91,991.7,100,2.94,238,0.05,0.0,0.0,0.0
2025-04-13T04:00,-0.5,92,992.3,100,2.25,233,0.05,0.0,0.0,0.0
2025-04-13T05:00,-0.3,93,992.3,99,2.40,239,0.04,0.0,0.0,0.0
2025-04-13T06:00,-0.9,93,992.8,89,1.61,254,0.04,4.0,0.0,4.0
2025-04-13T07:00,-0.6,94,993.4,94,1.49,256,0.04,71.0,20.0,51.0
2025-04-13T08:00,0.4,92,994.2,32,1.40,274,0.05,214.0,107.0,107.0
2025-04-13T09:00,1.3,88,995.1,81,1.43,299,0.08,368.0,224.0,144.0
2025-04-13T10:00,2.1,84,995.9,66,1.13,311,0.11,479.0,266.0,213.0
2025-04-13T11:00,2.8,76,996.4,86,1.17,313,0.18,512.0,223.0,289.0
2025-04-13T12:00,3.4,72,996.8,39,0.78,310,0.22,656.0,391.0,265.0
2025-04-13T13:00,3.9,70,997.3,0,0.30,261,0.25,681.0,486.0,195.0
2025-04-13T14:00,4.3,69,997.6,0,0.46,221,0.26,692.0,556.0,136.0
2025-04-13T15:00,4.8,68,997.8,0,0.60,204,0.28,622.0,506.0,116.0
2025-04-13T16:00,8.5,47,998.3,0,0.78,285,0.59,507.0,410.0,97.0
2025-04-13T17:00,8.7,45,998.6,0,0.81,313,0.62,372.0,287.0,85.0
2025-04-13T18:00,8.6,45,998.8,0,0.71,315,0.61,224.0,156.0,68.0
2025-04-13T19:00,7.7,58,999.2,0,0.27,202,0.44,86.0,46.0,40.0
2025-04-13T20:00,6.6,56,1000.0,100,1.40,178,0.43,6.0,1.0,5.0
2025-04-13T21:00,5.4,63,1000.4,11,1.80,180,0.33,0.0,0.0,0.0
2025-04-13T22:00,4.3,67,1001.1,2,2.22,188,0.28,0.0,0.0,0.0
2025-04-13T23:00,3.6,67,1001.5,5,2.36,197,0.26,0.0,0.0,0.0
2025-04-14T00:00,2.6,71,1001.7,1,2.15,208,0.21,0.0,0.0,0.0
2025-04-14T01:00,1.7,75,1002.3,6,2.29,238,0.17,0.0,0.0,0.0
2025-04-14T02:00,1.1,76,1003.0,2,2.13,246,0.16,0.0,0.0,0.0
2025-04-14T03:00,0.7,77,1003.4,4,2.04,239,0.15,0.0,0.0,0.0
2025-04-14T04:00,1.1,80,1003.4,11,1.74,229,0.13,0.0,0.0,0.0
2025-04-14T05:00,0.8,82,1003.7,15,1.84,229,0.12,0.0,0.0,0.0
2025-04-14T06:00,0.7,84,1004.5,0,1.82,233,0.11,6.0,1.0,5.0
2025-04-14T07:00,1.4,84,1005.2,2,1.70,227,0.11,87.0,47.0,40.0
2025-04-14T08:00,2.8,82,1005.6,15,1.20,197,0.13,226.0,156.0,70.0
2025-04-14T09:00,4.9,78,1006.0,51,1.25,185,0.20,373.0,286.0,87.0
2025-04-14T10:00,6.9,66,1006.1,57,2.53,189,0.33,504.0,400.0,104.0
2025-04-14T11:00,8.0,59,1006.0,90,3.23,188,0.44,610.0,496.0,114.0
2025-04-14T12:00,9.0,56,1005.9,78,3.39,188,0.51,667.0,530.0,137.0
2025-04-14T13:00,9.8,54,1005.8,99,3.27,187,0.56,691.0,554.0,137.0
2025-04-14T14:00,10.7,50,1005.7,93,3.32,187,0.64,665.0,525.0,140.0
2025-04-14T15:00,11.3,48,1005.5,76,3.35,190,0.69,610.0,498.0,112.0
2025-04-14T16:00,11.7,43,1004.9,0,3.45,190,0.79,511.0,411.0,100.0
2025-04-14T17:00,11.6,43,1004.8,15,3.46,194,0.77,379.0,292.0,87.0
2025-04-14T18:00,11.1,47,1004.4,39,2.96,192,0.69,230.0,160.0,70.0
2025-04-14T19:00,10.1,51,1004.5,19,3.02,192,0.61,90.0,47.0,43.0
2025-04-14T20:00,9.0,55,1004.5,23,2.90,178,0.51,7.0,2.0,5.0
2025-04-14T21:00,8.4,58,1004.0,36,3.24,171,0.46,0.0,0.0,0.0
2025-04-14T22:00,7.9,61,1004.1,94,3.31,177,0.41,0.0,0.0,0.0
2025-04-14T23:00,7.7,63,1004.3,97,3.47,186,0.39,0.0,0.0,0.0
2025-04-15T00:00,7.4,64,1004.3,100,3.45,190,0.37,0.0,0.0,0.0
2025-04-15T01:00,7.1,67,1004.2,87,3.51,191,0.33,0.0,0.0,0.0
2025-04-15T02:00,6.6,70,1004.1,4,3.30,198,0.29,0.0,0.0,0.0
2025-04-15T03:00,6.2,73,1004.1,37,3.13,205,0.26,0.0,0.0,0.0
2025-04-15T04:00,7.7,71,1003.7,99,3.15,205,0.30,0.0,0.0,0.0
2025-04-15T05:00,7.5,72,1003.7,100,3.27,203,0.29,0.0,0.0,0.0
2025-04-15T06:00,7.3,72,1003.9,100,3.31,207,0.29,7.0,0.0,7.0
2025-04-15T07:00,7.7,70,1004.1,100,3.32,211,0.32,72.0,11.0,61.0
2025-04-15T08:00,8.6,68,1004.1,100,2.97,213,0.36,156.0,28.0,128.0
2025-04-15T09:00,9.6,67,1004.3,100,2.73,206,0.39,267.0,70.0,197.0
2025-04-15T10:00,11.2,64,1004.3,100,2.77,206,0.48,376.0,136.0,240.0
2025-04-15T11:00,13.1,57,1004.4,41,3.24,207,0.65,521.0,293.0,228.0
2025-04-15T12:00,14.9,51,1004.3,41,3.62,206,0.83,654.0,515.0,139.0
2025-04-15T13:00,16.5,44,1004.2,96,4.28,225,1.04,682.0,548.0,134.0
2025-04-15T14:00,16.6,42,1004.2,100,4.50,241,1.10,507.0,224.0,283.0
2025-04-15T15:00,16.0,47,1004.3,100,3.34,240,0.97,247.0,95.0,152.0
2025-04-15T16:00,17.1,38,1003.9,81,4.28,233,1.20,468.0,343.0,125.0
2025-04-15T17:00,16.5,43,1004.0,45,3.56,236,1.07,308.0,178.0,130.0
2025-04-15T18:00,15.5,46,1003.8,29,3.15,234,0.95,173.0,78.0,95.0
2025-04-15T19:00,14.5,50,1004.2,48,2.95,236,0.83,77.0,31.0,46.0
2025-04-15T20:00,13.3,54,1004.9,100,2.62,235,0.70,6.0,1.0,5.0
2025-04-15T21:00,12.8,58,1005.3,95,2.40,234,0.63,0.0,0.0,0.0
2025-04-15T22:00,12.0,61,1005.7,100,2.23,230,0.55,0.0,0.0,0.0
2025-04-15T23:00,11.5,63,1006.1,89,2.19,243,0.50,0.0,0.0,0.0
2025-04-16T00:00,10.6,64,1006.7,17,2.10,269,0.45,0.0,0.0,0.0
2025-04-16T01:00,9.4,69,1007.3,12,1.41,276,0.36,0.0,0.0,0.0
2025-04-16T02:00,8.6,72,1007.7,6,1.53,251,0.32,0.0,0.0,0.0
2025-04-16T03:00,7.9,72,1007.9,7,1.96,238,0.29,0.0,0.0,0.0
2025-04-16T04:00,8.8,71,1008.0,0,1.63,252,0.33,0.0,0.0,0.0
2025-04-16T05:00,7.7,76,1008.5,1,1.06,289,0.25,0.0,0.0,0.0
2025-04-16T06:00,7.2,78,1009.2,1,0.85,273,0.22,9.0,2.0,7.0
2025-04-16T07:00,7.7,77,1009.5,3,0.78,243,0.24,91.0,46.0,45.0
2025-04-16T08:00,9.1,77,1010.1,0,0.94,212,0.26,225.0,151.0,74.0
2025-04-16T09:00,11.1,72,1010.6,0,0.71,188,0.37,367.0,274.0,93.0
2025-04-16T10:00,13.2,66,1010.9,0,0.79,162,0.52,494.0,389.0,105.0
2025-04-16T11:00,14.9,61,1011.1,0,1.23,159,0.66,597.0,485.0,112.0
2025-04-16T12:00,16.3,57,1011.0,0,1.44,160,0.80,662.0,547.0,115.0
2025-04-16T13:00,17.5,51,1010.8,1,1.57,163,0.97,686.0,570.0,116.0
2025-04-16T14:00,18.5,44,1010.7,2,1.68,170,1.19,667.0,555.0,112.0
2025-04-16T15:00,19.1,38,1010.3,0,1.95,179,1.37,601.0,490.0,111.0
2025-04-16T16:00,19.9,30,1009.5,0,2.05,179,1.63,505.0,408.0,97.0
2025-04-16T17:00,19.6,32,1009.5,0,1.96,184,1.55,376.0,290.0,86.0
2025-04-16T18:00,18.6,40,1009.2,49,1.40,180,1.29,232.0,162.0,70.0
2025-04-16T19:00,17.3,46,1009.2,36,1.32,169,1.07,95.0,52.0,43.0
2025-04-16T20:00,15.4,52,1009.3,100,1.59,193,0.84,9.0,2.0,7.0
2025-04-16T21:00,14.4,52,1009.3,100,1.77,205,0.78,0.0,0.0,0.0
2025-04-16T22:00,13.5,53,1009.2,100,1.88,191,0.72,0.0,0.0,0.0
2025-04-16T23:00,12.6,55,1008.9,100,2.20,197,0.65,0.0,0.0,0.0
2025-04-17T00:00,11.7,56,1009.0,100,2.33,205,0.60,0.0,0.0,0.0
2025-04-17T01:00,11.0,58,1008.8,100,2.22,211,0.55,0.0,0.0,0.0
2025-04-17T02:00,10.3,59,1008.7,100,2.15,211,0.51,0.0,0.0,0.0
2025-04-17T03:00,9.7,61,1008.6,100,2.13,219,0.47,0.0,0.0,0.0
2025-04-17T04:00,9.5,60,1008.4,100,1.88,220,0.48,0.0,0.0,0.0
2025-04-17T05:00,8.9,63,1008.6,100,2.13,231,0.42,0.0,0.0,0.0
2025-04-17T06:00,8.4,66,1008.8,100,2.04,234,0.38,9.0,0.0,9.0
2025-04-17T07:00,8.6,68,1008.5,100,1.56,220,0.36,78.0,11.0,67.0
2025-04-17T08:00,9.7,69,1008.4,100,1.33,193,0.37,191.0,69.0,122.0
2025-04-17T09:00,11.3,68,1008.3,99,0.96,171,0.43,303.0,124.0,179.0
2025-04-17T10:00,13.8,65,1008.2,100,1.13,167,0.55,448.0,263.0,185.0
2025-04-17T11:00,15.7,56,1007.8,100,2.88,214,0.78,500.0,262.0,238.0
2025-04-17T12:00,14.5,62,1007.6,100,3.18,208,0.63,200.0,7.0,193.0
2025-04-17T13:00,13.9,66,1006.8,100,3.12,186,0.54,91.0,0.0,91.0
2025-04-17T14:00,15.0,64,1005.8,99,3.04,155,0.60,256.0,86.0,170.0
2025-04-17T15:00,17.1,57,1005.1,100,3.58,192,0.84,445.0,210.0,235.0
2025-04-17T16:00,17.7,51,1004.3,100,3.66,212,1.00,304.0,92.0,212.0
2025-04-17T17:00,17.7,51,1003.8,100,3.12,215,1.00,247.0,84.0,163.0
2025-04-17T18:00,16.6,55,1003.7,100,3.75,226,0.85,153.0,54.0,99.0
2025-04-17T19:00,15.1,66,1003.5,100,2.47,225,0.59,62.0,9.0,53.0
2025-04-17T20:00,14.4,70,1003.0,38,2.56,197,0.48,5.0,0.0,5.0
2025-04-17T21:00,13.9,71,1002.6,86,2.78,194,0.46,0.0,0.0,0.0
2025-04-17T22:00,13.4,70,1002.6,100,3.05,203,0.46,0.0,0.0,0.0
2025-04-17T23:00,13.1,67,1002.4,100,3.45,214,0.49,0.0,0.0,0.0
2025-04-18T00:00,12.9,69,1002.1,100,2.83,222,0.46,0.0,0.0,0.0
2025-04-18T01:00,12.4,73,1002.2,100,1.81,242,0.39,0.0,0.0,0.0
2025-04-18T02:00,11.8,76,1002.1,89,1.62,214,0.34,0.0,0.0,0.0
2025-04-18T03:00,11.4,76,1001.7,100,2.15,198,0.32,0.0,0.0,0.0
2025-04-18T04:00,12.1,78,1001.4,84,2.86,213,0.31,0.0,0.0,0.0
2025-04-18T05:00,11.5,79,1001.3,71,2.44,215,0.29,0.0,0.0,0.0
2025-04-18T06:00,11.1,79,1001.3,66,2.25,217,0.27,11.0,2.0,9.0
2025-04-18T07:00,11.6,79,1001.2,77,2.19,207,0.29,95.0,47.0,48.0
2025-04-18T08:00,12.4,79,1000.8,75,1.73,190,0.30,201.0,109.0,92.0
2025-04-18T09:00,13.6,77,1000.7,40,1.57,197,0.35,288.0,167.0,121.0
2025-04-18T10:00,15.5,72,1000.6,74,1.52,197,0.49,446.0,324.0,122.0
2025-04-18T11:00,17.3,67,1000.2,25,1.54,193,0.65,566.0,434.0,132.0
2025-04-18T12:00,19.1,61,1000.0,100,1.81,194,0.85,639.0,507.0,132.0
2025-04-18T13:00,20.7,54,999.7,83,2.21,208,1.12,668.0,515.0,153.0
2025-04-18T14:00,21.6,48,999.3,100,2.45,229,1.33,601.0,397.0,204.0
2025-04-18T15:00,21.7,47,999.0,100,2.29,238,1.36,411.0,166.0,245.0
2025-04-18T16:00,22.4,42,998.7,24,1.55,201,1.58,444.0,326.0,118.0
2025-04-18T17:00,22.3,43,998.3,32,1.27,191,1.53,330.0,233.0,97.0
2025-04-18T18:00,21.5,52,997.9,21,1.10,180,1.22,199.0,117.0,82.0
2025-04-18T19:00,19.6,64,997.8,31,1.12,190,0.82,86.0,44.0,42.0
2025-04-18T20:00,18.9,60,997.6,44,1.87,196,0.88,10.0,3.0,7.0
2025-04-18T21:00,17.8,63,997.3,63,2.09,197,0.75,0.0,0.0,0.0
2025-04-18T22:00,16.9,65,997.3,91,2.48,208,0.68,0.0,0.0,0.0
2025-04-18T23:00,16.2,66,997.0,8,2.54,216,0.62,0.0,0.0,0.0
2025-04-19T00:00,15.3,69,997.0,9,2.46,243,0.53,0.0,0.0,0.0
2025-04-19T01:00,14.5,73,997.2,28,2.47,234,0.45,0.0,0.0,0.0
2025-04-19T02:00,13.8,75,997.2,22,2.39,233,0.39,0.0,0.0,0.0
2025-04-19T03:00,12.8,81,997.5,58,2.94,223,0.29,0.0,0.0,0.0
2025-04-19T04:00,14.3,74,997.1,9,2.42,246,0.43,0.0,0.0,0.0
2025-04-19T05:00,13.7,77,996.9,4,2.69,248,0.36,0.0,0.0,0.0
2025-04-19T06:00,13.3,80,996.9,6,2.63,237,0.31,13.0,4.0,9.0
2025-04-19T07:00,13.9,79,997.0,5,2.42,243,0.34,103.0,55.0,48.0
2025-04-19T08:00,15.0,76,997.3,2,2.26,227,0.41,233.0,158.0,75.0
2025-04-19T09:00,16.7,70,997.2,34,1.92,242,0.57,367.0,270.0,97.0
2025-04-19T10:00,18.0,66,997.3,19,1.94,224,0.70,430.0,297.0,133.0
2025-04-19T11:00,19.8,60,997.3,29,2.34,220,0.93,559.0,427.0,132.0
2025-04-19T12:00,21.5,50,997.2,27,2.90,228,1.27,597.0,417.0,180.0
2025-04-19T13:00,22.8,43,997.1,27,3.45,236,1.58,636.0,452.0,184.0
2025-04-19T14:00,23.7,37,996.8,4,3.78,244,1.85,664.0,539.0,125.0
2025-04-19T15:00,23.8,35,996.7,7,3.99,248,1.91,605.0,493.0,112.0
2025-04-19T16:00,24.1,33,995.9,4,3.34,248,2.02,511.0,414.0,97.0
2025-04-19T17:00,23.7,36,995.7,0,2.67,247,1.87,383.0,297.0,86.0
2025-04-19T18:00,22.7,41,995.4,0,2.11,248,1.63,241.0,171.0,70.0
2025-04-19T19:00,21.1,47,995.3,1,1.96,238,1.32,105.0,59.0,46.0
2025-04-19T20:00,19.4,52,995.3,0,2.26,223,1.09,13.0,4.0,9.0
2025-04-19T21:00,18.0,56,995.4,0,2.74,218,0.90,0.0,0.0,0.0
2025-04-19T22:00,17.0,57,995.6,0,3.09,231,0.83,0.0,0.0,0.0
2025-04-19T23:00,16.1,59,995.7,0,3.11,237,0.76,0.0,0.0,0.0
2025-04-20T00:00,15.4,61,995.8,2,3.02,241,0.69,0.0,0.0,0.0
2025-04-20T01:00,14.6,63,995.8,0,2.95,242,0.61,0.0,0.0,0.0
2025-04-20T02:00,14.0,65,995.9,0,2.95,244,0.56,0.0,0.0,0.0
2025-04-20T03:00,13.5,66,995.7,0,2.84,242,0.52,0.0,0.0,0.0
2025-04-20T04:00,14.4,60,995.2,1,2.78,240,0.66,0.0,0.0,0.0
2025-04-20T05:00,13.7,62,995.1,5,2.80,235,0.60,0.0,0.0,0.0
2025-04-20T06:00,13.3,63,995.2,15,2.91,231,0.57,16.0,5.0,11.0
2025-04-20T07:00,13.8,62,995.6,20,2.80,230,0.61,113.0,64.0,49.0
2025-04-20T08:00,15.1,62,995.3,18,2.41,227,0.65,254.0,181.0,73.0
2025-04-20T09:00,17.0,58,995.4,3,1.95,230,0.80,401.0,313.0,88.0
2025-04-20T10:00,19.2,53,995.5,7,2.12,227,1.05,533.0,436.0,97.0
2025-04-20T11:00,21.3,43,995.8,21,2.74,232,1.44,636.0,532.0,104.0
2025-04-20T12:00,22.4,30,996.0,24,4.07,245,1.88,699.0,591.0,108.0
2025-04-20T13:00,22.8,30,995.9,3,3.96,242,1.95,720.0,608.0,112.0
2025-04-20T14:00,23.2,28,995.8,0,3.70,238,2.04,696.0,588.0,108.0
2025-04-20T15:00,23.3,27,995.6,0,3.52,235,2.08,631.0,528.0,103.0
2025-04-20T16:00,24.2,22,994.7,0,3.25,233,2.36,530.0,434.0,96.0
2025-04-20T17:00,23.9,23,994.5,0,3.15,227,2.29,399.0,313.0,86.0
2025-04-20T18:00,22.9,27,994.2,0,2.83,216,2.02,253.0,183.0,70.0
2025-04-20T19:00,21.2,33,994.2,0,2.75,209,1.68,112.0,66.0,46.0
2025-04-20T20:00,19.4,38,994.5,0,2.93,210,1.39,15.0,5.0,10.0
2025-04-20T21:00,18.0,42,994.7,0,2.93,210,1.21,0.0,0.0,0.0
2025-04-20T22:00,16.8,45,994.9,0,2.80,215,1.05,0.0,0.0,0.0
2025-04-20T23:00,15.8,48,995.1,0,2.65,224,0.92,0.0,0.0,0.0
2025-04-21T00:00,14.8,52,995.1,0,2.47,225,0.81,0.0,0.0,0.0
2025-04-21T01:00,13.9,55,995.2,0,2.30,228,0.72,0.0,0.0,0.0
2025-04-21T02:00,13.1,57,995.2,0,2.16,224,0.65,0.0,0.0,0.0
2025-04-21T03:00,12.3,60,995.2,0,2.16,228,0.58,0.0,0.0,0.0
2025-04-21T04:00,12.5,52,995.0,0,2.19,227,0.70,0.0,0.0,0.0
2025-04-21T05:00,11.8,54,994.9,1,2.26,223,0.64,0.0,0.0,0.0
2025-04-21T06:00,11.7,55,995.1,50,2.38,221,0.62,19.0,7.0,12.0
2025-04-21T07:00,12.6,52,995.4,100,2.42,218,0.70,117.0,63.0,54.0
2025-04-21T08:00,14.0,51,995.6,100,2.30,204,0.79,208.0,70.0,138.0
2025-04-21T09:00,16.1,46,995.5,100,1.90,207,0.98,337.0,157.0,180.0
2025-04-21T10:00,18.7,42,995.8,100,2.10,205,1.25,481.0,289.0,192.0
2025-04-21T11:00,21.0,37,995.9,100,2.66,208,1.55,616.0,465.0,151.0
2025-04-21T12:00,22.7,33,995.7,16,3.04,213,1.85,691.0,562.0,129.0
2025-04-21T13:00,23.8,24,995.7,66,4.17,224,2.23,705.0,563.0,142.0
2025-04-21T14:00,24.2,22,995.7,22,4.63,224,2.34,670.0,534.0,136.0
2025-04-21T15:00,24.4,21,995.3,27,4.74,224,2.40,611.0,486.0,125.0
2025-04-21T16:00,25.5,18,994.4,29,4.45,225,2.69,513.0,404.0,109.0
2025-04-21T17:00,25.2,18,994.1,58,4.21,222,2.62,389.0,300.0,89.0
2025-04-21T18:00,24.7,18,994.1,39,4.31,212,2.54,248.0,169.0,79.0
2025-04-21T19:00,23.5,23,994.2,69,3.85,205,2.23,113.0,62.0,51.0
2025-04-21T20:00,21.9,27,994.5,18,3.79,203,1.92,16.0,5.0,11.0
2025-04-21T21:00,20.3,32,994.7,70,3.78,206,1.61,0.0,0.0,0.0
2025-04-21T22:00,19.1,36,994.8,0,3.81,214,1.42,0.0,0.0,0.0
2025-04-21T23:00,17.9,39,994.7,0,3.73,212,1.25,0.0,0.0,0.0
2025-04-22T00:00,16.8,42,994.6,47,3.54,213,1.11,0.0,0.0,0.0
2025-04-22T01:00,15.4,48,995.3,17,2.61,275,0.90,0.0,0.0,0.0
2025-04-22T02:00,14.7,51,995.1,12,3.07,217,0.82,0.0,0.0,0.0
2025-04-22T03:00,14.1,53,995.4,17,2.80,246,0.75,0.0,0.0,0.0
2025-04-22T04:00,15.0,43,995.3,1,2.02,263,0.97,0.0,0.0,0.0
2025-04-22T05:00,14.1,47,995.4,39,1.70,242,0.85,0.0,0.0,0.0
2025-04-22T06:00,13.6,49,996.1,64,2.16,274,0.79,19.0,5.0,14.0
2025-04-22T07:00,14.4,47,996.3,18,0.11,297,0.86,101.0,43.0,58.0
2025-04-22T08:00,16.0,45,996.4,22,0.36,254,1.00,207.0,113.0,94.0
2025-04-22T09:00,17.7,47,996.9,19,1.27,259,1.07,363.0,245.0,118.0
2025-04-22T10:00,19.1,47,997.4,10,1.43,306,1.17,536.0,440.0,96.0
2025-04-22T11:00,20.5,44,997.8,8,1.38,311,1.35,608.0,484.0,124.0
2025-04-22T12:00,21.6,41,997.9,8,1.53,302,1.51,674.0,550.0,124.0
2025-04-22T13:00,22.4,40,998.0,36,2.23,290,1.62,703.0,585.0,118.0
2025-04-22T14:00,22.6,38,998.1,22,2.69,299,1.69,595.0,433.0,162.0
2025-04-22T15:00,22.7,38,998.2,21,2.87,310,1.71,545.0,399.0,146.0
2025-04-22T16:00,23.7,28,997.8,16,2.39,340,2.11,489.0,376.0,113.0
2025-04-22T17:00,23.1,28,997.9,3,2.72,6,2.04,371.0,274.0,97.0
2025-04-22T18:00,22.1,30,998.1,13,3.16,18,1.84,246.0,167.0,79.0
2025-04-22T19:00,20.8,35,998.5,42,3.24,29,1.60,113.0,63.0,50.0
2025-04-22T20:00,18.6,45,999.3,18,3.45,39,1.18,18.0,6.0,12.0
2025-04-22T21:00,16.9,52,999.5,24,2.93,57,0.93,0.0,0.0,0.0
2025-04-22T22:00,15.6,57,999.6,92,2.98,67,0.76,0.0,0.0,0.0
2025-04-22T23:00,14.0,64,999.6,93,2.83,73,0.57,0.0,0.0,0.0
2025-04-23T00:00,12.8,70,999.6,100,2.58,72,0.44,0.0,0.0,0.0
2025-04-23T01:00,11.9,74,999.7,98,2.26,84,0.37,0.0,0.0,0.0
2025-04-23T02:00,11.4,76,999.6,94,2.15,91,0.32,0.0,0.0,0.0
2025-04-23T03:00,11.1,78,999.3,80,2.33,100,0.28,0.0,0.0,0.0
2025-04-23T04:00,11.9,74,999.0,53,2.25,102,0.36,0.0,0.0,0.0
2025-04-23T05:00,11.5,78,998.4,92,2.29,110,0.30,0.0,0.0,0.0
2025-04-23T06:00,11.4,80,998.1,26,2.02,113,0.28,21.0,6.0,15.0
2025-04-23T07:00,12.0,78,998.2,57,1.61,126,0.32,89.0,26.0,63.0
2025-04-23T08:00,13.4,73,997.6,75,2.26,137,0.42,202.0,109.0,93.0
2025-04-23T09:00,15.5,65,996.8,63,2.76,136,0.62,293.0,143.0,150.0
2025-04-23T10:00,18.2,53,996.6,26,2.43,166,0.98,439.0,263.0,176.0
2025-04-23T11:00,21.1,44,996.3,28,2.25,177,1.40,601.0,460.0,141.0
2025-04-23T12:00,23.2,36,995.9,82,2.47,188,1.82,617.0,430.0,187.0
2025-04-23T13:00,23.8,33,995.7,60,3.94,220,1.99,635.0,420.0,215.0
2025-04-23T14:00,24.9,25,994.8,35,3.57,226,2.36,518.0,375.0,143.0
2025-04-23T15:00,25.7,22,994.4,19,4.22,221,2.57,526.0,385.0,141.0
2025-04-23T16:00,25.9,21,993.9,27,3.81,218,2.63,508.0,392.0,116.0
2025-04-23T17:00,25.6,20,993.6,42,3.94,237,2.61,361.0,261.0,100.0
2025-04-23T18:00,25.0,21,993.4,37,4.05,268,2.49,213.0,136.0,77.0
2025-04-23T19:00,22.6,35,993.6,41,3.78,307,1.78,108.0,56.0,52.0
2025-04-23T20:00,21.3,40,993.9,31,2.37,305,1.52,18.0,6.0,12.0
2025-04-23T21:00,20.2,44,994.2,16,2.01,333,1.32,0.0,0.0,0.0
2025-04-23T22:00,18.9,51,994.6,4,2.09,343,1.07,0.0,0.0,0.0
2025-04-23T23:00,17.0,61,994.5,2,3.23,352,0.76,0.0,0.0,0.0
2025-04-24T00:00,15.4,69,994.9,4,3.26,356,0.55,0.0,0.0,0.0
2025-04-24T01:00,14.1,71,994.9,0,3.11,6,0.47,0.0,0.0,0.0
2025-04-24T02:00,13.0,72,994.9,25,3.25,10,0.41,0.0,0.0,0.0
2025-04-24T03:00,11.9,73,995.0,72,3.02,7,0.37,0.0,0.0,0.0
2025-04-24T04:00,11.5,70,995.7,14,2.43,9,0.40,0.0,0.0,0.0
2025-04-24T05:00,10.7,74,995.8,5,2.67,13,0.34,0.0,0.0,0.0
2025-04-24T06:00,10.2,76,995.4,7,2.18,20,0.30,24.0,9.0,15.0
2025-04-24T07:00,10.3,74,995.6,0,2.31,18,0.33,127.0,73.0,54.0
2025-04-24T08:00,11.3,67,995.3,0,2.18,20,0.44,271.0,195.0,76.0
2025-04-24T09:00,12.7,57,995.2,17,2.06,23,0.62,418.0,327.0,91.0
2025-04-24T10:00,14.1,50,995.2,28,2.32,14,0.80,549.0,449.0,100.0
2025-04-24T11:00,15.4,45,995.1,56,2.23,9,0.96,651.0,543.0,108.0
2025-04-24T12:00,16.6,40,994.7,77,1.97,7,1.14,712.0,593.0,119.0
2025-04-24T13:00,17.6,36,994.2,32,1.88,11,1.29,731.0,603.0,128.0
2025-04-24T14:00,18.3,34,993.7,15,2.16,13,1.40,712.0,600.0,112.0
2025-04-24T15:00,18.8,32,992.8,11,2.44,15,1.47,647.0,541.0,106.0
2025-04-24T16:00,19.4,32,992.5,12,2.17,19,1.53,541.0,440.0,101.0
2025-04-24T17:00,19.3,32,992.2,33,2.52,21,1.51,410.0,320.0,90.0
2025-04-24T18:00,18.8,34,991.9,80,2.93,33,1.43,247.0,165.0,82.0
2025-04-24T19:00,17.8,37,992.0,93,3.37,40,1.29,110.0,50.0,60.0
2025-04-24T20:00,16.7,39,992.1,91,3.44,54,1.15,18.0,4.0,14.0
2025-04-24T21:00,15.7,42,992.4,58,3.08,77,1.04,0.0,0.0,0.0
2025-04-24T22:00,15.0,44,992.4,43,2.96,86,0.96,0.0,0.0,0.0
2025-04-24T23:00,14.1,47,992.3,1,2.85,90,0.86,0.0,0.0,0.0
2025-04-25T00:00,13.3,50,992.1,2,2.75,100,0.77,0.0,0.0,0.0
2025-04-25T01:00,12.4,53,992.0,21,2.75,100,0.68,0.0,0.0,0.0
2025-04-25T02:00,11.6,55,991.8,52,2.39,110,0.61,0.0,0.0,0.0
2025-04-25T03:00,11.1,56,991.6,82,2.15,118,0.59,0.0,0.0,0.0
2025-04-25T04:00,11.3,53,990.9,69,2.35,119,0.63,0.0,0.0,0.0
2025-04-25T05:00,10.7,56,990.3,30,2.41,124,0.57,0.0,0.0,0.0
2025-04-25T06:00,10.3,58,990.3,5,2.09,132,0.52,27.0,9.0,18.0
2025-04-25T07:00,10.7,58,990.2,1,1.91,135,0.54,128.0,71.0,57.0
2025-04-25T08:00,11.8,55,989.9,0,1.72,150,0.63,272.0,189.0,83.0
2025-04-25T09:00,13.2,50,989.3,0,1.75,167,0.75,421.0,328.0,93.0
2025-04-25T10:00,14.9,48,989.1,2,1.32,205,0.89,548.0,444.0,104.0
2025-04-25T11:00,16.5,43,988.9,37,1.81,265,1.06,639.0,525.0,114.0
2025-04-25T12:00,17.1,41,988.4,32,2.56,276,1.15,555.0,410.0,145.0
2025-04-25T13:00,16.6,49,988.5,66,3.70,268,0.97,573.0,420.0,153.0
2025-04-25T14:00,16.9,44,988.2,17,2.74,279,1.08,459.0,262.0,197.0
2025-04-25T15:00,16.9,41,988.2,30,4.14,300,1.13,540.0,390.0,150.0
2025-04-25T16:00,14.4,55,988.2,0,3.92,304,0.74,365.0,199.0,166.0
2025-04-25T17:00,14.8,49,988.3,36,4.95,313,0.86,363.0,257.0,106.0
2025-04-25T18:00,13.3,51,988.9,25,4.52,322,0.75,228.0,142.0,86.0
2025-04-25T19:00,12.2,51,989.4,34,4.43,323,0.69,114.0,57.0,57.0
2025-04-25T20:00,11.0,53,989.7,93,3.78,334,0.62,23.0,8.0,15.0
2025-04-25T21:00,10.3,54,990.0,100,3.45,341,0.58,0.0,0.0,0.0
2025-04-25T22:00,9.4,53,990.5,100,4.45,334,0.55,0.0,0.0,0.0
2025-04-25T23:00,8.0,40,991.0,98,4.58,321,0.64,0.0,0.0,0.0
2025-04-26T00:00,6.9,41,991.1,35,4.07,312,0.58,0.0,0.0,0.0
2025-04-26T01:00,5.7,45,991.1,0,3.79,304,0.51,0.0,0.0,0.0
2025-04-26T02:00,4.8,48,991.2,0,3.55,302,0.45,0.0,0.0,0.0
2025-04-26T03:00,3.8,53,991.5,0,4.23,305,0.38,0.0,0.0,0.0
2025-04-26T04:00,2.2,68,991.9,92,4.13,308,0.23,0.0,0.0,0.0
2025-04-26T05:00,1.8,70,991.7,100,4.05,309,0.21,0.0,0.0,0.0
2025-04-26T06:00,1.6,68,992.1,100,4.27,308,0.22,15.0,0.0,15.0
2025-04-26T07:00,2.0,61,992.7,100,4.47,306,0.27,55.0,2.0,53.0
2025-04-26T08:00,2.1,55,992.9,98,4.76,310,0.32,94.0,4.0,90.0
2025-04-26T09:00,2.7,46,993.1,66,5.37,315,0.40,235.0,40.0,195.0
2025-04-26T10:00,3.7,43,993.4,79,5.71,319,0.46,424.0,206.0,218.0
2025-04-26T11:00,4.3,39,993.9,81,5.56,318,0.51,417.0,158.0,259.0
2025-04-26T12:00,4.8,37,993.8,98,5.47,321,0.54,423.0,144.0,279.0
2025-04-26T13:00,5.7,31,993.7,76,5.54,323,0.64,437.0,123.0,314.0
2025-04-26T14:00,6.9,25,993.5,62,5.59,326,0.74,535.0,272.0,263.0
2025-04-26T15:00,7.9,21,993.4,77,5.64,330,0.84,560.0,310.0,250.0
2025-04-26T16:00,6.9,26,994.0,67,5.45,322,0.74,462.0,276.0,186.0
2025-04-26T17:00,6.6,28,994.2,100,5.34,322,0.70,282.0,113.0,169.0
2025-04-26T18:00,6.2,32,994.4,60,4.85,323,0.64,163.0,46.0,117.0
2025-04-26T19:00,5.7,35,994.8,37,4.36,323,0.59,84.0,12.0,72.0
2025-04-26T20:00,5.0,40,995.3,6,3.29,332,0.53,24.0,8.0,16.0
2025-04-26T21:00,4.5,42,995.4,0,2.01,325,0.49,0.0,0.0,0.0
2025-04-26T22:00,4.0,45,995.6,28,2.30,318,0.44,0.0,0.0,0.0
2025-04-26T23:00,3.3,49,995.6,80,2.34,312,0.40,0.0,0.0,0.0
2025-04-27T00:00,2.6,53,995.7,46,2.65,313,0.35,0.0,0.0,0.0
2025-04-27T01:00,1.9,58,995.8,10,2.62,318,0.29,0.0,0.0,0.0
2025-04-27T02:00,1.2,63,996.1,17,2.75,323,0.25,0.0,0.0,0.0
2025-04-27T03:00,0.7,67,996.4,32,2.76,328,0.21,0.0,0.0,0.0
2025-04-27T04:00,0.0,80,996.4,61,2.82,323,0.12,0.0,0.0,0.0
2025-04-27T05:00,-0.5,83,997.0,71,2.67,322,0.10,0.0,0.0,0.0
2025-04-27T06:00,-0.6,84,997.6,60,2.39,323,0.10,32.0,11.0,21.0
2025-04-27T07:00,0.1,78,998.1,90,2.82,333,0.13,143.0,78.0,65.0
2025-04-27T08:00,1.4,67,998.7,100,3.68,352,0.22,270.0,158.0,112.0
2025-04-27T09:00,2.4,57,999.0,93,3.56,349,0.31,382.0,199.0,183.0
2025-04-27T10:00,3.5,53,999.8,14,3.46,346,0.37,489.0,322.0,167.0
2025-04-27T11:00,4.7,46,1000.3,96,4.19,348,0.46,655.0,510.0,145.0
2025-04-27T12:00,4.6,42,1000.5,96,4.67,347,0.49,386.0,62.0,324.0
2025-04-27T13:00,4.9,38,1000.9,100,4.70,343,0.54,349.0,103.0,246.0
2025-04-27T14:00,5.4,34,1001.2,98,4.98,342,0.59,349.0,55.0,294.0
2025-04-27T15:00,5.2,33,1001.6,96,5.00,344,0.60,220.0,20.0,200.0
2025-04-27T16:00,4.8,38,1002.3,100,4.86,340,0.53,151.0,8.0,143.0
2025-04-27T17:00,4.4,40,1003.1,45,5.12,341,0.50,194.0,27.0,167.0
2025-04-27T18:00,4.0,42,1003.6,33,5.07,345,0.47,256.0,161.0,95.0
2025-04-27T19:00,3.5,44,1004.2,57,4.72,347,0.44,129.0,72.0,57.0
2025-04-27T20:00,3.0,45,1004.9,22,3.17,348,0.42,27.0,7.0,20.0
2025-04-27T21:00,2.8,45,1005.3,100,2.96,341,0.41,0.0,0.0,0.0
2025-04-27T22:00,2.5,42,1006.0,65,4.46,357,0.42,0.0,0.0,0.0
2025-04-27T23:00,1.6,42,1006.7,18,3.74,348,0.40,0.0,0.0,0.0
2025-04-28T00:00,1.0,46,1007.0,79,3.04,340,0.35,0.0,0.0,0.0
2025-04-28T01:00,0.8,48,1006.9,73,2.69,331,0.34,0.0,0.0,0.0
2025-04-28T02:00,0.5,50,1007.0,87,2.63,321,0.32,0.0,0.0,0.0
2025-04-28T03:00,0.2,51,1007.3,96,2.55,313,0.30,0.0,0.0,0.0
2025-04-28T04:00,-0.9,60,1007.3,0,2.40,293,0.23,0.0,0.0,0.0
2025-04-28T05:00,-1.3,63,1007.5,0,2.47,291,0.21,0.0,0.0,0.0
2025-04-28T06:00,-1.1,64,1007.7,0,2.25,291,0.20,38.0,17.0,21.0
2025-04-28T07:00,-0.3,63,1008.0,10,1.96,289,0.22,158.0,100.0,58.0
2025-04-28T08:00,1.3,56,1008.1,0,1.97,294,0.29,307.0,227.0,80.0
2025-04-28T09:00,2.9,41,1007.8,0,2.83,306,0.44,456.0,362.0,94.0
2025-04-28T10:00,4.3,34,1007.6,9,4.05,321,0.55,588.0,484.0,104.0
2025-04-28T11:00,5.6,31,1007.2,75,4.36,318,0.63,677.0,547.0,130.0
2025-04-28T12:00,6.9,28,1006.5,70,4.43,311,0.71,723.0,553.0,170.0
2025-04-28T13:00,7.9,28,1006.1,29,4.18,302,0.77,744.0,582.0,162.0
2025-04-28T14:00,9.4,25,1005.4,98,4.49,313,0.89,730.0,586.0,144.0
2025-04-28T15:00,10.5,25,1004.5,99,4.61,307,0.95,646.0,484.0,162.0
2025-04-28T16:00,11.2,26,1003.0,100,5.23,297,0.98,468.0,305.0,163.0
2025-04-28T17:00,10.3,30,1003.0,32,4.27,297,0.88,245.0,76.0,169.0
2025-04-28T18:00,10.5,31,1002.4,100,4.02,291,0.88,213.0,82.0,131.0
2025-04-28T19:00,10.2,34,1002.1,100,3.73,278,0.83,121.0,51.0,70.0
2025-04-28T20:00,9.6,37,1002.1,73,2.65,259,0.75,22.0,4.0,18.0
2025-04-28T21:00,8.5,43,1001.5,95,2.75,233,0.63,0.0,0.0,0.0
2025-04-28T22:00,8.1,44,1001.4,57,3.91,245,0.61,0.0,0.0,0.0
2025-04-28T23:00,7.5,47,1001.7,100,3.70,271,0.54,0.0,0.0,0.0
2025-04-29T00:00,7.5,49,1001.2,87,3.02,258,0.53,0.0,0.0,0.0
2025-04-29T01:00,6.8,52,1000.8,100,2.96,248,0.48,0.0,0.0,0.0
2025-04-29T02:00,6.7,53,1000.2,90,3.09,241,0.46,0.0,0.0,0.0
2025-04-29T03:00,5.7,56,999.5,100,3.06,236,0.40,0.0,0.0,0.0
2025-04-29T04:00,6.1,51,999.1,96,2.87,227,0.46,0.0,0.0,0.0
2025-04-29T05:00,5.6,52,998.6,100,3.19,221,0.44,0.0,0.0,0.0
2025-04-29T06:00,5.7,51,997.8,100,3.54,216,0.44,36.0,8.0,28.0
2025-04-29T07:00,6.1,51,996.9,100,3.12,202,0.46,133.0,44.0,89.0
2025-04-29T08:00,6.9,48,996.4,100,3.64,212,0.52,187.0,36.0,151.0
2025-04-29T09:00,7.2,48,995.5,100,3.97,214,0.52,185.0,13.0,172.0
2025-04-29T10:00,7.8,52,994.7,100,4.16,207,0.51,206.0,10.0,196.0
2025-04-29T11:00,7.7,57,993.5,100,4.79,198,0.46,135.0,0.0,135.0
2025-04-29T12:00,8.5,56,992.2,100,5.42,204,0.49,240.0,9.0,231.0
2025-04-29T13:00,8.0,63,990.9,100,4.77,203,0.39,113.0,1.0,112.0
2025-04-29T14:00,7.9,70,989.9,100,3.77,191,0.32,90.0,0.0,90.0
2025-04-29T15:00,8.2,70,988.8,100,4.20,215,0.33,117.0,0.0,117.0
2025-04-29T16:00,11.7,45,988.8,80,6.45,246,0.76,302.0,78.0,224.0
2025-04-29T17:00,11.0,50,988.7,100,5.21,243,0.66,131.0,0.0,131.0
2025-04-29T18:00,11.0,55,988.1,57,3.99,240,0.59,71.0,0.0,71.0
2025-04-29T19:00,11.0,57,987.3,90,4.54,249,0.57,108.0,41.0,67.0
2025-04-29T20:00,8.7,77,987.9,90,4.07,244,0.26,13.0,1.0,12.0
2025-04-29T21:00,8.3,80,987.7,92,3.64,254,0.22,0.0,0.0,0.0
2025-04-29T22:00,7.8,82,987.7,58,3.65,261,0.19,0.0,0.0,0.0
2025-04-29T23:00,7.3,87,987.8,78,3.66,267,0.14,0.0,0.0,0.0
2025-04-30T00:00,7.2,87,987.6,100,3.80,269,0.14,0.0,0.0,0.0
2025-04-30T01:00,7.3,85,987.8,100,3.80,271,0.15,0.0,0.0,0.0
2025-04-30T02:00,7.3,85,988.0,100,3.92,276,0.15,0.0,0.0,0.0
2025-04-30T03:00,7.0,87,988.3,100,4.07,286,0.13,0.0,0.0,0.0
2025-04-30T04:00,7.4,83,989.2,100,3.79,293,0.18,0.0,0.0,0.0
2025-04-30T05:00,7.3,83,989.7,100,4.72,310,0.17,0.0,0.0,0.0
2025-04-30T06:00,7.1,83,990.4,100,3.75,314,0.17,12.0,0.0,12.0
2025-04-30T07:00,7.0,85,991.1,100,3.61,313,0.15,28.0,1.0,27.0
2025-04-30T08:00,7.2,86,991.7,84,3.37,302,0.15,66.0,0.0,66.0
2025-04-30T09:00,8.3,74,992.3,75,4.14,315,0.29,254.0,96.0,158.0
2025-04-30T10:00,9.0,65,993.0,100,4.06,308,0.41,350.0,155.0,195.0
2025-04-30T11:00,8.9,64,993.5,100,4.20,302,0.41,258.0,36.0,222.0
2025-04-30T12:00,8.5,64,994.0,100,4.11,312,0.40,186.0,8.0,178.0
2025-04-30T13:00,7.9,67,994.8,100,3.73,320,0.36,214.0,10.0,204.0
2025-04-30T14:00,8.0,62,995.5,100,4.08,311,0.40,214.0,17.0,197.0
2025-04-30T15:00,8.3,56,995.9,100,3.98,310,0.48,205.0,15.0,190.0
2025-04-30T16:00,10.1,51,995.2,50,3.58,324,0.61,287.0,128.0,159.0
2025-04-30T17:00,10.3,49,995.3,99,3.11,327,0.64,314.0,169.0,145.0
2025-04-30T18:00,10.0,49,995.6,98,2.93,340,0.63,148.0,42.0,106.0
2025-04-30T19:00,9.5,49,995.7,30,2.30,347,0.60,71.0,17.0,54.0
2025-04-30T20:00,8.7,54,996.1,100,2.01,356,0.52,31.0,10.0,21.0
2025-04-30T21:00,8.1,57,996.4,96,2.26,25,0.46,0.0,0.0,0.0
2025-04-30T22:00,7.3,61,996.6,94,1.97,36,0.40,0.0,0.0,0.0
2025-04-30T23:00,6.9,63,996.5,100,1.69,56,0.37,0.0,0.0,0.0
2025-05-01T00:00,6.6,63,996.0,39,2.18,99,0.36,0.0,0.0,0.0
2025-05-01T01:00,6.0,65,995.4,98,2.62,103,0.33,0.0,0.0,0.0
2025-05-01T02:00,5.8,65,995.0,100,2.85,108,0.32,0.0,0.0,0.0
2025-05-01T03:00,5.7,67,994.4,100,3.15,110,0.31,0.0,0.0,0.0
2025-05-01T04:00,5.4,75,993.5,100,3.40,110,0.23,0.0,0.0,0.0
2025-05-01T05:00,5.1,78,993.2,100,3.34,129,0.19,0.0,0.0,0.0
2025-05-01T06:00,5.1,82,992.3,100,3.60,128,0.16,4.0,0.0,4.0
2025-05-01T07:00,5.4,84,992.2,100,2.79,134,0.15,36.0,0.0,36.0
2025-05-01T08:00,5.7,87,991.8,100,2.91,131,0.12,41.0,0.0,41.0
2025-05-01T09:00,6.2,89,990.9,100,2.93,117,0.10,71.0,0.0,71.0
2025-05-01T10:00,7.6,86,991.0,100,1.71,105,0.15,157.0,16.0,141.0
2025-05-01T11:00,8.6,81,990.5,100,1.28,129,0.21,207.0,22.0,185.0
2025-05-01T12:00,8.7,78,990.5,100,2.23,136,0.25,119.0,0.0,119.0
2025-05-01T13:00,7.5,88,990.5,100,3.57,186,0.12,73.0,0.0,73.0
2025-05-01T14:00,7.0,89,990.4,100,1.57,189,0.11,67.0,0.0,67.0
2025-05-01T15:00,7.5,85,989.9,100,0.30,90,0.15,70.0,0.0,70.0
2025-05-01T16:00,8.0,93,988.7,100,2.51,67,0.07,57.0,0.0,57.0
2025-05-01T17:00,7.2,90,988.2,100,3.54,144,0.10,32.0,0.0,32.0
2025-05-01T18:00,7.0,93,988.0,100,3.50,136,0.07,51.0,0.0,51.0
2025-05-01T19:00,6.7,96,987.5,100,2.41,111,0.04,17.0,0.0,17.0
2025-05-01T20:00,6.5,97,987.3,100,2.42,68,0.03,4.0,0.0,4.0
2025-05-01T21:00,6.4,97,987.3,100,3.36,46,0.03,0.0,0.0,0.0
2025-05-01T22:00,5.5,96,987.6,100,4.50,23,0.03,0.0,0.0,0.0
2025-05-01T23:00,3.4,96,988.1,100,4.35,360,0.03,0.0,0.0,0.0
2025-05-02T00:00,2.4,99,988.4,100,5.05,1,0.01,0.0,0.0,0.0
2025-05-02T01:00,1.6,98,988.9,100,6.21,2,0.01,0.0,0.0,0.0
2025-05-02T02:00,1.3,97,989.3,100,6.22,355,0.02,0.0,0.0,0.0
2025-05-02T03:00,1.3,99,989.7,100,5.65,349,0.01,0.0,0.0,0.0
2025-05-02T04:00,1.0,94,989.9,100,4.76,343,0.04,0.0,0.0,0.0
2025-05-02T05:00,0.9,95,990.4,100,5.39,349,0.03,0.0,0.0,0.0
2025-05-02T06:00,1.0,94,991.0,100,5.57,351,0.04,8.0,0.0,8.0
2025-05-02T07:00,1.1,93,991.6,100,5.27,351,0.05,49.0,0.0,49.0
2025-05-02T08:00,1.3,91,992.4,100,4.97,347,0.06,96.0,2.0,94.0
2025-05-02T09:00,1.5,89,993.2,100,5.00,346,0.08,120.0,0.0,120.0
2025-05-02T10:00,2.0,86,993.7,100,3.83,336,0.10,202.0,0.0,202.0
2025-05-02T11:00,3.1,79,994.3,100,6.22,355,0.16,439.0,84.0,355.0
2025-05-02T12:00,4.4,71,994.9,100,6.47,352,0.24,475.0,86.0,389.0
2025-05-02T13:00,5.3,67,995.3,99,5.98,346,0.29,505.0,177.0,328.0
2025-05-02T14:00,6.0,66,995.6,95,5.67,344,0.32,515.0,196.0,319.0
2025-05-02T15:00,6.5,64,996.1,98,5.16,348,0.35,495.0,188.0,307.0
2025-05-02T16:00,7.2,54,996.5,42,3.76,343,0.47,515.0,327.0,188.0
2025-05-02T17:00,7.7,51,996.4,34,3.04,346,0.51,415.0,273.0,142.0
2025-05-02T18:00,7.7,50,996.3,13,2.77,353,0.53,287.0,189.0,98.0
2025-05-02T19:00,7.2,56,996.1,2,1.50,4,0.45,150.0,85.0,65.0
2025-05-02T20:00,6.2,67,995.8,0,0.29,301,0.32,40.0,17.0,23.0
2025-05-02T21:00,5.4,66,995.7,0,0.75,217,0.31,0.0,0.0,0.0
2025-05-02T22:00,4.8,67,995.4,0,1.38,221,0.28,0.0,0.0,0.0
2025-05-02T23:00,4.3,67,994.8,0,1.74,231,0.28,0.0,0.0,0.0
2025-05-03T00:00,3.6,67,994.3,0,1.63,225,0.26,0.0,0.0,0.0
2025-05-03T01:00,3.1,67,993.9,0,2.02,222,0.25,0.0,0.0,0.0
2025-05-03T02:00,2.8,66,993.3,0,2.30,214,0.25,0.0,0.0,0.0
2025-05-03T03:00,2.5,68,992.8,1,2.32,213,0.23,0.0,0.0,0.0
2025-05-03T04:00,2.4,73,992.1,0,2.63,201,0.19,0.0,0.0,0.0
2025-05-03T05:00,2.0,74,991.3,14,2.66,206,0.18,1.0,0.0,1.0
2025-05-03T06:00,2.3,75,990.6,0,2.58,198,0.18,54.0,26.0,28.0
2025-05-03T07:00,3.6,75,989.9,6,2.81,185,0.20,180.0,121.0,59.0
2025-05-03T08:00,5.5,71,989.0,71,2.40,178,0.26,326.0,249.0,77.0
2025-05-03T09:00,8.0,66,988.1,100,2.70,181,0.37,446.0,326.0,120.0
2025-05-03T10:00,9.9,59,987.3,100,3.06,185,0.50,447.0,214.0,233.0
2025-05-03T11:00,11.1,55,986.6,100,3.70,196,0.60,366.0,80.0,286.0
2025-05-03T12:00,11.5,53,986.3,100,4.14,208,0.64,219.0,6.0,213.0
2025-05-03T13:00,11.4,58,985.8,100,4.20,205,0.56,293.0,21.0,272.0
2025-05-03T14:00,10.9,65,985.4,100,4.68,209,0.45,305.0,21.0,284.0
2025-05-03T15:00,10.5,68,984.9,81,4.61,209,0.41,192.0,6.0,186.0
2025-05-03T16:00,12.8,55,983.9,100,4.45,213,0.67,481.0,286.0,195.0
2025-05-03T17:00,13.6,55,984.2,100,4.86,253,0.70,366.0,198.0,168.0
2025-05-03T18:00,13.1,62,984.2,54,3.22,242,0.57,110.0,13.0,97.0
2025-05-03T19:00,12.6,67,983.9,59,2.43,256,0.48,71.0,16.0,55.0
2025-05-03T20:00,11.5,73,983.8,59,1.59,224,0.36,34.0,12.0,22.0
2025-05-03T21:00,10.9,75,984.0,33,1.84,223,0.33,0.0,0.0,0.0
2025-05-03T22:00,10.4,77,983.9,73,2.10,218,0.30,0.0,0.0,0.0
2025-05-03T23:00,9.8,79,984.1,16,2.37,215,0.25,0.0,0.0,0.0
2025-05-04T00:00,9.1,83,984.4,11,2.40,239,0.20,0.0,0.0,0.0
2025-05-04T01:00,8.5,85,984.4,21,2.36,249,0.17,0.0,0.0,0.0
2025-05-04T02:00,7.9,86,984.2,6,2.13,261,0.15,0.0,0.0,0.0
2025-05-04T03:00,7.2,87,984.2,1,2.04,248,0.13,0.0,0.0,0.0
2025-05-04T04:00,6.9,90,983.4,57,1.32,245,0.10,0.0,0.0,0.0
2025-05-04T05:00,6.8,89,983.8,1,1.70,242,0.11,1.0,0.0,1.0
2025-05-04T06:00,7.2,88,984.0,0,1.90,240,0.12,55.0,26.0,29.0
2025-05-04T07:00,8.5,85,984.4,1,2.16,277,0.17,180.0,121.0,59.0
2025-05-04T08:00,10.1,79,984.7,0,1.28,249,0.26,326.0,247.0,79.0
2025-05-04T09:00,12.1,72,984.7,0,0.85,242,0.39,471.0,382.0,89.0
2025-05-04T10:00,14.1,62,985.2,69,0.52,253,0.61,598.0,499.0,99.0
2025-05-04T11:00,15.6,51,985.2,52,0.53,221,0.87,697.0,588.0,109.0
2025-05-04T12:00,16.6,47,984.9,99,1.59,224,1.00,728.0,572.0,156.0
2025-05-04T13:00,17.2,41,984.9,100,2.41,230,1.15,484.0,220.0,264.0
2025-05-04T14:00,17.5,39,984.4,100,3.54,226,1.23,455.0,147.0,308.0
2025-05-04T15:00,17.3,43,984.0,100,2.73,215,1.13,227.0,0.0,227.0
2025-05-04T16:00,14.8,60,983.9,100,2.50,179,0.67,152.0,4.0,148.0
2025-05-04T17:00,14.3,64,983.7,100,3.17,192,0.58,140.0,11.0,129.0
2025-05-04T18:00,12.6,71,982.4,100,0.68,216,0.42,46.0,0.0,46.0
2025-05-04T19:00,12.0,81,981.0,100,1.97,99,0.27,26.0,0.0,26.0
2025-05-04T20:00,12.2,82,980.4,100,2.55,125,0.25,23.0,1.0,22.0
2025-05-04T21:00,12.0,80,979.6,100,3.15,138,0.28,0.0,0.0,0.0
2025-05-04T22:00,12.4,82,978.8,100,3.40,180,0.26,0.0,0.0,0.0
2025-05-04T23:00,13.8,90,978.2,99,5.24,209,0.16,0.0,0.0,0.0
2025-05-05T00:00,13.6,90,978.0,89,4.95,218,0.16,0.0,0.0,0.0
2025-05-05T01:00,13.6,91,977.9,100,4.87,216,0.15,0.0,0.0,0.0
2025-05-05T02:00,13.7,92,978.1,100,5.03,222,0.13,0.0,0.0,0.0
2025-05-05T03:00,13.5,92,978.3,100,5.45,224,0.13,0.0,0.0,0.0
2025-05-05T04:00,12.9,86,979.3,90,5.97,234,0.21,0.0,0.0,0.0
2025-05-05T05:00,11.8,86,980.3,100,5.47,239,0.20,1.0,0.0,1.0
2025-05-05T06:00,11.0,86,981.1,100,4.87,238,0.19,49.0,15.0,34.0
2025-05-05T07:00,10.5,82,981.6,43,4.39,240,0.23,79.0,0.0,79.0
2025-05-05T08:00,10.4,73,982.2,98,5.29,247,0.34,277.0,177.0,100.0
2025-05-05T09:00,10.7,69,982.8,97,5.15,246,0.40,359.0,179.0,180.0
2025-05-05T10:00,10.8,66,983.8,100,5.25,251,0.45,396.0,125.0,271.0
2025-05-05T11:00,11.0,61,984.6,59,6.04,252,0.51,409.0,105.0,304.0
2025-05-05T12:00,12.1,51,985.1,84,6.86,258,0.68,516.0,204.0,312.0
2025-05-05T13:00,12.0,52,985.9,100,6.47,262,0.67,455.0,172.0,283.0
2025-05-05T14:00,12.2,52,986.4,76,5.48,264,0.68,393.0,138.0,255.0
2025-05-05T15:00,12.2,54,986.6,100,5.17,264,0.65,395.0,160.0,235.0
2025-05-05T16:00,12.3,50,986.9,100,4.58,264,0.72,337.0,117.0,220.0
2025-05-05T17:00,12.0,52,987.2,83,3.43,278,0.68,189.0,9.0,180.0
2025-05-05T18:00,11.9,53,987.1,100,3.34,261,0.65,218.0,77.0,141.0
2025-05-05T19:00,11.2,61,986.8,62,2.21,257,0.52,65.0,6.0,59.0
2025-05-05T20:00,9.9,73,986.9,53,1.66,224,0.33,38.0,13.0,25.0
2025-05-05T21:00,9.0,77,987.0,99,3.02,254,0.26,0.0,0.0,0.0
2025-05-05T22:00,7.6,82,987.9,99,3.54,262,0.19,0.0,0.0,0.0
2025-05-05T23:00,6.7,88,988.4,100,3.77,276,0.12,0.0,0.0,0.0
2025-05-06T00:00,6.2,87,988.8,100,4.11,273,0.12,0.0,0.0,0.0
2025-05-06T01:00,4.4,87,989.5,82,5.40,278,0.11,0.0,0.0,0.0
2025-05-06T02:00,3.3,86,990.3,76,4.96,289,0.11,0.0,0.0,0.0
2025-05-06T03:00,2.6,85,991.3,95,4.63,296,0.11,0.0,0.0,0.0
2025-05-06T04:00,2.6,84,992.8,89,4.80,301,0.11,0.0,0.0,0.0
2025-05-06T05:00,2.3,85,993.4,53,3.63,293,0.11,1.0,0.0,1.0
2025-05-06T06:00,2.1,86,994.4,44,3.37,282,0.10,57.0,23.0,34.0
2025-05-06T07:00,2.5,82,995.3,25,3.52,281,0.13,176.0,100.0,76.0
2025-05-06T08:00,3.5,73,995.7,28,3.27,289,0.21,317.0,218.0,99.0
2025-05-06T09:00,4.7,63,995.7,3,2.86,289,0.31,455.0,333.0,122.0
2025-05-06T10:00,6.6,51,995.9,71,3.45,292,0.48,607.0,492.0,115.0
2025-05-06T11:00,7.7,47,995.8,99,3.57,288,0.56,614.0,365.0,249.0
2025-05-06T12:00,8.3,45,996.0,100,3.67,275,0.61,524.0,190.0,334.0
2025-05-06T13:00,8.9,44,996.1,100,3.82,264,0.63,483.0,148.0,335.0
2025-05-06T14:00,9.2,44,996.0,100,3.87,256,0.65,449.0,107.0,342.0
2025-05-06T15:00,9.7,43,996.1,100,4.06,256,0.68,490.0,195.0,295.0
2025-05-06T16:00,10.7,35,995.6,78,3.34,261,0.84,513.0,324.0,189.0
2025-05-06T17:00,11.0,36,995.2,94,3.00,259,0.85,404.0,251.0,153.0
2025-05-06T18:00,10.8,37,994.8,100,2.51,253,0.81,269.0,140.0,129.0
2025-05-06T19:00,10.5,43,994.7,99,1.58,235,0.72,132.0,44.0,88.0
2025-05-06T20:00,9.9,49,994.8,100,1.31,220,0.62,42.0,7.0,35.0
2025-05-06T21:00,9.1,54,995.0,100,1.66,209,0.53,1.0,0.0,1.0
2025-05-06T22:00,8.2,62,995.3,100,1.55,213,0.42,0.0,0.0,0.0
2025-05-06T23:00,7.7,73,995.3,100,0.40,263,0.28,0.0,0.0,0.0
2025-05-07T00:00,7.4,74,995.2,96,0.29,31,0.26,0.0,0.0,0.0
2025-05-07T01:00,7.0,71,994.8,68,0.78,117,0.29,0.0,0.0,0.0
2025-05-07T02:00,6.5,74,994.5,81,0.96,137,0.25,0.0,0.0,0.0
2025-05-07T03:00,5.7,77,994.1,35,1.03,157,0.21,0.0,0.0,0.0
2025-05-07T04:00,4.9,73,993.7,53,1.46,174,0.24,0.0,0.0,0.0
2025-05-07T05:00,4.4,75,993.5,87,1.73,170,0.21,3.0,0.0,3.0
2025-05-07T06:00,4.6,75,993.2,91,1.71,173,0.21,64.0,25.0,39.0
2025-05-07T07:00,5.6,75,993.0,40,1.17,170,0.23,172.0,78.0,94.0
2025-05-07T08:00,7.5,70,992.7,43,0.81,173,0.31,336.0,245.0,91.0
2025-05-07T09:00,9.7,62,992.4,38,1.00,186,0.46,474.0,358.0,116.0
2025-05-07T10:00,11.0,49,992.1,25,2.21,205,0.67,583.0,441.0,142.0
2025-05-07T11:00,12.2,42,991.6,19,2.14,217,0.82,651.0,518.0,133.0
2025-05-07T12:00,12.9,37,991.1,64,2.33,235,0.93,693.0,516.0,177.0
2025-05-07T13:00,13.2,35,990.7,100,2.48,251,0.99,596.0,330.0,266.0
2025-05-07T14:00,13.2,35,990.7,100,2.57,262,0.98,479.0,175.0,304.0
2025-05-07T15:00,13.3,36,990.4,92,2.63,256,0.98,478.0,216.0,262.0
2025-05-07T16:00,13.5,33,990.2,73,2.41,264,1.03,410.0,152.0,258.0
2025-05-07T17:00,13.3,34,990.1,86,2.10,258,1.00,322.0,142.0,180.0
2025-05-07T18:00,12.9,37,990.0,98,2.15,271,0.94,180.0,62.0,118.0
2025-05-07T19:00,11.8,46,990.0,34,2.57,299,0.75,124.0,60.0,64.0
2025-05-07T20:00,10.2,56,990.3,5,2.62,301,0.55,51.0,21.0,30.0
2025-05-07T21:00,8.9,65,990.2,8,1.81,284,0.40,1.0,0.0,1.0
2025-05-07T22:00,8.0,72,990.5,86,1.96,285,0.30,0.0,0.0,0.0
2025-05-07T23:00,7.5,78,990.2,39,1.37,294,0.23,0.0,0.0,0.0
2025-05-08T00:00,6.9,82,990.0,53,1.15,275,0.18,0.0,0.0,0.0
2025-05-08T01:00,6.0,87,989.7,55,1.35,274,0.12,0.0,0.0,0.0
2025-05-08T02:00,5.3,91,989.5,11,1.36,264,0.08,0.0,0.0,0.0
2025-05-08T03:00,4.7,94,989.4,18,1.81,264,0.05,0.0,0.0,0.0
2025-05-08T04:00,5.2,89,990.0,2,1.61,275,0.09,0.0,0.0,0.0
2025-05-08T05:00,4.4,93,990.0,16,2.37,277,0.06,3.0,1.0,2.0
2025-05-08T06:00,4.1,91,990.5,27,2.36,287,0.07,59.0,24.0,35.0
2025-05-08T07:00,4.5,88,990.6,36,2.71,298,0.10,179.0,108.0,71.0
2025-05-08T08:00,5.4,83,990.7,77,3.38,297,0.15,306.0,186.0,120.0
2025-05-08T09:00,5.9,79,991.0,100,3.49,294,0.19,356.0,143.0,213.0
2025-05-08T10:00,6.4,75,991.6,100,3.39,292,0.24,368.0,126.0,242.0
2025-05-08T11:00,6.7,69,991.9,99,3.43,293,0.30,370.0,71.0,299.0
2025-05-08T12:00,7.6,62,992.0,74,3.60,297,0.39,476.0,172.0,304.0
2025-05-08T13:00,8.1,58,992.2,59,3.51,298,0.46,509.0,228.0,281.0
2025-05-08T14:00,8.6,54,992.4,63,3.62,296,0.52,560.0,330.0,230.0
2025-05-08T15:00,9.1,50,992.6,65,3.63,293,0.58,558.0,313.0,245.0
2025-05-08T16:00,8.9,49,993.1,36,3.38,295,0.59,511.0,342.0,169.0
2025-05-08T17:00,8.8,48,993.1,42,3.20,297,0.60,381.0,226.0,155.0
2025-05-08T18:00,8.6,48,993.1,100,3.20,295,0.58,291.0,181.0,110.0
2025-05-08T19:00,7.9,49,993.4,99,2.91,297,0.54,134.0,60.0,74.0
2025-05-08T20:00,7.3,54,993.7,100,2.50,296,0.47,35.0,7.0,28.0
2025-05-08T21:00,6.8,58,993.9,100,2.02,293,0.42,1.0,0.0,1.0
2025-05-08T22:00,6.4,61,994.1,99,1.61,300,0.38,0.0,0.0,0.0
2025-05-08T23:00,6.0,64,994.2,100,1.08,292,0.34,0.0,0.0,0.0
2025-05-09T00:00,5.9,65,994.3,91,0.50,276,0.33,0.0,0.0,0.0
2025-05-09T01:00,5.4,70,994.1,92,1.03,247,0.27,0.0,0.0,0.0
2025-05-09T02:00,4.7,71,994.0,70,2.14,254,0.25,0.0,0.0,0.0
2025-05-09T03:00,3.9,71,993.9,75,2.23,279,0.23,0.0,0.0,0.0
2025-05-09T04:00,3.2,77,994.1,53,1.52,243,0.18,0.0,0.0,0.0
2025-05-09T05:00,2.6,75,994.0,29,1.83,244,0.18,4.0,0.0,4.0
2025-05-09T06:00,2.7,73,994.1,7,1.57,233,0.20,66.0,27.0,39.0
2025-05-09T07:00,3.6,69,994.4,0,1.67,229,0.25,202.0,136.0,66.0
2025-05-09T08:00,5.0,58,994.6,0,2.25,233,0.37,356.0,277.0,79.0
2025-05-09T09:00,6.3,47,994.5,47,2.97,228,0.50,502.0,410.0,92.0
2025-05-09T10:00,7.2,45,994.4,82,3.79,228,0.55,537.0,382.0,155.0
2025-05-09T11:00,8.0,42,994.3,99,4.17,225,0.62,545.0,293.0,252.0
2025-05-09T12:00,8.3,40,994.1,99,4.25,222,0.65,434.0,94.0,340.0
2025-05-09T13:00,8.9,38,994.1,100,4.18,222,0.70,493.0,162.0,331.0
2025-05-09T14:00,8.9,39,994.2,100,4.28,225,0.70,366.0,82.0,284.0
2025-05-09T15:00,9.1,39,994.1,100,4.21,227,0.71,308.0,41.0,267.0
2025-05-09T16:00,8.3,48,994.0,96,4.21,257,0.57,150.0,11.0,139.0
2025-05-09T17:00,7.3,62,994.5,100,3.15,267,0.39,234.0,28.0,206.0
2025-05-09T18:00,7.3,63,994.4,61,2.37,252,0.38,168.0,42.0,126.0
2025-05-09T19:00,7.0,64,994.2,43,2.23,254,0.36,129.0,71.0,58.0
2025-05-09T20:00,6.2,72,994.7,43,1.70,267,0.26,46.0,16.0,30.0
2025-05-09T21:00,5.8,75,994.5,11,1.90,273,0.23,2.0,0.0,2.0
2025-05-09T22:00,5.2,78,994.5,4,2.09,291,0.19,0.0,0.0,0.0
2025-05-09T23:00,4.5,82,994.5,50,2.07,302,0.15,0.0,0.0,0.0
2025-05-10T00:00,3.8,85,994.5,32,1.56,315,0.12,0.0,0.0,0.0
2025-05-10T01:00,3.3,88,994.5,40,0.79,325,0.09,0.0,0.0,0.0
2025-05-10T02:00,2.9,89,994.4,98,0.92,331,0.08,0.0,0.0,0.0
2025-05-10T03:00,2.6,90,994.1,100,1.52,333,0.08,0.0,0.0,0.0
2025-05-10T04:00,2.1,91,994.0,100,1.54,335,0.07,0.0,0.0,0.0
2025-05-10T05:00,1.9,91,993.9,100,1.19,345,0.06,5.0,0.0,5.0
2025-05-10T06:00,2.2,90,993.8,100,1.36,332,0.07,63.0,11.0,52.0
2025-05-10T07:00,3.3,83,993.8,100,0.94,328,0.13,177.0,79.0,98.0
2025-05-10T08:00,5.0,74,993.5,100,1.59,336,0.23,336.0,226.0,110.0
2025-05-10T09:00,6.5,62,993.1,100,2.53,338,0.37,462.0,301.0,161.0
2025-05-10T10:00,8.1,49,992.6,100,3.58,337,0.55,538.0,304.0,234.0
2025-05-10T11:00,8.7,48,992.5,100,3.67,334,0.59,577.0,296.0,281.0
2025-05-10T12:00,9.0,48,992.2,100,3.62,334,0.60,503.0,154.0,349.0
2025-05-10T13:00,9.4,47,992.0,99,3.85,332,0.62,545.0,184.0,361.0
2025-05-10T14:00,9.5,47,992.2,90,3.91,332,0.63,493.0,180.0,313.0
2025-05-10T15:00,9.1,49,992.1,99,4.19,331,0.59,395.0,113.0,282.0
2025-05-10T16:00,10.0,38,991.4,78,4.31,325,0.76,537.0,341.0,196.0
2025-05-10T17:00,9.7,42,991.4,98,4.30,320,0.70,338.0,133.0,205.0
2025-05-10T18:00,8.4,53,991.2,72,3.86,312,0.52,151.0,25.0,126.0
2025-05-10T19:00,6.2,76,991.4,65,3.23,309,0.23,123.0,41.0,82.0
2025-05-10T20:00,6.1,76,991.4,58,3.31,297,0.23,34.0,6.0,28.0
2025-05-10T21:00,5.3,79,991.4,23,3.20,293,0.18,2.0,0.0,2.0
2025-05-10T22:00,4.6,84,991.3,42,3.30,292,0.13,0.0,0.0,0.0
2025-05-10T23:00,4.1,88,991.3,55,3.09,297,0.10,0.0,0.0,0.0
2025-05-11T00:00,3.9,86,991.0,100,3.00,294,0.11,0.0,0.0,0.0
2025-05-11T01:00,3.8,84,990.9,100,3.08,290,0.13,0.0,0.0,0.0
2025-05-11T02:00,3.6,83,990.7,83,3.23,278,0.13,0.0,0.0,0.0
2025-05-11T03:00,3.1,86,990.5,100,3.40,273,0.10,0.0,0.0,0.0
2025-05-11T04:00,2.7,85,990.4,29,3.31,273,0.12,0.0,0.0,0.0
2025-05-11T05:00,2.4,88,990.3,100,3.45,269,0.09,5.0,1.0,4.0
2025-05-11T06:00,3.1,85,990.2,100,4.49,278,0.11,37.0,6.0,31.0
2025-05-11T07:00,3.6,84,990.2,100,3.97,275,0.13,56.0,0.0,56.0
2025-05-11T08:00,3.8,85,990.1,100,3.95,270,0.12,64.0,1.0,63.0
2025-05-11T09:00,4.0,85,990.0,100,4.51,267,0.13,120.0,10.0,110.0
2025-05-11T10:00,5.6,72,990.2,94,4.38,263,0.26,287.0,33.0,254.0
2025-05-11T11:00,7.0,66,990.3,82,4.20,255,0.34,476.0,258.0,218.0
2025-05-11T12:00,8.2,56,990.1,100,4.31,257,0.48,514.0,228.0,286.0
2025-05-11T13:00,8.4,53,990.2,100,4.48,259,0.52,294.0,58.0,236.0
2025-05-11T14:00,8.3,51,990.2,100,4.65,269,0.53,254.0,28.0,226.0
2025-05-11T15:00,8.0,54,990.7,100,4.45,271,0.49,431.0,132.0,299.0
2025-05-11T16:00,8.2,46,991.4,100,4.55,268,0.59,431.0,193.0,238.0
2025-05-11T17:00,7.6,51,991.6,100,4.53,277,0.51,277.0,95.0,182.0
2025-05-11T18:00,6.2,66,992.2,100,4.05,296,0.32,162.0,15.0,147.0
2025-05-11T19:00,5.1,76,992.3,100,2.91,282,0.21,85.0,3.0,82.0
2025-05-11T20:00,4.7,79,992.1,100,2.75,260,0.18,28.0,1.0,27.0
2025-05-11T21:00,4.4,82,992.0,100,2.88,253,0.15,2.0,0.0,2.0
2025-05-11T22:00,4.1,84,991.8,100,2.89,240,0.13,0.0,0.0,0.0
2025-05-11T23:00,3.8,84,991.5,99,3.08,234,0.13,0.0,0.0,0.0
2025-05-12T00:00,3.5,85,991.3,100,3.23,238,0.12,0.0,0.0,0.0
2025-05-12T01:00,3.4,85,991.1,100,3.16,239,0.12,0.0,0.0,0.0
2025-05-12T02:00,3.1,87,990.9,100,3.10,239,0.10,0.0,0.0,0.0
2025-05-12T03:00,3.0,87,990.7,100,3.37,235,0.10,0.0,0.0,0.0
2025-05-12T04:00,1.4,96,990.9,100,2.95,231,0.03,0.0,0.0,0.0
2025-05-12T05:00,1.6,95,990.9,100,2.92,232,0.03,1.0,0.0,1.0
2025-05-12T06:00,1.7,95,990.9,100,3.22,227,0.03,20.0,0.0,20.0
2025-05-12T07:00,2.0,93,990.8,100,3.89,228,0.05,57.0,0.0,57.0
2025-05-12T08:00,2.4,91,990.9,100,3.82,227,0.06,73.0,0.0,73.0
2025-05-12T09:00,2.8,89,991.0,100,3.89,224,0.08,110.0,1.0,109.0
2025-05-12T10:00,3.4,86,991.4,100,3.76,221,0.11,142.0,2.0,140.0
2025-05-12T11:00,4.6,79,991.7,100,3.78,227,0.17,242.0,18.0,224.0
2025-05-12T12:00,5.4,75,992.0,100,3.61,228,0.22,203.0,8.0,195.0
2025-05-12T13:00,6.6,69,992.1,100,3.40,227,0.30,310.0,23.0,287.0
2025-05-12T14:00,7.0,69,992.5,93,2.87,230,0.31,265.0,46.0,219.0
2025-05-12T15:00,7.3,68,992.7,97,2.48,223,0.32,257.0,32.0,225.0
2025-05-12T16:00,9.1,53,992.4,86,3.41,215,0.55,306.0,80.0,226.0
2025-05-12T17:00,8.9,55,992.6,63,2.84,208,0.51,225.0,57.0,168.0
2025-05-12T18:00,8.2,63,992.8,83,2.31,198,0.40,178.0,50.0,128.0
2025-05-12T19:00,8.1,63,992.6,47,1.57,197,0.40,125.0,56.0,69.0
2025-05-12T20:00,7.7,67,992.4,32,1.22,171,0.35,52.0,18.0,34.0
2025-05-12T21:00,7.2,70,992.5,11,1.20,163,0.30,3.0,0.0,3.0
2025-05-12T22:00,6.4,75,992.3,4,1.39,165,0.24,0.0,0.0,0.0
2025-05-12T23:00,5.8,79,992.3,4,1.01,171,0.20,0.0,0.0,0.0
2025-05-13T00:00,5.2,81,992.2,2,1.49,130,0.17,0.0,0.0,0.0
2025-05-13T01:00,4.7,84,991.9,8,1.21,142,0.14,0.0,0.0,0.0
2025-05-13T02:00,3.9,87,991.8,1,0.86,170,0.10,0.0,0.0,0.0
2025-05-13T03:00,3.4,89,991.5,0,0.81,187,0.09,0.0,0.0,0.0
2025-05-13T04:00,3.6,90,991.5,0,0.36,326,0.08,0.0,0.0,0.0
2025-05-13T05:00,3.2,92,991.2,3,1.24,346,0.06,8.0,2.0,6.0
2025-05-13T06:00,3.8,90,991.1,6,1.26,353,0.08,82.0,41.0,41.0
2025-05-13T07:00,5.2,85,991.0,64,0.79,18,0.13,197.0,123.0,74.0
2025-05-13T08:00,7.0,78,990.9,100,0.95,18,0.22,278.0,175.0,103.0
2025-05-13T09:00,7.7,73,990.5,100,1.39,30,0.29,211.0,58.0,153.0
2025-05-13T10:00,7.4,75,990.6,100,1.60,2,0.25,93.0,0.0,93.0
2025-05-13T11:00,7.5,75,990.2,100,1.93,350,0.26,130.0,0.0,130.0
2025-05-13T12:00,7.5,70,990.1,100,2.55,349,0.31,138.0,0.0,138.0
2025-05-13T13:00,7.3,73,989.9,100,2.32,323,0.28,138.0,0.0,138.0
2025-05-13T14:00,7.1,74,989.7,100,2.20,339,0.26,132.0,1.0,131.0
2025-05-13T15:00,6.9,82,989.3,100,2.10,335,0.18,95.0,0.0,95.0
2025-05-13T16:00,8.4,68,988.7,100,1.76,345,0.35,214.0,3.0,211.0
2025-05-13T17:00,8.8,67,988.6,100,1.52,316,0.38,231.0,21.0,210.0
2025-05-13T18:00,8.7,67,988.2,100,1.44,290,0.37,107.0,0.0,107.0
2025-05-13T19:00,8.3,72,988.1,100,1.44,250,0.31,57.0,0.0,57.0
2025-05-13T20:00,7.7,79,988.0,100,1.44,256,0.22,30.0,1.0,29.0
2025-05-13T21:00,6.9,84,988.0,100,1.24,256,0.16,2.0,0.0,2.0
2025-05-13T22:00,6.7,88,987.8,99,1.58,259,0.12,0.0,0.0,0.0
2025-05-13T23:00,6.1,92,987.9,95,1.42,260,0.07,0.0,0.0,0.0
2025-05-14T00:00,5.5,93,987.5,100,1.86,234,0.07,0.0,0.0,0.0
2025-05-14T01:00,4.9,94,987.3,100,1.89,238,0.06,0.0,0.0,0.0
2025-05-14T02:00,4.7,94,987.3,100,1.92,242,0.05,0.0,0.0,0.0
2025-05-14T03:00,4.5,95,987.2,100,2.10,232,0.05,0.0,0.0,0.0
2025-05-14T04:00,4.6,95,987.4,100,2.73,229,0.05,0.0,0.0,0.0
2025-05-14T05:00,4.8,92,987.5,100,3.11,224,0.07,5.0,0.0,5.0
2025-05-14T06:00,5.3,88,987.3,31,2.72,226,0.10,54.0,9.0,45.0
2025-05-14T07:00,6.6,87,987.5,5,2.25,212,0.13,210.0,139.0,71.0
2025-05-14T08:00,7.9,84,987.5,17,2.34,220,0.17,362.0,280.0,82.0
2025-05-14T09:00,9.4,75,987.6,5,2.44,223,0.29,502.0,399.0,103.0
2025-05-14T10:00,10.6,68,987.4,8,2.45,231,0.41,620.0,507.0,113.0
2025-05-14T11:00,11.6,61,987.2,99,2.26,235,0.53,723.0,602.0,121.0
2025-05-14T12:00,12.1,57,987.2,100,2.20,229,0.60,631.0,328.0,303.0
2025-05-14T13:00,12.0,55,987.0,100,2.27,230,0.63,389.0,119.0,270.0
2025-05-14T14:00,12.1,54,986.9,97,2.12,243,0.65,349.0,73.0,276.0
2025-05-14T15:00,12.7,52,986.5,49,1.39,249,0.70,379.0,146.0,233.0
2025-05-14T16:00,11.4,61,986.7,55,2.88,197,0.52,437.0,254.0,183.0
2025-05-14T17:00,11.6,60,986.5,38,2.30,222,0.54,432.0,299.0,133.0
2025-05-14T18:00,11.5,58,986.4,24,2.14,233,0.57,313.0,222.0,91.0
2025-05-14T19:00,11.2,60,986.3,50,1.91,237,0.54,184.0,116.0,68.0
2025-05-14T20:00,10.4,66,986.3,88,1.86,216,0.43,65.0,25.0,40.0
2025-05-14T21:00,9.3,73,986.5,77,1.93,217,0.31,5.0,1.0,4.0
2025-05-14T22:00,8.4,79,986.6,33,1.89,217,0.23,0.0,0.0,0.0
2025-05-14T23:00,7.7,83,986.4,2,1.73,213,0.18,0.0,0.0,0.0
2025-05-15T00:00,6.9,87,986.6,0,1.93,211,0.13,0.0,0.0,0.0
2025-05-15T01:00,6.2,89,986.6,0,1.86,216,0.10,0.0,0.0,0.0
2025-05-15T02:00,5.6,91,986.7,64,1.89,212,0.08,0.0,0.0,0.0
2025-05-15T03:00,5.2,93,986.7,70,1.95,222,0.07,0.0,0.0,0.0
2025-05-15T04:00,5.6,87,986.9,0,1.60,212,0.12,0.0,0.0,0.0
2025-05-15T05:00,5.2,88,987.0,0,1.64,211,0.10,9.0,3.0,6.0
2025-05-15T06:00,5.5,88,987.6,0,1.88,205,0.11,89.0,50.0,39.0
2025-05-15T07:00,6.8,85,987.8,0,1.17,190,0.15,223.0,159.0,64.0
2025-05-15T08:00,8.6,81,988.1,84,1.20,180,0.21,340.0,241.0,99.0
2025-05-15T09:00,10.6,74,988.4,100,1.60,182,0.33,457.0,299.0,158.0
2025-05-15T10:00,12.3,67,988.7,59,1.91,186,0.48,466.0,216.0,250.0
2025-05-15T11:00,14.3,49,988.9,10,2.67,203,0.83,724.0,601.0,123.0
2025-05-15T12:00,15.1,41,989.2,9,2.93,210,1.01,774.0,645.0,129.0
2025-05-15T13:00,15.6,38,989.7,16,3.09,205,1.10,774.0,639.0,135.0
2025-05-15T14:00,16.1,37,990.1,31,3.04,197,1.15,722.0,584.0,138.0
2025-05-15T15:00,16.4,36,990.3,77,3.72,204,1.19,691.0,554.0,137.0
2025-05-15T16:00,16.9,32,990.1,100,3.26,207,1.31,371.0,134.0,237.0
2025-05-15T17:00,16.9,34,990.5,63,3.14,202,1.26,262.0,70.0,192.0
2025-05-15T18:00,15.8,43,991.1,78,3.67,197,1.03,300.0,184.0,116.0
2025-05-15T19:00,15.4,48,991.1,67,1.81,185,0.90,190.0,122.0,68.0
2025-05-15T20:00,14.5,54,991.3,56,1.88,132,0.76,65.0,23.0,42.0
2025-05-15T21:00,13.4,58,991.8,29,2.32,123,0.65,5.0,1.0,4.0
2025-05-15T22:00,12.7,62,992.3,100,2.74,162,0.56,0.0,0.0,0.0
2025-05-15T23:00,12.6,64,992.8,51,2.98,194,0.52,0.0,0.0,0.0
2025-05-16T00:00,11.3,71,993.3,100,2.54,190,0.38,0.0,0.0,0.0
2025-05-16T01:00,10.6,77,993.7,60,2.41,185,0.30,0.0,0.0,0.0
2025-05-16T02:00,10.1,81,993.9,31,2.26,175,0.24,0.0,0.0,0.0
2025-05-16T03:00,9.7,84,994.5,96,2.19,169,0.19,0.0,0.0,0.0
2025-05-16T04:00,10.4,79,995.0,58,2.44,154,0.26,0.0,0.0,0.0
2025-05-16T05:00,10.3,80,995.3,18,2.48,155,0.25,9.0,2.0,7.0
2025-05-16T06:00,10.8,78,995.7,87,2.66,160,0.29,85.0,40.0,45.0
2025-05-16T07:00,11.8,74,996.0,100,2.13,156,0.36,209.0,136.0,73.0
2025-05-16T08:00,12.8,70,996.3,100,2.25,168,0.44,291.0,125.0,166.0
2025-05-16T09:00,14.1,66,996.5,85,2.25,168,0.54,400.0,176.0,224.0
2025-05-16T10:00,15.8,62,996.9,4,2.26,167,0.69,557.0,356.0,201.0
2025-05-16T11:00,17.4,57,997.0,1,2.46,167,0.84,722.0,613.0,109.0
2025-05-16T12:00,18.6,51,997.1,30,3.24,171,1.06,775.0,663.0,112.0
2025-05-16T13:00,19.3,46,997.3,41,3.66,177,1.21,683.0,526.0,157.0
2025-05-16T14:00,19.9,43,997.5,95,3.95,179,1.33,735.0,615.0,120.0
2025-05-16T15:00,19.9,43,997.2,100,3.95,179,1.32,578.0,410.0,168.0
2025-05-16T16:00,21.4,31,997.0,100,3.96,183,1.77,619.0,517.0,102.0
2025-05-16T17:00,20.6,36,997.1,99,4.17,194,1.56,483.0,376.0,107.0
2025-05-16T18:00,20.0,39,997.3,100,3.63,192,1.43,317.0,203.0,114.0
2025-05-16T19:00,19.4,43,997.5,100,2.89,189,1.27,145.0,49.0,96.0
2025-05-16T20:00,18.4,49,997.8,100,2.30,184,1.07,53.0,5.0,48.0
2025-05-16T21:00,17.2,57,998.1,100,2.01,184,0.84,5.0,0.0,5.0
2025-05-16T22:00,16.3,63,998.4,100,2.06,174,0.69,0.0,0.0,0.0
2025-05-16T23:00,15.5,63,998.5,100,2.23,171,0.65,0.0,0.0,0.0
2025-05-17T00:00,14.9,62,998.7,100,2.02,173,0.64,0.0,0.0,0.0
2025-05-17T01:00,13.9,66,998.8,100,1.18,192,0.54,0.0,0.0,0.0
2025-05-17T02:00,13.0,72,999.1,100,0.65,176,0.42,0.0,0.0,0.0
2025-05-17T03:00,12.6,69,999.3,100,1.46,142,0.45,0.0,0.0,0.0
2025-05-17T04:00,12.0,68,999.1,100,1.39,159,0.44,0.0,0.0,0.0
2025-05-17T05:00,11.5,70,998.9,100,1.35,149,0.40,10.0,0.0,10.0
2025-05-17T06:00,11.8,69,999.1,100,1.64,142,0.43,69.0,8.0,61.0
2025-05-17T07:00,12.8,67,999.1,100,1.46,121,0.48,167.0,47.0,120.0
2025-05-17T08:00,14.0,63,999.0,100,1.30,118,0.58,266.0,79.0,187.0
2025-05-17T09:00,15.6,58,999.0,100,1.58,125,0.74,376.0,136.0,240.0
2025-05-17T10:00,17.2,53,999.0,100,2.16,132,0.93,457.0,152.0,305.0
2025-05-17T11:00,18.8,47,998.8,100,2.60,150,1.14,598.0,302.0,296.0
2025-05-17T12:00,19.8,40,998.6,100,3.65,155,1.37,624.0,333.0,291.0
2025-05-17T13:00,19.9,39,998.4,100,4.32,156,1.41,501.0,218.0,283.0
2025-05-17T14:00,19.4,41,998.4,100,4.40,163,1.33,390.0,119.0,271.0
2025-05-17T15:00,19.5,42,998.0,100,3.53,153,1.33,286.0,30.0,256.0
2025-05-17T16:00,20.4,36,997.2,100,3.44,152,1.53,367.0,133.0,234.0
2025-05-17T17:00,20.7,36,996.9,100,5.51,146,1.57,441.0,269.0,172.0
2025-05-17T18:00,18.7,45,996.7,100,3.36,136,1.19,195.0,49.0,146.0
2025-05-17T19:00,18.6,47,996.6,100,3.17,142,1.14,88.0,0.0,88.0
2025-05-17T20:00,17.7,52,996.7,100,4.03,157,0.98,34.0,0.0,34.0
2025-05-17T21:00,16.9,58,996.4,100,2.74,149,0.81,4.0,0.0,4.0
2025-05-17T22:00,16.2,61,996.3,100,2.48,132,0.72,0.0,0.0,0.0
2025-05-17T23:00,15.7,62,995.7,100,2.60,113,0.69,0.0,0.0,0.0
2025-05-18T00:00,15.4,62,995.4,100,2.62,108,0.66,0.0,0.0,0.0
2025-05-18T01:00,15.2,63,995.0,100,2.74,108,0.64,0.0,0.0,0.0
2025-05-18T02:00,14.8,64,995.0,100,2.74,111,0.61,0.0,0.0,0.0
2025-05-18T03:00,14.8,63,994.7,100,2.46,119,0.62,0.0,0.0,0.0
2025-05-18T04:00,14.6,63,994.1,99,3.10,91,0.61,0.0,0.0,0.0
2025-05-18T05:00,14.5,62,993.5,100,3.47,96,0.63,9.0,1.0,8.0
2025-05-18T06:00,15.1,57,992.9,100,3.70,90,0.73,53.0,1.0,52.0
2025-05-18T07:00,15.4,55,992.8,100,3.88,102,0.79,50.0,0.0,50.0
2025-05-18T08:00,15.6,56,992.3,100,3.61,93,0.78,134.0,5.0,129.0
2025-05-18T09:00,16.8,52,992.0,97,3.22,102,0.91,255.0,33.0,222.0
2025-05-18T10:00,17.8,49,991.9,100,3.59,99,1.04,314.0,65.0,249.0
2025-05-18T11:00,20.0,40,991.1,100,3.94,105,1.40,512.0,214.0,298.0
2025-05-18T12:00,20.5,37,990.4,100,4.34,114,1.51,414.0,104.0,310.0
2025-05-18T13:00,20.6,34,989.8,84,4.68,119,1.61,190.0,0.0,190.0
2025-05-18T14:00,21.8,32,989.1,98,5.74,131,1.78,541.0,279.0,262.0
2025-05-18T15:00,21.2,32,988.5,100,5.46,139,1.71,354.0,77.0,277.0
2025-05-18T16:00,17.6,43,989.3,100,5.77,132,1.16,383.0,172.0,211.0
2025-05-18T17:00,15.4,58,989.5,100,4.11,132,0.72,134.0,4.0,130.0
2025-05-18T18:00,14.7,67,989.0,100,3.65,119,0.56,50.0,0.0,50.0
2025-05-18T19:00,14.0,68,988.5,100,4.16,106,0.51,29.0,0.0,29.0
2025-05-18T20:00,13.6,72,988.2,100,3.93,102,0.44,14.0,0.0,14.0
2025-05-18T21:00,13.1,76,988.0,100,3.22,96,0.36,1.0,0.0,1.0
2025-05-18T22:00,12.8,80,987.8,100,2.85,92,0.29,0.0,0.0,0.0
2025-05-18T23:00,12.7,83,987.5,100,2.45,91,0.26,0.0,0.0,0.0
2025-05-19T00:00,12.6,84,987.2,100,2.58,105,0.23,0.0,0.0,0.0
2025-05-19T01:00,12.5,85,986.9,100,2.67,120,0.21,0.0,0.0,0.0
2025-05-19T02:00,12.2,88,986.8,100,2.16,134,0.17,0.0,0.0,0.0
2025-05-19T03:00,11.8,91,986.4,100,1.97,156,0.13,0.0,0.0,0.0
2025-05-19T04:00,12.6,89,986.3,100,1.24,76,0.16,0.0,0.0,0.0
2025-05-19T05:00,12.3,91,986.3,100,0.94,115,0.13,9.0,1.0,8.0
2025-05-19T06:00,12.4,91,986.1,100,1.38,193,0.12,39.0,1.0,38.0
2025-05-19T07:00,12.4,91,986.2,100,2.16,230,0.13,72.0,4.0,68.0
2025-05-19T08:00,12.8,87,986.2,100,2.56,231,0.20,157.0,25.0,132.0
2025-05-19T09:00,13.9,78,986.2,100,2.79,226,0.36,228.0,14.0,214.0
2025-05-19T10:00,14.6,71,986.4,69,3.36,222,0.48,338.0,93.0,245.0
2025-05-19T11:00,15.2,68,986.2,55,3.75,228,0.55,557.0,354.0,203.0
2025-05-19T12:00,15.6,65,986.0,58,4.02,232,0.61,490.0,239.0,251.0
2025-05-19T13:00,16.5,61,985.9,89,3.77,235,0.74,527.0,252.0,275.0
2025-05-19T14:00,15.8,63,985.9,71,3.76,247,0.66,350.0,86.0,264.0
2025-05-19T15:00,16.7,60,985.4,98,3.77,248,0.75,531.0,312.0,219.0
2025-05-19T16:00,15.5,60,985.7,83,4.35,257,0.70,264.0,47.0,217.0
2025-05-19T17:00,15.4,60,985.4,100,4.09,262,0.70,181.0,15.0,166.0
2025-05-19T18:00,15.2,61,985.2,54,3.85,272,0.67,181.0,27.0,154.0
2025-05-19T19:00,14.8,62,985.0,100,3.75,272,0.64,150.0,75.0,75.0
2025-05-19T20:00,14.3,66,985.0,97,2.94,260,0.55,27.0,0.0,27.0
2025-05-19T21:00,13.3,72,984.9,100,2.56,282,0.42,5.0,0.0,5.0
2025-05-19T22:00,13.1,73,984.5,100,3.06,255,0.41,0.0,0.0,0.0
2025-05-19T23:00,12.4,77,984.3,100,3.39,254,0.33,0.0,0.0,0.0
2025-05-20T00:00,12.1,78,983.9,100,3.21,266,0.30,0.0,0.0,0.0
2025-05-20T01:00,11.7,79,983.3,100,3.17,258,0.28,0.0,0.0,0.0
2025-05-20T02:00,11.1,80,983.0,100,3.30,248,0.26,0.0,0.0,0.0
2025-05-20T03:00,10.0,84,982.5,100,3.39,239,0.19,0.0,0.0,0.0
2025-05-20T04:00,9.6,92,981.8,100,2.51,257,0.09,0.0,0.0,0.0
2025-05-20T05:00,9.9,97,981.8,100,1.87,278,0.04,4.0,0.0,4.0
2025-05-20T06:00,10.2,95,981.9,100,2.73,310,0.06,10.0,0.0,10.0
2025-05-20T07:00,10.3,93,981.9,100,2.54,306,0.09,33.0,0.0,33.0
2025-05-20T08:00,10.6,88,981.9,100,2.62,315,0.15,62.0,0.0,62.0
2025-05-20T09:00,10.6,87,982.2,100,2.61,324,0.16,94.0,0.0,94.0
2025-05-20T10:00,10.7,87,982.7,100,2.83,324,0.17,120.0,6.0,114.0
2025-05-20T11:00,10.8,87,983.0,100,2.98,325,0.17,125.0,0.0,125.0
2025-05-20T12:00,10.9,86,983.2,100,3.56,331,0.19,170.0,2.0,168.0
2025-05-20T13:00,12.0,79,983.3,100,3.78,331,0.30,313.0,45.0,268.0
2025-05-20T14:00,12.8,72,983.2,100,3.21,329,0.41,248.0,0.0,248.0
2025-05-20T15:00,15.0,57,983.0,26,1.68,330,0.73,443.0,175.0,268.0
2025-05-20T16:00,17.2,39,982.4,64,2.40,343,1.20,599.0,470.0,129.0
2025-05-20T17:00,17.4,35,982.3,77,3.05,337,1.30,450.0,304.0,146.0
2025-05-20T18:00,17.4,36,982.1,52,2.13,336,1.26,305.0,176.0,129.0
2025-05-20T19:00,17.0,44,982.1,50,0.72,335,1.08,214.0,139.0,75.0
2025-05-20T20:00,15.9,49,982.5,78,1.29,257,0.92,85.0,44.0,41.0
2025-05-20T21:00,14.4,57,982.6,64,2.73,278,0.71,9.0,1.0,8.0
2025-05-20T22:00,13.2,65,982.6,37,2.27,262,0.53,0.0,0.0,0.0
2025-05-20T23:00,12.3,69,982.6,93,2.50,250,0.45,0.0,0.0,0.0
2025-05-21T00:00,11.9,69,982.5,100,2.66,244,0.44,0.0,0.0,0.0
2025-05-21T01:00,11.4,70,982.4,98,2.96,248,0.40,0.0,0.0,0.0
2025-05-21T02:00,10.8,75,982.4,0,2.98,247,0.33,0.0,0.0,0.0
2025-05-21T03:00,10.3,79,982.3,87,2.96,248,0.26,0.0,0.0,0.0
2025-05-21T04:00,10.5,79,981.9,41,2.73,244,0.27,0.0,0.0,0.0
2025-05-21T05:00,10.2,81,982.1,4,2.80,241,0.24,16.0,5.0,11.0
2025-05-21T06:00,10.8,80,982.2,59,2.80,239,0.26,103.0,59.0,44.0
2025-05-21T07:00,11.9,79,982.4,58,2.32,237,0.29,232.0,163.0,69.0
2025-05-21T08:00,13.5,75,982.6,43,2.28,244,0.38,355.0,253.0,102.0
2025-05-21T09:00,15.2,69,982.7,53,2.36,249,0.53,493.0,383.0,110.0
2025-05-21T10:00,16.6,64,983.1,52,2.49,248,0.68,578.0,444.0,134.0
2025-05-21T11:00,17.3,60,983.6,55,2.92,248,0.78,599.0,407.0,192.0
2025-05-21T12:00,17.8,56,983.5,23,3.16,259,0.89,617.0,399.0,218.0
2025-05-21T13:00,17.7,56,983.8,61,3.46,267,0.89,634.0,432.0,202.0
2025-05-21T14:00,17.7,57,984.3,77,3.72,303,0.87,472.0,258.0,214.0
2025-05-21T15:00,16.0,66,985.3,91,2.18,307,0.62,359.0,151.0,208.0
2025-05-21T16:00,18.3,49,985.4,21,3.08,306,1.08,419.0,230.0,189.0
2025-05-21T17:00,18.7,45,985.7,24,2.87,310,1.19,428.0,305.0,123.0
2025-05-21T18:00,18.2,45,986.0,21,3.11,323,1.15,316.0,227.0,89.0
2025-05-21T19:00,17.4,49,986.7,28,2.74,342,1.02,192.0,125.0,67.0
2025-05-21T20:00,16.2,53,987.5,25,2.74,351,0.87,78.0,40.0,38.0
2025-05-21T21:00,14.9,59,988.5,1,1.60,356,0.70,10.0,3.0,7.0
2025-05-21T22:00,14.0,64,989.1,1,1.35,360,0.57,0.0,0.0,0.0
2025-05-21T23:00,13.0,68,989.7,4,1.85,2,0.48,0.0,0.0,0.0
2025-05-22T00:00,12.1,67,990.2,13,1.39,15,0.47,0.0,0.0,0.0
2025-05-22T01:00,11.2,73,990.7,4,0.85,357,0.36,0.0,0.0,0.0
2025-05-22T02:00,10.7,72,991.2,93,0.89,333,0.35,0.0,0.0,0.0
2025-05-22T03:00,10.2,78,991.7,89,0.51,299,0.27,0.0,0.0,0.0
2025-05-22T04:00,9.7,77,992.0,39,0.16,252,0.28,0.0,0.0,0.0
2025-05-22T05:00,9.4,81,992.5,16,0.54,304,0.23,16.0,4.0,12.0
2025-05-22T06:00,9.9,81,993.2,38,0.89,308,0.23,103.0,56.0,47.0
2025-05-22T07:00,11.4,76,993.9,35,0.61,325,0.32,232.0,155.0,77.0
2025-05-22T08:00,13.2,63,994.3,14,0.43,324,0.56,382.0,292.0,90.0
2025-05-22T09:00,15.1,53,994.8,17,0.21,225,0.81,529.0,437.0,92.0
2025-05-22T10:00,16.7,43,995.2,1,0.49,225,1.09,653.0,552.0,101.0
2025-05-22T11:00,17.8,41,995.7,0,0.83,245,1.21,748.0,643.0,105.0
2025-05-22T12:00,18.7,39,995.9,0,0.79,235,1.31,808.0,701.0,107.0
2025-05-22T13:00,19.7,39,996.0,0,0.71,225,1.40,825.0,718.0,107.0
2025-05-22T14:00,20.4,39,996.1,83,0.68,216,1.47,801.0,695.0,106.0
2025-05-22T15:00,20.9,37,995.9,98,0.99,221,1.55,703.0,571.0,132.0
2025-05-22T16:00,22.5,25,995.4,23,1.27,281,2.05,628.0,504.0,124.0
2025-05-22T17:00,22.6,25,995.2,0,1.05,275,2.06,515.0,425.0,90.0
2025-05-22T18:00,22.8,25,995.3,19,1.38,283,2.08,370.0,293.0,77.0
2025-05-22T19:00,22.7,25,995.5,56,2.33,255,2.07,218.0,153.0,65.0
2025-05-22T20:00,20.8,36,996.2,2,2.49,218,1.56,91.0,51.0,40.0
2025-05-22T21:00,19.7,41,996.7,0,1.62,189,1.36,12.0,4.0,8.0
2025-05-22T22:00,18.8,46,996.9,19,1.36,174,1.18,0.0,0.0,0.0
2025-05-22T23:00,17.8,49,997.1,45,1.75,156,1.03,0.0,0.0,0.0
2025-05-23T00:00,16.8,52,997.2,56,1.90,150,0.92,0.0,0.0,0.0
2025-05-23T01:00,16.0,55,997.6,46,2.05,146,0.81,0.0,0.0,0.0
2025-05-23T02:00,15.2,59,997.6,3,2.02,140,0.71,0.0,0.0,0.0
2025-05-23T03:00,14.4,62,997.7,0,2.02,132,0.63,0.0,0.0,0.0
2025-05-23T04:00,13.9,61,997.9,59,1.91,147,0.62,0.0,0.0,0.0
2025-05-23T05:00,13.4,63,998.2,13,1.95,151,0.57,17.0,5.0,12.0
2025-05-23T06:00,13.9,61,998.4,0,1.89,148,0.63,107.0,63.0,44.0
2025-05-23T07:00,15.3,55,998.4,0,1.22,145,0.78,238.0,172.0,66.0
2025-05-23T08:00,17.6,47,998.6,0,1.24,140,1.05,382.0,302.0,80.0
2025-05-23T09:00,20.1,40,998.9,0,1.57,149,1.40,521.0,431.0,90.0
2025-05-23T10:00,22.4,33,999.1,0,2.21,167,1.80,643.0,544.0,99.0
2025-05-23T11:00,23.5,30,999.2,50,3.66,183,2.02,741.0,638.0,103.0
2025-05-23T12:00,23.8,33,999.1,42,3.56,183,1.97,671.0,529.0,142.0
2025-05-23T13:00,23.5,33,999.4,26,4.48,187,1.95,670.0,500.0,170.0
2025-05-23T14:00,24.3,32,999.4,41,3.96,183,2.06,717.0,561.0,156.0
2025-05-23T15:00,24.6,30,999.2,18,4.10,183,2.15,652.0,531.0,121.0
2025-05-23T16:00,25.4,25,998.9,6,4.21,183,2.44,622.0,519.0,103.0
2025-05-23T17:00,25.2,27,998.7,12,3.90,181,2.35,509.0,420.0,89.0
2025-05-23T18:00,24.8,28,998.7,23,4.10,183,2.23,355.0,275.0,80.0
2025-05-23T19:00,24.1,30,998.9,10,3.69,189,2.09,201.0,134.0,67.0
2025-05-23T20:00,23.4,33,999.5,23,2.85,198,1.92,89.0,48.0,41.0
2025-05-23T21:00,22.5,38,999.8,54,2.15,181,1.70,12.0,4.0,8.0
2025-05-23T22:00,21.7,41,1000.2,59,2.30,167,1.52,0.0,0.0,0.0
2025-05-23T23:00,20.7,48,1000.5,65,2.35,178,1.28,0.0,0.0,0.0
2025-05-24T00:00,19.8,51,1000.7,38,2.10,179,1.12,0.0,0.0,0.0
2025-05-24T01:00,19.0,53,1000.7,2,1.93,170,1.03,0.0,0.0,0.0
2025-05-24T02:00,18.3,56,1000.7,0,1.74,168,0.93,0.0,0.0,0.0
2025-05-24T03:00,17.3,59,1000.8,0,1.81,156,0.81,0.0,0.0,0.0
2025-05-24T04:00,16.2,65,1001.2,0,2.00,148,0.65,0.0,0.0,0.0
2025-05-24T05:00,15.9,66,1001.3,0,1.90,150,0.61,19.0,7.0,12.0
2025-05-24T06:00,16.6,62,1001.3,5,1.93,143,0.71,108.0,64.0,44.0
2025-05-24T07:00,18.0,56,1001.3,6,1.27,154,0.91,238.0,171.0,67.0
2025-05-24T08:00,20.0,48,1001.5,33,1.25,157,1.21,381.0,298.0,83.0
2025-05-24T09:00,22.3,40,1001.4,7,1.59,167,1.62,520.0,423.0,97.0
2025-05-24T10:00,24.3,33,1001.4,55,1.99,168,2.04,644.0,544.0,100.0
2025-05-24T11:00,25.5,27,1001.4,44,2.68,166,2.40,735.0,621.0,114.0
2025-05-24T12:00,26.0,25,1001.4,27,3.16,169,2.51,722.0,585.0,137.0
2025-05-24T13:00,26.2,25,1001.5,13,3.57,174,2.55,725.0,589.0,136.0
2025-05-24T14:00,25.8,29,1001.4,30,3.80,178,2.36,690.0,559.0,131.0
2025-05-24T15:00,26.3,25,1001.1,13,3.09,171,2.55,684.0,565.0,119.0
2025-05-24T16:00,27.1,20,1000.6,5,3.18,158,2.85,625.0,517.0,108.0
2025-05-24T17:00,27.1,20,1000.3,1,3.34,148,2.87,509.0,416.0,93.0
2025-05-24T18:00,26.9,20,1000.0,3,3.37,140,2.85,364.0,282.0,82.0
2025-05-24T19:00,26.5,19,999.9,25,4.10,142,2.79,226.0,162.0,64.0
2025-05-24T20:00,25.4,24,1000.4,12,3.47,153,2.47,97.0,56.0,41.0
2025-05-24T21:00,24.4,28,1000.7,7,2.62,149,2.18,14.0,5.0,9.0
2025-05-24T22:00,23.5,32,1001.0,1,2.38,141,1.97,0.0,0.0,0.0
2025-05-24T23:00,22.4,34,1001.1,2,2.79,136,1.78,0.0,0.0,0.0
2025-05-25T00:00,21.0,36,1001.2,0,2.52,146,1.59,0.0,0.0,0.0
2025-05-25T01:00,20.0,38,1001.3,0,2.06,139,1.45,0.0,0.0,0.0
2025-05-25T02:00,19.1,40,1001.3,0,2.34,124,1.33,0.0,0.0,0.0
2025-05-25T03:00,18.1,43,1001.5,0,2.45,139,1.18,0.0,0.0,0.0
2025-05-25T04:00,17.0,49,1001.7,0,2.30,139,0.98,0.0,0.0,0.0
2025-05-25T05:00,16.6,51,1001.9,0,2.30,139,0.92,21.0,8.0,13.0
2025-05-25T06:00,17.1,50,1002.1,0,2.25,127,0.98,113.0,69.0,44.0
2025-05-25T07:00,18.4,46,1002.3,0,1.88,132,1.13,246.0,180.0,66.0
2025-05-25T08:00,20.3,41,1002.5,0,1.98,133,1.41,391.0,312.0,79.0
2025-05-25T09:00,22.7,34,1002.6,0,2.25,143,1.81,532.0,443.0,89.0
2025-05-25T10:00,24.7,28,1002.6,0,3.00,154,2.25,656.0,559.0,97.0
2025-05-25T11:00,26.0,23,1002.6,3,4.10,156,2.57,752.0,651.0,101.0
2025-05-25T12:00,26.6,21,1002.5,45,4.65,159,2.74,802.0,695.0,107.0
2025-05-25T13:00,27.0,21,1002.4,41,4.64,166,2.82,799.0,677.0,122.0
2025-05-25T14:00,27.2,22,1002.1,16,4.46,164,2.82,778.0,660.0,118.0
2025-05-25T15:00,27.5,21,1001.7,6,4.35,158,2.91,715.0,606.0,109.0
2025-05-25T16:00,27.8,19,1001.8,0,3.97,157,3.01,654.0,564.0,90.0
2025-05-25T17:00,27.9,18,1001.5,9,3.37,148,3.07,517.0,430.0,87.0
2025-05-25T18:00,28.2,16,1001.0,81,3.47,150,3.19,373.0,293.0,80.0
2025-05-25T19:00,26.7,21,1001.4,88,4.83,153,2.74,183.0,90.0,93.0
2025-05-25T20:00,26.2,22,1001.5,10,4.07,152,2.67,73.0,27.0,46.0
2025-05-25T21:00,25.3,25,1001.7,25,2.93,150,2.42,15.0,6.0,9.0
2025-05-25T22:00,23.9,31,1001.8,100,2.97,123,2.06,0.0,0.0,0.0
2025-05-25T23:00,21.8,40,1002.0,99,3.06,116,1.56,0.0,0.0,0.0
2025-05-26T00:00,20.7,44,1002.2,100,3.05,125,1.37,0.0,0.0,0.0
2025-05-26T01:00,20.0,43,1002.3,100,3.43,137,1.33,0.0,0.0,0.0
2025-05-26T02:00,19.6,43,1002.3,55,3.52,141,1.30,0.0,0.0,0.0
2025-05-26T03:00,18.8,45,1002.2,18,3.37,139,1.20,0.0,0.0,0.0
2025-05-26T04:00,17.3,51,1002.6,1,3.02,141,0.96,0.0,0.0,0.0
2025-05-26T05:00,16.9,53,1002.8,0,3.08,137,0.91,22.0,9.0,13.0
2025-05-26T06:00,17.2,52,1002.9,71,2.42,128,0.94,115.0,70.0,45.0
2025-05-26T07:00,18.3,50,1002.9,41,2.86,134,1.06,249.0,182.0,67.0
2025-05-26T08:00,19.9,46,1002.8,100,3.29,137,1.26,395.0,315.0,80.0
2025-05-26T09:00,21.9,41,1002.6,79,3.40,139,1.54,533.0,440.0,93.0
2025-05-26T10:00,24.0,37,1002.7,98,3.61,143,1.89,657.0,557.0,100.0
2025-05-26T11:00,25.9,32,1002.4,100,4.29,148,2.28,751.0,642.0,109.0
2025-05-26T12:00,27.3,25,1002.3,100,5.71,163,2.72,803.0,676.0,127.0
2025-05-26T13:00,27.5,23,1002.1,100,6.13,171,2.81,730.0,559.0,171.0
2025-05-26T14:00,28.0,20,1001.6,100,5.70,165,3.01,613.0,396.0,217.0
2025-05-26T15:00,28.2,19,1001.4,98,5.81,167,3.09,659.0,436.0,223.0
2025-05-26T16:00,27.8,19,1002.0,100,5.69,170,3.00,590.0,394.0,196.0
2025-05-26T17:00,27.4,21,1001.8,100,6.11,177,2.89,466.0,306.0,160.0
2025-05-26T18:00,27.1,22,1001.6,95,5.81,178,2.81,329.0,187.0,142.0
2025-05-26T19:00,26.5,23,1001.4,84,6.08,186,2.66,195.0,111.0,84.0
2025-05-26T20:00,25.6,26,1001.5,99,4.80,188,2.44,102.0,58.0,44.0
2025-05-26T21:00,24.7,29,1001.6,100,4.02,175,2.22,16.0,3.0,13.0
2025-05-26T22:00,24.2,29,1001.4,100,4.09,165,2.15,0.0,0.0,0.0
2025-05-26T23:00,23.4,30,1001.5,100,4.10,164,2.00,0.0,0.0,0.0
2025-05-27T00:00,22.3,35,1001.7,100,3.79,162,1.74,0.0,0.0,0.0
2025-05-27T01:00,21.9,37,1001.7,100,4.00,171,1.66,0.0,0.0,0.0
2025-05-27T02:00,21.2,39,1001.6,100,3.73,162,1.54,0.0,0.0,0.0
2025-05-27T03:00,20.2,41,1001.6,100,3.76,151,1.40,0.0,0.0,0.0
2025-05-27T04:00,19.3,46,1002.4,100,3.94,156,1.20,0.0,0.0,0.0
2025-05-27T05:00,18.8,47,1002.5,100,3.87,160,1.16,22.0,6.0,16.0
2025-05-27T06:00,19.0,45,1002.7,25,3.04,155,1.22,103.0,45.0,58.0
2025-05-27T07:00,19.6,41,1002.6,61,3.59,159,1.34,234.0,158.0,76.0
2025-05-27T08:00,20.5,36,1002.7,68,3.96,159,1.53,383.0,290.0,93.0
2025-05-27T09:00,21.6,32,1003.0,56,4.05,162,1.74,527.0,408.0,119.0
2025-05-27T10:00,23.3,26,1002.9,89,4.08,161,2.11,627.0,461.0,166.0
2025-05-27T11:00,24.4,21,1002.8,100,4.86,163,2.40,747.0,614.0,133.0
2025-05-27T12:00,24.3,22,1002.7,82,4.69,166,2.38,632.0,338.0,294.0
2025-05-27T13:00,25.0,22,1002.5,82,4.90,166,2.49,816.0,662.0,154.0
2025-05-27T14:00,25.5,22,1002.2,21,4.46,162,2.54,801.0,663.0,138.0
2025-05-27T15:00,25.9,21,1001.7,40,4.54,166,2.63,745.0,635.0,110.0
2025-05-27T16:00,26.0,20,1001.8,66,4.25,160,2.69,653.0,554.0,99.0
2025-05-27T17:00,26.1,20,1001.5,5,3.98,155,2.70,525.0,436.0,89.0
2025-05-27T18:00,25.8,18,1001.4,2,4.13,163,2.72,383.0,305.0,78.0
2025-05-27T19:00,25.4,18,1001.5,95,3.95,171,2.64,238.0,173.0,65.0
2025-05-27T20:00,24.8,21,1001.5,100,3.60,170,2.48,104.0,56.0,48.0
2025-05-27T21:00,23.7,27,1001.7,100,3.16,162,2.12,17.0,4.0,13.0
2025-05-27T22:00,22.7,32,1001.9,100,3.15,160,1.87,0.0,0.0,0.0
2025-05-27T23:00,21.9,35,1001.9,100,2.92,158,1.71,0.0,0.0,0.0
2025-05-28T00:00,21.0,36,1001.9,100,2.85,162,1.58,0.0,0.0,0.0
2025-05-28T01:00,20.4,35,1001.7,100,2.79,159,1.54,0.0,0.0,0.0
2025-05-28T02:00,19.6,36,1001.7,100,2.96,143,1.45,0.0,0.0,0.0
2025-05-28T03:00,18.3,39,1001.9,100,3.09,140,1.29,0.0,0.0,0.0
2025-05-28T04:00,16.0,47,1002.4,99,2.94,138,0.96,0.0,0.0,0.0
2025-05-28T05:00,15.6,47,1002.4,99,3.04,138,0.93,24.0,8.0,16.0
2025-05-28T06:00,16.0,47,1002.4,94,2.34,130,0.97,121.0,74.0,47.0
2025-05-28T07:00,17.0,44,1002.3,4,2.40,135,1.10,256.0,189.0,67.0
2025-05-28T08:00,18.9,38,1002.3,5,2.70,141,1.35,405.0,325.0,80.0
2025-05-28T09:00,20.8,34,1002.4,0,2.92,142,1.62,549.0,460.0,89.0
2025-05-28T10:00,22.7,30,1002.4,1,3.20,146,1.93,675.0,578.0,97.0
2025-05-28T11:00,24.5,25,1002.2,1,3.98,153,2.31,771.0,669.0,102.0
2025-05-28T12:00,25.6,21,1002.0,0,4.80,158,2.59,829.0,725.0,104.0
2025-05-28T13:00,26.1,22,1001.7,0,4.99,159,2.63,846.0,741.0,105.0
2025-05-28T14:00,26.3,24,1001.3,0,4.88,156,2.61,819.0,715.0,104.0
2025-05-28T15:00,26.9,21,1000.8,0,4.83,156,2.79,753.0,652.0,101.0
2025-05-28T16:00,27.2,20,1000.7,0,4.88,154,2.89,656.0,561.0,95.0
2025-05-28T17:00,27.1,21,1000.2,0,4.93,150,2.84,528.0,441.0,87.0
2025-05-28T18:00,26.9,20,999.8,0,5.06,152,2.83,386.0,308.0,78.0
2025-05-28T19:00,26.5,20,999.5,0,5.17,155,2.79,241.0,177.0,64.0
2025-05-28T20:00,25.7,22,999.5,0,4.25,152,2.58,110.0,67.0,43.0
2025-05-28T21:00,24.6,26,999.5,0,3.49,156,2.28,20.0,8.0,12.0
2025-05-28T22:00,23.3,29,999.6,0,2.99,159,2.02,0.0,0.0,0.0
2025-05-28T23:00,22.2,32,999.6,0,2.58,148,1.80,0.0,0.0,0.0
2025-05-29T00:00,21.2,35,999.5,0,2.37,136,1.64,0.0,0.0,0.0
2025-05-29T01:00,20.1,37,999.4,0,2.56,129,1.47,0.0,0.0,0.0
2025-05-29T02:00,19.1,39,999.1,0,2.80,125,1.35,0.0,0.0,0.0
2025-05-29T03:00,18.4,40,998.9,0,2.84,129,1.28,0.0,0.0,0.0
2025-05-29T04:00,17.3,46,999.1,0,2.87,125,1.07,0.0,0.0,0.0
2025-05-29T05:00,16.9,46,999.0,0,3.01,126,1.05,26.0,11.0,15.0
2025-05-29T06:00,17.4,43,999.2,0,2.37,118,1.12,123.0,77.0,46.0
2025-05-29T07:00,18.6,40,999.0,0,2.61,122,1.28,256.0,192.0,64.0
2025-05-29T08:00,20.5,37,998.7,70,2.75,123,1.52,399.0,318.0,81.0
2025-05-29T09:00,22.2,34,998.5,99,3.05,131,1.76,513.0,383.0,130.0
2025-05-29T10:00,24.3,31,998.3,100,2.97,132,2.09,612.0,433.0,179.0
2025-05-29T11:00,26.5,28,997.9,100,3.46,135,2.49,699.0,499.0,200.0
2025-05-29T12:00,26.9,27,997.5,100,4.47,140,2.58,594.0,228.0,366.0
2025-05-29T13:00,27.6,27,997.3,42,4.88,147,2.69,670.0,345.0,325.0
2025-05-29T14:00,28.0,25,996.9,64,5.28,151,2.81,712.0,578.0,134.0
2025-05-29T15:00,28.7,22,996.3,24,5.71,151,3.05,672.0,511.0,161.0
2025-05-29T16:00,29.0,20,996.6,46,5.52,148,3.22,609.0,498.0,111.0
2025-05-29T17:00,29.1,17,996.3,17,5.42,168,3.36,487.0,381.0,106.0
2025-05-29T18:00,28.7,17,996.1,98,5.06,177,3.25,362.0,276.0,86.0
2025-05-29T19:00,27.8,20,996.1,100,4.51,176,2.97,187.0,100.0,87.0
2025-05-29T20:00,27.2,22,995.8,99,3.20,170,2.81,86.0,33.0,53.0
2025-05-29T21:00,26.4,26,995.9,100,3.19,130,2.53,17.0,3.0,14.0
2025-05-29T22:00,25.0,32,995.9,83,4.17,133,2.15,0.0,0.0,0.0
2025-05-29T23:00,24.5,32,995.6,51,3.73,129,2.08,0.0,0.0,0.0
2025-05-30T00:00,23.7,35,995.6,95,3.53,117,1.89,0.0,0.0,0.0
2025-05-30T01:00,23.0,37,995.1,100,3.58,120,1.77,0.0,0.0,0.0
2025-05-30T02:00,22.4,38,995.1,98,3.28,121,1.67,0.0,0.0,0.0
2025-05-30T03:00,21.6,39,994.9,99,3.03,121,1.56,0.0,0.0,0.0
2025-05-30T04:00,19.5,53,994.8,97,2.02,113,1.07,0.0,0.0,0.0
2025-05-30T05:00,19.4,52,994.5,97,2.28,113,1.09,20.0,4.0,16.0
2025-05-30T06:00,19.8,48,994.3,80,1.64,121,1.19,96.0,44.0,52.0
2025-05-30T07:00,21.0,43,994.1,95,2.06,129,1.42,223.0,140.0,83.0
2025-05-30T08:00,22.3,39,993.7,98,2.76,134,1.64,340.0,206.0,134.0
2025-05-30T09:00,23.5,37,994.0,100,3.55,145,1.83,510.0,385.0,125.0
2025-05-30T10:00,24.7,35,993.7,100,3.32,157,2.04,630.0,485.0,145.0
2025-05-30T11:00,25.7,33,993.2,99,3.18,150,2.21,590.0,255.0,335.0
2025-05-30T12:00,25.7,34,993.1,98,4.22,170,2.19,509.0,184.0,325.0
2025-05-30T13:00,25.0,34,994.1,100,5.81,193,2.11,505.0,112.0,393.0
2025-05-30T14:00,24.0,37,993.4,100,3.11,225,1.88,242.0,12.0,230.0
2025-05-30T15:00,23.7,38,993.5,99,2.42,204,1.83,140.0,3.0,137.0
2025-05-30T16:00,24.1,37,994.2,70,2.84,214,1.88,310.0,83.0,227.0
2025-05-30T17:00,24.9,32,994.2,55,2.71,196,2.14,431.0,278.0,153.0
2025-05-30T18:00,24.5,33,994.3,90,3.65,180,2.06,305.0,151.0,154.0
2025-05-30T19:00,23.9,37,994.1,100,2.62,167,1.86,180.0,82.0,98.0
2025-05-30T20:00,23.7,37,994.0,99,2.05,181,1.84,35.0,0.0,35.0
2025-05-30T21:00,23.3,38,994.3,100,1.82,189,1.77,13.0,0.0,13.0
2025-05-30T22:00,22.8,42,994.3,100,1.76,215,1.62,0.0,0.0,0.0
2025-05-30T23:00,20.5,54,994.5,100,2.86,199,1.10,0.0,0.0,0.0
2025-05-31T00:00,18.5,75,993.7,99,1.65,270,0.54,0.0,0.0,0.0
2025-05-31T01:00,18.1,73,993.1,100,0.98,165,0.55,0.0,0.0,0.0
2025-05-31T02:00,19.1,67,992.7,100,1.10,129,0.73,0.0,0.0,0.0
2025-05-31T03:00,19.2,64,992.5,100,1.87,106,0.79,0.0,0.0,0.0
2025-05-31T04:00,18.5,65,992.9,58,0.99,315,0.75,0.0,0.0,0.0
2025-05-31T05:00,18.0,67,992.4,100,0.76,337,0.68,21.0,4.0,17.0
2025-05-31T06:00,18.7,64,992.2,100,0.81,240,0.77,108.0,43.0,65.0
2025-05-31T07:00,19.3,61,992.1,100,0.94,238,0.88,146.0,25.0,121.0
2025-05-31T08:00,20.5,57,992.1,100,0.92,225,1.04,274.0,94.0,180.0
2025-05-31T09:00,21.2,53,992.1,100,1.17,223,1.17,291.0,78.0,213.0
2025-05-31T10:00,21.9,50,992.0,100,1.53,199,1.32,334.0,75.0,259.0
2025-05-31T11:00,22.2,48,992.0,100,2.02,189,1.38,301.0,7.0,294.0
2025-05-31T12:00,22.4,48,991.9,100,2.30,180,1.40,290.0,7.0,283.0
2025-05-31T13:00,23.0,46,991.7,100,2.10,177,1.51,326.0,39.0,287.0
2025-05-31T14:00,24.3,42,991.1,65,1.79,203,1.76,591.0,312.0,279.0
2025-05-31T15:00,24.5,41,990.7,54,2.29,216,1.80,632.0,426.0,206.0
2025-05-31T16:00,25.5,36,990.4,43,2.85,232,2.08,544.0,431.0,113.0
2025-05-31T17:00,24.3,40,990.8,84,3.50,248,1.83,412.0,303.0,109.0
2025-05-31T18:00,23.7,44,990.8,49,2.10,252,1.63,236.0,119.0,117.0
2025-05-31T19:00,23.0,46,991.0,72,2.41,310,1.51,198.0,112.0,86.0
2025-05-31T20:00,19.4,69,991.8,81,1.15,358,0.70,87.0,41.0,46.0
2025-05-31T21:00,19.8,66,992.1,45,0.86,187,0.78,14.0,3.0,11.0
2025-05-31T22:00,19.5,66,991.6,23,1.60,219,0.77,0.0,0.0,0.0
2025-05-31T23:00,19.1,67,991.5,32,1.45,221,0.72,0.0,0.0,0.0
2025-06-01T00:00,18.7,70,990.9,16,1.55,237,0.65,0.0,0.0,0.0
2025-06-01T01:00,18.2,72,990.8,15,1.68,240,0.59,0.0,0.0,0.0
2025-06-01T02:00,17.8,73,990.7,1,1.89,238,0.54,0.0,0.0,0.0
2025-06-01T03:00,17.0,74,990.7,20,2.16,266,0.50,0.0,0.0,0.0
2025-06-01T04:00,15.4,86,990.9,29,1.75,294,0.25,0.0,0.0,0.0
2025-06-01T05:00,15.1,84,991.1,26,1.66,303,0.27,26.0,8.0,18.0
2025-06-01T06:00,15.5,78,991.4,3,1.71,308,0.40,123.0,75.0,48.0
2025-06-01T07:00,16.3,69,991.5,18,2.45,309,0.57,251.0,180.0,71.0
2025-06-01T08:00,17.5,63,991.5,12,2.57,307,0.74,363.0,252.0,111.0
2025-06-01T09:00,19.1,56,991.6,12,2.84,304,0.98,528.0,428.0,100.0
2025-06-01T10:00,20.1,51,991.5,100,3.49,299,1.15,611.0,484.0,127.0
2025-06-01T11:00,20.3,47,991.4,100,3.96,307,1.26,427.0,148.0,279.0
2025-06-01T12:00,20.1,45,991.5,100,4.14,315,1.29,264.0,20.0,244.0
2025-06-01T13:00,20.0,43,991.4,39,4.67,313,1.32,346.0,61.0,285.0
2025-06-01T14:00,21.0,39,991.7,32,5.50,310,1.52,702.0,546.0,156.0
2025-06-01T15:00,20.6,38,991.9,17,5.20,315,1.51,652.0,527.0,125.0
2025-06-01T16:00,19.9,41,992.9,17,4.80,324,1.36,522.0,376.0,146.0
2025-06-01T17:00,19.7,42,993.3,18,4.47,326,1.34,504.0,397.0,107.0
2025-06-01T18:00,19.6,38,993.3,23,4.49,325,1.42,345.0,244.0,101.0
2025-06-01T19:00,19.2,34,993.5,14,4.66,330,1.46,232.0,160.0,72.0
2025-06-01T20:00,18.3,34,994.3,15,4.74,331,1.38,110.0,65.0,45.0
2025-06-01T21:00,17.3,36,994.9,6,4.14,333,1.25,24.0,10.0,14.0
2025-06-01T22:00,16.4,40,995.3,1,3.18,332,1.12,0.0,0.0,0.0
2025-06-01T23:00,15.6,43,995.6,8,3.26,313,1.01,0.0,0.0,0.0
2025-06-02T00:00,14.6,45,996.0,1,3.51,327,0.92,0.0,0.0,0.0
2025-06-02T01:00,13.9,47,996.4,0,2.62,315,0.85,0.0,0.0,0.0
2025-06-02T02:00,13.2,50,996.7,0,2.53,297,0.76,0.0,0.0,0.0
2025-06-02T03:00,12.6,53,996.9,0,2.61,287,0.68,0.0,0.0,0.0
2025-06-02T04:00,10.9,60,997.1,0,2.41,276,0.51,0.0,0.0,0.0
2025-06-02T05:00,10.6,62,997.3,0,2.60,273,0.48,30.0,13.0,17.0
2025-06-02T06:00,11.2,60,997.5,0,2.25,269,0.53,129.0,81.0,48.0
2025-06-02T07:00,12.8,54,997.7,0,2.21,276,0.68,265.0,198.0,67.0
2025-06-02T08:00,14.9,47,997.6,0,2.20,282,0.91,412.0,332.0,80.0
2025-06-02T09:00,17.0,38,997.6,0,3.09,293,1.20,555.0,465.0,90.0
2025-06-02T10:00,18.3,31,997.5,0,3.54,303,1.45,680.0,583.0,97.0
2025-06-02T11:00,19.3,28,997.3,0,3.46,301,1.62,777.0,675.0,102.0
2025-06-02T12:00,20.3,25,997.2,0,3.33,296,1.78,838.0,733.0,105.0
2025-06-02T13:00,21.3,23,996.9,0,3.18,292,1.95,857.0,752.0,105.0
2025-06-02T14:00,22.0,22,996.3,2,2.85,285,2.06,834.0,730.0,104.0
2025-06-02T15:00,22.6,22,995.7,0,2.60,271,2.13,770.0,669.0,101.0
2025-06-02T16:00,23.0,21,995.1,47,2.57,262,2.20,673.0,578.0,95.0
2025-06-02T17:00,22.9,23,994.8,99,2.84,244,2.16,546.0,454.0,92.0
2025-06-02T18:00,22.6,22,994.4,100,3.22,240,2.13,394.0,299.0,95.0
2025-06-02T19:00,22.0,19,994.3,90,3.70,249,2.12,243.0,159.0,84.0
2025-06-02T20:00,21.7,22,994.2,100,3.10,260,2.03,108.0,46.0,62.0
2025-06-02T21:00,21.2,25,994.2,100,2.13,240,1.89,22.0,3.0,19.0
2025-06-02T22:00,20.2,32,994.3,100,2.29,216,1.60,0.0,0.0,0.0
2025-06-02T23:00,19.0,41,994.2,99,2.33,223,1.29,0.0,0.0,0.0
2025-06-03T00:00,18.0,45,994.1,100,2.36,257,1.14,0.0,0.0,0.0
2025-06-03T01:00,17.1,50,993.8,100,0.93,306,0.97,0.0,0.0,0.0
2025-06-03T02:00,17.3,50,993.4,84,0.81,191,0.98,0.0,0.0,0.0
2025-06-03T03:00,16.8,51,993.5,90,1.93,201,0.94,0.0,0.0,0.0
2025-06-03T04:00,14.9,73,992.7,30,2.16,175,0.46,0.0,0.0,0.0
2025-06-03T05:00,14.7,74,992.6,10,2.24,204,0.44,26.0,9.0,17.0
2025-06-03T06:00,15.3,73,992.6,11,1.84,209,0.46,117.0,66.0,51.0
2025-06-03T07:00,16.4,72,992.7,84,2.33,242,0.52,243.0,164.0,79.0
2025-06-03T08:00,17.7,73,992.6,100,3.54,262,0.54,328.0,183.0,145.0
2025-06-03T09:00,18.7,68,992.7,19,3.06,265,0.69,343.0,128.0,215.0
2025-06-03T10:00,20.4,56,992.8,30,3.45,268,1.06,550.0,368.0,182.0
2025-06-03T11:00,22.3,45,992.3,97,3.65,272,1.49,694.0,533.0,161.0
2025-06-03T12:00,22.7,43,992.4,99,4.14,262,1.56,637.0,440.0,197.0
2025-06-03T13:00,23.0,42,992.1,100,4.15,261,1.63,568.0,312.0,256.0
2025-06-03T14:00,23.3,41,992.2,100,4.29,262,1.70,528.0,211.0,317.0
2025-06-03T15:00,23.4,40,992.2,100,4.22,265,1.72,488.0,137.0,351.0
2025-06-03T16:00,22.7,36,992.6,100,4.04,258,1.75,481.0,215.0,266.0
2025-06-03T17:00,22.7,34,992.6,100,3.92,264,1.82,280.0,51.0,229.0
2025-06-03T18:00,22.1,36,992.4,100,3.39,279,1.71,167.0,16.0,151.0
2025-06-03T19:00,21.9,37,992.5,100,3.20,284,1.65,121.0,10.0,111.0
2025-06-03T20:00,20.4,46,992.8,100,2.94,328,1.29,48.0,0.0,48.0
2025-06-03T21:00,19.4,52,992.9,100,2.10,335,1.08,14.0,0.0,14.0
2025-06-03T22:00,19.0,53,993.0,100,1.45,319,1.03,0.0,0.0,0.0
2025-06-03T23:00,18.7,55,992.9,100,1.35,318,0.98,0.0,0.0,0.0
2025-06-04T00:00,18.0,56,992.8,100,1.90,333,0.90,0.0,0.0,0.0
2025-06-04T01:00,17.5,58,992.8,100,1.43,348,0.85,0.0,0.0,0.0
2025-06-04T02:00,17.0,59,992.7,100,1.50,2,0.80,0.0,0.0,0.0
2025-06-04T03:00,16.4,59,992.7,100,1.71,5,0.76,0.0,0.0,0.0
2025-06-04T04:00,15.3,63,992.4,100,2.14,11,0.65,0.0,0.0,0.0
2025-06-04T05:00,14.8,65,992.8,100,2.11,4,0.59,16.0,0.0,16.0
2025-06-04T06:00,14.8,66,993.1,100,1.56,7,0.58,61.0,0.0,61.0
2025-06-04T07:00,15.3,64,993.3,100,1.41,354,0.63,128.0,4.0,124.0
2025-06-04T08:00,16.2,61,993.1,100,1.45,356,0.73,204.0,11.0,193.0
2025-06-04T09:00,18.0,52,993.6,82,2.15,1,0.99,423.0,192.0,231.0
2025-06-04T10:00,19.0,44,993.7,100,2.80,360,1.24,544.0,366.0,178.0
2025-06-04T11:00,19.5,40,993.8,100,2.98,351,1.35,533.0,287.0,246.0
2025-06-04T12:00,19.9,41,993.8,100,3.29,343,1.37,543.0,242.0,301.0
2025-06-04T13:00,20.4,42,993.7,100,3.70,344,1.39,580.0,250.0,330.0
2025-06-04T14:00,20.9,41,993.9,100,3.61,346,1.46,596.0,302.0,294.0
2025-06-04T15:00,21.3,38,993.9,96,3.72,345,1.56,633.0,356.0,277.0
2025-06-04T16:00,22.0,31,994.1,8,4.11,347,1.83,609.0,494.0,115.0
2025-06-04T17:00,22.3,29,994.2,37,4.62,347,1.91,486.0,371.0,115.0
2025-06-04T18:00,21.2,33,994.6,12,4.85,346,1.69,247.0,95.0,152.0
2025-06-04T19:00,21.3,31,994.9,90,3.98,345,1.74,207.0,123.0,84.0
2025-06-04T20:00,20.9,33,995.4,23,3.11,354,1.65,97.0,48.0,49.0
2025-06-04T21:00,19.9,38,995.9,0,2.06,337,1.45,27.0,11.0,16.0
2025-06-04T22:00,19.1,42,996.4,0,2.20,319,1.28,0.0,0.0,0.0
2025-06-04T23:00,18.1,47,996.6,3,2.05,326,1.09,0.0,0.0,0.0
2025-06-05T00:00,17.2,52,997.1,3,1.95,310,0.95,0.0,0.0,0.0
2025-06-05T01:00,16.4,55,997.5,1,1.94,305,0.83,0.0,0.0,0.0
2025-06-05T02:00,15.7,58,997.9,0,2.06,299,0.75,0.0,0.0,0.0
2025-06-05T03:00,14.9,61,998.2,0,2.24,299,0.66,0.0,0.0,0.0
2025-06-05T04:00,13.6,70,998.2,0,1.95,310,0.47,0.0,0.0,0.0
2025-06-05T05:00,13.2,71,998.8,0,1.92,309,0.44,33.0,15.0,18.0
2025-06-05T06:00,13.7,71,999.1,0,1.49,290,0.46,132.0,85.0,47.0
2025-06-05T07:00,15.1,65,999.5,0,0.87,283,0.60,267.0,201.0,66.0
2025-06-05T08:00,17.2,59,999.9,0,0.81,277,0.81,414.0,335.0,79.0
2025-06-05T09:00,19.3,48,999.9,0,1.41,293,1.17,556.0,467.0,89.0
2025-06-05T10:00,20.6,41,1000.1,4,1.92,285,1.42,679.0,583.0,96.0
2025-06-05T11:00,21.8,37,1000.1,8,1.81,275,1.64,773.0,672.0,101.0
2025-06-05T12:00,22.8,34,999.7,12,1.53,259,1.83,831.0,727.0,104.0
2025-06-05T13:00,23.7,32,999.3,68,1.58,235,1.99,849.0,744.0,105.0
2025-06-05T14:00,24.4,31,999.1,0,2.21,232,2.09,824.0,714.0,110.0
2025-06-05T15:00,24.7,30,998.8,4,2.73,235,2.18,763.0,661.0,102.0
2025-06-05T16:00,25.0,19,998.9,0,2.56,258,2.55,672.0,578.0,94.0
2025-06-05T17:00,25.2,24,998.4,0,2.14,254,2.42,548.0,460.0,88.0
2025-06-05T18:00,25.1,29,998.0,56,2.34,230,2.26,404.0,326.0,78.0
2025-06-05T19:00,24.5,31,997.8,7,2.91,221,2.13,248.0,172.0,76.0
2025-06-05T20:00,23.5,35,998.0,2,3.48,212,1.87,123.0,76.0,47.0
2025-06-05T21:00,22.1,42,998.2,93,3.37,201,1.55,29.0,13.0,16.0
2025-06-05T22:00,21.3,44,998.4,74,3.42,198,1.43,0.0,0.0,0.0
2025-06-05T23:00,20.6,47,998.3,99,3.43,199,1.29,0.0,0.0,0.0
2025-06-06T00:00,19.6,51,998.1,99,3.11,204,1.11,0.0,0.0,0.0
2025-06-06T01:00,18.9,53,997.5,98,3.00,204,1.01,0.0,0.0,0.0
2025-06-06T02:00,18.2,56,997.0,77,2.93,194,0.93,0.0,0.0,0.0
2025-06-06T03:00,17.6,57,997.0,95,3.05,190,0.85,0.0,0.0,0.0
2025-06-06T04:00,16.4,63,996.9,92,2.90,181,0.70,0.0,0.0,0.0
2025-06-06T05:00,16.4,62,996.6,100,2.97,174,0.70,32.0,13.0,19.0
2025-06-06T06:00,17.0,61,996.3,77,2.93,166,0.75,78.0,16.0,62.0
2025-06-06T07:00,18.2,58,995.9,68,2.95,180,0.88,215.0,110.0,105.0
2025-06-06T08:00,18.3,59,995.4,69,3.65,180,0.86,207.0,89.0,118.0
2025-06-06T09:00,18.2,70,995.3,52,2.89,166,0.63,378.0,234.0,144.0
2025-06-06T10:00,19.3,65,994.6,15,3.35,171,0.78,477.0,307.0,170.0
2025-06-06T11:00,21.3,62,994.3,51,3.37,173,0.96,640.0,459.0,181.0
2025-06-06T12:00,23.6,57,994.0,100,3.98,213,1.25,696.0,440.0,256.0
2025-06-06T13:00,23.5,56,993.9,34,4.07,225,1.28,340.0,81.0,259.0
2025-06-06T14:00,25.4,49,993.5,47,4.41,237,1.64,668.0,469.0,199.0
2025-06-06T15:00,26.1,48,992.9,11,3.87,241,1.74,639.0,497.0,142.0
2025-06-06T16:00,26.1,40,993.5,93,4.03,240,2.02,412.0,207.0,205.0
2025-06-06T17:00,26.5,38,993.2,91,3.70,247,2.14,307.0,127.0,180.0
2025-06-06T18:00,26.5,38,993.1,87,3.72,253,2.13,240.0,111.0,129.0
2025-06-06T19:00,25.7,41,992.8,28,2.95,273,1.94,228.0,149.0,79.0
2025-06-06T20:00,24.8,45,993.3,92,2.28,279,1.73,114.0,65.0,49.0
2025-06-06T21:00,24.2,48,993.6,99,1.66,286,1.56,26.0,6.0,20.0
2025-06-06T22:00,23.7,50,993.7,17,1.87,226,1.45,0.0,0.0,0.0
2025-06-06T23:00,22.7,55,993.8,3,2.12,243,1.24,0.0,0.0,0.0
2025-06-07T00:00,21.6,60,993.9,57,2.08,260,1.02,0.0,0.0,0.0
2025-06-07T01:00,20.6,64,993.9,100,1.82,261,0.88,0.0,0.0,0.0
2025-06-07T02:00,19.8,67,994.1,100,1.97,246,0.77,0.0,0.0,0.0
2025-06-07T03:00,19.2,69,994.1,100,1.90,240,0.70,0.0,0.0,0.0
2025-06-07T04:00,18.5,76,994.2,95,1.62,236,0.51,0.0,0.0,0.0
2025-06-07T05:00,18.5,76,994.5,99,1.67,231,0.51,25.0,3.0,22.0
2025-06-07T06:00,19.0,72,994.7,98,1.49,222,0.61,115.0,53.0,62.0
2025-06-07T07:00,20.0,68,994.7,27,1.49,222,0.74,229.0,130.0,99.0
2025-06-07T08:00,21.8,64,994.6,5,1.59,221,0.95,388.0,299.0,89.0
2025-06-07T09:00,23.8,58,994.5,34,1.98,221,1.25,526.0,432.0,94.0
2025-06-07T10:00,25.3,51,994.4,15,2.89,242,1.58,638.0,521.0,117.0
2025-06-07T11:00,26.5,45,994.2,67,3.13,241,1.89,703.0,574.0,129.0
2025-06-07T12:00,27.3,42,993.8,100,3.83,241,2.11,721.0,517.0,204.0
2025-06-07T13:00,23.3,61,994.5,100,4.92,253,1.10,452.0,85.0,367.0
2025-06-07T14:00,24.0,59,993.8,77,2.16,220,1.21,338.0,65.0,273.0
2025-06-07T15:00,25.6,56,993.8,66,2.80,211,1.44,667.0,448.0,219.0
2025-06-07T16:00,26.4,45,994.7,93,4.53,259,1.89,546.0,410.0,136.0
2025-06-07T17:00,23.4,57,995.0,10,3.65,272,1.24,317.0,133.0,184.0
2025-06-07T18:00,24.4,53,994.7,1,2.73,256,1.44,353.0,256.0,97.0
2025-06-07T19:00,24.5,52,994.9,5,2.66,258,1.47,249.0,184.0,65.0
2025-06-07T20:00,24.4,54,995.1,12,2.29,259,1.41,120.0,72.0,48.0
2025-06-07T21:00,23.9,56,995.4,7,1.75,257,1.30,28.0,12.0,16.0
2025-06-07T22:00,23.3,58,995.6,4,2.06,244,1.19,0.0,0.0,0.0
2025-06-07T23:00,22.3,61,995.8,0,2.21,257,1.04,0.0,0.0,0.0
2025-06-08T00:00,21.2,65,995.8,0,2.08,260,0.88,0.0,0.0,0.0
2025-06-08T01:00,20.3,69,995.8,40,1.78,259,0.73,0.0,0.0,0.0
2025-06-08T02:00,19.5,74,995.8,100,1.78,232,0.60,0.0,0.0,0.0
2025-06-08T03:00,18.8,77,996.0,98,1.84,241,0.51,0.0,0.0,0.0
2025-06-08T04:00,17.2,83,995.4,100,1.32,217,0.33,0.0,0.0,0.0
2025-06-08T05:00,17.1,86,995.8,100,1.50,210,0.27,30.0,5.0,25.0
2025-06-08T06:00,17.7,88,995.7,99,1.49,160,0.25,120.0,58.0,62.0
2025-06-08T07:00,18.9,87,995.6,100,1.25,157,0.29,224.0,112.0,112.0
2025-06-08T08:00,20.7,81,995.2,97,1.71,159,0.47,382.0,275.0,107.0
2025-06-08T09:00,22.6,73,994.8,98,2.33,157,0.74,518.0,397.0,121.0
2025-06-08T10:00,24.0,65,994.6,100,3.35,171,1.05,576.0,362.0,214.0
2025-06-08T11:00,25.1,59,994.0,100,4.16,177,1.32,601.0,322.0,279.0
2025-06-08T12:00,25.3,59,993.4,100,4.00,180,1.30,452.0,79.0,373.0
2025-06-08T13:00,26.4,56,993.1,100,4.76,192,1.50,676.0,433.0,243.0
2025-06-08T14:00,26.9,55,992.3,74,4.79,194,1.58,523.0,140.0,383.0
2025-06-08T15:00,27.3,55,991.3,43,4.60,197,1.63,557.0,322.0,235.0
2025-06-08T16:00,26.6,61,992.2,58,3.21,175,1.37,407.0,179.0,228.0
2025-06-08T17:00,27.0,60,992.0,100,3.61,197,1.44,415.0,252.0,163.0
2025-06-08T18:00,22.2,82,993.0,100,2.30,236,0.49,62.0,0.0,62.0
2025-06-08T19:00,22.1,84,992.5,100,1.70,220,0.42,108.0,27.0,81.0
2025-06-08T20:00,21.7,86,992.7,100,2.42,204,0.36,96.0,21.0,75.0
2025-06-08T21:00,21.2,87,993.2,100,1.84,223,0.33,28.0,6.0,22.0
2025-06-08T22:00,20.6,89,993.2,100,1.71,232,0.27,0.0,0.0,0.0
2025-06-08T23:00,20.1,91,993.1,100,1.42,219,0.22,0.0,0.0,0.0
2025-06-09T00:00,19.7,92,993.2,96,1.36,208,0.18,0.0,0.0,0.0
2025-06-09T01:00,19.3,93,992.7,46,0.97,192,0.15,0.0,0.0,0.0
2025-06-09T02:00,18.7,96,992.3,74,0.60,156,0.09,0.0,0.0,0.0
2025-06-09T03:00,18.5,96,991.7,9,0.65,90,0.08,0.0,0.0,0.0
2025-06-09T04:00,18.0,95,991.6,28,1.53,122,0.10,0.0,0.0,0.0
2025-06-09T05:00,18.2,96,991.0,37,2.20,120,0.09,31.0,12.0,19.0
2025-06-09T06:00,18.8,95,990.6,26,2.10,118,0.12,113.0,63.0,50.0
2025-06-09T07:00,19.9,90,989.7,19,2.44,133,0.24,231.0,152.0,79.0
2025-06-09T08:00,21.4,79,989.5,100,3.18,152,0.54,386.0,293.0,93.0
2025-06-09T09:00,22.5,70,989.0,99,3.49,171,0.82,390.0,196.0,194.0
2025-06-09T10:00,23.9,63,988.7,89,3.90,179,1.09,558.0,363.0,195.0
2025-06-09T11:00,25.4,61,988.5,3,4.16,183,1.28,684.0,468.0,216.0
2025-06-09T12:00,26.9,57,988.4,29,5.07,195,1.51,801.0,698.0,103.0
2025-06-09T13:00,26.3,55,988.5,59,5.37,205,1.54,730.0,583.0,147.0
2025-06-09T14:00,23.7,73,989.0,99,4.33,216,0.79,520.0,329.0,191.0
2025-06-09T15:00,24.1,67,989.2,94,4.92,209,0.99,405.0,105.0,300.0
2025-06-09T16:00,26.3,49,989.4,37,4.94,212,1.73,508.0,326.0,182.0
2025-06-09T17:00,25.8,52,989.7,88,4.77,215,1.61,423.0,285.0,138.0
2025-06-09T18:00,25.7,46,990.0,94,4.39,222,1.77,322.0,208.0,114.0
2025-06-09T19:00,24.6,46,990.3,18,4.34,249,1.66,185.0,94.0,91.0
2025-06-09T20:00,23.1,51,990.9,10,4.14,243,1.39,120.0,72.0,48.0
2025-06-09T21:00,21.6,54,991.9,39,4.32,257,1.18,30.0,13.0,17.0
2025-06-09T22:00,20.0,58,992.8,27,4.21,260,0.99,0.0,0.0,0.0
2025-06-09T23:00,18.8,59,993.4,40,3.86,253,0.89,0.0,0.0,0.0
2025-06-10T00:00,17.9,59,993.7,16,3.82,248,0.83,0.0,0.0,0.0
2025-06-10T01:00,16.9,60,994.1,70,3.65,247,0.76,0.0,0.0,0.0
2025-06-10T02:00,16.1,62,994.4,75,3.65,245,0.69,0.0,0.0,0.0
2025-06-10T03:00,15.3,65,994.8,92,3.67,250,0.61,0.0,0.0,0.0
2025-06-10T04:00,14.0,69,995.1,86,3.62,252,0.50,0.0,0.0,0.0
2025-06-10T05:00,13.7,71,995.5,100,3.50,253,0.46,32.0,8.0,24.0
2025-06-10T06:00,13.7,70,995.9,95,3.83,255,0.47,114.0,41.0,73.0
2025-06-10T07:00,14.2,67,996.4,100,4.20,258,0.53,235.0,124.0,111.0
2025-06-10T08:00,15.0,63,996.6,100,4.12,256,0.64,353.0,198.0,155.0
2025-06-10T09:00,16.2,54,996.6,86,4.07,256,0.84,471.0,265.0,206.0
2025-06-10T10:00,17.5,47,996.6,43,4.26,257,1.06,617.0,433.0,184.0
2025-06-10T11:00,18.7,41,996.5,89,4.26,261,1.27,726.0,566.0,160.0
2025-06-10T12:00,19.5,37,996.6,54,4.07,265,1.42,779.0,587.0,192.0
2025-06-10T13:00,20.2,33,996.3,60,3.91,273,1.58,803.0,622.0,181.0
2025-06-10T14:00,20.2,34,996.3,16,3.80,270,1.56,757.0,613.0,144.0
2025-06-10T15:00,20.4,34,996.3,15,3.80,268,1.59,742.0,619.0,123.0
2025-06-10T16:00,20.0,33,996.7,14,4.10,270,1.56,626.0,506.0,120.0
2025-06-10T17:00,19.8,35,996.6,15,3.85,271,1.49,520.0,411.0,109.0
2025-06-10T18:00,19.5,34,996.7,4,3.44,261,1.49,398.0,313.0,85.0
2025-06-10T19:00,19.3,34,996.8,3,3.70,251,1.48,248.0,178.0,70.0
2025-06-10T20:00,18.7,35,997.0,20,3.50,270,1.40,120.0,72.0,48.0
2025-06-10T21:00,17.8,41,997.5,1,2.63,291,1.20,31.0,13.0,18.0
2025-06-10T22:00,16.6,48,997.7,1,2.57,307,0.97,0.0,0.0,0.0
2025-06-10T23:00,15.6,55,997.9,0,2.02,290,0.80,0.0,0.0,0.0
2025-06-11T00:00,14.9,59,998.0,0,2.00,270,0.70,0.0,0.0,0.0
2025-06-11T01:00,14.1,63,998.3,0,2.31,264,0.60,0.0,0.0,0.0
2025-06-11T02:00,13.2,68,998.8,0,2.30,270,0.49,0.0,0.0,0.0
2025-06-11T03:00,12.4,73,998.7,0,1.95,271,0.40,0.0,0.0,0.0
2025-06-11T04:00,11.0,80,998.8,0,1.98,260,0.27,0.0,0.0,0.0
2025-06-11T05:00,10.8,82,999.1,0,1.78,260,0.24,35.0,16.0,19.0
2025-06-11T06:00,11.3,81,999.2,0,1.51,264,0.26,133.0,83.0,50.0
2025-06-11T07:00,12.5,77,999.2,0,1.20,268,0.33,263.0,194.0,69.0
2025-06-11T08:00,14.1,69,999.0,0,0.80,274,0.49,406.0,323.0,83.0
2025-06-11T09:00,15.5,60,998.9,1,0.67,243,0.70,547.0,456.0,91.0
2025-06-11T10:00,17.1,51,998.9,40,1.41,253,0.95,661.0,554.0,107.0
2025-06-11T11:00,17.4,48,998.7,83,1.55,255,1.04,441.0,195.0,246.0
2025-06-11T12:00,18.0,45,998.5,100,1.33,257,1.13,397.0,92.0,305.0
2025-06-11T13:00,18.7,43,998.2,100,1.19,248,1.22,433.0,114.0,319.0
2025-06-11T14:00,19.3,41,997.9,100,1.26,236,1.32,442.0,149.0,293.0
2025-06-11T15:00,19.8,40,997.5,100,1.35,231,1.39,454.0,148.0,306.0
2025-06-11T16:00,20.2,34,997.4,100,0.96,227,1.57,429.0,191.0,238.0
2025-06-11T17:00,20.0,34,997.1,100,1.52,203,1.53,269.0,68.0,201.0
2025-06-11T18:00,19.7,36,997.1,100,2.16,193,1.47,130.0,1.0,129.0
2025-06-11T19:00,19.1,40,997.0,100,2.64,199,1.34,111.0,11.0,100.0
2025-06-11T20:00,18.8,42,997.2,100,2.25,212,1.27,72.0,18.0,54.0
2025-06-11T21:00,18.2,45,997.2,100,1.22,235,1.16,24.0,6.0,18.0
2025-06-11T22:00,17.7,49,997.2,100,0.81,263,1.04,0.0,0.0,0.0
2025-06-11T23:00,17.2,53,996.9,100,1.00,233,0.92,0.0,0.0,0.0
2025-06-12T00:00,16.8,57,996.9,100,0.72,258,0.83,0.0,0.0,0.0
2025-06-12T01:00,16.5,59,996.5,99,0.97,12,0.76,0.0,0.0,0.0
2025-06-12T02:00,16.1,62,996.4,100,1.19,75,0.70,0.0,0.0,0.0
2025-06-12T03:00,15.2,68,996.5,94,1.68,163,0.55,0.0,0.0,0.0
2025-06-12T04:00,14.7,70,996.1,100,1.46,211,0.50,0.0,0.0,0.0
2025-06-12T05:00,14.5,73,996.0,99,0.40,97,0.45,18.0,1.0,17.0
2025-06-12T06:00,14.4,75,995.5,100,1.35,94,0.41,37.0,0.0,37.0
2025-06-12T07:00,14.6,74,995.3,89,1.73,100,0.43,93.0,7.0,86.0
2025-06-12T08:00,15.9,66,995.0,100,1.61,95,0.62,286.0,123.0,163.0
2025-06-12T09:00,16.8,62,994.9,94,1.75,121,0.73,351.0,119.0,232.0
2025-06-12T10:00,17.4,58,994.7,61,1.74,117,0.84,327.0,107.0,220.0
2025-06-12T11:00,18.6,46,994.5,52,2.17,161,1.15,576.0,364.0,212.0
2025-06-12T12:00,19.4,41,994.4,34,2.01,166,1.33,630.0,449.0,181.0
2025-06-12T13:00,20.3,38,993.9,98,1.66,159,1.47,692.0,526.0,166.0
2025-06-12T14:00,20.6,38,993.6,98,2.00,158,1.51,626.0,376.0,250.0
2025-06-12T15:00,21.0,38,993.2,97,1.72,144,1.54,587.0,358.0,229.0
2025-06-12T16:00,21.5,33,993.0,92,2.55,145,1.71,523.0,322.0,201.0
2025-06-12T17:00,21.4,34,993.0,87,2.99,142,1.67,428.0,293.0,135.0
2025-06-12T18:00,20.5,39,992.9,89,2.91,139,1.46,193.0,74.0,119.0
2025-06-12T19:00,19.9,42,993.1,99,2.86,136,1.36,166.0,88.0,78.0
2025-06-12T20:00,19.5,43,993.0,100,2.03,106,1.29,64.0,16.0,48.0
2025-06-12T21:00,18.9,48,993.1,82,1.95,93,1.14,13.0,1.0,12.0
2025-06-12T22:00,17.6,56,993.3,99,1.69,56,0.89,0.0,0.0,0.0
2025-06-12T23:00,15.4,71,993.3,100,2.71,5,0.50,0.0,0.0,0.0
2025-06-13T00:00,14.6,80,992.8,100,2.62,336,0.33,0.0,0.0,0.0
2025-06-13T01:00,15.1,76,992.5,100,2.42,7,0.41,0.0,0.0,0.0
2025-06-13T02:00,15.3,73,992.3,52,2.47,18,0.46,0.0,0.0,0.0
2025-06-13T03:00,14.6,73,992.0,24,2.37,25,0.45,0.0,0.0,0.0
2025-06-13T04:00,14.9,70,991.5,12,2.62,29,0.50,0.0,0.0,0.0
2025-06-13T05:00,14.8,72,991.4,100,2.72,20,0.47,36.0,16.0,20.0
2025-06-13T06:00,15.1,73,991.2,96,2.41,5,0.46,125.0,63.0,62.0
2025-06-13T07:00,16.3,70,990.9,33,2.31,6,0.55,257.0,175.0,82.0
2025-06-13T08:00,17.6,67,990.8,25,2.51,13,0.66,313.0,172.0,141.0
2025-06-13T09:00,18.9,60,990.4,100,2.93,23,0.87,463.0,348.0,115.0
2025-06-13T10:00,19.3,56,990.4,100,3.58,7,0.98,582.0,394.0,188.0
2025-06-13T11:00,18.3,61,989.9,100,4.16,35,0.81,422.0,80.0,342.0
2025-06-13T12:00,16.6,73,990.4,100,3.66,50,0.51,385.0,77.0,308.0
2025-06-13T13:00,16.7,74,989.8,100,2.60,3,0.49,410.0,83.0,327.0
2025-06-13T14:00,19.2,67,989.4,100,3.83,345,0.73,470.0,142.0,328.0
2025-06-13T15:00,18.2,68,989.4,100,3.23,19,0.66,384.0,77.0,307.0
2025-06-13T16:00,20.4,47,989.1,52,3.54,19,1.26,557.0,403.0,154.0
2025-06-13T17:00,18.3,61,989.2,93,4.51,21,0.82,322.0,192.0,130.0
2025-06-13T18:00,15.9,74,989.6,100,3.33,49,0.47,155.0,41.0,114.0
2025-06-13T19:00,15.0,86,989.9,100,1.97,353,0.23,84.0,15.0,69.0
2025-06-13T20:00,15.3,88,989.6,100,3.11,349,0.22,55.0,7.0,48.0
2025-06-13T21:00,15.0,90,989.3,100,3.85,351,0.18,11.0,0.0,11.0
2025-06-13T22:00,14.5,87,989.4,87,4.71,4,0.21,0.0,0.0,0.0
2025-06-13T23:00,14.1,86,989.5,100,4.50,360,0.22,0.0,0.0,0.0
2025-06-14T00:00,13.8,85,989.3,99,4.07,355,0.24,0.0,0.0,0.0
2025-06-14T01:00,13.4,84,989.1,100,4.03,353,0.25,0.0,0.0,0.0
2025-06-14T02:00,12.7,89,988.6,100,4.04,352,0.16,0.0,0.0,0.0
2025-06-14T03:00,12.5,93,988.8,100,3.72,355,0.10,0.0,0.0,0.0
2025-06-14T04:00,12.2,94,989.4,100,2.90,349,0.09,0.0,0.0,0.0
2025-06-14T05:00,12.6,93,989.3,100,3.63,353,0.10,15.0,0.0,15.0
2025-06-14T06:00,13.2,91,989.3,100,4.10,360,0.14,54.0,3.0,51.0
2025-06-14T07:00,13.6,89,989.6,100,3.79,12,0.17,92.0,2.0,90.0
2025-06-14T08:00,13.8,87,989.7,100,3.89,13,0.20,134.0,3.0,131.0
2025-06-14T09:00,13.3,92,989.6,100,3.75,358,0.13,128.0,0.0,128.0
2025-06-14T10:00,14.1,88,990.0,100,3.36,357,0.19,247.0,23.0,224.0
2025-06-14T11:00,15.0,82,989.8,100,3.65,2,0.30,268.0,33.0,235.0
2025-06-14T12:00,15.9,79,990.0,100,3.31,4,0.37,470.0,156.0,314.0
2025-06-14T13:00,13.9,88,989.9,100,3.87,11,0.19,152.0,14.0,138.0
2025-06-14T14:00,16.2,80,989.4,100,4.05,20,0.36,484.0,131.0,353.0
2025-06-14T15:00,17.4,70,989.6,100,4.16,27,0.60,506.0,162.0,344.0
2025-06-14T16:00,17.4,67,990.4,75,4.09,28,0.66,499.0,313.0,186.0
2025-06-14T17:00,17.7,63,990.6,76,4.48,24,0.75,366.0,176.0,190.0
2025-06-14T18:00,15.6,72,991.2,100,4.51,40,0.49,206.0,66.0,140.0
2025-06-14T19:00,15.6,77,991.5,99,2.98,14,0.42,152.0,48.0,104.0
2025-06-14T20:00,15.5,79,991.7,53,3.54,8,0.36,98.0,27.0,71.0
2025-06-14T21:00,14.7,85,992.1,36,3.50,10,0.25,29.0,9.0,20.0
2025-06-14T22:00,14.1,89,992.2,100,3.16,5,0.18,0.0,0.0,0.0
2025-06-14T23:00,13.7,91,992.1,100,3.00,360,0.15,0.0,0.0,0.0
2025-06-15T00:00,13.9,90,992.0,100,3.38,352,0.15,0.0,0.0,0.0
2025-06-15T01:00,13.8,89,991.5,100,3.12,348,0.17,0.0,0.0,0.0
2025-06-15T02:00,13.3,91,991.4,100,2.83,343,0.13,0.0,0.0,0.0
2025-06-15T03:00,13.1,95,991.1,100,2.55,332,0.07,0.0,0.0,0.0
2025-06-15T04:00,12.9,92,991.3,100,2.83,339,0.12,0.0,0.0,0.0
2025-06-15T05:00,13.1,90,991.2,100,2.77,343,0.15,12.0,0.0,12.0
2025-06-15T06:00,13.3,91,991.0,96,2.64,335,0.14,44.0,5.0,39.0
2025-06-15T07:00,13.6,89,990.9,100,3.60,359,0.17,120.0,53.0,67.0
2025-06-15T08:00,13.7,89,990.8,100,3.45,358,0.17,97.0,1.0,96.0
2025-06-15T09:00,14.3,85,990.7,100,4.11,4,0.25,173.0,18.0,155.0
2025-06-15T10:00,14.4,84,990.9,100,4.72,5,0.26,180.0,13.0,167.0
2025-06-15T11:00,14.7,82,991.0,74,4.20,1,0.30,195.0,53.0,142.0
2025-06-15T12:00,15.6,78,991.1,89,4.46,4,0.38,406.0,139.0,267.0
2025-06-15T13:00,16.7,70,990.9,100,4.35,9,0.56,479.0,137.0,342.0
2025-06-15T14:00,17.3,68,990.6,100,4.40,1,0.64,523.0,243.0,280.0
2025-06-15T15:00,17.7,67,990.5,100,4.97,355,0.66,465.0,207.0,258.0
2025-06-15T16:00,16.7,68,991.0,97,4.95,359,0.60,310.0,118.0,192.0
2025-06-15T17:00,17.4,66,990.7,100,5.29,7,0.68,398.0,201.0,197.0
2025-06-15T18:00,17.1,67,990.5,85,4.81,12,0.64,277.0,133.0,144.0
2025-06-15T19:00,17.0,70,990.7,47,3.57,6,0.58,212.0,109.0,103.0
2025-06-15T20:00,16.2,77,990.9,41,3.06,6,0.43,113.0,60.0,53.0
2025-06-15T21:00,15.7,81,991.1,99,2.50,2,0.34,32.0,13.0,19.0
2025-06-15T22:00,15.1,84,991.1,100,2.30,360,0.28,0.0,0.0,0.0
2025-06-15T23:00,14.7,86,991.0,96,2.02,353,0.23,0.0,0.0,0.0
2025-06-16T00:00,14.3,88,990.8,17,1.93,339,0.19,0.0,0.0,0.0
2025-06-16T01:00,14.0,89,990.7,24,1.91,340,0.18,0.0,0.0,0.0
2025-06-16T02:00,13.8,89,990.3,17,1.64,340,0.17,0.0,0.0,0.0
2025-06-16T03:00,13.5,89,990.0,3,1.36,332,0.16,0.0,0.0,0.0
2025-06-16T04:00,13.0,92,990.1,5,1.40,305,0.13,0.0,0.0,0.0
2025-06-16T05:00,13.2,91,990.2,0,1.61,300,0.14,35.0,15.0,20.0
2025-06-16T06:00,14.0,90,990.3,0,1.60,284,0.16,132.0,83.0,49.0
2025-06-16T07:00,15.4,84,990.2,1,1.01,297,0.28,261.0,192.0,69.0
2025-06-16T08:00,17.0,78,990.3,0,1.01,297,0.43,404.0,319.0,85.0
2025-06-16T09:00,18.7,69,990.3,39,1.22,305,0.66,549.0,461.0,88.0
2025-06-16T10:00,20.0,57,990.3,100,1.82,323,1.01,658.0,544.0,114.0
2025-06-16T11:00,20.9,51,990.3,0,2.11,329,1.20,679.0,427.0,252.0
2025-06-16T12:00,21.7,49,989.8,4,2.44,332,1.31,811.0,698.0,113.0
2025-06-16T13:00,22.5,48,989.7,17,2.71,330,1.41,831.0,720.0,111.0
2025-06-16T14:00,22.7,48,989.6,27,2.98,331,1.43,769.0,644.0,125.0
2025-06-16T15:00,23.1,51,989.3,53,3.09,331,1.39,680.0,540.0,140.0
2025-06-16T16:00,23.1,43,989.6,51,3.33,332,1.61,520.0,354.0,166.0
2025-06-16T17:00,22.5,48,989.7,42,2.75,344,1.41,421.0,291.0,130.0
2025-06-16T18:00,22.7,48,989.4,65,2.73,334,1.42,366.0,271.0,95.0
2025-06-16T19:00,22.1,55,989.8,21,2.58,338,1.19,240.0,149.0,91.0
2025-06-16T20:00,20.6,64,990.2,14,2.66,348,0.87,112.0,62.0,50.0
2025-06-16T21:00,19.2,73,990.3,14,1.99,332,0.59,34.0,15.0,19.0
2025-06-16T22:00,18.1,80,990.7,5,2.10,335,0.42,0.0,0.0,0.0
2025-06-16T23:00,17.1,85,991.0,7,2.21,347,0.29,0.0,0.0,0.0
2025-06-17T00:00,16.2,90,991.1,6,2.16,5,0.18,0.0,0.0,0.0
2025-06-17T01:00,15.7,92,991.2,6,1.55,15,0.14,0.0,0.0,0.0
2025-06-17T02:00,15.3,93,991.2,4,1.55,2,0.11,0.0,0.0,0.0
2025-06-17T03:00,14.8,94,991.3,4,1.41,6,0.10,0.0,0.0,0.0
2025-06-17T04:00,14.6,93,991.1,1,1.41,45,0.12,0.0,0.0,0.0
2025-06-17T05:00,14.5,93,991.2,15,1.17,70,0.12,36.0,16.0,20.0
2025-06-17T06:00,15.0,91,991.2,22,1.17,80,0.15,130.0,78.0,52.0
2025-06-17T07:00,15.9,87,991.4,18,1.35,94,0.24,252.0,172.0,80.0
2025-06-17T08:00,17.0,81,991.1,12,1.37,114,0.36,391.0,292.0,99.0
2025-06-17T09:00,18.2,75,990.9,20,1.48,114,0.53,533.0,430.0,103.0
2025-06-17T10:00,19.2,69,990.7,10,1.62,124,0.69,640.0,516.0,124.0
2025-06-17T11:00,20.2,64,990.2,17,1.50,143,0.84,720.0,586.0,134.0
2025-06-17T12:00,20.7,61,989.9,76,1.15,175,0.94,722.0,572.0,150.0
2025-06-17T13:00,20.6,64,989.3,31,1.17,110,0.87,535.0,340.0,195.0
2025-06-17T14:00,22.0,58,988.9,50,1.64,110,1.11,679.0,489.0,190.0
2025-06-17T15:00,20.1,67,989.2,97,2.69,228,0.78,629.0,473.0,156.0
2025-06-17T16:00,19.1,79,989.1,63,0.14,225,0.47,327.0,167.0,160.0
2025-06-17T17:00,20.2,75,988.6,13,1.22,251,0.59,418.0,265.0,153.0
2025-06-17T18:00,20.4,74,988.5,30,1.90,270,0.62,384.0,292.0,92.0
2025-06-17T19:00,19.3,75,988.3,89,2.13,279,0.56,229.0,149.0,80.0
2025-06-17T20:00,17.8,86,988.3,99,1.54,29,0.29,80.0,31.0,49.0
2025-06-17T21:00,17.3,89,988.2,100,0.16,72,0.22,12.0,0.0,12.0
2025-06-17T22:00,17.0,91,988.1,100,0.76,113,0.17,0.0,0.0,0.0
2025-06-17T23:00,17.0,92,987.9,100,0.43,159,0.16,0.0,0.0,0.0
2025-06-18T00:00,16.9,92,987.6,98,0.38,247,0.15,0.0,0.0,0.0
2025-06-18T01:00,16.4,95,987.4,100,0.52,17,0.10,0.0,0.0,0.0
2025-06-18T02:00,16.0,96,987.3,96,1.28,301,0.07,0.0,0.0,0.0
2025-06-18T03:00,15.7,94,987.3,99,1.79,297,0.10,0.0,0.0,0.0
2025-06-18T04:00,14.7,96,987.5,99,1.01,9,0.07,0.0,0.0,0.0
2025-06-18T05:00,14.7,95,987.4,97,0.83,335,0.08,15.0,2.0,13.0
2025-06-18T06:00,15.0,93,987.3,100,1.27,334,0.12,58.0,7.0,51.0
2025-06-18T07:00,15.3,91,987.4,100,1.60,340,0.16,74.0,1.0,73.0
2025-06-18T08:00,15.5,90,987.4,100,1.31,353,0.18,91.0,0.0,91.0
2025-06-18T09:00,15.5,89,987.6,100,1.13,347,0.20,100.0,0.0,100.0
2025-06-18T10:00,15.7,87,987.8,100,1.43,348,0.24,94.0,0.0,94.0
2025-06-18T11:00,15.6,88,987.6,100,1.36,352,0.20,100.0,0.0,100.0
2025-06-18T12:00,16.2,86,987.6,100,1.46,352,0.26,262.0,76.0,186.0
2025-06-18T13:00,16.5,84,987.5,99,1.45,356,0.30,290.0,39.0,251.0
2025-06-18T14:00,17.2,79,987.2,100,1.49,340,0.41,328.0,38.0,290.0
2025-06-18T15:00,17.5,76,986.8,100,1.57,338,0.47,244.0,16.0,228.0
2025-06-18T16:00,19.4,63,986.8,100,2.11,324,0.84,536.0,350.0,186.0
2025-06-18T17:00,19.7,60,986.6,97,1.82,323,0.92,382.0,175.0,207.0
2025-06-18T18:00,19.4,61,986.4,100,2.17,293,0.87,259.0,85.0,174.0
2025-06-18T19:00,18.0,73,986.3,100,2.64,297,0.57,140.0,52.0,88.0
2025-06-18T20:00,17.1,81,986.1,92,2.10,282,0.37,61.0,7.0,54.0
2025-06-18T21:00,16.6,86,986.1,95,2.16,283,0.27,27.0,4.0,23.0
2025-06-18T22:00,16.0,87,985.7,100,2.01,276,0.24,0.0,0.0,0.0
2025-06-18T23:00,15.8,88,985.1,100,1.51,264,0.21,0.0,0.0,0.0
2025-06-19T00:00,15.6,90,984.6,100,1.36,242,0.17,0.0,0.0,0.0
2025-06-19T01:00,15.4,92,983.9,100,1.72,244,0.14,0.0,0.0,0.0
2025-06-19T02:00,15.0,92,983.2,99,1.89,238,0.13,0.0,0.0,0.0
2025-06-19T03:00,14.5,91,982.7,93,2.04,248,0.14,0.0,0.0,0.0
2025-06-19T04:00,13.1,94,982.4,39,2.65,259,0.10,0.0,0.0,0.0
2025-06-19T05:00,13.2,94,982.2,35,2.85,267,0.10,34.0,12.0,22.0
2025-06-19T06:00,13.7,92,982.0,48,2.90,268,0.12,124.0,63.0,61.0
2025-06-19T07:00,14.5,88,981.7,96,2.71,266,0.21,229.0,134.0,95.0
2025-06-19T08:00,15.1,84,981.2,100,2.10,269,0.28,287.0,153.0,134.0
2025-06-19T09:00,15.2,84,980.7,100,1.95,269,0.28,206.0,33.0,173.0
2025-06-19T10:00,16.6,75,980.2,71,1.54,283,0.47,273.0,25.0,248.0
2025-06-19T11:00,15.6,78,980.0,99,2.89,256,0.38,422.0,182.0,240.0
2025-06-19T12:00,16.1,83,979.8,66,2.93,278,0.30,546.0,282.0,264.0
2025-06-19T13:00,17.8,72,979.7,100,3.08,277,0.56,702.0,459.0,243.0
2025-06-19T14:00,16.2,75,979.6,98,4.16,280,0.45,649.0,433.0,216.0
2025-06-19T15:00,16.7,70,979.6,97,5.17,295,0.57,408.0,160.0,248.0
2025-06-19T16:00,16.6,64,980.8,97,5.49,308,0.68,561.0,386.0,175.0
2025-06-19T17:00,16.1,65,981.1,100,4.94,304,0.65,321.0,122.0,199.0
2025-06-19T18:00,15.8,67,981.2,100,4.65,304,0.59,248.0,56.0,192.0
2025-06-19T19:00,15.4,69,981.3,100,4.60,304,0.54,190.0,66.0,124.0
2025-06-19T20:00,14.7,75,981.5,100,3.48,302,0.42,81.0,22.0,59.0
2025-06-19T21:00,14.1,78,981.4,100,2.98,293,0.36,26.0,2.0,24.0
2025-06-19T22:00,13.6,81,981.3,100,2.94,288,0.30,0.0,0.0,0.0
2025-06-19T23:00,13.3,83,981.2,100,2.74,279,0.25,0.0,0.0,0.0
2025-06-20T00:00,13.2,84,981.0,100,2.95,281,0.25,0.0,0.0,0.0
2025-06-20T01:00,12.9,83,980.5,100,2.85,288,0.25,0.0,0.0,0.0
2025-06-20T02:00,12.6,83,980.3,100,2.69,288,0.25,0.0,0.0,0.0
2025-06-20T03:00,12.1,84,980.2,100,2.78,284,0.23,0.0,0.0,0.0
2025-06-20T04:00,11.4,86,980.4,100,2.71,282,0.19,0.0,0.0,0.0
2025-06-20T05:00,11.3,86,980.0,100,2.78,284,0.19,24.0,0.0,24.0
2025-06-20T06:00,11.6,86,979.9,100,2.52,277,0.19,91.0,12.0,79.0
2025-06-20T07:00,12.3,84,979.7,100,3.62,296,0.23,171.0,30.0,141.0
2025-06-20T08:00,13.4,81,979.9,100,3.47,300,0.29,268.0,74.0,194.0
2025-06-20T09:00,13.4,82,980.0,100,2.98,299,0.27,164.0,10.0,154.0
2025-06-20T10:00,13.2,86,980.4,100,3.02,310,0.21,123.0,5.0,118.0
2025-06-20T11:00,12.5,92,980.5,100,3.11,307,0.11,74.0,0.0,74.0
2025-06-20T12:00,13.3,88,980.7,100,3.19,302,0.18,171.0,0.0,171.0
2025-06-20T13:00,13.4,86,981.3,100,3.01,306,0.21,190.0,7.0,183.0
2025-06-20T14:00,13.8,85,981.2,100,3.76,303,0.23,216.0,9.0,207.0
2025-06-20T15:00,14.0,85,981.2,100,3.65,303,0.24,160.0,0.0,160.0
2025-06-20T16:00,15.6,73,981.3,100,4.03,313,0.48,304.0,50.0,254.0
2025-06-20T17:00,16.6,68,981.7,100,3.98,332,0.60,253.0,43.0,210.0
2025-06-20T18:00,17.0,66,982.1,100,3.64,347,0.67,236.0,73.0,163.0
2025-06-20T19:00,16.6,69,982.3,100,3.86,343,0.58,149.0,60.0,89.0
2025-06-20T20:00,15.1,82,983.1,99,3.44,332,0.30,73.0,4.0,69.0
2025-06-20T21:00,14.4,86,983.2,60,3.34,338,0.22,27.0,5.0,22.0
2025-06-20T22:00,14.2,90,983.7,93,3.72,345,0.17,0.0,0.0,0.0
2025-06-20T23:00,14.1,91,984.4,100,3.82,355,0.15,0.0,0.0,0.0
2025-06-21T00:00,14.0,90,984.9,100,3.95,358,0.16,0.0,0.0,0.0
2025-06-21T01:00,13.9,89,985.4,100,4.25,357,0.17,0.0,0.0,0.0
2025-06-21T02:00,13.5,89,985.9,100,4.27,350,0.18,0.0,0.0,0.0
2025-06-21T03:00,13.1,89,986.3,100,4.33,349,0.16,0.0,0.0,0.0
2025-06-21T04:00,12.0,89,987.3,100,4.17,341,0.15,0.0,0.0,0.0
2025-06-21T05:00,11.8,88,987.8,100,3.84,342,0.17,17.0,0.0,17.0
2025-06-21T06:00,11.8,87,988.5,100,3.72,338,0.18,45.0,1.0,44.0
2025-06-21T07:00,11.9,85,988.8,100,3.83,336,0.21,91.0,4.0,87.0
2025-06-21T08:00,12.2,81,989.4,100,4.13,339,0.28,146.0,7.0,139.0
2025-06-21T09:00,12.5,78,990.1,100,4.06,341,0.32,181.0,5.0,176.0
2025-06-21T10:00,12.7,76,990.8,100,4.11,344,0.35,225.0,9.0,216.0
2025-06-21T11:00,13.8,69,990.9,100,4.86,345,0.49,359.0,50.0,309.0
2025-06-21T12:00,14.3,65,991.3,99,4.21,344,0.58,340.0,36.0,304.0
2025-06-21T13:00,15.0,60,991.7,89,3.97,343,0.68,471.0,66.0,405.0
2025-06-21T14:00,16.1,54,991.7,48,4.38,343,0.84,675.0,411.0,264.0
2025-06-21T15:00,16.5,51,991.9,71,4.54,341,0.92,697.0,503.0,194.0
2025-06-21T16:00,15.9,47,992.1,31,4.34,339,0.96,648.0,509.0,139.0
2025-06-21T17:00,15.8,48,992.3,10,4.16,342,0.94,523.0,386.0,137.0
2025-06-21T18:00,15.6,49,992.5,40,4.31,345,0.90,406.0,304.0,102.0
2025-06-21T19:00,15.0,51,992.6,32,3.64,347,0.83,263.0,179.0,84.0
2025-06-21T20:00,14.6,54,992.6,94,1.63,342,0.76,136.0,78.0,58.0
2025-06-21T21:00,14.0,59,992.9,76,1.49,310,0.66,38.0,14.0,24.0
2025-06-21T22:00,13.4,64,993.2,58,1.91,313,0.56,1.0,0.0,1.0
2025-06-21T23:00,12.5,70,993.2,7,1.20,318,0.44,0.0,0.0,0.0
2025-06-22T00:00,11.7,76,993.0,33,0.58,301,0.32,0.0,0.0,0.0
2025-06-22T01:00,11.3,79,992.6,97,0.72,258,0.28,0.0,0.0,0.0
2025-06-22T02:00,11.3,79,992.4,100,1.10,231,0.29,0.0,0.0,0.0
2025-06-22T03:00,11.0,79,992.2,100,1.49,256,0.27,0.0,0.0,0.0
2025-06-22T04:00,9.9,86,992.2,94,1.08,248,0.17,0.0,0.0,0.0
2025-06-22T05:00,10.2,84,991.9,65,1.07,208,0.19,28.0,5.0,23.0
2025-06-22T06:00,10.8,83,991.4,100,1.46,186,0.22,110.0,37.0,73.0
2025-06-22T07:00,12.1,81,991.3,90,1.40,178,0.27,181.0,52.0,129.0
2025-06-22T08:00,13.5,74,991.0,100,1.70,180,0.40,282.0,99.0,183.0
2025-06-22T09:00,14.7,68,990.8,100,2.11,175,0.53,325.0,92.0,233.0
2025-06-22T10:00,15.9,61,990.4,100,2.95,182,0.71,429.0,114.0,315.0
2025-06-22T11:00,16.0,56,990.4,100,3.71,184,0.80,372.0,66.0,306.0
2025-06-22T12:00,16.3,57,989.8,100,3.86,183,0.80,458.0,113.0,345.0
2025-06-22T13:00,15.7,58,990.1,100,3.97,194,0.74,335.0,47.0,288.0
2025-06-22T14:00,14.3,69,990.3,100,2.78,188,0.50,189.0,1.0,188.0
2025-06-22T15:00,13.8,77,990.3,100,2.06,162,0.36,105.0,0.0,105.0
2025-06-22T16:00,14.4,67,990.5,100,1.82,196,0.54,263.0,13.0,250.0
2025-06-22T17:00,14.1,70,990.4,100,1.37,156,0.49,229.0,19.0,210.0
2025-06-22T18:00,14.0,71,990.0,99,1.70,114,0.47,171.0,15.0,156.0
2025-06-22T19:00,13.9,72,989.9,100,2.02,113,0.44,109.0,11.0,98.0
2025-06-22T20:00,13.7,75,989.9,100,1.78,101,0.39,66.0,3.0,63.0
2025-06-22T21:00,13.3,78,990.5,100,1.93,80,0.33,16.0,0.0,16.0
2025-06-22T22:00,12.9,80,990.9,100,2.17,64,0.30,0.0,0.0,0.0
2025-06-22T23:00,12.6,81,991.0,100,2.48,56,0.28,0.0,0.0,0.0
2025-06-23T00:00,12.2,83,990.9,92,2.51,55,0.25,0.0,0.0,0.0
2025-06-23T01:00,11.9,84,991.2,55,2.44,62,0.22,0.0,0.0,0.0
2025-06-23T02:00,11.3,86,991.4,17,2.38,60,0.19,0.0,0.0,0.0
2025-06-23T03:00,11.0,87,991.5,8,2.29,54,0.17,0.0,0.0,0.0
2025-06-23T04:00,11.3,90,991.9,92,2.59,41,0.14,0.0,0.0,0.0
2025-06-23T05:00,11.3,89,992.1,99,2.55,40,0.14,33.0,12.0,21.0
2025-06-23T06:00,11.9,87,992.3,99,1.86,31,0.18,119.0,61.0,58.0
2025-06-23T07:00,12.8,84,992.4,100,1.73,33,0.23,162.0,38.0,124.0
2025-06-23T08:00,14.0,79,992.9,100,1.84,41,0.33,215.0,28.0,187.0
2025-06-23T09:00,14.9,73,993.3,100,2.19,45,0.46,228.0,35.0,193.0
2025-06-23T10:00,15.7,64,993.4,100,2.69,45,0.64,356.0,92.0,264.0
2025-06-23T11:00,16.8,55,993.6,6,2.75,53,0.86,554.0,311.0,243.0
2025-06-23T12:00,17.8,49,993.9,19,2.44,62,1.04,742.0,589.0,153.0
2025-06-23T13:00,18.4,46,993.8,49,2.33,62,1.14,731.0,580.0,151.0
2025-06-23T14:00,18.3,47,993.7,82,2.25,69,1.11,607.0,443.0,164.0
2025-06-23T15:00,18.5,48,993.5,32,1.77,68,1.11,629.0,434.0,195.0
2025-06-23T16:00,19.4,45,993.3,13,1.76,83,1.24,572.0,436.0,136.0
2025-06-23T17:00,19.2,45,993.1,34,1.47,100,1.23,471.0,360.0,111.0
2025-06-23T18:00,19.0,46,992.8,31,1.39,105,1.18,365.0,262.0,103.0
2025-06-23T19:00,18.8,47,992.9,60,1.31,108,1.14,197.0,111.0,86.0
2025-06-23T20:00,17.7,56,993.0,24,1.50,105,0.90,88.0,36.0,52.0
2025-06-23T21:00,16.4,65,993.5,25,1.50,111,0.65,34.0,14.0,20.0
2025-06-23T22:00,15.6,70,993.7,38,1.14,151,0.52,1.0,0.0,1.0
2025-06-23T23:00,14.8,74,993.6,0,1.36,172,0.43,0.0,0.0,0.0
2025-06-24T00:00,14.0,80,993.2,0,0.84,163,0.32,0.0,0.0,0.0
2025-06-24T01:00,13.4,83,992.9,0,0.35,180,0.27,0.0,0.0,0.0
2025-06-24T02:00,12.8,85,992.6,0,0.50,180,0.22,0.0,0.0,0.0
2025-06-24T03:00,12.1,88,992.4,0,0.90,180,0.17,0.0,0.0,0.0
2025-06-24T04:00,11.3,89,992.4,0,0.32,219,0.14,0.0,0.0,0.0
2025-06-24T05:00,11.6,89,992.3,0,1.13,167,0.15,35.0,15.0,20.0
2025-06-24T06:00,12.4,89,991.9,14,1.86,144,0.16,131.0,82.0,49.0
2025-06-24T07:00,14.0,84,991.5,1,1.37,147,0.25,261.0,192.0,69.0
2025-06-24T08:00,15.7,74,991.1,94,1.81,156,0.46,405.0,323.0,82.0
2025-06-24T09:00,17.1,65,990.8,91,2.68,166,0.68,541.0,445.0,96.0
2025-06-24T10:00,18.4,57,990.0,80,4.11,175,0.91,654.0,531.0,123.0
2025-06-24T11:00,19.3,51,989.1,86,5.03,174,1.09,707.0,535.0,172.0
2025-06-24T12:00,19.8,50,988.3,100,5.56,176,1.14,694.0,496.0,198.0
2025-06-24T13:00,19.6,52,987.7,99,5.10,180,1.09,425.0,94.0,331.0
2025-06-24T14:00,20.1,52,987.1,100,5.31,189,1.13,514.0,168.0,346.0
2025-06-24T15:00,19.9,54,986.8,66,4.95,196,1.06,394.0,133.0,261.0
2025-06-24T16:00,20.4,50,986.2,94,5.19,201,1.20,364.0,122.0,242.0
2025-06-24T17:00,20.1,54,986.0,100,4.74,206,1.09,330.0,128.0,202.0
2025-06-24T18:00,19.5,58,985.6,100,3.76,213,0.96,199.0,29.0,170.0
2025-06-24T19:00,18.3,64,985.4,100,3.61,228,0.76,69.0,8.0,61.0
2025-06-24T20:00,16.5,75,985.4,100,3.27,231,0.47,16.0,0.0,16.0
2025-06-24T21:00,15.5,83,985.2,100,2.98,211,0.31,5.0,0.0,5.0
2025-06-24T22:00,15.1,86,985.0,100,3.25,211,0.23,0.0,0.0,0.0
2025-06-24T23:00,14.7,89,984.7,100,3.24,218,0.18,0.0,0.0,0.0
2025-06-25T00:00,14.3,92,984.5,100,2.83,225,0.14,0.0,0.0,0.0
2025-06-25T01:00,13.7,94,984.3,36,2.70,230,0.09,0.0,0.0,0.0
2025-06-25T02:00,13.3,95,983.9,7,2.73,230,0.07,0.0,0.0,0.0
2025-06-25T03:00,12.9,95,983.8,0,2.67,232,0.08,0.0,0.0,0.0
2025-06-25T04:00,13.1,92,983.7,17,2.80,241,0.11,0.0,0.0,0.0
2025-06-25T05:00,13.0,92,983.5,4,2.69,228,0.13,32.0,12.0,20.0
2025-06-25T06:00,13.4,90,983.2,0,2.34,214,0.15,127.0,77.0,50.0
2025-06-25T07:00,14.3,84,983.3,16,3.99,236,0.26,259.0,190.0,69.0
2025-06-25T08:00,15.2,78,983.2,16,3.47,227,0.37,367.0,258.0,109.0
2025-06-25T09:00,16.0,76,982.7,34,4.02,218,0.44,494.0,370.0,124.0
2025-06-25T10:00,16.8,70,982.6,100,4.60,222,0.57,581.0,430.0,151.0
2025-06-25T11:00,17.4,65,982.1,100,4.70,225,0.70,586.0,306.0,280.0
2025-06-25T12:00,17.5,60,981.6,100,4.92,228,0.79,388.0,77.0,311.0
2025-06-25T13:00,17.6,55,981.1,92,4.69,231,0.90,262.0,17.0,245.0
2025-06-25T14:00,18.9,55,980.8,90,5.31,235,0.98,537.0,300.0,237.0
2025-06-25T15:00,16.1,74,980.9,14,3.39,226,0.47,327.0,61.0,266.0
2025-06-25T16:00,18.9,50,980.7,100,4.87,243,1.09,629.0,519.0,110.0
2025-06-25T17:00,18.9,49,980.5,100,4.96,251,1.10,493.0,338.0,155.0
2025-06-25T18:00,18.6,51,980.2,21,4.11,257,1.04,295.0,165.0,130.0
2025-06-25T19:00,18.2,56,980.0,14,3.38,243,0.91,222.0,140.0,82.0
2025-06-25T20:00,17.3,63,980.1,21,3.08,223,0.73,132.0,79.0,53.0
2025-06-25T21:00,16.3,69,980.1,29,2.84,208,0.57,37.0,15.0,22.0
2025-06-25T22:00,15.5,74,980.0,13,3.38,218,0.46,1.0,0.0,1.0
2025-06-25T23:00,14.7,77,980.0,16,3.40,227,0.39,0.0,0.0,0.0
2025-06-26T00:00,14.2,81,979.5,15,3.11,225,0.32,0.0,0.0,0.0
2025-06-26T01:00,13.7,83,979.1,8,3.11,228,0.26,0.0,0.0,0.0
2025-06-26T02:00,13.3,86,978.8,69,2.84,229,0.21,0.0,0.0,0.0
2025-06-26T03:00,12.8,89,978.5,100,2.66,230,0.16,0.0,0.0,0.0
2025-06-26T04:00,13.0,91,978.7,24,2.53,232,0.13,0.0,0.0,0.0
2025-06-26T05:00,13.0,93,978.7,9,2.39,233,0.10,30.0,11.0,19.0
2025-06-26T06:00,13.6,91,978.7,45,2.60,247,0.15,122.0,70.0,52.0
2025-06-26T07:00,14.5,86,978.7,100,2.95,268,0.23,226.0,128.0,98.0
2025-06-26T08:00,15.4,80,978.8,100,2.32,277,0.35,248.0,64.0,184.0
2025-06-26T09:00,16.2,75,979.1,100,2.24,280,0.47,281.0,92.0,189.0
2025-06-26T10:00,16.7,70,978.9,100,2.29,302,0.57,225.0,23.0,202.0
2025-06-26T11:00,16.7,70,979.1,59,2.17,299,0.57,192.0,41.0,151.0
2025-06-26T12:00,17.9,65,979.3,40,2.71,298,0.73,509.0,284.0,225.0
2025-06-26T13:00,18.8,59,979.6,48,3.20,304,0.89,680.0,483.0,197.0
2025-06-26T14:00,19.0,59,980.0,69,3.61,307,0.89,647.0,446.0,201.0
2025-06-26T15:00,18.7,56,980.3,66,4.17,316,0.94,609.0,445.0,164.0
2025-06-26T16:00,19.4,47,980.9,42,4.57,318,1.19,604.0,484.0,120.0
2025-06-26T17:00,18.8,51,981.6,64,4.81,317,1.06,447.0,326.0,121.0
2025-06-26T18:00,17.4,63,982.2,24,4.26,321,0.74,260.0,143.0,117.0
2025-06-26T19:00,16.6,68,982.7,45,4.99,322,0.60,223.0,140.0,83.0
2025-06-26T20:00,15.8,74,983.7,29,4.08,319,0.47,104.0,54.0,50.0
2025-06-26T21:00,14.8,79,984.3,29,3.75,314,0.35,33.0,12.0,21.0
2025-06-26T22:00,14.1,82,985.1,33,3.89,317,0.30,0.0,0.0,0.0
2025-06-26T23:00,13.5,85,985.6,29,3.87,320,0.24,0.0,0.0,0.0
2025-06-27T00:00,13.0,86,985.9,20,3.82,323,0.21,0.0,0.0,0.0
2025-06-27T01:00,12.3,88,986.0,31,3.47,317,0.17,0.0,0.0,0.0
2025-06-27T02:00,11.7,88,986.4,91,3.87,321,0.16,0.0,0.0,0.0
2025-06-27T03:00,11.6,87,986.8,100,3.57,316,0.18,0.0,0.0,0.0
2025-06-27T04:00,11.2,85,987.1,53,3.49,308,0.21,0.0,0.0,0.0
2025-06-27T05:00,11.1,85,987.6,47,3.98,320,0.20,30.0,11.0,19.0
2025-06-27T06:00,11.5,81,988.1,65,3.73,321,0.26,105.0,50.0,55.0
2025-06-27T07:00,12.1,76,988.7,29,4.33,326,0.35,216.0,122.0,94.0
2025-06-27T08:00,12.9,70,989.0,23,4.79,330,0.45,361.0,245.0,116.0
2025-06-27T09:00,13.8,63,989.6,35,4.79,328,0.58,452.0,291.0,161.0
2025-06-27T10:00,14.7,56,989.7,66,4.72,328,0.73,553.0,371.0,182.0
2025-06-27T11:00,15.3,52,989.9,100,4.98,324,0.83,523.0,268.0,255.0
2025-06-27T12:00,15.9,49,990.3,100,5.08,320,0.93,482.0,140.0,342.0
2025-06-27T13:00,16.4,46,990.3,100,5.17,317,1.00,469.0,121.0,348.0
2025-06-27T14:00,16.5,47,990.3,100,4.92,319,0.99,402.0,66.0,336.0
2025-06-27T15:00,17.0,46,990.2,100,4.57,318,1.05,337.0,50.0,287.0
2025-06-27T16:00,18.5,41,990.2,48,4.24,315,1.25,651.0,518.0,133.0
2025-06-27T17:00,18.2,43,990.5,86,4.60,314,1.19,451.0,253.0,198.0
2025-06-27T18:00,17.8,45,990.7,100,4.17,316,1.13,307.0,147.0,160.0
2025-06-27T19:00,17.2,52,990.5,14,2.81,321,0.94,132.0,22.0,110.0
2025-06-27T20:00,16.8,56,990.5,4,2.16,314,0.85,114.0,57.0,57.0
2025-06-27T21:00,15.7,63,990.6,33,1.50,296,0.66,39.0,17.0,22.0
2025-06-27T22:00,14.8,68,990.6,55,1.44,284,0.55,1.0,0.0,1.0
2025-06-27T23:00,14.1,72,990.4,14,1.17,290,0.45,0.0,0.0,0.0
2025-06-28T00:00,13.1,78,990.1,89,0.69,300,0.33,0.0,0.0,0.0
2025-06-28T01:00,12.7,79,990.3,51,0.95,267,0.31,0.0,0.0,0.0
2025-06-28T02:00,11.9,84,990.2,0,0.95,273,0.22,0.0,0.0,0.0
2025-06-28T03:00,11.2,88,989.9,67,0.51,299,0.16,0.0,0.0,0.0
2025-06-28T04:00,10.2,89,989.7,100,0.50,276,0.14,0.0,0.0,0.0
2025-06-28T05:00,10.4,90,989.5,100,0.20,270,0.12,27.0,2.0,25.0
2025-06-28T06:00,11.3,87,989.5,98,0.43,234,0.18,114.0,47.0,67.0
2025-06-28T07:00,12.8,83,989.3,99,0.38,203,0.25,247.0,162.0,85.0
2025-06-28T08:00,14.9,74,989.2,99,0.35,180,0.44,390.0,289.0,101.0
2025-06-28T09:00,16.5,64,989.0,100,0.43,159,0.68,478.0,293.0,185.0
2025-06-28T10:00,17.7,56,988.8,58,0.57,135,0.90,601.0,408.0,193.0
2025-06-28T11:00,18.8,49,988.6,0,0.60,95,1.09,720.0,553.0,167.0
2025-06-28T12:00,19.8,46,988.4,52,0.21,14,1.24,805.0,679.0,126.0
2025-06-28T13:00,20.3,43,988.1,100,0.47,288,1.35,701.0,469.0,232.0
2025-06-28T14:00,20.6,41,988.0,100,0.55,270,1.43,550.0,227.0,323.0
2025-06-28T15:00,20.6,39,987.9,100,0.54,236,1.48,392.0,89.0,303.0
2025-06-28T16:00,22.2,31,987.6,100,0.83,213,1.85,471.0,165.0,306.0
2025-06-28T17:00,22.4,31,987.4,100,1.05,275,1.86,387.0,128.0,259.0
2025-06-28T18:00,21.4,35,987.7,100,2.48,335,1.65,283.0,103.0,180.0
2025-06-28T19:00,19.9,44,987.9,99,3.30,10,1.31,190.0,76.0,114.0
2025-06-28T20:00,19.2,49,988.0,100,1.57,31,1.14,127.0,63.0,64.0
2025-06-28T21:00,18.3,55,988.3,99,1.46,52,0.94,33.0,9.0,24.0
2025-06-28T22:00,17.1,66,988.7,98,0.95,87,0.66,0.0,0.0,0.0
2025-06-28T23:00,16.7,68,988.7,52,0.30,360,0.61,0.0,0.0,0.0
2025-06-29T00:00,15.9,67,988.8,100,1.35,360,0.60,0.0,0.0,0.0
2025-06-29T01:00,15.2,70,988.7,99,1.25,23,0.51,0.0,0.0,0.0
2025-06-29T02:00,14.3,74,988.5,100,1.03,43,0.43,0.0,0.0,0.0
2025-06-29T03:00,13.5,78,988.4,43,0.63,61,0.34,0.0,0.0,0.0
2025-06-29T04:00,13.4,83,988.2,71,0.28,45,0.26,0.0,0.0,0.0
2025-06-29T05:00,13.3,85,987.9,100,0.21,45,0.24,29.0,9.0,20.0
2025-06-29T06:00,14.3,79,987.7,100,0.86,170,0.34,86.0,13.0,73.0
2025-06-29T07:00,15.5,75,987.3,40,0.91,174,0.43,144.0,13.0,131.0
2025-06-29T08:00,17.7,66,987.0,13,1.12,190,0.68,383.0,290.0,93.0
2025-06-29T09:00,19.2,59,986.6,27,1.90,215,0.91,480.0,342.0,138.0
2025-06-29T10:00,20.1,57,985.9,23,2.41,236,1.01,553.0,362.0,191.0
2025-06-29T11:00,21.0,53,985.3,72,2.95,236,1.17,616.0,438.0,178.0
2025-06-29T12:00,21.6,50,984.2,51,3.50,224,1.28,659.0,486.0,173.0
2025-06-29T13:00,21.0,47,983.4,94,4.46,224,1.32,642.0,490.0,152.0
2025-06-29T14:00,20.5,51,982.5,54,4.39,223,1.19,310.0,106.0,204.0
2025-06-29T15:00,20.8,53,981.7,100,5.07,229,1.15,505.0,302.0,203.0
2025-06-29T16:00,20.1,54,980.8,100,5.17,237,1.08,446.0,279.0,167.0
2025-06-29T17:00,17.6,68,980.2,100,4.11,238,0.64,79.0,0.0,79.0
2025-06-29T18:00,16.2,85,978.9,100,3.62,235,0.27,27.0,0.0,27.0
2025-06-29T19:00,16.0,83,977.7,95,4.55,239,0.30,68.0,4.0,64.0
2025-06-29T20:00,15.5,80,977.1,100,5.14,243,0.35,53.0,4.0,49.0
2025-06-29T21:00,14.6,91,975.8,100,4.26,239,0.15,8.0,0.0,8.0
2025-06-29T22:00,14.2,95,974.9,100,3.83,248,0.08,0.0,0.0,0.0
2025-06-29T23:00,14.1,94,974.2,19,4.72,265,0.10,0.0,0.0,0.0
2025-06-30T00:00,13.2,91,973.9,8,4.95,272,0.13,0.0,0.0,0.0
2025-06-30T01:00,12.0,91,973.7,61,5.31,273,0.13,0.0,0.0,0.0
2025-06-30T02:00,11.9,89,973.3,53,4.97,275,0.15,0.0,0.0,0.0
2025-06-30T03:00,11.5,89,973.3,96,5.06,274,0.15,0.0,0.0,0.0
2025-06-30T04:00,11.3,87,973.0,100,5.40,271,0.17,0.0,0.0,0.0
2025-06-30T05:00,11.0,87,972.8,100,5.46,273,0.17,13.0,0.0,13.0
2025-06-30T06:00,11.1,85,972.5,100,4.80,272,0.20,52.0,3.0,49.0
2025-06-30T07:00,11.4,85,971.8,100,4.28,263,0.20,95.0,4.0,91.0
2025-06-30T08:00,11.7,83,971.4,100,5.10,272,0.23,142.0,20.0,122.0
2025-06-30T09:00,11.4,83,971.1,100,5.81,272,0.23,136.0,12.0,124.0
2025-06-30T10:00,11.9,81,971.0,100,5.81,266,0.26,188.0,12.0,176.0
2025-06-30T11:00,12.1,79,970.8,100,4.93,259,0.30,132.0,0.0,132.0
2025-06-30T12:00,12.7,78,970.6,100,5.96,272,0.32,212.0,6.0,206.0
2025-06-30T13:00,13.0,81,970.7,100,4.21,266,0.28,240.0,13.0,227.0
2025-06-30T14:00,13.0,86,970.6,100,3.50,248,0.22,130.0,0.0,130.0
2025-06-30T15:00,13.3,89,970.5,100,3.83,263,0.17,126.0,0.0,126.0
2025-06-30T16:00,14.4,73,970.2,100,4.75,268,0.45,345.0,103.0,242.0
2025-06-30T17:00,14.7,74,969.8,100,3.51,267,0.44,206.0,40.0,166.0
2025-06-30T18:00,14.7,78,969.6,100,2.31,265,0.37,211.0,76.0,135.0
2025-06-30T19:00,13.8,84,969.3,100,3.20,284,0.26,34.0,0.0,34.0
2025-06-30T20:00,13.1,89,968.9,100,4.17,284,0.16,18.0,0.0,18.0
2025-06-30T21:00,13.0,94,969.2,99,5.31,322,0.09,4.0,0.0,4.0
2025-06-30T22:00,12.5,93,970.1,100,5.30,334,0.10,0.0,0.0,0.0
2025-06-30T23:00,12.5,93,971.0,100,4.97,335,0.11,0.0,0.0,0.0
2025-07-01T00:00,12.5,92,971.8,100,5.74,337,0.11,0.0,0.0,0.0
2025-07-01T01:00,12.5,90,972.5,100,5.24,336,0.14,0.0,0.0,0.0
2025-07-01T02:00,12.6,91,973.0,100,4.86,340,0.14,0.0,0.0,0.0
2025-07-01T03:00,12.4,89,973.7,100,4.81,343,0.16,0.0,0.0,0.0
2025-07-01T04:00,12.4,91,973.9,100,6.15,324,0.14,0.0,0.0,0.0
2025-07-01T05:00,11.6,93,974.3,100,6.04,323,0.10,4.0,0.0,4.0
2025-07-01T06:00,11.4,92,974.9,100,6.41,322,0.11,17.0,0.0,17.0
2025-07-01T07:00,11.3,91,975.3,100,5.81,318,0.12,38.0,0.0,38.0
2025-07-01T08:00,11.3,89,975.5,100,5.52,316,0.14,66.0,0.0,66.0
2025-07-01T09:00,11.2,91,976.0,100,5.57,320,0.12,71.0,0.0,71.0
2025-07-01T10:00,11.5,90,976.6,100,5.95,326,0.13,123.0,0.0,123.0
2025-07-01T11:00,13.4,77,977.2,100,6.38,339,0.36,408.0,82.0,326.0
2025-07-01T12:00,13.8,76,977.8,100,6.31,339,0.37,374.0,64.0,310.0
2025-07-01T13:00,14.2,76,978.5,100,6.15,334,0.39,389.0,65.0,324.0
2025-07-01T14:00,14.4,76,979.0,100,5.83,329,0.40,376.0,81.0,295.0
2025-07-01T15:00,15.3,71,979.4,99,5.59,332,0.50,536.0,266.0,270.0
2025-07-01T16:00,14.2,71,980.4,100,6.22,328,0.48,363.0,81.0,282.0
2025-07-01T17:00,14.5,70,981.1,100,5.72,334,0.50,371.0,122.0,249.0
2025-07-01T18:00,14.2,72,981.5,100,5.06,335,0.45,204.0,19.0,185.0
2025-07-01T19:00,14.1,74,981.9,100,4.44,326,0.41,129.0,15.0,114.0
2025-07-01T20:00,13.6,80,982.3,100,3.83,320,0.31,96.0,15.0,81.0
2025-07-01T21:00,13.1,85,982.6,99,3.93,323,0.23,28.0,2.0,26.0
2025-07-01T22:00,12.7,87,982.9,100,3.78,323,0.19,0.0,0.0,0.0
2025-07-01T23:00,12.6,88,983.2,100,3.67,322,0.17,0.0,0.0,0.0
2025-07-02T00:00,12.7,88,983.7,100,3.73,325,0.17,0.0,0.0,0.0
2025-07-02T01:00,12.6,88,984.1,100,3.46,323,0.17,0.0,0.0,0.0
2025-07-02T02:00,12.5,89,984.3,100,3.48,321,0.15,0.0,0.0,0.0
2025-07-02T03:00,12.5,89,984.7,100,3.37,320,0.15,0.0,0.0,0.0
2025-07-02T04:00,12.0,89,984.9,100,3.46,323,0.15,0.0,0.0,0.0
2025-07-02T05:00,12.1,89,985.1,100,3.37,320,0.16,14.0,0.0,14.0
2025-07-02T06:00,12.4,88,985.6,100,4.11,328,0.17,48.0,2.0,46.0
2025-07-02T07:00,12.7,85,985.9,100,3.59,328,0.22,94.0,12.0,82.0
2025-07-02T08:00,13.7,80,985.9,100,3.87,331,0.31,185.0,23.0,162.0
2025-07-02T09:00,14.6,75,986.4,100,4.70,339,0.42,255.0,54.0,201.0
2025-07-02T10:00,15.4,70,986.4,39,4.24,343,0.52,344.0,73.0,271.0
2025-07-02T11:00,17.0,62,986.7,51,4.06,346,0.73,611.0,438.0,173.0
2025-07-02T12:00,18.0,58,987.1,43,4.07,346,0.86,634.0,433.0,201.0
2025-07-02T13:00,19.0,55,987.5,53,4.45,345,0.99,674.0,474.0,200.0
2025-07-02T14:00,19.3,54,988.0,58,4.57,340,1.03,577.0,353.0,224.0
2025-07-02T15:00,19.6,54,988.4,99,5.04,342,1.05,602.0,436.0,166.0
2025-07-02T16:00,18.8,55,989.9,100,5.02,337,0.97,478.0,203.0,275.0
2025-07-02T17:00,18.7,58,990.2,100,4.54,332,0.91,352.0,158.0,194.0
2025-07-02T18:00,18.2,62,990.4,100,4.47,324,0.80,230.0,75.0,155.0
2025-07-02T19:00,17.7,66,990.8,100,4.48,321,0.69,142.0,40.0,102.0
2025-07-02T20:00,16.2,74,991.2,100,3.64,323,0.47,20.0,0.0,20.0
2025-07-02T21:00,15.6,78,991.1,100,3.09,310,0.38,11.0,0.0,11.0
2025-07-02T22:00,15.5,80,991.1,100,3.31,297,0.36,0.0,0.0,0.0
2025-07-02T23:00,15.7,78,991.1,100,4.14,315,0.39,0.0,0.0,0.0
2025-07-03T00:00,15.9,79,991.1,88,3.51,324,0.38,0.0,0.0,0.0
2025-07-03T01:00,15.9,80,991.2,62,3.45,321,0.36,0.0,0.0,0.0
2025-07-03T02:00,15.7,81,991.5,42,3.40,319,0.34,0.0,0.0,0.0
2025-07-03T03:00,15.2,84,991.8,9,3.46,315,0.27,0.0,0.0,0.0
2025-07-03T04:00,15.1,88,992.0,15,3.23,319,0.21,0.0,0.0,0.0
2025-07-03T05:00,14.8,89,992.3,0,3.04,318,0.19,26.0,10.0,16.0
2025-07-03T06:00,15.1,89,992.6,48,2.06,309,0.19,115.0,66.0,49.0
2025-07-03T07:00,16.0,86,992.8,88,2.10,298,0.25,240.0,168.0,72.0
2025-07-03T08:00,17.5,78,993.2,64,3.38,326,0.44,379.0,287.0,92.0
2025-07-03T09:00,18.9,73,993.6,42,3.37,328,0.60,502.0,375.0,127.0
2025-07-03T10:00,20.1,67,993.7,49,3.76,330,0.77,600.0,449.0,151.0
2025-07-03T11:00,21.2,62,993.7,92,4.02,328,0.96,631.0,441.0,190.0
2025-07-03T12:00,22.1,57,993.9,97,4.36,328,1.15,625.0,351.0,274.0
2025-07-03T13:00,22.9,53,994.0,87,4.34,331,1.31,589.0,279.0,310.0
2025-07-03T14:00,24.0,49,993.8,100,4.32,333,1.52,683.0,452.0,231.0
2025-07-03T15:00,23.8,53,994.2,100,4.07,331,1.38,514.0,263.0,251.0
2025-07-03T16:00,25.0,47,994.3,100,3.94,330,1.67,634.0,487.0,147.0
2025-07-03T17:00,24.5,53,994.2,78,2.17,341,1.43,285.0,69.0,216.0
2025-07-03T18:00,24.8,52,993.9,22,1.87,316,1.50,351.0,252.0,99.0
2025-07-03T19:00,24.5,57,993.7,8,1.68,287,1.32,244.0,167.0,77.0
2025-07-03T20:00,23.4,64,993.6,8,1.86,264,1.03,123.0,73.0,50.0
2025-07-03T21:00,22.2,70,993.7,0,2.09,259,0.81,34.0,14.0,20.0
2025-07-03T22:00,21.3,74,993.6,3,2.24,260,0.65,0.0,0.0,0.0
2025-07-03T23:00,20.6,77,993.6,2,2.07,262,0.55,0.0,0.0,0.0
2025-07-04T00:00,19.9,80,993.5,1,1.89,258,0.46,0.0,0.0,0.0
2025-07-04T01:00,19.4,82,993.2,0,1.88,248,0.40,0.0,0.0,0.0
2025-07-04T02:00,18.8,85,993.1,0,2.04,248,0.32,0.0,0.0,0.0
2025-07-04T03:00,18.4,87,992.9,0,2.15,248,0.27,0.0,0.0,0.0
2025-07-04T04:00,18.2,87,992.6,6,1.89,238,0.27,0.0,0.0,0.0
2025-07-04T05:00,18.1,88,992.3,8,1.98,225,0.25,26.0,10.0,16.0
2025-07-04T06:00,18.8,86,992.3,33,2.41,236,0.29,106.0,51.0,55.0
2025-07-04T07:00,19.9,84,992.1,8,1.91,225,0.36,206.0,111.0,95.0
2025-07-04T08:00,21.7,78,992.0,0,1.91,221,0.57,376.0,292.0,84.0
2025-07-04T09:00,23.4,72,991.7,0,2.47,234,0.79,518.0,427.0,91.0
2025-07-04T10:00,24.7,67,991.3,66,3.11,246,1.03,649.0,556.0,93.0
2025-07-04T11:00,24.7,66,991.4,73,3.70,270,1.06,622.0,420.0,202.0
2025-07-04T12:00,23.4,70,991.7,93,4.40,289,0.87,685.0,462.0,223.0
2025-07-04T13:00,22.2,71,992.1,91,4.43,295,0.77,502.0,139.0,363.0
2025-07-04T14:00,22.9,58,992.0,83,3.92,287,1.17,675.0,482.0,193.0
2025-07-04T15:00,22.8,51,992.3,9,4.16,288,1.35,692.0,488.0,204.0
2025-07-04T16:00,23.8,48,992.4,1,4.30,288,1.55,673.0,574.0,99.0
2025-07-04T17:00,23.3,47,992.8,1,4.56,295,1.52,548.0,455.0,93.0
2025-07-04T18:00,22.7,49,992.8,5,4.30,293,1.42,404.0,316.0,88.0
2025-07-04T19:00,22.1,52,993.1,48,3.58,290,1.26,255.0,179.0,76.0
2025-07-04T20:00,20.6,58,993.7,98,3.78,313,1.01,126.0,72.0,54.0
2025-07-04T21:00,18.9,63,994.6,18,3.22,317,0.80,36.0,14.0,22.0
2025-07-04T22:00,17.6,68,994.9,100,2.70,326,0.65,0.0,0.0,0.0
2025-07-04T23:00,16.8,70,995.1,100,2.47,328,0.58,0.0,0.0,0.0
2025-07-05T00:00,16.3,70,995.3,100,2.13,319,0.56,0.0,0.0,0.0
2025-07-05T01:00,15.8,71,995.0,100,1.71,308,0.52,0.0,0.0,0.0
2025-07-05T02:00,15.4,73,995.0,100,1.76,290,0.48,0.0,0.0,0.0
2025-07-05T03:00,14.8,76,995.0,100,1.91,275,0.40,0.0,0.0,0.0
2025-07-05T04:00,14.0,78,995.0,100,1.95,273,0.35,0.0,0.0,0.0
2025-07-05T05:00,13.7,80,995.1,100,2.11,275,0.32,22.0,2.0,20.0
2025-07-05T06:00,14.0,79,995.3,100,1.73,280,0.34,80.0,10.0,70.0
2025-07-05T07:00,14.5,76,995.3,92,1.88,287,0.40,138.0,22.0,116.0
2025-07-05T08:00,15.4,71,995.5,100,2.01,297,0.51,257.0,76.0,181.0
2025-07-05T09:00,15.6,68,995.2,100,2.01,297,0.56,220.0,28.0,192.0
2025-07-05T10:00,16.1,64,995.2,100,2.23,286,0.65,264.0,23.0,241.0
2025-07-05T11:00,17.2,57,995.1,96,3.23,286,0.85,454.0,126.0,328.0
2025-07-05T12:00,18.3,49,994.7,100,3.58,293,1.08,735.0,509.0,226.0
2025-07-05T13:00,18.7,46,994.6,57,3.67,294,1.17,726.0,438.0,288.0
2025-07-05T14:00,19.0,46,994.5,19,3.71,297,1.19,781.0,601.0,180.0
2025-07-05T15:00,19.4,44,994.5,27,3.96,295,1.26,725.0,605.0,120.0
2025-07-05T16:00,20.1,38,995.2,29,4.52,295,1.46,662.0,551.0,111.0
2025-07-05T17:00,19.7,39,995.4,74,4.85,298,1.40,507.0,382.0,125.0
2025-07-05T18:00,19.4,38,995.4,55,4.21,298,1.39,370.0,263.0,107.0
2025-07-05T19:00,18.9,42,995.6,3,3.33,303,1.26,223.0,140.0,83.0
2025-07-05T20:00,18.0,46,995.9,0,2.69,299,1.13,135.0,85.0,50.0
2025-07-05T21:00,16.8,53,996.3,0,1.71,285,0.89,36.0,16.0,20.0
2025-07-05T22:00,16.0,58,996.8,0,1.75,272,0.76,0.0,0.0,0.0
2025-07-05T23:00,15.1,65,996.5,48,1.03,241,0.60,0.0,0.0,0.0
2025-07-06T00:00,14.2,71,996.5,100,0.82,232,0.46,0.0,0.0,0.0
2025-07-06T01:00,14.0,69,996.6,99,1.81,228,0.50,0.0,0.0,0.0
2025-07-06T02:00,13.7,68,996.6,63,1.66,213,0.50,0.0,0.0,0.0
2025-07-06T03:00,13.3,67,996.4,100,2.38,202,0.50,0.0,0.0,0.0
2025-07-06T04:00,12.3,70,996.5,86,2.26,208,0.42,0.0,0.0,0.0
2025-07-06T05:00,12.2,69,996.5,100,2.51,211,0.45,23.0,4.0,19.0
2025-07-06T06:00,12.7,65,996.5,100,2.67,218,0.51,35.0,0.0,35.0
2025-07-06T07:00,13.3,67,996.5,100,2.32,233,0.50,113.0,7.0,106.0
2025-07-06T08:00,13.6,71,996.6,100,1.92,231,0.45,111.0,1.0,110.0
2025-07-06T09:00,13.8,75,996.7,100,1.95,230,0.39,113.0,7.0,106.0
2025-07-06T10:00,13.9,79,996.6,100,1.75,211,0.33,89.0,0.0,89.0
2025-07-06T11:00,15.1,76,996.5,100,2.27,220,0.42,190.0,0.0,190.0
2025-07-06T12:00,16.0,73,996.2,100,2.46,232,0.50,277.0,9.0,268.0
2025-07-06T13:00,17.9,65,996.0,100,2.42,248,0.72,578.0,202.0,376.0
2025-07-06T14:00,19.2,55,995.8,100,2.69,255,1.00,567.0,205.0,362.0
2025-07-06T15:00,20.0,51,995.3,100,2.58,248,1.14,502.0,208.0,294.0
2025-07-06T16:00,21.4,45,994.7,29,2.79,234,1.40,617.0,482.0,135.0
2025-07-06T17:00,21.9,42,994.3,100,3.62,237,1.53,423.0,305.0,118.0
2025-07-06T18:00,21.0,48,994.1,48,3.26,223,1.30,185.0,55.0,130.0
2025-07-06T19:00,21.1,49,993.4,39,2.93,207,1.27,209.0,122.0,87.0
2025-07-06T20:00,20.0,57,993.2,31,2.73,188,0.99,106.0,52.0,54.0
2025-07-06T21:00,19.0,62,993.2,15,3.37,198,0.83,32.0,12.0,20.0
2025-07-06T22:00,18.3,66,993.2,57,3.38,207,0.72,0.0,0.0,0.0
2025-07-06T23:00,17.9,66,993.1,75,3.24,214,0.69,0.0,0.0,0.0
2025-07-07T00:00,17.8,64,992.8,86,3.47,223,0.73,0.0,0.0,0.0
2025-07-07T01:00,17.4,65,992.8,79,3.26,229,0.70,0.0,0.0,0.0
2025-07-07T02:00,17.0,66,992.7,100,3.15,228,0.66,0.0,0.0,0.0
2025-07-07T03:00,16.8,67,992.7,96,3.08,226,0.63,0.0,0.0,0.0
2025-07-07T04:00,16.2,71,993.0,91,2.78,218,0.53,0.0,0.0,0.0
2025-07-07T05:00,16.0,73,993.0,79,2.73,220,0.48,23.0,7.0,16.0
2025-07-07T06:00,16.5,74,993.1,98,2.57,217,0.50,103.0,45.0,58.0
2025-07-07T07:00,17.5,73,993.0,23,1.84,213,0.54,208.0,103.0,105.0
2025-07-07T08:00,18.8,70,993.0,8,2.21,218,0.65,342.0,234.0,108.0
2025-07-07T09:00,20.4,66,993.0,9,2.19,223,0.81,470.0,353.0,117.0
2025-07-07T10:00,22.3,61,992.9,81,2.19,227,1.05,620.0,507.0,113.0
2025-07-07T11:00,23.8,55,992.8,100,2.45,219,1.32,698.0,545.0,153.0
2025-07-07T12:00,25.2,49,992.7,100,3.11,228,1.62,759.0,577.0,182.0
2025-07-07T13:00,25.3,46,992.8,100,4.11,249,1.74,632.0,372.0,260.0
2025-07-07T14:00,25.8,43,992.7,100,3.94,244,1.88,582.0,284.0,298.0
2025-07-07T15:00,26.4,41,992.5,89,3.75,239,2.04,674.0,468.0,206.0
2025-07-07T16:00,27.7,32,992.5,54,3.31,232,2.53,567.0,388.0,179.0
2025-07-07T17:00,27.3,34,992.2,96,3.57,223,2.38,461.0,337.0,124.0
2025-07-07T18:00,26.7,38,992.1,100,3.43,214,2.15,364.0,262.0,102.0
2025-07-07T19:00,26.2,41,992.0,100,3.31,205,2.01,204.0,85.0,119.0
2025-07-07T20:00,25.3,48,991.8,100,3.32,192,1.67,99.0,26.0,73.0
2025-07-07T21:00,24.1,54,992.2,66,3.08,197,1.39,26.0,5.0,21.0
2025-07-07T22:00,23.2,56,992.3,64,2.94,201,1.26,0.0,0.0,0.0
2025-07-07T23:00,22.2,59,992.2,100,2.63,194,1.09,0.0,0.0,0.0
2025-07-08T00:00,21.6,62,992.3,100,2.72,197,0.98,0.0,0.0,0.0
2025-07-08T01:00,21.0,64,992.2,100,2.66,200,0.90,0.0,0.0,0.0
2025-07-08T02:00,20.4,65,991.7,87,2.38,190,0.83,0.0,0.0,0.0
2025-07-08T03:00,19.7,68,991.5,60,2.26,175,0.74,0.0,0.0,0.0
2025-07-08T04:00,18.8,74,991.1,90,2.53,142,0.56,0.0,0.0,0.0
2025-07-08T05:00,18.6,72,991.0,6,2.73,140,0.60,22.0,8.0,14.0
2025-07-08T06:00,19.1,70,990.9,6,2.16,136,0.67,106.0,59.0,47.0
2025-07-08T07:00,20.3,66,990.4,7,2.32,147,0.82,229.0,160.0,69.0
2025-07-08T08:00,21.9,61,990.1,0,2.63,159,1.03,368.0,286.0,82.0
2025-07-08T09:00,23.6,57,989.7,30,2.50,164,1.25,504.0,412.0,92.0
2025-07-08T10:00,25.4,53,989.3,10,2.67,163,1.51,624.0,520.0,104.0
2025-07-08T11:00,27.4,49,989.2,91,3.04,166,1.85,718.0,609.0,109.0
2025-07-08T12:00,29.0,47,988.9,100,3.58,168,2.12,771.0,643.0,128.0
2025-07-08T13:00,30.5,44,988.3,74,3.90,170,2.45,785.0,630.0,155.0
2025-07-08T14:00,31.1,44,988.2,82,3.70,178,2.53,729.0,575.0,154.0
2025-07-08T15:00,31.7,44,987.1,17,4.77,170,2.62,648.0,461.0,187.0
2025-07-08T16:00,29.0,54,988.4,100,3.16,184,1.83,199.0,80.0,119.0
2025-07-08T17:00,29.6,52,988.2,98,3.78,206,1.97,342.0,86.0,256.0
2025-07-08T18:00,28.2,57,988.3,32,3.29,206,1.64,262.0,84.0,178.0
2025-07-08T19:00,28.2,56,988.2,98,3.67,209,1.66,214.0,133.0,81.0
2025-07-08T20:00,27.5,66,988.5,100,3.86,199,1.24,96.0,27.0,69.0
2025-07-08T21:00,26.4,66,988.8,100,4.95,218,1.16,23.0,1.0,22.0
2025-07-08T22:00,24.9,70,989.6,98,4.52,237,0.93,0.0,0.0,0.0
2025-07-08T23:00,23.7,74,990.5,100,3.64,249,0.77,0.0,0.0,0.0
2025-07-09T00:00,22.8,77,990.9,65,2.60,247,0.64,0.0,0.0,0.0
2025-07-09T01:00,22.1,81,991.3,100,2.35,241,0.52,0.0,0.0,0.0
2025-07-09T02:00,21.5,84,991.9,91,2.27,248,0.40,0.0,0.0,0.0
2025-07-09T03:00,20.8,88,992.3,1,1.94,258,0.29,0.0,0.0,0.0
2025-07-09T04:00,21.4,81,992.2,0,0.85,270,0.47,0.0,0.0,0.0
2025-07-09T05:00,21.3,83,992.4,53,1.06,172,0.44,20.0,7.0,13.0
2025-07-09T06:00,21.8,80,992.8,100,0.92,209,0.52,101.0,51.0,50.0
2025-07-09T07:00,22.8,76,992.9,70,0.41,256,0.68,202.0,103.0,99.0
2025-07-09T08:00,24.0,71,992.7,12,0.27,202,0.87,341.0,238.0,103.0
2025-07-09T09:00,25.6,64,992.8,30,1.87,196,1.18,463.0,356.0,107.0
2025-07-09T10:00,26.6,59,992.8,31,1.34,207,1.41,535.0,376.0,159.0
2025-07-09T11:00,28.2,52,992.9,10,1.75,193,1.83,705.0,573.0,132.0
2025-07-09T12:00,29.6,46,992.9,35,1.93,197,2.25,751.0,613.0,138.0
2025-07-09T13:00,30.5,42,992.8,39,2.10,183,2.52,670.0,501.0,169.0
2025-07-09T14:00,31.3,40,992.5,13,2.48,161,2.75,687.0,532.0,155.0
2025-07-09T15:00,31.1,44,992.2,50,2.54,170,2.55,668.0,525.0,143.0
2025-07-09T16:00,29.6,48,993.0,99,2.64,233,2.16,642.0,531.0,111.0
2025-07-09T17:00,27.9,53,993.5,99,3.03,167,1.75,270.0,102.0,168.0
2025-07-09T18:00,27.3,50,992.6,100,1.98,139,1.81,230.0,91.0,139.0
2025-07-09T19:00,27.2,52,992.7,92,2.21,147,1.73,144.0,8.0,136.0
2025-07-09T20:00,27.0,55,992.7,96,1.98,139,1.61,105.0,40.0,65.0
2025-07-09T21:00,26.3,62,992.8,1,2.37,145,1.31,29.0,8.0,21.0
2025-07-09T22:00,25.7,67,993.1,4,2.51,151,1.10,0.0,0.0,0.0
2025-07-09T23:00,25.2,69,993.1,0,2.62,154,0.99,0.0,0.0,0.0
2025-07-10T00:00,24.7,70,993.1,1,2.62,162,0.94,0.0,0.0,0.0
2025-07-10T01:00,24.4,68,993.0,0,2.67,167,0.98,0.0,0.0,0.0
2025-07-10T02:00,24.0,67,993.2,0,2.97,163,0.99,0.0,0.0,0.0
2025-07-10T03:00,23.7,67,993.3,0,2.97,167,0.98,0.0,0.0,0.0
2025-07-10T04:00,22.6,71,993.2,0,2.84,171,0.80,0.0,0.0,0.0
2025-07-10T05:00,22.4,68,993.6,22,2.95,169,0.85,21.0,8.0,13.0
2025-07-10T06:00,22.8,65,993.7,7,2.86,168,0.97,106.0,61.0,45.0
2025-07-10T07:00,23.6,64,993.9,78,2.28,157,1.05,230.0,164.0,66.0
2025-07-10T08:00,24.6,60,994.0,68,2.44,152,1.24,365.0,275.0,90.0
2025-07-10T09:00,25.9,56,994.3,99,2.48,155,1.45,501.0,393.0,108.0
2025-07-10T10:00,27.2,53,994.4,87,2.48,155,1.69,591.0,416.0,175.0
2025-07-10T11:00,28.9,48,994.5,0,2.57,151,2.05,716.0,578.0,138.0
2025-07-10T12:00,30.6,42,994.7,0,3.00,152,2.52,795.0,689.0,106.0
2025-07-10T13:00,32.0,30,994.7,5,4.32,167,3.31,819.0,711.0,108.0
2025-07-10T14:00,32.5,25,994.7,4,4.92,170,3.65,788.0,674.0,114.0
2025-07-10T15:00,32.5,25,994.6,1,4.93,169,3.65,724.0,609.0,115.0
2025-07-10T16:00,33.5,22,994.7,1,4.18,163,4.00,619.0,508.0,111.0
2025-07-10T17:00,33.4,22,994.6,0,4.24,165,4.02,525.0,433.0,92.0
2025-07-10T18:00,32.9,23,994.8,0,4.29,169,3.85,396.0,315.0,81.0
2025-07-10T19:00,32.4,23,994.7,0,3.67,165,3.72,255.0,188.0,67.0
2025-07-10T20:00,31.3,28,994.7,0,2.46,153,3.29,127.0,79.0,48.0
2025-07-10T21:00,29.7,36,995.2,0,2.41,137,2.68,31.0,14.0,17.0
2025-07-10T22:00,28.3,42,995.5,0,2.51,137,2.21,0.0,0.0,0.0
2025-07-10T23:00,27.2,43,995.9,0,2.87,137,2.04,0.0,0.0,0.0
2025-07-11T00:00,26.1,43,995.9,0,2.79,134,1.93,0.0,0.0,0.0
2025-07-11T01:00,25.2,44,995.6,0,2.79,126,1.79,0.0,0.0,0.0
2025-07-11T02:00,24.3,46,995.7,0,2.96,120,1.63,0.0,0.0,0.0
2025-07-11T03:00,23.6,48,995.5,0,2.89,118,1.52,0.0,0.0,0.0
2025-07-11T04:00,22.0,61,995.8,0,2.73,104,1.03,0.0,0.0,0.0
2025-07-11T05:00,21.8,62,995.7,0,2.97,107,0.99,20.0,8.0,12.0
2025-07-11T06:00,22.4,60,996.0,0,3.02,106,1.08,105.0,62.0,43.0
2025-07-11T07:00,23.3,59,996.2,0,2.64,100,1.17,229.0,165.0,64.0
2025-07-11T08:00,24.7,54,996.1,0,2.99,111,1.43,369.0,289.0,80.0
2025-07-11T09:00,26.5,48,996.2,0,3.33,118,1.80,507.0,416.0,91.0
2025-07-11T10:00,28.1,43,996.2,3,3.39,121,2.17,628.0,530.0,98.0
2025-07-11T11:00,29.7,40,996.4,0,3.44,126,2.50,719.0,609.0,110.0
2025-07-11T12:00,31.2,37,996.5,0,3.52,129,2.86,784.0,676.0,108.0
2025-07-11T13:00,32.3,36,996.7,19,3.68,137,3.11,803.0,693.0,110.0
2025-07-11T14:00,33.1,34,996.6,35,3.90,139,3.35,731.0,590.0,141.0
2025-07-11T15:00,33.7,31,996.6,9,3.80,145,3.61,631.0,460.0,171.0
2025-07-11T16:00,35.1,24,997.0,34,4.01,157,4.30,545.0,397.0,148.0
2025-07-11T17:00,35.0,21,997.2,36,4.79,157,4.44,470.0,358.0,112.0
2025-07-11T18:00,34.9,19,997.5,21,4.77,157,4.55,314.0,202.0,112.0
2025-07-11T19:00,34.7,19,997.5,19,4.03,155,4.48,219.0,145.0,74.0
2025-07-11T20:00,34.0,21,997.5,14,2.68,147,4.21,109.0,62.0,47.0
2025-07-11T21:00,32.7,26,997.7,5,2.58,122,3.67,28.0,11.0,17.0
2025-07-11T22:00,31.2,33,998.0,10,2.69,121,3.04,0.0,0.0,0.0
2025-07-11T23:00,30.1,35,998.0,68,2.94,133,2.77,0.0,0.0,0.0
2025-07-12T00:00,29.3,34,998.2,34,2.77,131,2.70,0.0,0.0,0.0
2025-07-12T01:00,28.0,36,998.5,100,2.50,110,2.41,0.0,0.0,0.0
2025-07-12T02:00,27.1,38,998.2,100,2.56,107,2.22,0.0,0.0,0.0
2025-07-12T03:00,26.4,41,998.4,96,2.67,111,2.04,0.0,0.0,0.0
2025-07-12T04:00,24.5,60,998.9,85,2.08,120,1.24,0.0,0.0,0.0
2025-07-12T05:00,23.7,63,999.1,100,2.07,110,1.07,17.0,3.0,14.0
2025-07-12T06:00,23.8,64,999.2,100,2.07,98,1.06,71.0,5.0,66.0
2025-07-12T07:00,24.4,63,999.1,100,1.61,85,1.12,166.0,44.0,122.0
2025-07-12T08:00,25.8,59,999.0,100,1.73,100,1.36,287.0,117.0,170.0
2025-07-12T09:00,27.2,54,999.2,100,1.98,106,1.67,371.0,133.0,238.0
2025-07-12T10:00,29.0,49,999.2,100,2.15,108,2.06,508.0,273.0,235.0
2025-07-12T11:00,31.2,41,999.2,100,2.53,112,2.66,681.0,531.0,150.0
2025-07-12T12:00,32.2,35,999.4,100,3.23,139,3.14,663.0,412.0,251.0
2025-07-12T13:00,30.8,40,999.6,100,1.52,113,2.65,502.0,151.0,351.0
2025-07-12T14:00,30.9,39,999.2,98,3.76,109,2.72,357.0,114.0,243.0
2025-07-12T15:00,32.1,31,998.8,94,3.51,101,3.30,481.0,197.0,284.0
2025-07-12T16:00,33.2,25,999.3,81,3.26,126,3.78,553.0,320.0,233.0
2025-07-12T17:00,32.0,29,999.7,100,3.90,171,3.38,417.0,243.0,174.0
2025-07-12T18:00,32.1,28,999.3,100,1.67,131,3.46,254.0,104.0,150.0
2025-07-12T19:00,32.2,28,999.2,100,2.40,126,3.47,197.0,81.0,116.0
2025-07-12T20:00,31.6,30,999.2,100,2.76,132,3.26,89.0,21.0,68.0
2025-07-12T21:00,30.7,33,999.4,84,2.53,128,2.95,23.0,2.0,21.0
2025-07-12T22:00,29.7,37,999.7,29,2.30,131,2.64,0.0,0.0,0.0
2025-07-12T23:00,28.7,41,999.8,98,1.76,125,2.30,0.0,0.0,0.0
2025-07-13T00:00,27.8,45,999.8,65,1.42,108,2.05,0.0,0.0,0.0
2025-07-13T01:00,26.7,50,999.9,99,1.91,96,1.76,0.0,0.0,0.0
2025-07-13T02:00,25.9,54,999.8,17,1.77,112,1.55,0.0,0.0,0.0
2025-07-13T03:00,25.2,57,999.7,7,1.83,101,1.36,0.0,0.0,0.0
2025-07-13T04:00,21.8,73,1000.4,15,1.49,70,0.71,0.0,0.0,0.0
2025-07-13T05:00,21.4,76,1000.5,30,1.81,85,0.60,17.0,5.0,12.0
2025-07-13T06:00,21.8,76,1000.5,16,1.27,99,0.63,92.0,45.0,47.0
2025-07-13T07:00,22.6,71,1000.0,26,1.50,90,0.79,207.0,131.0,76.0
2025-07-13T08:00,23.7,64,1000.7,38,2.76,125,1.05,341.0,257.0,84.0
2025-07-13T09:00,25.6,55,999.0,20,2.24,61,1.47,485.0,379.0,106.0
2025-07-13T10:00,28.0,48,998.8,26,2.29,79,1.97,603.0,486.0,117.0
2025-07-13T11:00,29.1,45,998.5,72,2.83,98,2.22,604.0,461.0,143.0
2025-07-13T12:00,30.5,42,998.2,94,3.12,106,2.54,741.0,575.0,166.0
2025-07-13T13:00,30.9,40,998.1,98,2.67,128,2.67,705.0,503.0,202.0
2025-07-13T14:00,30.5,41,998.0,94,2.22,126,2.55,591.0,285.0,306.0
2025-07-13T15:00,29.4,45,997.7,90,3.19,76,2.23,545.0,253.0,292.0
2025-07-13T16:00,29.8,47,998.1,18,3.46,104,2.24,619.0,495.0,124.0
2025-07-13T17:00,28.8,53,998.3,67,2.22,126,1.85,473.0,350.0,123.0
2025-07-13T18:00,27.3,61,997.7,23,1.71,32,1.40,263.0,149.0,114.0
2025-07-13T19:00,27.8,59,997.5,60,2.25,91,1.53,184.0,97.0,87.0
2025-07-13T20:00,26.9,59,997.8,76,2.70,129,1.46,96.0,50.0,46.0
2025-07-13T21:00,25.3,64,997.5,80,2.85,121,1.15,22.0,6.0,16.0
2025-07-13T22:00,24.2,70,997.7,97,2.53,120,0.90,0.0,0.0,0.0
2025-07-13T23:00,23.2,76,997.6,100,2.25,111,0.69,0.0,0.0,0.0
2025-07-14T00:00,22.3,82,998.0,100,1.98,137,0.50,0.0,0.0,0.0
2025-07-14T01:00,21.5,87,997.8,100,1.65,92,0.33,0.0,0.0,0.0
2025-07-14T02:00,21.2,89,997.2,100,1.42,58,0.29,0.0,0.0,0.0
2025-07-14T03:00,21.0,89,997.0,99,0.68,17,0.26,0.0,0.0,0.0
2025-07-14T04:00,19.9,90,997.1,100,1.95,154,0.23,0.0,0.0,0.0
2025-07-14T05:00,19.9,92,996.3,41,2.48,50,0.19,10.0,1.0,9.0
2025-07-14T06:00,20.6,92,996.3,8,1.23,58,0.20,85.0,37.0,48.0
2025-07-14T07:00,21.8,88,996.1,19,1.45,46,0.32,213.0,145.0,68.0
2025-07-14T08:00,23.3,80,995.5,89,1.75,59,0.56,346.0,257.0,89.0
2025-07-14T09:00,24.4,75,995.6,94,1.29,77,0.76,425.0,262.0,163.0
2025-07-14T10:00,25.6,69,995.6,98,1.26,97,1.03,522.0,337.0,185.0
2025-07-14T11:00,26.1,66,995.5,76,1.05,95,1.15,544.0,300.0,244.0
2025-07-14T12:00,26.6,63,995.3,55,0.72,102,1.28,576.0,341.0,235.0
2025-07-14T13:00,27.4,60,995.1,97,0.63,151,1.47,655.0,429.0,226.0
2025-07-14T14:00,28.0,56,994.6,100,0.70,184,1.65,673.0,429.0,244.0
2025-07-14T15:00,27.5,57,994.1,99,1.03,227,1.59,451.0,121.0,330.0
2025-07-14T16:00,27.6,49,994.9,100,3.05,178,1.89,491.0,247.0,244.0
2025-07-14T17:00,25.1,62,994.7,100,1.95,269,1.20,287.0,81.0,206.0
2025-07-14T18:00,24.7,66,993.8,100,1.66,295,1.04,226.0,80.0,146.0
2025-07-14T19:00,24.6,67,993.8,88,1.67,321,1.03,174.0,56.0,118.0
2025-07-14T20:00,24.0,69,994.0,26,1.60,284,0.93,88.0,30.0,58.0
2025-07-14T21:00,22.9,77,993.9,67,2.10,295,0.64,24.0,8.0,16.0
2025-07-14T22:00,22.6,80,993.9,45,1.17,310,0.54,0.0,0.0,0.0
2025-07-14T23:00,22.4,81,993.4,10,1.31,7,0.53,0.0,0.0,0.0
2025-07-15T00:00,22.3,79,993.1,59,1.25,16,0.57,0.0,0.0,0.0
2025-07-15T01:00,21.7,81,993.1,64,0.78,320,0.49,0.0,0.0,0.0
2025-07-15T02:00,21.0,85,992.7,30,0.92,299,0.38,0.0,0.0,0.0
2025-07-15T03:00,20.3,89,992.5,6,0.96,317,0.26,0.0,0.0,0.0
2025-07-15T04:00,19.0,94,992.5,1,1.38,319,0.14,0.0,0.0,0.0
2025-07-15T05:00,18.7,95,992.6,7,1.41,315,0.12,15.0,5.0,10.0
2025-07-15T06:00,19.2,91,992.6,6,1.32,331,0.19,93.0,49.0,44.0
2025-07-15T07:00,20.3,86,992.4,20,0.81,338,0.33,205.0,127.0,78.0
2025-07-15T08:00,21.8,79,992.1,60,0.69,330,0.54,331.0,231.0,100.0
2025-07-15T09:00,23.6,70,991.6,80,0.65,337,0.89,465.0,343.0,122.0
2025-07-15T10:00,25.2,61,991.0,11,0.51,349,1.26,593.0,468.0,125.0
2025-07-15T11:00,26.1,56,990.6,9,0.39,320,1.47,686.0,553.0,133.0
2025-07-15T12:00,26.7,54,990.5,100,0.22,153,1.60,687.0,532.0,155.0
2025-07-15T13:00,21.8,87,990.6,100,2.53,153,0.34,419.0,193.0,226.0
2025-07-15T14:00,22.7,79,989.9,99,0.71,135,0.58,277.0,89.0,188.0
2025-07-15T15:00,23.5,75,989.7,100,1.00,360,0.73,364.0,63.0,301.0
2025-07-15T16:00,23.8,61,989.9,100,1.61,83,1.16,367.0,74.0,293.0
2025-07-15T17:00,23.8,62,990.0,100,1.46,96,1.12,369.0,125.0,244.0
2025-07-15T18:00,23.6,63,989.7,100,0.91,96,1.09,258.0,71.0,187.0
2025-07-15T19:00,23.4,63,989.3,100,1.10,47,1.05,135.0,16.0,119.0
2025-07-15T20:00,23.0,65,989.1,100,1.10,39,0.97,72.0,3.0,69.0
2025-07-15T21:00,22.4,70,989.3,100,1.16,65,0.81,17.0,0.0,17.0
2025-07-15T22:00,21.6,76,989.2,100,1.67,99,0.62,0.0,0.0,0.0
2025-07-15T23:00,20.8,81,989.2,100,1.35,105,0.46,0.0,0.0,0.0
2025-07-16T00:00,20.4,85,989.0,85,1.00,90,0.36,0.0,0.0,0.0
2025-07-16T01:00,19.9,88,989.0,76,0.87,114,0.29,0.0,0.0,0.0
2025-07-16T02:00,19.6,90,988.8,87,0.71,82,0.23,0.0,0.0,0.0
2025-07-16T03:00,19.3,92,988.7,92,0.86,100,0.18,0.0,0.0,0.0
2025-07-16T04:00,17.9,92,988.7,20,0.96,81,0.16,0.0,0.0,0.0
2025-07-16T05:00,17.8,94,988.6,11,1.12,58,0.13,14.0,4.0,10.0
2025-07-16T06:00,18.5,92,988.5,8,1.30,62,0.18,90.0,46.0,44.0
2025-07-16T07:00,19.5,88,988.3,9,1.11,82,0.27,209.0,138.0,71.0
2025-07-16T08:00,20.8,80,988.5,33,1.55,86,0.49,338.0,241.0,97.0
2025-07-16T09:00,21.9,74,988.5,29,1.76,95,0.67,441.0,299.0,142.0
2025-07-16T10:00,22.8,70,988.6,43,1.80,103,0.83,527.0,359.0,168.0
2025-07-16T11:00,23.6,66,988.5,53,2.07,105,0.99,628.0,433.0,195.0
2025-07-16T12:00,24.6,59,988.4,96,2.48,115,1.27,618.0,392.0,226.0
2025-07-16T13:00,24.3,58,988.0,88,2.18,99,1.28,416.0,176.0,240.0
2025-07-16T14:00,23.8,63,988.0,100,2.42,22,1.09,595.0,297.0,298.0
2025-07-16T15:00,21.5,76,988.4,100,0.63,151,0.61,410.0,171.0,239.0
2025-07-16T16:00,22.0,73,988.8,99,1.95,220,0.72,391.0,157.0,234.0
2025-07-16T17:00,20.8,78,988.7,97,1.40,180,0.54,209.0,52.0,157.0
2025-07-16T18:00,21.3,76,988.3,82,0.78,165,0.60,263.0,126.0,137.0
2025-07-16T19:00,21.3,75,988.3,89,0.65,157,0.63,209.0,114.0,95.0
2025-07-16T20:00,21.0,76,988.5,88,0.25,143,0.59,102.0,41.0,61.0
2025-07-16T21:00,20.6,79,988.6,100,0.36,106,0.51,21.0,4.0,17.0
2025-07-16T22:00,20.4,81,989.1,100,0.21,346,0.46,0.0,0.0,0.0
2025-07-16T23:00,20.1,84,989.2,91,0.57,345,0.38,0.0,0.0,0.0
2025-07-17T00:00,19.8,87,989.2,34,0.62,14,0.30,0.0,0.0,0.0
2025-07-17T01:00,19.7,86,989.0,23,0.90,19,0.33,0.0,0.0,0.0
2025-07-17T02:00,19.3,86,989.0,35,1.38,41,0.31,0.0,0.0,0.0
2025-07-17T03:00,18.8,85,989.1,43,1.68,60,0.33,0.0,0.0,0.0
2025-07-17T04:00,17.3,91,989.7,100,2.50,70,0.18,0.0,0.0,0.0
2025-07-17T05:00,17.3,92,989.6,98,2.01,86,0.16,8.0,0.0,8.0
2025-07-17T06:00,17.5,93,989.9,88,0.80,86,0.15,69.0,16.0,53.0
2025-07-17T07:00,17.8,94,990.6,100,0.76,79,0.13,155.0,62.0,93.0
2025-07-17T08:00,17.8,92,990.3,99,1.75,93,0.17,77.0,0.0,77.0
2025-07-17T09:00,18.9,85,990.9,99,1.95,91,0.32,253.0,108.0,145.0
2025-07-17T10:00,20.0,79,991.0,100,1.80,87,0.49,365.0,138.0,227.0
2025-07-17T11:00,21.3,74,991.3,99,1.45,88,0.65,593.0,339.0,254.0
2025-07-17T12:00,22.5,67,991.4,92,1.60,90,0.90,692.0,486.0,206.0
2025-07-17T13:00,23.5,64,991.4,23,1.45,90,1.04,737.0,586.0,151.0
2025-07-17T14:00,24.3,62,991.2,26,1.20,95,1.15,771.0,626.0,145.0
2025-07-17T15:00,24.7,60,990.8,100,1.20,92,1.26,645.0,477.0,168.0
2025-07-17T16:00,25.1,53,991.2,100,1.74,102,1.50,423.0,163.0,260.0
2025-07-17T17:00,25.3,52,991.4,100,1.08,77,1.55,309.0,88.0,221.0
2025-07-17T18:00,25.1,51,991.5,100,2.19,66,1.55,301.0,185.0,116.0
2025-07-17T19:00,24.1,57,991.9,100,1.94,108,1.28,176.0,94.0,82.0
2025-07-17T20:00,23.3,63,992.1,93,1.42,122,1.05,91.0,40.0,51.0
2025-07-17T21:00,22.5,70,992.4,13,1.20,107,0.82,19.0,6.0,13.0
2025-07-17T22:00,21.9,74,992.9,12,1.10,66,0.68,0.0,0.0,0.0
2025-07-17T23:00,21.1,82,993.0,49,0.61,81,0.46,0.0,0.0,0.0
2025-07-18T00:00,20.5,81,993.0,72,0.74,42,0.47,0.0,0.0,0.0
2025-07-18T01:00,19.6,81,993.2,9,1.72,30,0.43,0.0,0.0,0.0
2025-07-18T02:00,18.7,73,993.4,38,2.25,32,0.58,0.0,0.0,0.0
2025-07-18T03:00,18.1,67,993.6,1,2.44,35,0.69,0.0,0.0,0.0
2025-07-18T04:00,17.1,72,994.0,50,2.45,39,0.54,0.0,0.0,0.0
2025-07-18T05:00,16.8,77,994.2,69,2.83,46,0.43,12.0,4.0,8.0
2025-07-18T06:00,17.0,80,994.6,14,2.63,57,0.39,90.0,48.0,42.0
2025-07-18T07:00,17.7,80,995.1,2,2.22,59,0.41,212.0,146.0,66.0
2025-07-18T08:00,18.9,77,995.6,0,2.08,55,0.51,350.0,264.0,86.0
2025-07-18T09:00,20.5,71,995.8,0,2.26,55,0.69,488.0,392.0,96.0
2025-07-18T10:00,22.1,64,995.9,4,2.46,61,0.96,611.0,507.0,104.0
2025-07-18T11:00,23.6,57,996.0,55,2.66,64,1.27,709.0,599.0,110.0
2025-07-18T12:00,24.9,48,996.2,82,2.95,75,1.63,774.0,660.0,114.0
2025-07-18T13:00,25.5,45,996.4,100,2.97,84,1.80,739.0,589.0,150.0
2025-07-18T14:00,25.8,44,996.3,100,3.11,86,1.87,719.0,575.0,144.0
2025-07-18T15:00,26.1,43,996.2,100,3.31,95,1.93,649.0,476.0,173.0
2025-07-18T16:00,26.0,40,996.7,93,3.44,81,2.03,430.0,242.0,188.0
2025-07-18T17:00,25.5,42,996.8,97,3.50,80,1.90,266.0,90.0,176.0
2025-07-18T18:00,24.9,46,996.9,99,3.77,84,1.69,256.0,97.0,159.0
2025-07-18T19:00,24.4,48,996.8,99,3.35,88,1.57,198.0,98.0,100.0
2025-07-18T20:00,23.4,54,997.1,96,3.27,84,1.33,97.0,36.0,61.0
2025-07-18T21:00,22.0,57,997.5,99,3.57,79,1.12,20.0,4.0,16.0
2025-07-18T22:00,20.7,58,997.9,98,3.69,81,1.03,0.0,0.0,0.0
2025-07-18T23:00,19.7,58,998.2,8,3.47,83,0.96,0.0,0.0,0.0
2025-07-19T00:00,18.9,59,998.3,99,3.41,85,0.89,0.0,0.0,0.0
2025-07-19T01:00,18.2,61,998.2,100,3.36,86,0.81,0.0,0.0,0.0
2025-07-19T02:00,17.6,63,998.4,96,3.15,88,0.75,0.0,0.0,0.0
2025-07-19T03:00,17.1,64,998.2,96,3.16,85,0.70,0.0,0.0,0.0
2025-07-19T04:00,16.6,68,998.3,100,3.26,85,0.60,0.0,0.0,0.0
2025-07-19T05:00,16.3,69,998.1,100,3.35,89,0.58,10.0,1.0,9.0
2025-07-19T06:00,16.5,69,998.5,100,2.90,87,0.59,57.0,3.0,54.0
2025-07-19T07:00,17.1,66,998.3,100,2.67,84,0.66,137.0,29.0,108.0
2025-07-19T08:00,18.3,62,998.0,58,3.00,92,0.80,277.0,128.0,149.0
2025-07-19T09:00,20.1,57,997.8,97,3.21,95,1.01,467.0,354.0,113.0
2025-07-19T10:00,21.8,53,997.5,100,3.24,99,1.22,589.0,468.0,121.0
2025-07-19T11:00,23.4,51,997.3,100,3.44,99,1.40,665.0,484.0,181.0
2025-07-19T12:00,24.6,50,997.3,100,3.53,106,1.54,669.0,398.0,271.0
2025-07-19T13:00,25.4,48,996.8,100,3.85,106,1.67,593.0,266.0,327.0
2025-07-19T14:00,26.0,46,996.0,100,4.24,105,1.83,540.0,164.0,376.0
2025-07-19T15:00,26.5,43,995.4,100,4.96,116,1.96,485.0,180.0,305.0
2025-07-19T16:00,26.4,45,995.6,100,5.17,120,1.91,553.0,404.0,149.0
2025-07-19T17:00,25.9,47,995.4,98,5.28,118,1.77,368.0,164.0,204.0
2025-07-19T18:00,23.8,57,995.7,100,4.09,129,1.26,200.0,77.0,123.0
2025-07-19T19:00,23.4,61,995.1,100,2.39,101,1.12,38.0,0.0,38.0
2025-07-19T20:00,22.6,68,995.0,100,2.57,114,0.88,56.0,4.0,52.0
2025-07-19T21:00,22.6,68,994.9,89,3.43,113,0.87,7.0,0.0,7.0
2025-07-19T22:00,22.1,71,994.7,95,3.42,111,0.78,0.0,0.0,0.0
2025-07-19T23:00,21.5,72,994.2,99,2.85,101,0.70,0.0,0.0,0.0
2025-07-20T00:00,20.7,75,994.3,100,2.90,91,0.60,0.0,0.0,0.0
2025-07-20T01:00,20.4,73,993.5,100,3.30,104,0.66,0.0,0.0,0.0
2025-07-20T02:00,20.1,71,992.8,100,3.31,105,0.67,0.0,0.0,0.0
2025-07-20T03:00,19.6,74,992.7,100,2.97,107,0.60,0.0,0.0,0.0
2025-07-20T04:00,19.1,82,992.8,100,3.20,100,0.39,0.0,0.0,0.0
2025-07-20T05:00,18.9,84,992.2,98,3.32,102,0.36,7.0,0.0,7.0
2025-07-20T06:00,19.3,82,992.4,99,3.63,102,0.41,68.0,14.0,54.0
2025-07-20T07:00,19.7,81,992.4,100,3.32,113,0.43,144.0,35.0,109.0
2025-07-20T08:00,20.5,81,991.5,100,3.85,136,0.47,235.0,70.0,165.0
2025-07-20T09:00,21.1,79,991.4,100,4.60,139,0.52,213.0,6.0,207.0
2025-07-20T10:00,22.1,75,991.3,100,4.17,133,0.66,283.0,43.0,240.0
2025-07-20T11:00,23.0,72,991.3,100,4.15,131,0.79,371.0,64.0,307.0
2025-07-20T12:00,23.4,69,991.6,99,4.17,133,0.90,303.0,35.0,268.0
2025-07-20T13:00,24.7,65,991.2,96,3.75,136,1.09,565.0,290.0,275.0
2025-07-20T14:00,25.7,61,990.8,100,3.86,137,1.29,603.0,390.0,213.0
2025-07-20T15:00,25.7,60,990.1,100,3.68,134,1.32,411.0,126.0,285.0
2025-07-20T16:00,23.5,68,991.2,81,3.82,134,0.94,259.0,42.0,217.0
2025-07-20T17:00,24.7,65,990.8,100,4.10,128,1.08,438.0,285.0,153.0
2025-07-20T18:00,24.0,67,990.8,100,3.96,135,0.97,282.0,132.0,150.0
2025-07-20T19:00,23.4,70,990.7,100,3.52,125,0.87,131.0,35.0,96.0
2025-07-20T20:00,23.0,73,990.6,100,3.86,138,0.76,59.0,5.0,54.0
2025-07-20T21:00,21.8,78,991.1,100,3.82,132,0.58,12.0,0.0,12.0
2025-07-20T22:00,20.9,81,990.8,100,2.80,119,0.47,0.0,0.0,0.0
2025-07-20T23:00,20.1,84,990.9,100,2.85,105,0.37,0.0,0.0,0.0
2025-07-21T00:00,19.8,87,990.7,100,2.89,108,0.30,0.0,0.0,0.0
2025-07-21T01:00,19.3,90,990.4,100,2.66,106,0.23,0.0,0.0,0.0
2025-07-21T02:00,18.9,92,990.0,100,2.43,98,0.18,0.0,0.0,0.0
2025-07-21T03:00,18.6,93,989.7,100,2.41,95,0.14,0.0,0.0,0.0
2025-07-21T04:00,18.2,98,989.3,100,2.77,83,0.04,0.0,0.0,0.0
2025-07-21T05:00,18.2,95,988.6,100,2.52,69,0.11,1.0,0.0,1.0
2025-07-21T06:00,17.9,97,988.1,100,2.44,64,0.07,5.0,0.0,5.0
2025-07-21T07:00,17.9,97,987.7,100,2.87,96,0.06,12.0,0.0,12.0
2025-07-21T08:00,18.0,97,987.5,100,3.16,119,0.06,27.0,0.0,27.0
2025-07-21T09:00,18.1,97,987.4,100,2.86,109,0.07,62.0,0.0,62.0
2025-07-21T10:00,18.2,92,987.0,100,3.86,100,0.16,98.0,0.0,98.0
2025-07-21T11:00,17.8,97,987.1,100,3.40,107,0.06,88.0,0.0,88.0
2025-07-21T12:00,18.6,94,987.3,100,3.04,123,0.14,148.0,0.0,148.0
2025-07-21T13:00,19.3,89,987.1,100,1.88,130,0.25,253.0,3.0,250.0
2025-07-21T14:00,19.9,85,986.9,100,1.83,107,0.35,242.0,10.0,232.0
2025-07-21T15:00,20.3,82,986.7,100,1.95,103,0.42,299.0,49.0,250.0
2025-07-21T16:00,20.5,78,987.4,100,2.25,102,0.53,266.0,51.0,215.0
2025-07-21T17:00,20.1,79,987.4,100,2.25,102,0.51,159.0,14.0,145.0
2025-07-21T18:00,20.1,79,987.3,100,2.20,93,0.51,167.0,22.0,145.0
2025-07-21T19:00,19.8,80,987.2,100,2.45,89,0.46,144.0,45.0,99.0
2025-07-21T20:00,19.3,84,987.3,97,2.20,73,0.37,68.0,8.0,60.0
2025-07-21T21:00,18.5,87,987.3,52,2.23,70,0.28,13.0,2.0,11.0
2025-07-21T22:00,18.1,88,987.1,16,2.29,70,0.25,0.0,0.0,0.0
2025-07-21T23:00,17.7,89,987.0,53,2.30,77,0.21,0.0,0.0,0.0
2025-07-22T00:00,17.5,91,986.9,100,2.26,72,0.18,0.0,0.0,0.0
2025-07-22T01:00,17.3,93,986.8,98,2.30,91,0.14,0.0,0.0,0.0
2025-07-22T02:00,17.3,94,986.7,76,1.90,90,0.12,0.0,0.0,0.0
2025-07-22T03:00,17.1,96,986.5,100,1.86,84,0.08,0.0,0.0,0.0
2025-07-22T04:00,17.0,96,986.5,94,2.30,77,0.07,0.0,0.0,0.0
2025-07-22T05:00,16.9,97,986.3,100,2.22,104,0.05,6.0,1.0,5.0
2025-07-22T06:00,17.5,96,986.5,100,1.85,109,0.09,38.0,1.0,37.0
2025-07-22T07:00,17.8,94,986.6,100,2.15,112,0.13,79.0,2.0,77.0
2025-07-22T08:00,18.2,91,986.3,100,2.68,123,0.19,133.0,13.0,120.0
2025-07-22T09:00,18.9,89,986.3,100,2.80,125,0.25,175.0,13.0,162.0
2025-07-22T10:00,19.7,86,986.5,78,2.25,107,0.31,261.0,44.0,217.0
2025-07-22T11:00,21.1,79,986.7,100,2.42,117,0.53,483.0,234.0,249.0
2025-07-22T12:00,21.6,74,986.5,100,2.07,127,0.68,301.0,24.0,277.0
2025-07-22T13:00,21.4,76,986.2,95,1.65,93,0.62,248.0,32.0,216.0
2025-07-22T14:00,21.1,76,986.4,99,2.17,109,0.60,438.0,153.0,285.0
2025-07-22T15:00,21.4,77,986.3,99,1.26,97,0.60,349.0,74.0,275.0
2025-07-22T16:00,22.0,79,986.7,100,0.55,85,0.56,528.0,382.0,146.0
2025-07-22T17:00,22.4,73,986.4,100,1.41,63,0.72,413.0,248.0,165.0
2025-07-22T18:00,22.4,71,986.4,25,1.54,65,0.78,231.0,80.0,151.0
2025-07-22T19:00,21.4,75,986.5,56,1.43,54,0.64,177.0,93.0,84.0
2025-07-22T20:00,21.0,79,986.6,46,1.47,80,0.52,73.0,28.0,45.0
2025-07-22T21:00,20.2,83,986.6,39,1.36,36,0.39,11.0,3.0,8.0
2025-07-22T22:00,19.6,87,986.5,26,1.71,38,0.29,0.0,0.0,0.0
2025-07-22T23:00,18.9,90,986.5,15,1.70,43,0.22,0.0,0.0,0.0
2025-07-23T00:00,18.4,93,986.5,14,1.45,49,0.15,0.0,0.0,0.0
2025-07-23T01:00,17.7,96,986.4,12,1.62,34,0.08,0.0,0.0,0.0
2025-07-23T02:00,17.2,98,986.1,100,1.61,30,0.04,0.0,0.0,0.0
2025-07-23T03:00,16.9,99,986.2,100,1.46,16,0.02,0.0,0.0,0.0
2025-07-23T04:00,16.8,100,986.5,100,1.75,24,0.01,0.0,0.0,0.0
2025-07-23T05:00,16.9,99,986.7,100,1.53,32,0.01,4.0,0.0,4.0
2025-07-23T06:00,17.1,99,986.8,100,1.65,35,0.02,24.0,0.0,24.0
2025-07-23T07:00,17.6,95,986.7,100,1.37,33,0.10,51.0,0.0,51.0
2025-07-23T08:00,18.3,91,986.7,100,1.50,30,0.19,98.0,0.0,98.0
2025-07-23T09:00,19.4,85,986.6,100,1.19,33,0.33,199.0,29.0,170.0
2025-07-23T10:00,20.0,82,986.7,98,1.43,29,0.41,203.0,8.0,195.0
2025-07-23T11:00,21.4,75,986.7,36,1.42,51,0.64,442.0,209.0,233.0
2025-07-23T12:00,22.4,74,986.7,59,1.43,36,0.70,657.0,491.0,166.0
2025-07-23T13:00,23.4,68,986.4,100,1.54,29,0.91,573.0,327.0,246.0
2025-07-23T14:00,23.1,69,986.2,85,2.15,28,0.88,364.0,85.0,279.0
2025-07-23T15:00,23.1,69,986.1,30,2.26,31,0.87,555.0,318.0,237.0
2025-07-23T16:00,23.6,65,986.2,9,2.07,37,1.01,530.0,385.0,145.0
2025-07-23T17:00,24.1,61,986.2,6,1.89,32,1.17,462.0,352.0,110.0
2025-07-23T18:00,24.3,59,986.3,10,1.93,31,1.25,336.0,237.0,99.0
2025-07-23T19:00,23.8,62,986.2,10,1.95,23,1.10,205.0,132.0,73.0
2025-07-23T20:00,22.8,68,986.6,7,1.95,13,0.87,92.0,48.0,44.0
2025-07-23T21:00,21.6,74,986.8,10,1.94,12,0.67,14.0,4.0,10.0
2025-07-23T22:00,20.7,79,986.8,11,2.06,4,0.51,0.0,0.0,0.0
2025-07-23T23:00,20.0,83,987.0,10,2.08,10,0.41,0.0,0.0,0.0
2025-07-24T00:00,19.4,86,987.0,2,1.81,6,0.31,0.0,0.0,0.0
2025-07-24T01:00,18.9,88,987.1,6,1.65,360,0.25,0.0,0.0,0.0
2025-07-24T02:00,18.4,90,987.2,3,1.75,2,0.21,0.0,0.0,0.0
2025-07-24T03:00,18.1,91,987.5,2,1.70,360,0.19,0.0,0.0,0.0
2025-07-24T04:00,17.7,92,987.8,4,1.57,351,0.17,0.0,0.0,0.0
2025-07-24T05:00,17.5,92,988.1,4,1.67,351,0.15,7.0,1.0,6.0
2025-07-24T06:00,17.9,92,988.4,2,1.49,340,0.17,72.0,33.0,39.0
2025-07-24T07:00,18.7,90,988.6,3,1.01,327,0.21,186.0,118.0,68.0
2025-07-24T08:00,20.0,86,988.7,1,1.19,332,0.32,321.0,232.0,89.0
2025-07-24T09:00,21.6,80,988.9,5,1.52,351,0.51,460.0,359.0,101.0
2025-07-24T10:00,22.8,73,989.2,6,1.92,9,0.74,578.0,461.0,117.0
2025-07-24T11:00,23.3,68,989.3,52,2.11,31,0.91,631.0,490.0,141.0
2025-07-24T12:00,24.1,65,989.5,55,1.43,29,1.06,635.0,433.0,202.0
2025-07-24T13:00,24.2,61,989.6,74,2.46,5,1.16,508.0,217.0,291.0
2025-07-24T14:00,23.4,66,989.6,36,2.02,9,0.96,506.0,317.0,189.0
2025-07-24T15:00,24.7,61,989.5,22,1.62,22,1.20,545.0,374.0,171.0
2025-07-24T16:00,22.4,75,990.3,35,0.35,352,0.68,454.0,268.0,186.0
2025-07-24T17:00,23.4,71,990.5,11,0.97,339,0.84,452.0,320.0,132.0
2025-07-24T18:00,23.7,70,990.3,6,1.32,351,0.89,335.0,239.0,96.0
2025-07-24T19:00,23.7,68,990.7,11,1.32,349,0.92,211.0,142.0,69.0
2025-07-24T20:00,23.1,73,991.3,8,1.41,337,0.77,89.0,45.0,44.0
2025-07-24T21:00,22.2,78,991.5,9,1.53,349,0.60,13.0,4.0,9.0
2025-07-24T22:00,21.6,82,991.5,12,1.47,350,0.48,0.0,0.0,0.0
2025-07-24T23:00,21.0,85,991.8,12,1.30,337,0.38,0.0,0.0,0.0
2025-07-25T00:00,20.4,87,991.9,6,1.42,328,0.31,0.0,0.0,0.0
2025-07-25T01:00,19.8,89,992.0,3,1.43,335,0.26,0.0,0.0,0.0
2025-07-25T02:00,19.3,89,992.0,2,1.18,324,0.25,0.0,0.0,0.0
2025-07-25T03:00,18.9,90,992.3,0,1.17,320,0.22,0.0,0.0,0.0
2025-07-25T04:00,17.8,94,992.5,0,1.43,331,0.12,0.0,0.0,0.0
2025-07-25T05:00,17.7,93,992.7,0,1.38,316,0.14,6.0,1.0,5.0
2025-07-25T06:00,18.1,92,993.2,0,1.36,306,0.16,71.0,35.0,36.0
2025-07-25T07:00,19.1,89,993.3,0,0.97,305,0.24,188.0,123.0,65.0
2025-07-25T08:00,20.7,84,993.5,0,0.63,299,0.39,326.0,244.0,82.0
2025-07-25T09:00,22.5,77,993.5,0,0.43,324,0.63,465.0,370.0,95.0
2025-07-25T10:00,24.2,66,993.7,2,0.61,351,1.04,588.0,483.0,105.0
2025-07-25T11:00,25.4,57,993.7,6,0.97,12,1.38,678.0,562.0,116.0
2025-07-25T12:00,26.2,53,993.8,16,1.44,14,1.61,710.0,584.0,126.0
2025-07-25T13:00,26.1,53,993.9,17,2.02,20,1.60,673.0,517.0,156.0
2025-07-25T14:00,26.2,53,993.8,9,1.79,27,1.58,663.0,505.0,158.0
2025-07-25T15:00,26.4,52,993.7,15,1.61,30,1.65,624.0,475.0,149.0
2025-07-25T16:00,27.2,40,993.8,9,1.60,20,2.16,576.0,447.0,129.0
2025-07-25T17:00,27.1,40,993.9,1,1.70,14,2.16,469.0,367.0,102.0
2025-07-25T18:00,26.7,40,993.8,1,1.87,16,2.11,348.0,262.0,86.0
2025-07-25T19:00,26.0,44,994.2,0,1.88,17,1.86,216.0,150.0,66.0
2025-07-25T20:00,24.1,53,994.4,0,2.26,43,1.41,93.0,50.0,43.0
2025-07-25T21:00,22.5,59,994.7,0,2.36,69,1.11,13.0,4.0,9.0
2025-07-25T22:00,21.0,64,994.8,0,2.84,76,0.90,0.0,0.0,0.0
2025-07-25T23:00,19.8,68,995.1,0,2.52,83,0.74,0.0,0.0,0.0
2025-07-26T00:00,18.9,71,995.5,0,2.40,86,0.64,0.0,0.0,0.0
2025-07-26T01:00,18.1,72,995.8,0,2.16,86,0.57,0.0,0.0,0.0
2025-07-26T02:00,17.4,74,995.8,0,2.15,89,0.52,0.0,0.0,0.0
2025-07-26T03:00,16.8,76,996.0,0,1.95,93,0.46,0.0,0.0,0.0
2025-07-26T04:00,15.7,78,995.8,0,2.07,97,0.39,0.0,0.0,0.0
2025-07-26T05:00,15.3,79,995.7,0,2.16,103,0.36,6.0,1.0,5.0
2025-07-26T06:00,15.6,78,996.1,0,2.06,94,0.39,72.0,37.0,35.0
2025-07-26T07:00,16.5,76,996.1,0,1.45,86,0.44,192.0,130.0,62.0
2025-07-26T08:00,17.8,71,996.3,0,1.35,94,0.59,334.0,254.0,80.0
2025-07-26T09:00,19.4,66,996.2,0,1.62,99,0.77,476.0,383.0,93.0
2025-07-26T10:00,21.0,58,996.1,0,1.98,111,1.05,602.0,500.0,102.0
2025-07-26T11:00,22.1,51,995.9,0,2.08,114,1.30,700.0,591.0,109.0
2025-07-26T12:00,23.1,48,995.9,0,1.95,113,1.48,764.0,651.0,113.0
2025-07-26T13:00,23.9,45,995.7,0,1.95,113,1.64,789.0,677.0,112.0
2025-07-26T14:00,24.6,42,995.4,0,1.84,119,1.80,772.0,659.0,113.0
2025-07-26T15:00,25.0,41,995.2,0,1.87,124,1.88,712.0,603.0,109.0
2025-07-26T16:00,25.8,35,995.4,0,2.38,131,2.17,628.0,531.0,97.0
2025-07-26T17:00,25.6,36,995.1,11,2.41,137,2.11,502.0,411.0,91.0
2025-07-26T18:00,25.2,38,994.9,100,2.38,150,2.00,360.0,278.0,82.0
2025-07-26T19:00,24.5,40,994.8,100,2.25,163,1.84,214.0,143.0,71.0
2025-07-26T20:00,23.5,46,995.1,89,1.90,166,1.56,89.0,43.0,46.0
2025-07-26T21:00,22.7,51,995.4,51,1.50,150,1.36,12.0,3.0,9.0
2025-07-26T22:00,21.8,54,995.5,5,1.62,124,1.19,0.0,0.0,0.0
2025-07-26T23:00,20.9,59,995.5,17,1.77,112,1.02,0.0,0.0,0.0
2025-07-27T00:00,19.9,64,995.5,0,1.88,112,0.83,0.0,0.0,0.0
2025-07-27T01:00,19.2,68,995.4,0,2.03,128,0.72,0.0,0.0,0.0
2025-07-27T02:00,18.5,70,995.7,0,1.70,133,0.63,0.0,0.0,0.0
2025-07-27T03:00,17.8,74,995.9,0,1.35,141,0.53,0.0,0.0,0.0
2025-07-27T04:00,16.2,81,996.0,0,1.14,105,0.34,0.0,0.0,0.0
2025-07-27T05:00,15.7,84,996.1,0,1.20,107,0.29,5.0,1.0,4.0
2025-07-27T06:00,16.0,83,996.2,0,1.39,105,0.30,68.0,33.0,35.0
2025-07-27T07:00,17.2,80,996.3,0,1.04,107,0.40,185.0,122.0,63.0
2025-07-27T08:00,19.1,71,996.5,0,0.78,117,0.65,323.0,241.0,82.0
2025-07-27T09:00,21.2,59,996.5,6,0.81,133,1.04,462.0,367.0,95.0
2025-07-27T10:00,23.0,49,996.7,0,1.24,140,1.43,586.0,481.0,105.0
2025-07-27T11:00,24.2,42,996.5,0,1.73,134,1.76,685.0,573.0,112.0
2025-07-27T12:00,25.1,39,996.7,0,1.71,142,1.94,750.0,635.0,115.0
2025-07-27T13:00,25.8,38,996.6,8,1.89,143,2.05,774.0,657.0,117.0
2025-07-27T14:00,26.3,38,996.1,27,2.07,143,2.13,758.0,643.0,115.0
2025-07-27T15:00,26.7,37,995.8,0,2.02,147,2.20,701.0,590.0,111.0
2025-07-27T16:00,27.6,33,996.1,15,2.09,163,2.48,609.0,504.0,105.0
2025-07-27T17:00,27.4,33,995.7,7,2.12,165,2.44,489.0,394.0,95.0
2025-07-27T18:00,27.1,34,995.6,0,1.96,165,2.37,350.0,267.0,83.0
2025-07-27T19:00,26.6,35,995.7,22,1.92,165,2.26,209.0,142.0,67.0
2025-07-27T20:00,26.1,38,996.1,36,1.96,176,2.11,86.0,45.0,41.0
2025-07-27T21:00,25.3,42,996.1,7,1.66,187,1.88,11.0,3.0,8.0
2025-07-27T22:00,24.7,45,996.0,1,1.01,200,1.70,0.0,0.0,0.0
2025-07-27T23:00,24.0,48,996.0,1,0.56,153,1.54,0.0,0.0,0.0
2025-07-28T00:00,23.2,52,996.2,7,0.40,7,1.37,0.0,0.0,0.0
2025-07-28T01:00,22.6,54,996.2,3,0.83,327,1.26,0.0,0.0,0.0
2025-07-28T02:00,21.9,59,996.2,4,0.65,293,1.08,0.0,0.0,0.0
2025-07-28T03:00,21.0,65,996.2,6,0.57,322,0.87,0.0,0.0,0.0
2025-07-28T04:00,19.2,78,996.3,0,0.70,4,0.48,0.0,0.0,0.0
2025-07-28T05:00,19.0,76,996.5,0,0.92,22,0.52,4.0,1.0,3.0
2025-07-28T06:00,19.1,77,996.7,0,0.76,32,0.51,64.0,30.0,34.0
2025-07-28T07:00,20.2,74,997.1,6,0.30,360,0.62,176.0,112.0,64.0
2025-07-28T08:00,22.1,64,996.9,3,0.32,51,0.95,308.0,221.0,87.0
2025-07-28T09:00,24.1,54,996.9,0,0.53,49,1.39,448.0,350.0,98.0
2025-07-28T10:00,25.7,46,996.6,3,0.72,56,1.78,572.0,464.0,108.0
2025-07-28T11:00,26.7,42,996.5,12,1.00,72,2.03,650.0,529.0,121.0
2025-07-28T12:00,27.3,40,996.5,10,1.40,90,2.18,674.0,535.0,139.0
2025-07-28T13:00,28.0,39,996.3,16,1.80,103,2.31,708.0,571.0,137.0
2025-07-28T14:00,28.4,38,996.0,17,1.90,113,2.37,691.0,555.0,136.0
2025-07-28T15:00,28.7,37,995.7,23,1.75,121,2.46,663.0,529.0,134.0
2025-07-28T16:00,29.6,33,995.7,28,1.58,125,2.78,529.0,403.0,126.0
2025-07-28T17:00,29.7,33,995.2,13,1.97,120,2.77,441.0,332.0,109.0
2025-07-28T18:00,29.2,34,995.2,24,2.50,127,2.65,318.0,223.0,95.0
2025-07-28T19:00,28.4,37,995.1,60,2.34,140,2.43,168.0,96.0,72.0
2025-07-28T20:00,27.8,40,995.6,21,2.01,153,2.23,70.0,31.0,39.0
2025-07-28T21:00,26.9,44,995.8,2,1.64,160,1.97,9.0,2.0,7.0
2025-07-28T22:00,26.3,47,995.9,2,1.12,159,1.79,0.0,0.0,0.0
2025-07-28T23:00,25.7,50,996.0,3,0.75,143,1.64,0.0,0.0,0.0
2025-07-29T00:00,24.9,54,996.2,1,0.79,125,1.45,0.0,0.0,0.0
2025-07-29T01:00,24.2,58,996.3,1,1.00,127,1.25,0.0,0.0,0.0
2025-07-29T02:00,23.3,64,996.1,1,1.12,111,1.04,0.0,0.0,0.0
2025-07-29T03:00,22.5,69,996.1,1,1.37,100,0.84,0.0,0.0,0.0
2025-07-29T04:00,20.6,80,996.4,0,1.45,117,0.48,0.0,0.0,0.0
2025-07-29T05:00,20.0,83,996.6,0,1.18,102,0.39,4.0,1.0,3.0
2025-07-29T06:00,20.0,84,996.9,0,1.40,86,0.38,62.0,29.0,33.0
2025-07-29T07:00,21.0,79,996.8,0,1.10,87,0.52,176.0,113.0,63.0
2025-07-29T08:00,22.6,71,996.7,0,1.10,90,0.80,313.0,231.0,82.0
2025-07-29T09:00,24.5,60,996.6,0,1.27,101,1.23,451.0,356.0,95.0
2025-07-29T10:00,26.3,50,996.5,0,1.55,111,1.71,575.0,470.0,105.0
2025-07-29T11:00,27.5,42,996.5,10,1.81,118,2.12,672.0,561.0,111.0
2025-07-29T12:00,28.1,40,996.4,8,1.82,127,2.29,696.0,571.0,125.0
2025-07-29T13:00,28.8,37,996.4,7,1.74,129,2.48,728.0,597.0,131.0
2025-07-29T14:00,29.4,36,996.1,8,1.72,120,2.60,711.0,579.0,132.0
2025-07-29T15:00,29.8,35,995.9,30,1.96,109,2.72,657.0,529.0,128.0
2025-07-29T16:00,30.3,32,996.1,29,2.19,101,2.96,525.0,394.0,131.0
2025-07-29T17:00,30.0,33,995.8,21,2.16,97,2.84,398.0,282.0,116.0
2025-07-29T18:00,28.9,37,995.8,40,2.98,82,2.49,300.0,212.0,88.0
2025-07-29T19:00,27.8,44,995.7,30,2.60,88,2.08,162.0,85.0,77.0
2025-07-29T20:00,27.4,46,995.8,16,2.24,100,1.97,69.0,31.0,38.0
2025-07-29T21:00,26.6,49,995.9,4,1.96,96,1.77,8.0,2.0,6.0
2025-07-29T22:00,26.0,53,996.3,4,1.82,74,1.57,0.0,0.0,0.0
2025-07-29T23:00,25.3,58,996.3,5,1.88,68,1.36,0.0,0.0,0.0
2025-07-30T00:00,24.5,62,996.5,11,2.04,73,1.16,0.0,0.0,0.0
2025-07-30T01:00,23.6,65,996.6,2,2.13,81,1.01,0.0,0.0,0.0
2025-07-30T02:00,22.9,68,996.5,1,2.00,87,0.90,0.0,0.0,0.0
2025-07-30T03:00,22.3,69,996.4,0,1.92,99,0.84,0.0,0.0,0.0
2025-07-30T04:00,20.6,79,996.8,0,1.58,79,0.52,0.0,0.0,0.0
2025-07-30T05:00,19.9,81,997.0,0,1.81,76,0.45,3.0,0.0,3.0
2025-07-30T06:00,19.9,79,997.1,0,1.80,77,0.49,60.0,28.0,32.0
2025-07-30T07:00,20.6,76,997.1,0,1.16,83,0.58,173.0,112.0,61.0
2025-07-30T08:00,22.2,69,997.2,0,1.12,100,0.83,309.0,228.0,81.0
2025-07-30T09:00,24.1,60,997.6,0,1.33,110,1.19,447.0,351.0,96.0
2025-07-30T10:00,26.0,50,997.4,20,2.19,117,1.68,569.0,463.0,106.0
2025-07-30T11:00,26.7,44,997.1,16,2.79,123,1.97,581.0,437.0,144.0
2025-07-30T12:00,27.3,42,997.0,16,2.64,119,2.11,678.0,533.0,145.0
2025-07-30T13:00,27.9,40,996.6,9,2.35,117,2.24,699.0,560.0,139.0
2025-07-30T14:00,28.5,39,996.1,7,2.17,113,2.38,702.0,566.0,136.0
2025-07-30T15:00,29.0,37,995.5,9,2.09,111,2.50,658.0,536.0,122.0
2025-07-30T16:00,30.2,33,995.1,38,2.36,111,2.88,522.0,404.0,118.0
2025-07-30T17:00,29.8,35,994.9,36,2.65,112,2.74,394.0,268.0,126.0
2025-07-30T18:00,29.3,36,994.6,25,2.90,111,2.62,309.0,210.0,99.0
2025-07-30T19:00,28.6,38,994.6,19,2.76,102,2.44,176.0,108.0,68.0
2025-07-30T20:00,27.9,39,994.5,13,2.54,100,2.27,72.0,33.0,39.0
2025-07-30T21:00,27.2,43,994.5,12,2.14,106,2.05,7.0,2.0,5.0
2025-07-30T22:00,26.4,47,994.3,11,1.82,98,1.83,0.0,0.0,0.0
2025-07-30T23:00,25.7,51,994.2,11,1.75,88,1.62,0.0,0.0,0.0
2025-07-31T00:00,25.0,54,994.1,9,1.75,87,1.44,0.0,0.0,0.0
2025-07-31T01:00,24.2,57,993.9,5,1.93,80,1.30,0.0,0.0,0.0
2025-07-31T02:00,23.4,58,993.7,2,2.22,67,1.20,0.0,0.0,0.0
2025-07-31T03:00,22.6,61,993.4,10,2.32,71,1.07,0.0,0.0,0.0
2025-07-31T04:00,20.9,77,993.1,0,2.01,63,0.56,0.0,0.0,0.0
2025-07-31T05:00,20.6,77,993.0,10,1.90,72,0.56,2.0,0.0,2.0
2025-07-31T06:00,20.8,75,993.1,100,1.63,79,0.61,51.0,19.0,32.0
2025-07-31T07:00,21.4,72,993.2,96,1.41,63,0.72,121.0,19.0,102.0
2025-07-31T08:00,22.5,67,992.9,100,1.95,64,0.91,234.0,78.0,156.0
2025-07-31T09:00,23.8,61,992.9,100,1.72,82,1.15,290.0,71.0,219.0
2025-07-31T10:00,25.2,54,992.7,98,1.80,90,1.48,365.0,93.0,272.0
2025-07-31T11:00,27.1,45,992.6,100,2.23,99,1.96,531.0,255.0,276.0
2025-07-31T12:00,28.5,37,992.6,100,3.20,113,2.44,687.0,500.0,187.0
2025-07-31T13:00,29.0,35,992.2,99,2.93,113,2.59,654.0,463.0,191.0
2025-07-31T14:00,29.4,35,992.0,100,3.22,120,2.68,639.0,432.0,207.0
2025-07-31T15:00,29.4,35,991.7,100,3.37,125,2.66,552.0,300.0,252.0
2025-07-31T16:00,29.1,36,991.7,70,3.44,130,2.56,494.0,351.0,143.0
2025-07-31T17:00,28.8,38,991.6,52,3.05,125,2.44,358.0,215.0,143.0
2025-07-31T18:00,28.9,36,991.5,37,3.15,115,2.56,242.0,142.0,100.0
2025-07-31T19:00,28.7,35,991.6,100,3.57,112,2.56,178.0,107.0,71.0
2025-07-31T20:00,27.7,39,991.6,100,3.03,103,2.28,64.0,22.0,42.0
2025-07-31T21:00,26.6,45,991.6,100,3.11,95,1.90,6.0,0.0,6.0
2025-07-31T22:00,25.6,50,991.4,100,2.98,98,1.65,0.0,0.0,0.0
2025-07-31T23:00,24.8,53,991.3,100,2.75,91,1.46,0.0,0.0,0.0
2025-08-01T00:00,23.9,57,991.2,53,2.90,88,1.27,0.0,0.0,0.0
2025-08-01T01:00,23.2,60,990.9,26,2.90,88,1.15,0.0,0.0,0.0
2025-08-01T02:00,22.4,62,991.0,79,2.70,88,1.03,0.0,0.0,0.0
2025-08-01T03:00,21.7,65,990.7,23,2.62,83,0.92,0.0,0.0,0.0
2025-08-01T04:00,20.4,74,990.9,74,2.06,84,0.62,0.0,0.0,0.0
2025-08-01T05:00,19.9,76,990.8,36,2.41,77,0.55,2.0,0.0,2.0
2025-08-01T06:00,19.8,77,990.7,51,2.07,75,0.54,50.0,19.0,31.0
2025-08-01T07:00,20.4,73,990.5,41,2.16,86,0.64,123.0,54.0,69.0
2025-08-01T08:00,21.5,67,990.3,98,2.57,98,0.84,269.0,164.0,105.0
2025-08-01T09:00,21.8,67,990.2,100,3.02,102,0.86,308.0,142.0,166.0
2025-08-01T10:00,22.0,65,990.2,87,2.90,101,0.91,280.0,70.0,210.0
2025-08-01T11:00,22.7,62,989.5,99,3.95,91,1.04,379.0,178.0,201.0
2025-08-01T12:00,23.2,63,989.5,99,4.25,91,1.04,514.0,269.0,245.0
2025-08-01T13:00,22.1,75,989.8,97,3.31,95,0.67,400.0,92.0,308.0
2025-08-01T14:00,23.2,70,989.2,88,3.02,83,0.85,451.0,205.0,246.0
2025-08-01T15:00,25.6,58,988.4,13,3.94,119,1.37,449.0,236.0,213.0
2025-08-01T16:00,25.6,58,989.5,27,4.06,94,1.39,464.0,326.0,138.0
2025-08-01T17:00,24.7,65,989.2,17,3.55,91,1.10,391.0,264.0,127.0
2025-08-01T18:00,24.7,64,988.7,87,3.64,106,1.11,293.0,196.0,97.0
2025-08-01T19:00,23.0,74,988.7,100,1.57,99,0.72,155.0,69.0,86.0
2025-08-01T20:00,20.3,93,989.8,100,2.04,259,0.16,30.0,0.0,30.0
2025-08-01T21:00,20.1,91,989.7,100,3.21,105,0.22,1.0,0.0,1.0
2025-08-01T22:00,19.6,92,990.2,100,1.23,122,0.19,0.0,0.0,0.0
2025-08-01T23:00,19.3,93,989.9,99,2.71,118,0.15,0.0,0.0,0.0
2025-08-02T00:00,19.0,96,989.8,100,1.99,115,0.08,0.0,0.0,0.0
2025-08-02T01:00,19.0,96,990.3,100,2.08,153,0.08,0.0,0.0,0.0
2025-08-02T02:00,18.9,96,990.4,100,1.43,168,0.09,0.0,0.0,0.0
2025-08-02T03:00,18.9,96,990.8,100,1.28,201,0.08,0.0,0.0,0.0
2025-08-02T04:00,18.6,98,991.3,95,0.41,346,0.05,0.0,0.0,0.0
2025-08-02T05:00,18.6,99,991.6,100,1.70,270,0.01,2.0,0.0,2.0
2025-08-02T06:00,19.0,97,991.7,81,2.17,278,0.07,35.0,5.0,30.0
2025-08-02T07:00,19.3,94,992.2,80,2.15,292,0.13,132.0,47.0,85.0
2025-08-02T08:00,19.9,88,992.7,100,2.72,306,0.28,188.0,64.0,124.0
2025-08-02T09:00,20.4,85,992.9,100,1.95,299,0.36,197.0,31.0,166.0
2025-08-02T10:00,20.6,83,993.3,100,2.38,280,0.41,177.0,9.0,168.0
2025-08-02T11:00,21.5,79,993.7,94,3.02,286,0.54,372.0,132.0,240.0
2025-08-02T12:00,22.6,75,994.1,39,2.38,285,0.68,562.0,333.0,229.0
2025-08-02T13:00,23.1,73,994.4,100,2.19,281,0.77,592.0,386.0,206.0
2025-08-02T14:00,23.4,68,994.8,100,2.85,273,0.93,389.0,82.0,307.0
2025-08-02T15:00,22.2,72,995.3,22,2.47,291,0.75,204.0,12.0,192.0
2025-08-02T16:00,23.6,61,995.9,18,2.77,287,1.15,533.0,397.0,136.0
2025-08-02T17:00,23.7,59,996.4,20,2.91,297,1.20,444.0,337.0,107.0
2025-08-02T18:00,23.6,60,996.7,5,2.73,305,1.17,305.0,215.0,90.0
2025-08-02T19:00,23.0,63,997.2,9,2.23,316,1.05,175.0,106.0,69.0
2025-08-02T20:00,22.0,68,997.5,6,1.84,299,0.85,66.0,30.0,36.0
2025-08-02T21:00,21.1,72,997.6,3,1.83,281,0.71,5.0,1.0,4.0
2025-08-02T22:00,20.4,74,998.0,2,1.84,299,0.62,0.0,0.0,0.0
2025-08-02T23:00,19.8,77,998.2,10,1.66,303,0.52,0.0,0.0,0.0
2025-08-03T00:00,19.2,79,998.6,1,1.83,296,0.47,0.0,0.0,0.0
2025-08-03T01:00,18.6,80,999.0,3,1.79,300,0.44,0.0,0.0,0.0
2025-08-03T02:00,18.1,80,999.1,3,1.79,297,0.41,0.0,0.0,0.0
2025-08-03T03:00,17.5,82,999.4,1,1.92,295,0.35,0.0,0.0,0.0
2025-08-03T04:00,16.2,87,999.9,0,1.77,299,0.24,0.0,0.0,0.0
2025-08-03T05:00,15.9,88,1000.1,3,1.56,310,0.21,1.0,0.0,1.0
2025-08-03T06:00,16.1,89,1000.2,1,1.62,304,0.21,49.0,20.0,29.0
2025-08-03T07:00,16.9,88,1000.4,0,1.30,293,0.23,157.0,93.0,64.0
2025-08-03T08:00,18.4,85,1000.3,0,1.44,304,0.32,292.0,206.0,86.0
2025-08-03T09:00,20.0,81,1000.2,8,1.38,319,0.46,431.0,329.0,102.0
2025-08-03T10:00,21.7,71,1000.3,100,2.42,353,0.75,539.0,411.0,128.0
2025-08-03T11:00,22.5,69,1000.5,100,1.76,355,0.85,491.0,224.0,267.0
2025-08-03T12:00,22.9,67,1000.8,97,1.53,341,0.92,393.0,77.0,316.0
2025-08-03T13:00,23.6,64,1000.8,63,1.61,334,1.06,575.0,342.0,233.0
2025-08-03T14:00,24.1,62,1000.4,61,1.99,342,1.14,599.0,399.0,200.0
2025-08-03T15:00,24.5,60,1000.2,60,1.90,346,1.22,448.0,184.0,264.0
2025-08-03T16:00,25.9,50,1000.4,21,0.79,35,1.66,531.0,392.0,139.0
2025-08-03T17:00,25.8,51,1000.6,35,0.90,34,1.64,376.0,240.0,136.0
2025-08-03T18:00,25.6,51,1000.0,15,1.46,16,1.61,298.0,199.0,99.0
2025-08-03T19:00,25.1,56,1000.1,4,1.40,358,1.38,170.0,101.0,69.0
2025-08-03T20:00,23.8,63,1000.0,95,2.07,8,1.09,63.0,27.0,36.0
2025-08-03T21:00,22.5,70,1000.2,90,2.36,21,0.83,4.0,0.0,4.0
2025-08-03T22:00,21.6,75,1000.4,100,2.14,33,0.64,0.0,0.0,0.0
2025-08-03T23:00,21.1,78,1000.5,100,1.73,33,0.54,0.0,0.0,0.0
2025-08-04T00:00,20.6,81,1000.5,100,1.87,20,0.47,0.0,0.0,0.0
2025-08-04T01:00,20.1,83,1000.2,97,1.77,22,0.41,0.0,0.0,0.0
2025-08-04T02:00,19.6,85,999.9,100,1.75,24,0.35,0.0,0.0,0.0
2025-08-04T03:00,19.2,87,999.8,100,1.64,31,0.29,0.0,0.0,0.0
2025-08-04T04:00,18.7,91,999.4,100,1.92,28,0.19,0.0,0.0,0.0
2025-08-04T05:00,18.5,92,999.5,100,1.67,39,0.17,1.0,0.0,1.0
2025-08-04T06:00,18.7,92,999.1,100,1.98,34,0.17,30.0,1.0,29.0
2025-08-04T07:00,19.0,91,999.1,100,1.62,34,0.19,55.0,0.0,55.0
2025-08-04T08:00,19.5,90,999.0,100,1.50,30,0.23,102.0,2.0,100.0
2025-08-04T09:00,20.5,87,998.6,100,1.77,25,0.31,160.0,6.0,154.0
2025-08-04T10:00,21.6,83,998.4,100,1.87,34,0.43,222.0,9.0,213.0
2025-08-04T11:00,22.6,78,998.0,100,2.55,45,0.59,288.0,20.0,268.0
2025-08-04T12:00,21.9,82,997.5,100,3.27,67,0.46,157.0,1.0,156.0
2025-08-04T13:00,20.2,93,997.2,100,2.21,72,0.17,50.0,0.0,50.0
2025-08-04T14:00,20.2,94,996.6,100,2.04,59,0.14,52.0,0.0,52.0
2025-08-04T15:00,20.2,92,996.0,100,2.46,77,0.18,57.0,0.0,57.0
2025-08-04T16:00,19.5,93,995.4,100,3.22,54,0.16,32.0,0.0,32.0
2025-08-04T17:00,18.9,94,995.0,100,3.00,92,0.13,47.0,2.0,45.0
2025-08-04T18:00,19.0,95,994.5,100,2.32,104,0.12,39.0,0.0,39.0
2025-08-04T19:00,18.8,95,994.0,100,2.25,94,0.10,28.0,1.0,27.0
2025-08-04T20:00,18.8,96,993.9,100,2.26,84,0.09,10.0,0.0,10.0
2025-08-04T21:00,18.8,96,993.7,100,3.33,126,0.09,0.0,0.0,0.0
2025-08-04T22:00,18.7,96,993.7,100,2.86,126,0.08,0.0,0.0,0.0
2025-08-04T23:00,18.6,95,993.3,100,2.80,119,0.12,0.0,0.0,0.0
2025-08-05T00:00,18.6,97,992.9,100,2.26,103,0.07,0.0,0.0,0.0
2025-08-05T01:00,18.6,98,992.5,100,1.92,81,0.05,0.0,0.0,0.0
2025-08-05T02:00,18.5,98,992.0,100,1.99,78,0.04,0.0,0.0,0.0
2025-08-05T03:00,18.4,98,991.7,100,2.01,71,0.04,0.0,0.0,0.0
2025-08-05T04:00,18.7,95,991.4,100,2.11,83,0.10,0.0,0.0,0.0
2025-08-05T05:00,18.8,97,991.0,100,1.87,82,0.07,0.0,0.0,0.0
2025-08-05T06:00,19.1,97,990.8,100,1.96,86,0.07,23.0,0.0,23.0
2025-08-05T07:00,19.6,95,990.7,100,1.52,107,0.12,72.0,4.0,68.0
2025-08-05T08:00,19.9,91,990.7,100,1.11,82,0.20,77.0,0.0,77.0
2025-08-05T09:00,20.0,90,990.5,100,0.14,315,0.23,84.0,1.0,83.0
2025-08-05T10:00,20.7,87,990.6,99,1.22,305,0.32,186.0,10.0,176.0
2025-08-05T11:00,20.7,88,990.6,100,1.47,288,0.31,195.0,7.0,188.0
2025-08-05T12:00,20.5,85,990.6,100,2.72,287,0.37,156.0,2.0,154.0
2025-08-05T13:00,19.9,90,990.6,100,2.66,304,0.23,84.0,0.0,84.0
2025-08-05T14:00,21.7,80,990.3,100,3.36,313,0.52,364.0,132.0,232.0
2025-08-05T15:00,23.1,70,990.4,100,4.04,312,0.84,433.0,185.0,248.0
2025-08-05T16:00,22.7,68,991.0,90,4.76,310,0.88,276.0,68.0,208.0
2025-08-05T17:00,23.1,67,991.2,25,4.25,311,0.93,294.0,143.0,151.0
2025-08-05T18:00,23.3,67,991.1,2,3.39,307,0.95,277.0,179.0,98.0
2025-08-05T19:00,23.0,69,991.5,2,2.66,304,0.87,170.0,107.0,63.0
2025-08-05T20:00,22.3,72,991.7,2,2.42,288,0.75,59.0,26.0,33.0
2025-08-05T21:00,21.4,76,992.0,7,3.04,279,0.62,3.0,0.0,3.0
2025-08-05T22:00,20.8,79,992.4,11,3.02,282,0.52,0.0,0.0,0.0
2025-08-05T23:00,20.1,82,992.6,4,3.05,280,0.43,0.0,0.0,0.0
2025-08-06T00:00,19.5,84,993.1,0,3.18,283,0.37,0.0,0.0,0.0
2025-08-06T01:00,19.0,86,993.4,0,3.01,285,0.31,0.0,0.0,0.0
2025-08-06T02:00,18.6,88,993.8,0,2.86,286,0.27,0.0,0.0,0.0
2025-08-06T03:00,18.2,90,993.9,1,2.73,284,0.21,0.0,0.0,0.0
2025-08-06T04:00,17.6,93,993.8,0,2.53,279,0.14,0.0,0.0,0.0
2025-08-06T05:00,17.2,94,994.3,0,2.67,278,0.11,0.0,0.0,0.0
2025-08-06T06:00,17.2,94,994.7,4,2.63,279,0.12,41.0,16.0,25.0
2025-08-06T07:00,17.8,91,995.1,11,2.64,285,0.19,145.0,83.0,62.0
2025-08-06T08:00,19.1,84,995.2,25,2.72,302,0.36,278.0,190.0,88.0
2025-08-06T09:00,20.1,81,995.3,1,1.85,273,0.44,413.0,307.0,106.0
2025-08-06T10:00,21.5,73,995.5,10,2.45,282,0.70,533.0,410.0,123.0
2025-08-06T11:00,22.6,64,995.6,12,2.89,279,0.98,601.0,466.0,135.0
2025-08-06T12:00,23.5,60,995.7,17,3.08,277,1.15,672.0,527.0,145.0
2025-08-06T13:00,23.9,57,995.7,30,2.89,279,1.28,655.0,501.0,154.0
2025-08-06T14:00,24.2,53,995.5,18,2.72,277,1.43,643.0,481.0,162.0
2025-08-06T15:00,24.2,52,995.4,68,2.76,274,1.46,586.0,424.0,162.0
2025-08-06T16:00,24.7,46,995.7,55,2.45,272,1.70,479.0,306.0,173.0
2025-08-06T17:00,24.7,46,995.6,100,2.52,277,1.66,343.0,200.0,143.0
2025-08-06T18:00,23.7,53,995.6,100,2.00,271,1.37,158.0,60.0,98.0
2025-08-06T19:00,23.1,60,995.5,22,1.26,263,1.12,97.0,19.0,78.0
2025-08-06T20:00,22.2,66,995.7,15,1.30,268,0.91,52.0,19.0,33.0
2025-08-06T21:00,21.3,70,995.8,99,1.25,275,0.76,2.0,0.0,2.0
2025-08-06T22:00,20.6,73,995.8,89,1.26,277,0.65,0.0,0.0,0.0
2025-08-06T23:00,19.9,77,995.8,99,1.17,260,0.53,0.0,0.0,0.0
2025-08-07T00:00,19.4,82,995.8,100,0.69,240,0.40,0.0,0.0,0.0
2025-08-07T01:00,18.8,85,995.6,100,0.67,228,0.33,0.0,0.0,0.0
2025-08-07T02:00,18.3,87,995.4,2,0.70,201,0.27,0.0,0.0,0.0
2025-08-07T03:00,17.9,88,995.1,2,0.35,172,0.24,0.0,0.0,0.0
2025-08-07T04:00,17.5,93,995.4,94,0.36,214,0.14,0.0,0.0,0.0
2025-08-07T05:00,17.5,92,995.5,57,0.93,216,0.16,0.0,0.0,0.0
2025-08-07T06:00,17.7,90,995.6,100,1.03,227,0.21,30.0,7.0,23.0
2025-08-07T07:00,18.0,87,995.5,100,1.57,248,0.26,71.0,6.0,65.0
2025-08-07T08:00,18.0,87,995.6,100,1.69,258,0.27,61.0,3.0,58.0
2025-08-07T09:00,18.0,91,995.7,100,2.54,302,0.19,103.0,11.0,92.0
2025-08-07T10:00,16.8,95,996.1,100,3.80,320,0.10,107.0,7.0,100.0
2025-08-07T11:00,16.9,92,996.6,100,3.19,311,0.15,130.0,10.0,120.0
2025-08-07T12:00,17.1,89,997.1,100,3.11,307,0.22,170.0,3.0,167.0
2025-08-07T13:00,17.3,81,997.3,100,3.30,311,0.38,160.0,0.0,160.0
2025-08-07T14:00,18.7,69,997.5,100,2.72,317,0.66,470.0,158.0,312.0
2025-08-07T15:00,18.6,68,997.5,21,2.27,319,0.68,265.0,57.0,208.0
2025-08-07T16:00,19.0,67,998.3,14,1.70,320,0.73,289.0,120.0,169.0
2025-08-07T17:00,19.7,63,998.4,12,1.71,322,0.84,427.0,315.0,112.0
2025-08-07T18:00,19.8,61,998.3,29,1.66,314,0.90,267.0,174.0,93.0
2025-08-07T19:00,19.5,63,998.4,20,1.43,306,0.85,142.0,78.0,64.0
2025-08-07T20:00,18.8,64,998.7,20,1.52,287,0.77,50.0,20.0,30.0
2025-08-07T21:00,17.9,66,998.9,14,2.11,275,0.69,2.0,0.0,2.0
2025-08-07T22:00,17.0,69,999.0,7,2.41,276,0.60,0.0,0.0,0.0
2025-08-07T23:00,16.1,73,999.0,9,2.50,272,0.50,0.0,0.0,0.0
2025-08-08T00:00,15.4,76,999.2,12,2.65,272,0.43,0.0,0.0,0.0
2025-08-08T01:00,14.9,76,999.5,7,2.67,276,0.41,0.0,0.0,0.0
2025-08-08T02:00,14.3,77,999.6,4,2.66,275,0.37,0.0,0.0,0.0
2025-08-08T03:00,13.9,78,999.9,3,2.62,278,0.35,0.0,0.0,0.0
2025-08-08T04:00,13.1,82,1000.1,0,2.57,278,0.27,0.0,0.0,0.0
2025-08-08T05:00,12.7,84,1000.4,16,2.67,276,0.24,0.0,0.0,0.0
2025-08-08T06:00,12.7,85,1000.8,0,2.62,278,0.22,38.0,14.0,24.0
2025-08-08T07:00,13.3,85,1000.8,0,2.15,271,0.22,143.0,83.0,60.0
2025-08-08T08:00,14.5,83,1001.1,0,1.96,274,0.28,278.0,193.0,85.0
2025-08-08T09:00,16.0,80,1001.0,0,1.90,273,0.36,417.0,315.0,102.0
2025-08-08T10:00,17.6,72,1001.0,23,2.41,283,0.56,541.0,426.0,115.0
2025-08-08T11:00,18.6,64,1000.8,12,2.51,287,0.76,604.0,460.0,144.0
2025-08-08T12:00,19.6,58,1000.6,17,2.59,289,0.97,660.0,515.0,145.0
2025-08-08T13:00,20.3,53,1000.6,26,2.69,288,1.12,674.0,534.0,140.0
2025-08-08T14:00,20.6,51,1000.3,32,2.79,291,1.18,624.0,477.0,147.0
2025-08-08T15:00,20.8,52,1000.2,21,2.87,293,1.17,578.0,449.0,129.0
2025-08-08T16:00,21.1,46,1000.0,19,3.12,292,1.36,505.0,378.0,127.0
2025-08-08T17:00,21.1,47,1000.0,26,2.91,286,1.33,409.0,300.0,109.0
2025-08-08T18:00,20.7,50,999.7,21,2.47,288,1.22,269.0,181.0,88.0
2025-08-08T19:00,19.9,56,999.8,13,2.09,287,1.02,153.0,87.0,66.0
2025-08-08T20:00,18.8,63,999.9,19,1.88,281,0.81,48.0,20.0,28.0
2025-08-08T21:00,17.8,69,999.9,64,1.80,272,0.64,1.0,0.0,1.0
2025-08-08T22:00,17.0,73,999.9,95,1.92,261,0.52,0.0,0.0,0.0
2025-08-08T23:00,16.3,77,999.9,100,2.19,259,0.43,0.0,0.0,0.0
2025-08-09T00:00,15.8,79,999.7,100,2.23,261,0.37,0.0,0.0,0.0
2025-08-09T01:00,15.4,81,999.5,100,2.04,259,0.33,0.0,0.0,0.0
2025-08-09T02:00,14.9,83,999.5,97,2.18,261,0.29,0.0,0.0,0.0
2025-08-09T03:00,14.6,84,999.2,33,2.11,266,0.26,0.0,0.0,0.0
2025-08-09T04:00,13.5,90,999.3,100,1.91,264,0.15,0.0,0.0,0.0
2025-08-09T05:00,13.4,91,999.1,100,1.75,272,0.14,0.0,0.0,0.0
2025-08-09T06:00,13.5,91,999.1,100,1.86,264,0.14,30.0,4.0,26.0
2025-08-09T07:00,14.1,90,999.1,100,1.71,265,0.16,89.0,8.0,81.0
2025-08-09T08:00,14.4,90,999.5,100,2.83,257,0.17,90.0,0.0,90.0
2025-08-09T09:00,15.3,86,999.2,98,2.08,280,0.25,228.0,36.0,192.0
2025-08-09T10:00,17.0,81,999.3,100,2.14,281,0.37,483.0,283.0,200.0
2025-08-09T11:00,17.1,79,999.3,100,2.21,276,0.40,311.0,32.0,279.0
2025-08-09T12:00,18.2,77,999.4,100,2.30,269,0.48,589.0,343.0,246.0
2025-08-09T13:00,18.7,72,999.3,100,2.33,279,0.61,512.0,186.0,326.0
2025-08-09T14:00,19.5,63,998.8,100,2.40,269,0.83,425.0,136.0,289.0
2025-08-09T15:00,18.0,71,998.7,100,1.95,312,0.60,203.0,17.0,186.0
2025-08-09T16:00,16.9,79,999.1,93,0.87,103,0.40,321.0,120.0,201.0
2025-08-09T17:00,17.2,80,999.2,92,2.06,244,0.38,251.0,98.0,153.0
2025-08-09T18:00,16.8,80,999.0,61,2.58,288,0.39,158.0,35.0,123.0
2025-08-09T19:00,16.7,80,999.2,13,1.58,288,0.38,139.0,62.0,77.0
2025-08-09T20:00,16.2,86,999.3,27,1.85,273,0.26,44.0,15.0,29.0
2025-08-09T21:00,15.7,89,999.2,19,2.15,271,0.20,1.0,0.0,1.0
2025-08-09T22:00,15.4,90,999.3,14,2.29,281,0.18,0.0,0.0,0.0
2025-08-09T23:00,14.9,90,999.2,12,2.29,280,0.17,0.0,0.0,0.0
2025-08-10T00:00,14.5,91,999.3,0,2.22,278,0.15,0.0,0.0,0.0
2025-08-10T01:00,14.2,92,999.2,4,2.06,274,0.13,0.0,0.0,0.0
2025-08-10T02:00,13.9,92,999.2,1,2.16,277,0.12,0.0,0.0,0.0
2025-08-10T03:00,13.7,92,999.1,14,2.24,280,0.12,0.0,0.0,0.0
2025-08-10T04:00,13.1,93,999.2,43,2.21,276,0.11,0.0,0.0,0.0
2025-08-10T05:00,12.9,93,999.3,22,2.34,281,0.10,0.0,0.0,0.0
2025-08-10T06:00,13.0,93,999.3,4,2.29,281,0.10,32.0,12.0,20.0
2025-08-10T07:00,13.7,92,999.4,0,2.00,273,0.12,132.0,71.0,61.0
2025-08-10T08:00,14.7,89,999.4,18,2.07,278,0.19,266.0,179.0,87.0
2025-08-10T09:00,16.1,83,999.0,5,1.89,282,0.30,403.0,297.0,106.0
2025-08-10T10:00,17.8,72,999.0,20,2.79,303,0.56,526.0,403.0,123.0
2025-08-10T11:00,18.8,66,998.9,36,2.94,305,0.73,587.0,445.0,142.0
2025-08-10T12:00,19.6,64,998.8,33,2.45,303,0.82,582.0,414.0,168.0
2025-08-10T13:00,20.3,62,998.6,31,2.04,298,0.90,631.0,448.0,183.0
2025-08-10T14:00,20.8,59,998.2,27,2.04,292,1.00,631.0,478.0,153.0
2025-08-10T15:00,21.2,56,998.2,33,2.28,285,1.11,543.0,390.0,153.0
2025-08-10T16:00,21.4,53,998.1,26,2.36,283,1.20,487.0,350.0,137.0
2025-08-10T17:00,21.5,51,997.7,65,2.58,292,1.26,373.0,264.0,109.0
2025-08-10T18:00,21.3,52,997.2,100,2.28,285,1.21,271.0,179.0,92.0
2025-08-10T19:00,20.5,58,996.8,100,1.95,273,1.02,125.0,50.0,75.0
2025-08-10T20:00,19.5,64,996.9,100,1.71,263,0.82,39.0,6.0,33.0
2025-08-10T21:00,18.7,67,996.5,100,1.61,244,0.71,1.0,0.0,1.0
2025-08-10T22:00,17.9,71,996.4,100,1.75,233,0.60,0.0,0.0,0.0
2025-08-10T23:00,17.2,74,996.1,100,1.94,235,0.52,0.0,0.0,0.0
2025-08-11T00:00,16.9,75,995.7,100,1.75,233,0.49,0.0,0.0,0.0
2025-08-11T01:00,16.4,76,995.3,100,1.74,229,0.45,0.0,0.0,0.0
2025-08-11T02:00,16.0,78,995.0,98,1.73,226,0.41,0.0,0.0,0.0
2025-08-11T03:00,15.5,80,994.6,97,1.81,222,0.36,0.0,0.0,0.0
2025-08-11T04:00,14.7,86,994.1,99,1.32,205,0.24,0.0,0.0,0.0
2025-08-11T05:00,14.3,88,993.7,100,1.38,199,0.20,0.0,0.0,0.0
2025-08-11T06:00,14.3,89,993.4,100,1.45,176,0.18,29.0,5.0,24.0
2025-08-11T07:00,15.0,88,993.0,100,1.15,162,0.20,109.0,30.0,79.0
2025-08-11T08:00,15.7,84,993.6,100,2.42,246,0.28,155.0,18.0,137.0
2025-08-11T09:00,15.7,87,992.8,100,0.81,240,0.23,149.0,7.0,142.0
2025-08-11T10:00,16.4,87,992.9,100,0.67,193,0.25,227.0,14.0,213.0
2025-08-11T11:00,17.2,82,992.4,100,1.01,147,0.35,254.0,40.0,214.0
2025-08-11T12:00,18.1,78,992.4,100,0.87,204,0.45,335.0,68.0,267.0
2025-08-11T13:00,17.8,78,992.3,100,1.11,234,0.44,164.0,0.0,164.0
2025-08-11T14:00,18.6,76,992.1,36,0.66,279,0.52,350.0,100.0,250.0
2025-08-11T15:00,19.5,73,991.9,66,0.78,255,0.61,518.0,291.0,227.0
2025-08-11T16:00,18.8,68,992.0,95,1.20,2,0.70,305.0,103.0,202.0
2025-08-11T17:00,18.5,69,991.9,72,1.78,32,0.66,137.0,4.0,133.0
2025-08-11T18:00,19.0,67,991.8,94,1.35,59,0.73,172.0,48.0,124.0
2025-08-11T19:00,16.9,80,992.0,81,1.46,186,0.38,81.0,24.0,57.0
2025-08-11T20:00,16.4,85,992.2,98,1.30,268,0.27,34.0,8.0,26.0
2025-08-11T21:00,16.0,89,992.4,91,1.50,268,0.20,0.0,0.0,0.0
2025-08-11T22:00,15.9,90,992.5,97,1.63,310,0.19,0.0,0.0,0.0
2025-08-11T23:00,15.8,90,992.9,100,1.88,331,0.19,0.0,0.0,0.0
2025-08-12T00:00,15.5,91,993.0,100,1.97,330,0.16,0.0,0.0,0.0
2025-08-12T01:00,15.1,93,993.3,79,2.25,328,0.13,0.0,0.0,0.0
2025-08-12T02:00,14.7,94,993.3,51,2.21,327,0.09,0.0,0.0,0.0
2025-08-12T03:00,14.3,96,993.7,56,2.38,321,0.07,0.0,0.0,0.0
2025-08-12T04:00,14.3,96,993.9,43,2.37,314,0.06,0.0,0.0,0.0
2025-08-12T05:00,14.1,98,994.3,99,2.14,327,0.04,0.0,0.0,0.0
2025-08-12T06:00,14.1,99,994.6,100,2.09,318,0.02,20.0,2.0,18.0
2025-08-12T07:00,14.4,97,995.0,100,2.48,318,0.05,81.0,14.0,67.0
2025-08-12T08:00,15.4,91,995.3,100,2.54,324,0.15,181.0,45.0,136.0
2025-08-12T09:00,16.7,85,995.2,100,2.43,323,0.28,284.0,90.0,194.0
2025-08-12T10:00,17.7,80,995.6,100,2.27,319,0.39,290.0,65.0,225.0
2025-08-12T11:00,18.5,78,995.7,100,2.15,306,0.46,417.0,144.0,273.0
2025-08-12T12:00,19.1,75,995.8,100,2.48,304,0.55,426.0,129.0,297.0
2025-08-12T13:00,19.7,70,995.7,100,2.67,308,0.69,456.0,148.0,308.0
2025-08-12T14:00,19.6,69,995.2,93,3.43,304,0.71,435.0,126.0,309.0
2025-08-12T15:00,18.4,79,995.4,97,3.18,307,0.45,355.0,118.0,237.0
2025-08-12T16:00,20.4,65,995.6,90,3.01,302,0.83,525.0,402.0,123.0
2025-08-12T17:00,17.3,81,996.5,81,3.31,308,0.38,301.0,134.0,167.0
2025-08-12T18:00,17.5,81,996.2,36,2.41,310,0.38,150.0,53.0,97.0
2025-08-12T19:00,17.4,79,996.4,26,2.68,303,0.42,109.0,53.0,56.0
2025-08-12T20:00,16.8,81,996.5,23,2.68,303,0.36,38.0,13.0,25.0
2025-08-12T21:00,16.3,85,996.9,22,2.65,306,0.28,0.0,0.0,0.0
2025-08-12T22:00,15.9,87,996.8,28,2.41,312,0.24,0.0,0.0,0.0
2025-08-12T23:00,15.3,89,996.8,9,2.39,303,0.20,0.0,0.0,0.0
2025-08-13T00:00,14.8,90,996.7,11,2.33,298,0.17,0.0,0.0,0.0
2025-08-13T01:00,14.5,90,996.8,6,2.33,298,0.17,0.0,0.0,0.0
2025-08-13T02:00,14.3,89,996.8,0,2.59,298,0.18,0.0,0.0,0.0
2025-08-13T03:00,13.9,87,997.1,0,2.77,298,0.21,0.0,0.0,0.0
2025-08-13T04:00,13.5,89,997.4,1,2.74,301,0.18,0.0,0.0,0.0
2025-08-13T05:00,13.1,88,997.9,1,2.71,298,0.18,0.0,0.0,0.0
2025-08-13T06:00,13.0,88,998.2,1,2.66,298,0.18,27.0,9.0,18.0
2025-08-13T07:00,13.4,87,998.4,0,2.27,284,0.19,125.0,68.0,57.0
2025-08-13T08:00,14.5,83,998.4,0,2.50,290,0.28,255.0,172.0,83.0
2025-08-13T09:00,15.9,79,998.2,0,2.49,292,0.38,397.0,296.0,101.0
2025-08-13T10:00,17.5,73,998.4,1,2.73,296,0.54,526.0,415.0,111.0
2025-08-13T11:00,18.9,63,998.5,11,3.39,316,0.81,613.0,492.0,121.0
2025-08-13T12:00,19.7,57,998.6,18,3.43,318,0.99,659.0,514.0,145.0
2025-08-13T13:00,20.2,53,998.4,22,3.61,313,1.11,662.0,520.0,142.0
2025-08-13T14:00,20.6,54,998.3,11,3.65,312,1.12,646.0,505.0,141.0
2025-08-13T15:00,20.7,52,998.1,13,4.00,313,1.16,569.0,432.0,137.0
2025-08-13T16:00,20.6,50,998.5,32,4.14,307,1.22,465.0,340.0,125.0
2025-08-13T17:00,19.7,55,998.9,15,4.07,317,1.03,366.0,248.0,118.0
2025-08-13T18:00,19.1,59,998.9,10,3.18,314,0.91,242.0,148.0,94.0
2025-08-13T19:00,18.5,62,999.1,27,3.08,318,0.81,136.0,76.0,60.0
2025-08-13T20:00,17.4,67,999.1,6,2.59,319,0.65,32.0,12.0,20.0
2025-08-13T21:00,16.3,73,999.3,2,2.21,303,0.50,0.0,0.0,0.0
2025-08-13T22:00,15.5,78,999.3,0,2.32,289,0.39,0.0,0.0,0.0
2025-08-13T23:00,14.9,81,999.1,11,2.49,285,0.31,0.0,0.0,0.0
2025-08-14T00:00,14.5,83,999.0,0,2.59,289,0.28,0.0,0.0,0.0
2025-08-14T01:00,14.0,85,999.1,0,2.73,294,0.24,0.0,0.0,0.0
2025-08-14T02:00,13.5,86,999.3,0,2.77,298,0.21,0.0,0.0,0.0
2025-08-14T03:00,13.1,88,999.2,0,2.64,297,0.18,0.0,0.0,0.0
2025-08-14T04:00,12.0,90,999.2,0,2.69,292,0.14,0.0,0.0,0.0
2025-08-14T05:00,11.7,92,999.2,1,2.79,291,0.11,0.0,0.0,0.0
2025-08-14T06:00,11.6,93,999.2,10,2.85,292,0.10,25.0,8.0,17.0
2025-08-14T07:00,12.4,91,999.3,88,3.43,307,0.14,118.0,59.0,59.0
2025-08-14T08:00,13.2,86,999.3,100,3.83,311,0.21,198.0,76.0,122.0
2025-08-14T09:00,14.3,80,999.0,100,3.61,312,0.33,257.0,51.0,206.0
2025-08-14T10:00,15.5,73,999.0,100,3.47,311,0.47,280.0,54.0,226.0
2025-08-14T11:00,16.5,71,999.0,100,3.00,300,0.55,403.0,140.0,263.0
2025-08-14T12:00,16.9,70,998.9,100,3.16,309,0.57,427.0,178.0,249.0
2025-08-14T13:00,16.4,72,999.0,48,3.08,314,0.53,228.0,9.0,219.0
2025-08-14T14:00,17.4,66,998.8,27,3.55,328,0.67,476.0,292.0,184.0
2025-08-14T15:00,18.1,63,998.7,39,3.29,332,0.78,531.0,340.0,191.0
2025-08-14T16:00,17.7,63,999.5,97,3.45,330,0.75,320.0,85.0,235.0
2025-08-14T17:00,17.5,67,999.8,99,3.80,333,0.66,289.0,137.0,152.0
2025-08-14T18:00,17.1,69,999.7,100,3.66,338,0.60,181.0,61.0,120.0
2025-08-14T19:00,16.8,73,999.9,100,2.85,345,0.52,88.0,15.0,73.0
2025-08-14T20:00,16.2,75,1000.1,35,2.40,337,0.45,27.0,2.0,25.0
2025-08-14T21:00,15.6,79,1000.6,15,2.29,324,0.36,0.0,0.0,0.0
2025-08-14T22:00,15.3,82,1000.7,12,2.55,313,0.31,0.0,0.0,0.0
2025-08-14T23:00,15.2,84,1000.6,18,2.88,321,0.28,0.0,0.0,0.0
2025-08-15T00:00,15.1,86,1001.0,17,3.00,330,0.24,0.0,0.0,0.0
2025-08-15T01:00,15.0,87,1000.9,7,2.87,329,0.22,0.0,0.0,0.0
2025-08-15T02:00,14.8,90,1001.3,5,2.78,330,0.18,0.0,0.0,0.0
2025-08-15T03:00,14.7,92,1001.3,16,2.80,329,0.14,0.0,0.0,0.0
2025-08-15T04:00,14.6,92,1001.4,14,2.93,323,0.13,0.0,0.0,0.0
2025-08-15T05:00,14.6,92,1001.6,6,3.03,329,0.13,0.0,0.0,0.0
2025-08-15T06:00,14.6,90,1001.9,7,3.15,333,0.16,22.0,6.0,16.0
2025-08-15T07:00,15.1,88,1002.1,5,2.47,324,0.20,112.0,54.0,58.0
2025-08-15T08:00,15.9,84,1002.4,0,2.70,326,0.29,242.0,155.0,87.0
2025-08-15T09:00,17.2,78,1002.5,0,2.73,332,0.43,382.0,279.0,103.0
2025-08-15T10:00,18.6,73,1002.6,7,2.71,330,0.58,511.0,398.0,113.0
2025-08-15T11:00,20.0,65,1002.6,9,2.84,334,0.81,613.0,492.0,121.0
2025-08-15T12:00,21.2,54,1002.3,0,3.61,346,1.16,681.0,559.0,122.0
2025-08-15T13:00,21.8,47,1002.1,0,3.92,346,1.38,708.0,584.0,124.0
2025-08-15T14:00,22.1,47,1002.0,0,3.89,342,1.41,692.0,572.0,120.0
2025-08-15T15:00,22.3,47,1001.7,1,3.89,340,1.44,634.0,520.0,114.0
2025-08-15T16:00,22.9,42,1001.5,9,3.60,346,1.62,535.0,428.0,107.0
2025-08-15T17:00,22.6,43,1001.1,26,3.46,342,1.55,379.0,255.0,124.0
2025-08-15T18:00,21.9,48,1000.8,10,3.32,337,1.35,248.0,141.0,107.0
2025-08-15T19:00,20.7,54,1000.5,25,2.88,340,1.12,126.0,64.0,62.0
2025-08-15T20:00,19.5,61,1000.1,1,2.11,329,0.88,31.0,11.0,20.0
2025-08-15T21:00,18.5,66,1000.0,0,1.87,314,0.72,0.0,0.0,0.0
2025-08-15T22:00,17.7,70,1000.0,1,1.68,300,0.60,0.0,0.0,0.0
2025-08-15T23:00,16.9,74,999.7,26,1.72,287,0.50,0.0,0.0,0.0
2025-08-16T00:00,16.2,77,999.4,55,1.75,283,0.41,0.0,0.0,0.0
2025-08-16T01:00,15.6,80,999.3,72,1.78,281,0.35,0.0,0.0,0.0
2025-08-16T02:00,14.9,83,998.9,0,1.90,270,0.29,0.0,0.0,0.0
2025-08-16T03:00,14.3,86,998.4,0,1.90,267,0.23,0.0,0.0,0.0
2025-08-16T04:00,12.9,92,998.0,1,1.85,270,0.13,0.0,0.0,0.0
2025-08-16T05:00,12.4,93,997.6,3,1.86,275,0.11,0.0,0.0,0.0
2025-08-16T06:00,12.3,93,997.3,42,1.80,268,0.10,22.0,8.0,14.0
2025-08-16T07:00,13.0,93,996.7,0,1.86,243,0.10,116.0,60.0,56.0
2025-08-16T08:00,14.5,89,996.2,6,0.97,235,0.19,249.0,170.0,79.0
2025-08-16T09:00,16.7,80,995.7,100,0.99,225,0.37,388.0,292.0,96.0
2025-08-16T10:00,19.0,69,995.5,99,1.35,231,0.67,498.0,363.0,135.0
2025-08-16T11:00,20.5,58,994.8,93,2.26,235,1.00,574.0,390.0,184.0
2025-08-16T12:00,21.5,50,994.2,100,2.95,244,1.27,665.0,512.0,153.0
2025-08-16T13:00,22.0,49,993.5,78,3.00,240,1.35,676.0,493.0,183.0
2025-08-16T14:00,22.7,46,992.7,100,3.45,240,1.50,669.0,514.0,155.0
2025-08-16T15:00,23.1,43,991.8,100,3.36,237,1.59,476.0,202.0,274.0
2025-08-16T16:00,22.9,43,992.0,87,3.14,248,1.60,366.0,152.0,214.0
2025-08-16T17:00,22.7,46,991.4,54,3.43,236,1.49,384.0,267.0,117.0
2025-08-16T18:00,22.1,51,990.6,13,2.87,223,1.30,230.0,114.0,116.0
2025-08-16T19:00,21.3,56,990.3,67,3.01,216,1.12,128.0,69.0,59.0
2025-08-16T20:00,20.1,61,989.8,60,2.63,213,0.92,28.0,7.0,21.0
2025-08-16T21:00,19.3,65,989.3,58,3.27,209,0.78,0.0,0.0,0.0
2025-08-16T22:00,18.8,68,988.8,100,3.41,212,0.69,0.0,0.0,0.0
2025-08-16T23:00,18.3,72,988.1,100,3.73,212,0.59,0.0,0.0,0.0
2025-08-17T00:00,18.2,72,987.7,100,3.30,219,0.58,0.0,0.0,0.0
2025-08-17T01:00,17.7,75,987.1,91,3.15,224,0.51,0.0,0.0,0.0
2025-08-17T02:00,17.0,78,986.8,100,2.83,228,0.42,0.0,0.0,0.0
2025-08-17T03:00,16.8,81,986.5,100,2.52,231,0.37,0.0,0.0,0.0
2025-08-17T04:00,16.6,82,985.9,100,2.57,246,0.33,0.0,0.0,0.0
2025-08-17T05:00,15.6,90,985.5,98,2.67,247,0.17,0.0,0.0,0.0
2025-08-17T06:00,15.3,93,985.4,100,1.83,235,0.12,10.0,0.0,10.0
2025-08-17T07:00,16.0,91,985.6,99,2.77,264,0.16,61.0,8.0,53.0
2025-08-17T08:00,16.3,89,985.6,100,2.80,281,0.20,105.0,1.0,104.0
2025-08-17T09:00,16.5,84,985.7,82,2.86,286,0.29,180.0,23.0,157.0
2025-08-17T10:00,17.6,77,985.7,11,2.41,283,0.47,434.0,279.0,155.0
2025-08-17T11:00,18.7,63,985.5,10,2.69,285,0.80,592.0,443.0,149.0
2025-08-17T12:00,19.6,54,985.5,13,2.64,285,1.05,658.0,532.0,126.0
2025-08-17T13:00,20.0,52,985.6,22,2.78,284,1.13,680.0,541.0,139.0
2025-08-17T14:00,20.0,50,985.7,26,3.00,281,1.16,639.0,501.0,138.0
2025-08-17T15:00,19.8,49,985.8,97,3.43,289,1.18,593.0,459.0,134.0
2025-08-17T16:00,19.4,48,986.5,19,3.26,297,1.16,427.0,295.0,132.0
2025-08-17T17:00,18.9,49,986.6,39,2.62,299,1.11,369.0,263.0,106.0
2025-08-17T18:00,18.7,46,986.6,100,2.35,274,1.15,210.0,121.0,89.0
2025-08-17T19:00,18.1,50,986.7,14,2.41,275,1.04,92.0,24.0,68.0
2025-08-17T20:00,16.8,55,987.2,17,2.48,279,0.85,23.0,7.0,16.0
2025-08-17T21:00,15.7,61,987.3,9,2.15,267,0.69,0.0,0.0,0.0
2025-08-17T22:00,14.8,67,987.5,2,2.25,267,0.56,0.0,0.0,0.0
2025-08-17T23:00,14.1,71,987.7,2,2.15,267,0.46,0.0,0.0,0.0
2025-08-18T00:00,13.4,75,987.7,0,2.15,271,0.38,0.0,0.0,0.0
2025-08-18T01:00,12.7,79,987.7,4,1.95,269,0.30,0.0,0.0,0.0
2025-08-18T02:00,12.2,83,987.4,0,1.67,261,0.24,0.0,0.0,0.0
2025-08-18T03:00,11.7,86,987.3,38,1.60,250,0.20,0.0,0.0,0.0
2025-08-18T04:00,11.5,89,987.4,96,1.52,253,0.15,0.0,0.0,0.0
2025-08-18T05:00,11.2,91,987.5,84,1.30,274,0.12,0.0,0.0,0.0
2025-08-18T06:00,11.1,93,987.7,100,1.15,265,0.10,15.0,2.0,13.0
2025-08-18T07:00,11.5,93,987.8,100,1.56,263,0.10,64.0,11.0,53.0
2025-08-18T08:00,12.0,91,988.1,99,0.81,259,0.13,141.0,39.0,102.0
2025-08-18T09:00,12.7,87,987.9,99,1.05,270,0.19,164.0,39.0,125.0
2025-08-18T10:00,13.2,86,988.1,15,1.74,288,0.21,192.0,28.0,164.0
2025-08-18T11:00,14.8,77,988.1,27,1.55,291,0.38,445.0,195.0,250.0
2025-08-18T12:00,15.9,71,988.0,59,1.88,292,0.52,547.0,355.0,192.0
2025-08-18T13:00,16.7,62,988.1,100,1.87,290,0.71,441.0,206.0,235.0
2025-08-18T14:00,17.3,58,988.0,100,2.18,286,0.84,381.0,101.0,280.0
2025-08-18T15:00,17.4,55,988.0,100,2.58,288,0.90,235.0,30.0,205.0
2025-08-18T16:00,16.2,68,988.2,71,2.71,298,0.60,408.0,245.0,163.0
2025-08-18T17:00,16.7,61,988.3,99,3.41,310,0.75,287.0,166.0,121.0
2025-08-18T18:00,16.0,66,988.2,100,3.11,307,0.62,140.0,39.0,101.0
2025-08-18T19:00,15.3,70,988.2,100,2.82,293,0.52,64.0,3.0,61.0
2025-08-18T20:00,14.2,78,988.1,100,2.70,271,0.35,8.0,0.0,8.0
2025-08-18T21:00,13.6,86,988.0,82,2.77,264,0.22,0.0,0.0,0.0
2025-08-18T22:00,13.3,91,987.8,89,2.53,279,0.14,0.0,0.0,0.0
2025-08-18T23:00,13.6,92,987.5,100,2.88,278,0.13,0.0,0.0,0.0
2025-08-19T00:00,14.0,92,987.4,100,3.11,300,0.13,0.0,0.0,0.0
2025-08-19T01:00,14.4,93,987.5,100,3.51,310,0.12,0.0,0.0,0.0
2025-08-19T02:00,14.4,94,987.3,100,3.41,309,0.10,0.0,0.0,0.0
2025-08-19T03:00,14.4,94,987.5,100,3.36,307,0.10,0.0,0.0,0.0
2025-08-19T04:00,14.6,94,987.4,100,3.62,303,0.09,0.0,0.0,0.0
2025-08-19T05:00,14.5,93,987.7,100,3.61,307,0.11,0.0,0.0,0.0
2025-08-19T06:00,14.5,93,988.0,100,3.36,307,0.11,8.0,0.0,8.0
2025-08-19T07:00,14.7,92,988.2,97,3.27,309,0.14,36.0,0.0,36.0
2025-08-19T08:00,15.4,87,988.5,48,3.75,314,0.23,143.0,37.0,106.0
2025-08-19T09:00,16.2,81,988.7,52,3.54,313,0.34,316.0,196.0,120.0
2025-08-19T10:00,16.7,77,989.0,100,3.89,314,0.44,366.0,210.0,156.0
2025-08-19T11:00,17.2,73,988.8,26,3.86,313,0.54,378.0,117.0,261.0
2025-08-19T12:00,18.4,64,988.8,20,4.13,308,0.76,563.0,395.0,168.0
2025-08-19T13:00,19.3,57,988.9,40,4.65,306,0.96,629.0,467.0,162.0
2025-08-19T14:00,19.6,54,988.9,74,4.98,301,1.05,566.0,380.0,186.0
2025-08-19T15:00,19.5,55,989.0,70,4.82,301,1.03,430.0,208.0,222.0
2025-08-19T16:00,19.2,57,989.5,64,4.23,299,0.95,284.0,82.0,202.0
2025-08-19T17:00,19.0,58,989.7,44,3.89,298,0.92,249.0,100.0,149.0
2025-08-19T18:00,18.7,59,989.8,45,3.22,294,0.87,178.0,80.0,98.0
2025-08-19T19:00,18.2,62,989.7,86,2.56,287,0.79,82.0,21.0,61.0
2025-08-19T20:00,17.6,65,989.8,62,2.44,285,0.70,14.0,2.0,12.0
2025-08-19T21:00,16.6,70,989.8,42,2.30,271,0.57,0.0,0.0,0.0
2025-08-19T22:00,16.0,73,989.9,0,2.36,265,0.50,0.0,0.0,0.0
2025-08-19T23:00,15.3,76,989.7,37,2.35,268,0.42,0.0,0.0,0.0
2025-08-20T00:00,14.7,79,989.7,20,2.43,256,0.36,0.0,0.0,0.0
2025-08-20T01:00,14.2,82,989.5,14,2.61,253,0.30,0.0,0.0,0.0
2025-08-20T02:00,13.7,85,989.4,4,2.61,253,0.24,0.0,0.0,0.0
2025-08-20T03:00,13.4,87,989.2,2,2.58,248,0.20,0.0,0.0,0.0
2025-08-20T04:00,13.0,91,989.2,23,2.67,247,0.13,0.0,0.0,0.0
2025-08-20T05:00,12.8,92,989.0,16,2.66,244,0.12,0.0,0.0,0.0
2025-08-20T06:00,12.8,91,988.7,2,2.63,237,0.13,15.0,4.0,11.0
2025-08-20T07:00,13.5,90,988.5,0,2.11,216,0.16,99.0,45.0,54.0
2025-08-20T08:00,14.9,84,988.0,2,2.34,222,0.26,219.0,137.0,82.0
2025-08-20T09:00,16.7,77,987.6,21,2.81,219,0.43,377.0,284.0,93.0
2025-08-20T10:00,18.4,70,987.2,95,3.33,221,0.64,503.0,398.0,105.0
2025-08-20T11:00,19.8,60,986.9,87,4.81,243,0.92,556.0,379.0,177.0
2025-08-20T12:00,20.4,58,986.6,47,5.50,245,1.02,465.0,189.0,276.0
2025-08-20T13:00,20.8,56,986.3,70,5.15,246,1.08,432.0,200.0,232.0
2025-08-20T14:00,21.5,56,986.2,56,4.45,243,1.13,497.0,323.0,174.0
2025-08-20T15:00,21.6,56,985.8,82,4.30,247,1.14,447.0,260.0,187.0
2025-08-20T16:00,21.9,55,985.6,100,3.69,230,1.18,423.0,282.0,141.0
2025-08-20T17:00,18.2,79,986.5,100,4.29,253,0.44,229.0,104.0,125.0
2025-08-20T18:00,17.6,81,986.2,100,3.58,245,0.38,50.0,0.0,50.0
2025-08-20T19:00,16.8,84,986.0,100,3.54,251,0.30,49.0,10.0,39.0
2025-08-20T20:00,16.1,91,986.3,100,2.82,247,0.17,3.0,0.0,3.0
2025-08-20T21:00,15.8,94,986.0,100,2.14,237,0.10,0.0,0.0,0.0
2025-08-20T22:00,15.4,95,985.6,100,2.13,231,0.09,0.0,0.0,0.0
2025-08-20T23:00,15.2,96,985.2,100,1.87,226,0.08,0.0,0.0,0.0
2025-08-21T00:00,15.2,95,985.2,100,2.36,257,0.09,0.0,0.0,0.0
2025-08-21T01:00,15.2,93,984.9,100,1.91,276,0.12,0.0,0.0,0.0
2025-08-21T02:00,14.7,94,985.0,100,2.22,306,0.09,0.0,0.0,0.0
2025-08-21T03:00,14.4,96,985.1,100,2.56,343,0.07,0.0,0.0,0.0
2025-08-21T04:00,13.6,96,986.0,100,2.02,351,0.06,0.0,0.0,0.0
2025-08-21T05:00,13.0,94,986.0,100,2.46,6,0.09,0.0,0.0,0.0
2025-08-21T06:00,12.2,96,986.1,100,2.20,1,0.06,1.0,0.0,1.0
2025-08-21T07:00,12.1,95,986.4,100,1.60,14,0.06,8.0,0.0,8.0
2025-08-21T08:00,12.1,95,986.7,100,1.81,346,0.06,35.0,0.0,35.0
2025-08-21T09:00,12.7,88,986.8,100,2.40,356,0.17,109.0,7.0,102.0
2025-08-21T10:00,13.3,83,987.4,100,2.17,8,0.26,178.0,22.0,156.0
2025-08-21T11:00,14.5,75,987.8,100,1.91,355,0.41,336.0,88.0,248.0
2025-08-21T12:00,15.1,71,988.3,100,1.88,338,0.49,362.0,73.0,289.0
2025-08-21T13:00,14.9,73,988.7,99,1.77,331,0.46,252.0,24.0,228.0
2025-08-21T14:00,15.0,71,988.9,99,1.74,333,0.49,175.0,0.0,175.0
2025-08-21T15:00,15.6,68,989.2,46,1.59,336,0.57,274.0,58.0,216.0
2025-08-21T16:00,15.7,64,990.0,100,1.65,346,0.64,288.0,80.0,208.0
2025-08-21T17:00,15.8,61,990.3,100,1.95,347,0.69,172.0,35.0,137.0
2025-08-21T18:00,15.7,60,990.6,85,1.52,343,0.71,102.0,2.0,100.0
2025-08-21T19:00,15.6,63,990.7,36,0.78,297,0.65,59.0,15.0,44.0
2025-08-21T20:00,14.9,67,991.1,32,0.86,263,0.55,16.0,5.0,11.0
2025-08-21T21:00,14.4,71,991.4,23,1.10,273,0.48,0.0,0.0,0.0
2025-08-21T22:00,13.8,73,991.8,17,1.43,299,0.43,0.0,0.0,0.0
2025-08-21T23:00,13.1,75,992.0,10,1.21,308,0.38,0.0,0.0,0.0
2025-08-22T00:00,12.6,76,992.3,8,1.12,302,0.34,0.0,0.0,0.0
2025-08-22T01:00,11.8,79,992.7,1,1.20,318,0.29,0.0,0.0,0.0
2025-08-22T02:00,10.9,84,992.8,2,0.71,309,0.21,0.0,0.0,0.0
2025-08-22T03:00,10.4,87,993.0,2,0.46,311,0.17,0.0,0.0,0.0
2025-08-22T04:00,9.1,94,993.4,2,0.67,283,0.07,0.0,0.0,0.0
2025-08-22T05:00,8.7,96,993.6,8,0.71,278,0.04,0.0,0.0,0.0
2025-08-22T06:00,8.8,96,993.8,43,0.35,262,0.05,13.0,4.0,9.0
2025-08-22T07:00,9.3,97,993.7,99,0.05,270,0.03,95.0,43.0,52.0
2025-08-22T08:00,10.7,92,993.7,100,0.36,146,0.10,198.0,82.0,116.0
2025-08-22T09:00,12.3,84,993.8,100,0.57,142,0.23,272.0,75.0,197.0
2025-08-22T10:00,13.6,78,993.7,100,0.74,138,0.35,305.0,55.0,250.0
2025-08-22T11:00,15.0,69,993.7,100,1.00,143,0.53,417.0,131.0,286.0
2025-08-22T12:00,16.3,62,993.3,100,1.66,147,0.71,537.0,257.0,280.0
2025-08-22T13:00,17.0,56,993.2,100,2.30,167,0.85,502.0,184.0,318.0
2025-08-22T14:00,17.3,53,992.7,100,2.11,158,0.93,366.0,79.0,287.0
2025-08-22T15:00,17.6,50,992.1,100,2.45,147,1.00,321.0,82.0,239.0
2025-08-22T16:00,16.7,56,992.2,100,3.30,139,0.83,246.0,30.0,216.0
2025-08-22T17:00,16.2,60,991.9,100,3.24,142,0.74,182.0,20.0,162.0
2025-08-22T18:00,15.8,66,991.5,100,2.38,150,0.61,130.0,8.0,122.0
2025-08-22T19:00,15.0,73,991.2,100,1.98,139,0.47,58.0,2.0,56.0
2025-08-22T20:00,14.3,78,990.8,100,1.83,116,0.36,8.0,0.0,8.0
2025-08-22T21:00,13.8,82,990.4,100,1.78,100,0.29,0.0,0.0,0.0
2025-08-22T22:00,13.3,85,990.2,100,1.81,96,0.23,0.0,0.0,0.0
2025-08-22T23:00,12.9,87,989.8,100,1.71,83,0.19,0.0,0.0,0.0
2025-08-23T00:00,12.5,88,989.1,100,1.87,74,0.17,0.0,0.0,0.0
2025-08-23T01:00,12.2,88,988.6,100,2.15,59,0.17,0.0,0.0,0.0
2025-08-23T02:00,11.9,88,988.0,100,2.39,53,0.16,0.0,0.0,0.0
2025-08-23T03:00,11.7,88,987.4,100,2.76,48,0.17,0.0,0.0,0.0
2025-08-23T04:00,10.7,88,987.2,100,2.88,39,0.15,0.0,0.0,0.0
2025-08-23T05:00,10.6,87,986.2,100,2.82,37,0.16,0.0,0.0,0.0
2025-08-23T06:00,10.6,86,985.9,100,2.66,34,0.18,7.0,0.0,7.0
2025-08-23T07:00,11.1,84,985.7,100,2.56,39,0.21,51.0,0.0,51.0
2025-08-23T08:00,11.7,82,985.3,100,2.09,21,0.24,119.0,7.0,112.0
2025-08-23T09:00,12.8,79,985.0,100,2.04,17,0.31,240.0,48.0,192.0
2025-08-23T10:00,14.2,75,984.9,100,2.38,39,0.41,389.0,158.0,231.0
2025-08-23T11:00,15.3,71,985.0,100,2.22,14,0.51,431.0,157.0,274.0
2025-08-23T12:00,16.0,68,985.2,100,2.31,6,0.58,389.0,102.0,287.0
2025-08-23T13:00,16.8,65,985.0,100,2.31,6,0.67,457.0,181.0,276.0
2025-08-23T14:00,17.2,63,985.2,100,1.70,3,0.72,347.0,72.0,275.0
2025-08-23T15:00,17.4,62,985.4,100,1.52,351,0.75,268.0,31.0,237.0
2025-08-23T16:00,16.2,66,986.3,100,1.60,358,0.62,190.0,18.0,172.0
2025-08-23T17:00,16.2,67,986.5,100,1.46,352,0.61,123.0,7.0,116.0
2025-08-23T18:00,16.1,69,986.6,100,1.17,340,0.57,59.0,0.0,59.0
2025-08-23T19:00,15.8,72,986.4,100,0.97,325,0.50,28.0,0.0,28.0
2025-08-23T20:00,15.4,77,986.7,100,0.56,333,0.40,4.0,0.0,4.0
2025-08-23T21:00,15.2,78,986.7,100,0.47,32,0.37,0.0,0.0,0.0
2025-08-23T22:00,15.0,80,986.6,100,0.46,347,0.35,0.0,0.0,0.0
2025-08-23T23:00,14.5,86,986.6,93,0.46,311,0.24,0.0,0.0,0.0
2025-08-24T00:00,13.8,88,986.5,92,0.43,306,0.19,0.0,0.0,0.0
2025-08-24T01:00,13.3,90,986.4,49,0.45,276,0.15,0.0,0.0,0.0
2025-08-24T02:00,12.7,91,986.1,16,0.76,293,0.13,0.0,0.0,0.0
2025-08-24T03:00,12.0,94,986.0,22,0.84,287,0.09,0.0,0.0,0.0
2025-08-24T04:00,11.1,95,986.2,20,0.30,9,0.07,0.0,0.0,0.0
2025-08-24T05:00,10.4,99,986.1,28,0.16,288,0.02,0.0,0.0,0.0
2025-08-24T06:00,9.7,99,986.0,100,0.40,277,0.01,9.0,1.0,8.0
2025-08-24T07:00,10.1,100,986.0,100,0.67,283,0.00,69.0,15.0,54.0
2025-08-24T08:00,11.3,98,986.0,100,0.86,306,0.03,169.0,56.0,113.0
2025-08-24T09:00,13.2,90,986.0,24,0.47,288,0.15,332.0,198.0,134.0
2025-08-24T10:00,15.2,77,985.9,20,0.68,253,0.40,483.0,370.0,113.0
2025-08-24T11:00,16.5,66,985.7,13,1.03,247,0.65,542.0,394.0,148.0
2025-08-24T12:00,17.3,55,985.7,40,1.58,259,0.89,577.0,442.0,135.0
2025-08-24T13:00,17.3,54,985.9,68,1.80,268,0.91,446.0,244.0,202.0
2025-08-24T14:00,17.5,53,986.1,63,1.85,270,0.93,456.0,226.0,230.0
2025-08-24T15:00,17.4,54,986.0,57,1.43,282,0.92,318.0,123.0,195.0
2025-08-24T16:00,18.4,50,985.6,35,1.43,205,1.05,429.0,299.0,130.0
2025-08-24T17:00,18.3,48,985.7,81,2.22,234,1.08,304.0,192.0,112.0
2025-08-24T18:00,16.9,58,985.7,84,2.33,225,0.81,169.0,85.0,84.0
2025-08-24T19:00,15.9,65,985.7,96,1.68,217,0.63,82.0,20.0,62.0
2025-08-24T20:00,15.1,70,986.2,30,2.14,213,0.51,11.0,2.0,9.0
2025-08-24T21:00,14.4,74,986.3,96,2.55,228,0.42,0.0,0.0,0.0
2025-08-24T22:00,13.8,78,986.3,98,2.57,233,0.35,0.0,0.0,0.0
2025-08-24T23:00,13.0,82,986.4,91,2.63,231,0.26,0.0,0.0,0.0
2025-08-25T00:00,12.5,85,986.3,10,2.59,236,0.22,0.0,0.0,0.0
2025-08-25T01:00,11.6,88,986.2,0,2.63,237,0.17,0.0,0.0,0.0
2025-08-25T02:00,10.9,90,986.2,42,2.54,234,0.13,0.0,0.0,0.0
2025-08-25T03:00,10.5,90,986.2,21,2.53,232,0.13,0.0,0.0,0.0
2025-08-25T04:00,10.0,90,986.0,0,2.23,228,0.12,0.0,0.0,0.0
2025-08-25T05:00,9.6,90,985.9,0,2.23,224,0.11,0.0,0.0,0.0
2025-08-25T06:00,9.3,91,986.2,0,2.55,222,0.11,9.0,2.0,7.0
2025-08-25T07:00,9.6,91,986.3,3,2.38,221,0.11,91.0,47.0,44.0
2025-08-25T08:00,10.5,86,986.4,0,2.62,230,0.18,217.0,141.0,76.0
2025-08-25T09:00,12.1,81,986.3,23,2.15,216,0.27,359.0,263.0,96.0
2025-08-25T10:00,13.8,69,986.0,32,3.71,224,0.49,485.0,370.0,115.0
2025-08-25T11:00,14.5,63,986.0,67,4.58,231,0.61,481.0,347.0,134.0
2025-08-25T12:00,15.2,65,986.3,83,3.85,224,0.60,542.0,362.0,180.0
2025-08-25T13:00,15.7,61,986.2,100,4.34,232,0.70,488.0,245.0,243.0
2025-08-25T14:00,13.5,70,986.7,60,4.02,243,0.46,130.0,11.0,119.0
2025-08-25T15:00,14.9,66,986.6,85,4.38,244,0.58,477.0,324.0,153.0
2025-08-25T16:00,15.1,55,987.3,29,3.83,241,0.78,432.0,305.0,127.0
2025-08-25T17:00,15.4,53,987.5,39,3.68,239,0.83,332.0,224.0,108.0
2025-08-25T18:00,15.1,55,987.6,51,3.61,233,0.77,195.0,118.0,77.0
2025-08-25T19:00,13.8,63,987.9,66,3.76,234,0.58,76.0,34.0,42.0
2025-08-25T20:00,12.5,72,988.5,31,3.23,221,0.41,10.0,2.0,8.0
2025-08-25T21:00,11.8,75,988.6,60,3.24,218,0.34,0.0,0.0,0.0
2025-08-25T22:00,11.4,80,988.4,15,3.02,209,0.27,0.0,0.0,0.0
2025-08-25T23:00,11.1,83,988.4,13,3.11,206,0.22,0.0,0.0,0.0
2025-08-26T00:00,10.8,85,988.4,14,3.00,210,0.19,0.0,0.0,0.0
2025-08-26T01:00,10.4,87,988.4,18,2.89,210,0.16,0.0,0.0,0.0
2025-08-26T02:00,10.1,89,988.4,42,2.93,207,0.13,0.0,0.0,0.0
2025-08-26T03:00,9.8,91,988.5,60,3.00,204,0.11,0.0,0.0,0.0
2025-08-26T04:00,9.7,89,988.2,83,2.94,201,0.13,0.0,0.0,0.0
2025-08-26T05:00,9.7,91,988.0,89,2.98,203,0.11,0.0,0.0,0.0
2025-08-26T06:00,9.5,93,988.4,100,2.79,201,0.08,5.0,0.0,5.0
2025-08-26T07:00,10.1,93,988.5,100,2.74,198,0.09,38.0,0.0,38.0
2025-08-26T08:00,10.4,93,988.8,100,3.38,205,0.09,48.0,0.0,48.0
2025-08-26T09:00,10.9,91,989.0,86,3.13,209,0.12,95.0,0.0,95.0
2025-08-26T10:00,12.2,83,989.3,100,3.83,211,0.24,285.0,82.0,203.0
2025-08-26T11:00,12.7,79,989.6,100,3.88,215,0.31,256.0,39.0,217.0
2025-08-26T12:00,13.1,74,989.8,100,3.75,217,0.39,207.0,24.0,183.0
2025-08-26T13:00,13.4,72,989.9,82,3.57,211,0.43,189.0,7.0,182.0
2025-08-26T14:00,14.3,69,989.8,47,3.26,212,0.50,360.0,150.0,210.0
2025-08-26T15:00,14.9,65,989.4,74,3.46,225,0.60,516.0,345.0,171.0
2025-08-26T16:00,15.5,54,989.6,58,4.03,226,0.81,398.0,261.0,137.0
2025-08-26T17:00,15.0,56,989.8,100,3.30,229,0.74,250.0,145.0,105.0
2025-08-26T18:00,14.7,61,989.9,100,2.59,236,0.66,142.0,50.0,92.0
2025-08-26T19:00,13.8,67,990.2,100,2.92,232,0.53,42.0,0.0,42.0
2025-08-26T20:00,12.2,81,990.7,100,2.46,218,0.28,6.0,0.0,6.0
2025-08-26T21:00,11.7,84,991.0,100,2.76,212,0.21,0.0,0.0,0.0
2025-08-26T22:00,11.2,86,990.8,100,2.67,218,0.19,0.0,0.0,0.0
2025-08-26T23:00,11.0,87,990.8,100,2.44,223,0.18,0.0,0.0,0.0
2025-08-27T00:00,10.7,87,990.7,100,2.33,227,0.17,0.0,0.0,0.0
2025-08-27T01:00,10.4,87,990.8,100,2.51,239,0.17,0.0,0.0,0.0
2025-08-27T02:00,10.0,87,990.7,100,2.47,249,0.16,0.0,0.0,0.0
2025-08-27T03:00,9.5,89,990.8,100,2.42,246,0.13,0.0,0.0,0.0
2025-08-27T04:00,9.4,92,991.0,28,2.58,238,0.10,0.0,0.0,0.0
2025-08-27T05:00,9.1,93,991.3,62,2.51,241,0.08,0.0,0.0,0.0
2025-08-27T06:00,8.9,95,991.6,43,2.59,245,0.06,6.0,1.0,5.0
2025-08-27T07:00,9.5,94,992.0,100,3.10,249,0.07,73.0,24.0,49.0
2025-08-27T08:00,10.3,90,992.3,99,3.39,261,0.12,164.0,54.0,110.0
2025-08-27T09:00,11.3,85,992.6,100,3.29,261,0.20,242.0,83.0,159.0
2025-08-27T10:00,12.5,79,992.9,100,2.94,260,0.30,316.0,95.0,221.0
2025-08-27T11:00,13.5,76,993.3,80,2.67,249,0.37,422.0,145.0,277.0
2025-08-27T12:00,14.7,71,993.3,19,3.01,255,0.48,589.0,398.0,191.0
2025-08-27T13:00,15.8,64,993.3,100,3.16,259,0.65,633.0,485.0,148.0
2025-08-27T14:00,15.8,58,993.4,100,3.19,261,0.76,295.0,55.0,240.0
2025-08-27T15:00,15.4,59,993.6,84,3.60,260,0.71,231.0,38.0,193.0
2025-08-27T16:00,15.0,63,994.2,84,2.29,250,0.62,331.0,114.0,217.0
2025-08-27T17:00,15.8,58,994.5,50,3.18,263,0.75,308.0,183.0,125.0
2025-08-27T18:00,14.6,67,995.0,49,2.96,275,0.55,182.0,90.0,92.0
2025-08-27T19:00,14.2,69,995.4,34,2.64,260,0.51,73.0,31.0,42.0
2025-08-27T20:00,13.5,72,995.9,2,2.62,262,0.44,7.0,2.0,5.0
2025-08-27T21:00,12.8,74,996.5,11,2.77,263,0.39,0.0,0.0,0.0
2025-08-27T22:00,12.2,77,996.7,6,2.65,259,0.33,0.0,0.0,0.0
2025-08-27T23:00,11.6,79,997.0,2,2.89,256,0.29,0.0,0.0,0.0
2025-08-28T00:00,11.1,79,997.3,100,2.98,256,0.27,0.0,0.0,0.0
2025-08-28T01:00,10.8,80,997.6,4,3.01,255,0.26,0.0,0.0,0.0
2025-08-28T02:00,10.4,81,997.9,22,3.08,253,0.24,0.0,0.0,0.0
2025-08-28T03:00,10.1,82,998.1,0,3.15,252,0.22,0.0,0.0,0.0
2025-08-28T04:00,9.9,88,998.5,14,3.15,252,0.15,0.0,0.0,0.0
2025-08-28T05:00,9.6,89,998.7,14,3.05,249,0.14,0.0,0.0,0.0
2025-08-28T06:00,9.4,89,999.2,5,3.02,246,0.13,6.0,1.0,5.0
2025-08-28T07:00,9.9,87,999.8,55,3.05,247,0.16,82.0,41.0,41.0
2025-08-28T08:00,10.9,84,1000.3,11,2.84,242,0.21,203.0,122.0,81.0
2025-08-28T09:00,12.4,78,1000.5,0,3.00,240,0.32,345.0,247.0,98.0
2025-08-28T10:00,14.2,71,1000.4,0,3.16,235,0.47,479.0,377.0,102.0
2025-08-28T11:00,15.8,61,1000.2,55,4.44,256,0.71,583.0,476.0,107.0
2025-08-28T12:00,16.3,55,1000.1,42,4.84,259,0.83,458.0,285.0,173.0
2025-08-28T13:00,16.9,51,1000.0,26,4.93,259,0.94,528.0,362.0,166.0
2025-08-28T14:00,17.6,47,1000.2,66,5.17,261,1.07,563.0,414.0,149.0
2025-08-28T15:00,17.6,44,1000.0,65,4.95,262,1.12,496.0,369.0,127.0
2025-08-28T16:00,17.8,48,1000.0,45,4.42,260,1.06,276.0,96.0,180.0
2025-08-28T17:00,17.6,49,1000.0,55,4.66,261,1.03,274.0,168.0,106.0
2025-08-28T18:00,16.5,56,1000.0,42,3.92,251,0.83,180.0,101.0,79.0
2025-08-28T19:00,15.9,58,1000.0,37,2.91,258,0.75,67.0,28.0,39.0
2025-08-28T20:00,15.0,64,1000.4,36,1.90,252,0.61,6.0,1.0,5.0
2025-08-28T21:00,14.3,68,1000.3,5,1.87,226,0.51,0.0,0.0,0.0
2025-08-28T22:00,13.5,71,1000.4,61,2.38,229,0.45,0.0,0.0,0.0
2025-08-28T23:00,13.0,72,1000.4,98,2.47,234,0.42,0.0,0.0,0.0
2025-08-29T00:00,12.5,73,1000.7,84,2.62,239,0.39,0.0,0.0,0.0
2025-08-29T01:00,12.1,74,1000.8,45,2.59,242,0.36,0.0,0.0,0.0
2025-08-29T02:00,11.9,75,1000.6,100,2.46,246,0.34,0.0,0.0,0.0
2025-08-29T03:00,12.0,77,1000.9,100,2.73,242,0.33,0.0,0.0,0.0
2025-08-29T04:00,11.7,86,1001.3,100,1.94,235,0.20,0.0,0.0,0.0
2025-08-29T05:00,11.5,90,1001.2,100,1.84,221,0.14,0.0,0.0,0.0
2025-08-29T06:00,11.6,91,1001.1,100,2.20,201,0.12,1.0,0.0,1.0
2025-08-29T07:00,12.0,89,1001.3,100,2.28,195,0.15,19.0,0.0,19.0
2025-08-29T08:00,12.4,88,1001.0,100,1.88,169,0.17,45.0,0.0,45.0
2025-08-29T09:00,13.4,86,1000.5,89,2.21,175,0.22,169.0,28.0,141.0
2025-08-29T10:00,15.3,79,1000.3,100,2.21,186,0.36,416.0,269.0,147.0
2025-08-29T11:00,16.0,75,1000.0,100,2.57,193,0.46,395.0,134.0,261.0
2025-08-29T12:00,16.0,75,999.5,60,1.96,186,0.45,201.0,8.0,193.0
2025-08-29T13:00,18.1,71,999.1,98,2.32,199,0.59,469.0,250.0,219.0
2025-08-29T14:00,18.8,69,998.6,83,2.71,210,0.68,442.0,210.0,232.0
2025-08-29T15:00,19.1,69,998.4,81,2.49,210,0.68,446.0,239.0,207.0
2025-08-29T16:00,19.2,72,997.9,100,0.88,133,0.63,325.0,179.0,146.0
2025-08-29T17:00,19.9,72,997.7,100,1.39,105,0.64,284.0,135.0,149.0
2025-08-29T18:00,19.7,76,997.1,100,1.43,115,0.54,166.0,56.0,110.0
2025-08-29T19:00,18.9,80,996.6,98,1.83,107,0.43,64.0,12.0,52.0
2025-08-29T20:00,18.4,82,996.7,81,1.98,131,0.38,5.0,0.0,5.0
2025-08-29T21:00,18.7,78,996.2,100,2.45,182,0.47,0.0,0.0,0.0
2025-08-29T22:00,19.1,73,995.9,32,3.22,206,0.61,0.0,0.0,0.0
2025-08-29T23:00,18.7,73,995.9,37,3.36,208,0.58,0.0,0.0,0.0
2025-08-30T00:00,18.3,74,995.4,100,3.36,208,0.55,0.0,0.0,0.0
2025-08-30T01:00,18.5,74,995.2,100,3.30,215,0.56,0.0,0.0,0.0
2025-08-30T02:00,18.5,73,995.2,95,3.22,216,0.58,0.0,0.0,0.0
2025-08-30T03:00,18.3,72,995.3,3,3.45,219,0.59,0.0,0.0,0.0
2025-08-30T04:00,17.6,73,995.5,32,3.44,221,0.53,0.0,0.0,0.0
2025-08-30T05:00,17.2,73,995.6,86,3.36,224,0.53,0.0,0.0,0.0
2025-08-30T06:00,16.9,73,995.6,3,3.40,223,0.51,4.0,0.0,4.0
2025-08-30T07:00,17.3,71,995.7,50,3.68,224,0.56,74.0,37.0,37.0
2025-08-30T08:00,18.4,68,995.6,51,3.82,226,0.67,197.0,128.0,69.0
2025-08-30T09:00,19.7,68,995.8,58,2.60,218,0.73,331.0,244.0,87.0
2025-08-30T10:00,21.1,66,995.9,73,2.60,218,0.86,458.0,364.0,94.0
2025-08-30T11:00,22.6,61,995.7,98,2.86,213,1.06,555.0,450.0,105.0
2025-08-30T12:00,23.9,57,995.6,99,3.34,210,1.26,600.0,457.0,143.0
2025-08-30T13:00,25.1,55,995.3,94,3.58,210,1.44,630.0,494.0,136.0
2025-08-30T14:00,26.0,53,995.4,97,3.65,210,1.57,614.0,490.0,124.0
2025-08-30T15:00,26.5,52,995.1,94,3.88,212,1.66,557.0,445.0,112.0
2025-08-30T16:00,27.5,50,995.1,23,3.65,216,1.84,462.0,366.0,96.0
2025-08-30T17:00,27.1,51,995.2,0,3.65,221,1.75,339.0,259.0,80.0
2025-08-30T18:00,26.2,54,995.2,0,3.72,221,1.57,202.0,140.0,62.0
2025-08-30T19:00,24.9,57,995.2,0,3.55,220,1.34,75.0,40.0,35.0
2025-08-30T20:00,23.6,60,995.7,0,3.62,221,1.16,4.0,1.0,3.0
2025-08-30T21:00,22.7,60,995.7,0,3.62,221,1.10,0.0,0.0,0.0
2025-08-30T22:00,21.8,60,995.6,0,3.59,220,1.05,0.0,0.0,0.0
2025-08-30T23:00,21.1,60,995.7,0,3.39,224,1.00,0.0,0.0,0.0
2025-08-31T00:00,20.1,63,995.9,0,3.09,220,0.87,0.0,0.0,0.0
2025-08-31T01:00,19.2,67,995.9,0,2.87,221,0.73,0.0,0.0,0.0
2025-08-31T02:00,18.5,71,995.7,0,2.65,223,0.62,0.0,0.0,0.0
2025-08-31T03:00,18.0,73,995.8,0,2.59,220,0.55,0.0,0.0,0.0
2025-08-31T04:00,16.7,76,996.1,0,2.63,219,0.45,0.0,0.0,0.0
2025-08-31T05:00,16.1,76,996.1,0,2.68,217,0.44,0.0,0.0,0.0
2025-08-31T06:00,15.7,76,996.1,0,2.52,219,0.43,4.0,1.0,3.0
2025-08-31T07:00,16.0,75,995.8,0,2.27,221,0.46,75.0,40.0,35.0
2025-08-31T08:00,17.2,74,995.8,6,2.06,203,0.51,205.0,143.0,62.0
2025-08-31T09:00,18.6,71,995.7,16,1.46,202,0.62,345.0,265.0,80.0
2025-08-31T10:00,20.5,68,995.9,41,1.13,193,0.77,472.0,380.0,92.0
2025-08-31T11:00,22.5,65,995.7,5,1.20,185,0.96,571.0,471.0,100.0
2025-08-31T12:00,24.2,61,995.9,0,1.41,186,1.17,635.0,534.0,101.0
2025-08-31T13:00,25.7,56,995.6,0,1.52,189,1.44,654.0,552.0,102.0
2025-08-31T14:00,26.8,48,995.3,0,1.99,198,1.84,629.0,529.0,100.0
2025-08-31T15:00,27.3,40,995.1,0,2.34,214,2.16,562.0,466.0,96.0
2025-08-31T16:00,28.1,37,994.9,0,2.33,225,2.40,461.0,372.0,89.0
2025-08-31T17:00,27.6,41,994.7,0,1.68,217,2.18,335.0,257.0,78.0
2025-08-31T18:00,26.5,48,994.0,0,1.22,199,1.78,197.0,135.0,62.0
2025-08-31T19:00,24.6,59,993.6,0,1.23,192,1.28,70.0,37.0,33.0
2025-08-31T20:00,23.6,60,993.8,0,1.38,193,1.17,3.0,1.0,2.0
2025-08-31T21:00,22.3,67,993.7,0,1.28,211,0.89,0.0,0.0,0.0
2025-08-31T22:00,21.6,68,993.3,1,1.28,211,0.82,0.0,0.0,0.0
2025-08-31T23:00,20.8,71,992.7,1,1.26,198,0.72,0.0,0.0,0.0
2025-09-01T00:00,20.7,68,992.3,0,1.61,187,0.77,0.0,0.0,0.0
2025-09-01T01:00,19.5,76,992.0,0,1.30,176,0.55,0.0,0.0,0.0
2025-09-01T02:00,19.5,75,991.5,1,1.90,180,0.57,0.0,0.0,0.0
2025-09-01T03:00,18.8,78,990.9,7,1.78,190,0.48,0.0,0.0,0.0
2025-09-01T04:00,16.6,84,991.1,6,1.42,219,0.29,0.0,0.0,0.0
2025-09-01T05:00,16.0,87,990.7,2,1.43,234,0.24,0.0,0.0,0.0
2025-09-01T06:00,15.7,88,990.5,0,1.76,235,0.22,3.0,0.0,3.0
2025-09-01T07:00,16.1,87,990.8,2,2.59,280,0.25,69.0,35.0,34.0
2025-09-01T08:00,17.2,80,990.6,7,1.88,299,0.39,194.0,130.0,64.0
2025-09-01T09:00,18.2,81,990.1,9,1.30,293,0.39,330.0,246.0,84.0
2025-09-01T10:00,19.8,76,990.6,99,3.58,312,0.54,457.0,348.0,109.0
2025-09-01T11:00,18.8,79,990.8,49,2.87,317,0.46,173.0,73.0,100.0
2025-09-01T12:00,20.2,71,990.9,38,3.26,317,0.69,461.0,297.0,164.0
2025-09-01T13:00,21.7,63,990.8,7,3.15,314,0.97,550.0,367.0,183.0
2025-09-01T14:00,21.9,61,991.0,16,3.72,318,1.03,591.0,464.0,127.0
2025-09-01T15:00,21.6,59,990.7,20,3.72,324,1.06,529.0,396.0,133.0
2025-09-01T16:00,20.6,58,991.8,4,4.29,326,1.01,426.0,297.0,129.0
2025-09-01T17:00,20.3,58,991.8,1,4.27,327,1.00,307.0,209.0,98.0
2025-09-01T18:00,19.8,60,992.1,4,3.80,333,0.91,188.0,124.0,64.0
2025-09-01T19:00,18.9,64,992.1,1,3.13,331,0.77,64.0,31.0,33.0
2025-09-01T20:00,17.9,69,992.3,0,3.05,328,0.64,2.0,0.0,2.0
2025-09-01T21:00,17.1,72,992.3,0,3.13,326,0.54,0.0,0.0,0.0
2025-09-01T22:00,16.5,75,992.1,3,2.94,317,0.47,0.0,0.0,0.0
2025-09-01T23:00,16.0,77,991.8,2,3.12,311,0.42,0.0,0.0,0.0
2025-09-02T00:00,15.6,80,991.7,22,3.05,319,0.35,0.0,0.0,0.0
2025-09-02T01:00,15.4,82,991.9,100,3.06,326,0.31,0.0,0.0,0.0
2025-09-02T02:00,15.5,81,991.9,100,3.40,327,0.34,0.0,0.0,0.0
2025-09-02T03:00,15.1,81,992.2,100,3.73,328,0.32,0.0,0.0,0.0
2025-09-02T04:00,14.7,82,991.9,100,3.42,322,0.30,0.0,0.0,0.0
2025-09-02T05:00,14.4,82,992.0,100,3.75,329,0.29,0.0,0.0,0.0
2025-09-02T06:00,14.2,83,992.0,100,3.78,331,0.28,1.0,0.0,1.0
2025-09-02T07:00,14.1,82,992.2,100,4.25,335,0.29,31.0,1.0,30.0
2025-09-02T08:00,13.9,79,992.4,100,4.16,342,0.33,70.0,3.0,67.0
2025-09-02T09:00,13.8,80,992.7,100,4.21,340,0.32,97.0,6.0,91.0
2025-09-02T10:00,14.2,77,993.0,100,4.53,338,0.37,169.0,22.0,147.0
2025-09-02T11:00,14.7,75,993.2,100,4.32,333,0.41,184.0,9.0,175.0
2025-09-02T12:00,15.4,72,993.2,100,4.43,332,0.49,286.0,21.0,265.0
2025-09-02T13:00,16.2,69,993.5,100,4.64,330,0.57,296.0,33.0,263.0
2025-09-02T14:00,16.9,66,993.5,98,4.63,334,0.65,363.0,117.0,246.0
2025-09-02T15:00,17.1,66,993.8,95,4.51,339,0.66,360.0,115.0,245.0
2025-09-02T16:00,15.7,71,995.3,100,4.44,341,0.52,208.0,33.0,175.0
2025-09-02T17:00,15.5,72,995.6,95,4.19,340,0.49,121.0,7.0,114.0
2025-09-02T18:00,15.5,73,995.8,100,4.03,346,0.48,91.0,8.0,83.0
2025-09-02T19:00,15.1,76,996.1,100,3.51,343,0.41,22.0,0.0,22.0
2025-09-02T20:00,14.9,77,996.5,96,3.18,344,0.38,1.0,0.0,1.0
2025-09-02T21:00,14.7,78,996.6,100,3.02,348,0.37,0.0,0.0,0.0
2025-09-02T22:00,14.6,77,996.6,100,2.89,346,0.38,0.0,0.0,0.0
2025-09-02T23:00,14.5,76,996.5,100,2.91,348,0.39,0.0,0.0,0.0
2025-09-03T00:00,14.3,77,996.7,100,2.77,347,0.38,0.0,0.0,0.0
2025-09-03T01:00,14.1,78,996.7,100,2.66,348,0.36,0.0,0.0,0.0
2025-09-03T02:00,14.0,79,996.5,100,2.44,349,0.33,0.0,0.0,0.0
2025-09-03T03:00,13.8,80,996.9,100,2.47,346,0.31,0.0,0.0,0.0
2025-09-03T04:00,13.4,85,997.0,100,2.45,343,0.23,0.0,0.0,0.0
2025-09-03T05:00,13.3,86,997.1,100,2.52,339,0.22,0.0,0.0,0.0
2025-09-03T06:00,13.3,85,997.6,100,2.53,333,0.23,1.0,0.0,1.0
2025-09-03T07:00,13.5,83,997.7,100,2.55,334,0.26,26.0,1.0,25.0
2025-09-03T08:00,13.9,80,997.6,96,2.53,333,0.32,98.0,19.0,79.0
2025-09-03T09:00,14.7,76,997.6,92,2.48,335,0.40,215.0,64.0,151.0
2025-09-03T10:00,15.7,70,997.5,51,3.53,353,0.53,377.0,208.0,169.0
2025-09-03T11:00,16.5,65,997.4,69,3.57,354,0.65,437.0,271.0,166.0
2025-09-03T12:00,17.2,63,997.6,98,3.55,350,0.73,427.0,150.0,277.0
2025-09-03T13:00,17.8,60,997.9,54,3.46,349,0.80,481.0,245.0,236.0
2025-09-03T14:00,18.5,57,997.8,57,3.38,352,0.91,468.0,264.0,204.0
2025-09-03T15:00,19.2,54,997.6,28,3.42,354,1.02,470.0,274.0,196.0
2025-09-03T16:00,16.2,63,999.1,99,3.25,3,0.69,251.0,66.0,185.0
2025-09-03T17:00,16.5,60,999.3,53,3.00,2,0.75,227.0,95.0,132.0
2025-09-03T18:00,16.4,62,999.1,39,2.31,5,0.71,136.0,42.0,94.0
2025-09-03T19:00,15.8,67,999.0,3,1.36,17,0.59,56.0,25.0,31.0
2025-09-03T20:00,15.0,70,999.4,2,2.00,32,0.51,1.0,0.0,1.0
2025-09-03T21:00,13.8,75,999.9,2,2.64,37,0.39,0.0,0.0,0.0
2025-09-03T22:00,12.9,80,1000.3,9,2.02,40,0.30,0.0,0.0,0.0
2025-09-03T23:00,12.3,83,1000.4,23,1.23,32,0.25,0.0,0.0,0.0
2025-09-04T00:00,12.1,84,1000.6,50,0.95,357,0.22,0.0,0.0,0.0
2025-09-04T01:00,12.1,85,1000.5,86,1.13,315,0.22,0.0,0.0,0.0
2025-09-04T02:00,12.1,86,1000.4,100,1.20,318,0.20,0.0,0.0,0.0
2025-09-04T03:00,12.2,85,1000.8,100,1.43,324,0.21,0.0,0.0,0.0
2025-09-04T04:00,12.1,86,1001.2,100,1.48,327,0.20,0.0,0.0,0.0
2025-09-04T05:00,12.1,85,1001.3,100,1.63,333,0.21,0.0,0.0,0.0
2025-09-04T06:00,12.3,84,1001.5,100,1.64,329,0.23,1.0,0.0,1.0
2025-09-04T07:00,12.5,84,1001.6,100,1.77,338,0.23,25.0,0.0,25.0
2025-09-04T08:00,13.1,81,1001.7,100,1.89,348,0.28,77.0,3.0,74.0
2025-09-04T09:00,13.6,80,1001.8,100,2.15,360,0.30,117.0,7.0,110.0
2025-09-04T10:00,14.6,72,1001.9,100,2.60,30,0.46,238.0,65.0,173.0
2025-09-04T11:00,15.3,67,1001.9,100,2.84,28,0.57,242.0,52.0,190.0
2025-09-04T12:00,16.0,64,1001.8,100,2.63,21,0.66,267.0,46.0,221.0
2025-09-04T13:00,17.0,60,1001.7,100,2.16,13,0.78,314.0,59.0,255.0
2025-09-04T14:00,18.1,56,1001.6,99,2.10,3,0.92,369.0,96.0,273.0
2025-09-04T15:00,18.5,54,1001.4,100,2.68,9,0.98,307.0,63.0,244.0
2025-09-04T16:00,18.1,54,1002.2,100,2.58,9,0.96,284.0,73.0,211.0
2025-09-04T17:00,17.8,57,1002.5,100,2.30,359,0.87,154.0,11.0,143.0
2025-09-04T18:00,17.7,59,1002.4,19,1.93,323,0.83,104.0,21.0,83.0
2025-09-04T19:00,16.9,63,1002.3,9,2.09,314,0.72,45.0,14.0,31.0
2025-09-04T20:00,16.0,67,1002.5,4,1.81,318,0.60,1.0,0.0,1.0
2025-09-04T21:00,15.2,70,1002.5,11,1.90,330,0.52,0.0,0.0,0.0
2025-09-04T22:00,14.7,72,1003.0,28,1.83,334,0.46,0.0,0.0,0.0
2025-09-04T23:00,14.1,75,1003.0,44,1.71,353,0.40,0.0,0.0,0.0
2025-09-05T00:00,13.6,78,1003.1,49,1.41,6,0.35,0.0,0.0,0.0
2025-09-05T01:00,13.2,81,1003.2,82,1.12,339,0.29,0.0,0.0,0.0
2025-09-05T02:00,13.0,83,1003.4,23,1.23,333,0.26,0.0,0.0,0.0
2025-09-05T03:00,12.6,85,1003.4,40,1.39,334,0.22,0.0,0.0,0.0
2025-09-05T04:00,11.2,92,1003.8,58,1.32,335,0.11,0.0,0.0,0.0
2025-09-05T05:00,10.7,93,1003.9,70,1.26,342,0.09,0.0,0.0,0.0
2025-09-05T06:00,10.4,94,1004.2,56,1.22,9,0.07,1.0,0.0,1.0
2025-09-05T07:00,10.9,93,1004.4,99,1.50,30,0.10,56.0,25.0,31.0
2025-09-05T08:00,12.3,89,1004.8,52,0.97,35,0.16,177.0,110.0,67.0
2025-09-05T09:00,14.0,85,1005.2,36,0.85,50,0.25,316.0,233.0,83.0
2025-09-05T10:00,15.7,77,1005.2,85,1.01,57,0.40,440.0,342.0,98.0
2025-09-05T11:00,16.9,70,1005.2,60,1.20,45,0.58,536.0,424.0,112.0
2025-09-05T12:00,18.3,62,1005.1,85,1.92,39,0.80,600.0,487.0,113.0
2025-09-05T13:00,19.0,58,1004.7,86,1.48,28,0.92,534.0,335.0,199.0
2025-09-05T14:00,19.4,56,1004.6,92,1.46,8,1.00,413.0,181.0,232.0
2025-09-05T15:00,19.8,53,1004.1,97,1.53,11,1.09,351.0,111.0,240.0
2025-09-05T16:00,20.1,54,1004.1,100,1.41,23,1.08,283.0,98.0,185.0
2025-09-05T17:00,19.9,55,1004.1,100,1.66,29,1.04,176.0,42.0,134.0
2025-09-05T18:00,19.6,56,1004.2,98,1.84,29,0.99,90.0,15.0,75.0
2025-09-05T19:00,18.9,61,1003.9,48,1.64,38,0.84,30.0,0.0,30.0
2025-09-05T20:00,18.3,65,1004.4,89,1.31,47,0.74,0.0,0.0,0.0
2025-09-05T21:00,17.6,67,1004.7,59,1.75,37,0.66,0.0,0.0,0.0
2025-09-05T22:00,16.3,72,1004.9,3,1.67,39,0.51,0.0,0.0,0.0
2025-09-05T23:00,15.4,75,1005.1,6,1.35,31,0.44,0.0,0.0,0.0
2025-09-06T00:00,14.7,77,1005.1,0,1.28,21,0.38,0.0,0.0,0.0
2025-09-06T01:00,14.3,79,1005.3,0,1.58,11,0.35,0.0,0.0,0.0
2025-09-06T02:00,13.8,80,1005.6,1,1.63,11,0.31,0.0,0.0,0.0
2025-09-06T03:00,13.3,82,1005.8,0,1.49,20,0.28,0.0,0.0,0.0
2025-09-06T04:00,11.9,86,1006.0,0,1.47,18,0.19,0.0,0.0,0.0
2025-09-06T05:00,11.3,88,1006.1,0,1.33,13,0.16,0.0,0.0,0.0
2025-09-06T06:00,11.0,89,1006.4,0,1.41,17,0.14,1.0,0.0,1.0
2025-09-06T07:00,11.3,89,1006.6,0,1.38,19,0.15,56.0,28.0,28.0
2025-09-06T08:00,12.5,87,1007.0,0,1.03,14,0.19,181.0,122.0,59.0
2025-09-06T09:00,14.3,82,1007.3,0,0.84,17,0.29,321.0,244.0,77.0
2025-09-06T10:00,16.3,75,1007.2,0,0.93,16,0.45,447.0,359.0,88.0
2025-09-06T11:00,17.9,64,1007.2,0,1.82,37,0.73,547.0,451.0,96.0
2025-09-06T12:00,18.9,58,1006.9,3,1.98,45,0.92,607.0,508.0,99.0
2025-09-06T13:00,19.8,53,1007.0,29,2.16,48,1.08,626.0,527.0,99.0
2025-09-06T14:00,20.9,49,1006.7,78,2.04,36,1.26,540.0,376.0,164.0
2025-09-06T15:00,21.0,49,1006.6,52,1.88,29,1.26,487.0,346.0,141.0
2025-09-06T16:00,21.2,49,1006.8,36,2.35,38,1.29,358.0,196.0,162.0
2025-09-06T17:00,20.9,51,1006.8,46,1.92,28,1.21,269.0,172.0,97.0
2025-09-06T18:00,20.4,57,1006.8,34,1.26,18,1.04,154.0,84.0,70.0
2025-09-06T19:00,19.0,62,1006.6,21,1.99,28,0.84,46.0,21.0,25.0
2025-09-06T20:00,17.7,67,1006.9,17,1.94,35,0.67,0.0,0.0,0.0
2025-09-06T21:00,16.7,71,1007.1,3,1.90,27,0.54,0.0,0.0,0.0
2025-09-06T22:00,15.9,75,1007.5,3,2.00,37,0.45,0.0,0.0,0.0
2025-09-06T23:00,15.4,77,1007.5,1,1.70,43,0.40,0.0,0.0,0.0
2025-09-07T00:00,14.9,80,1007.7,0,1.43,36,0.35,0.0,0.0,0.0
2025-09-07T01:00,14.3,82,1008.1,8,1.55,21,0.29,0.0,0.0,0.0
2025-09-07T02:00,13.8,84,1008.2,5,1.53,11,0.25,0.0,0.0,0.0
2025-09-07T03:00,13.4,86,1008.3,6,1.60,14,0.22,0.0,0.0,0.0
2025-09-07T04:00,13.1,86,1008.4,0,1.42,10,0.21,0.0,0.0,0.0
2025-09-07T05:00,12.7,88,1008.3,0,1.59,13,0.18,0.0,0.0,0.0
2025-09-07T06:00,12.2,89,1008.6,0,1.68,17,0.15,0.0,0.0,0.0
2025-09-07T07:00,12.4,89,1008.9,0,1.71,21,0.15,52.0,25.0,27.0
2025-09-07T08:00,13.4,88,1009.0,0,1.23,12,0.19,173.0,114.0,59.0
2025-09-07T09:00,14.9,84,1009.3,0,1.08,13,0.28,310.0,233.0,77.0
2025-09-07T10:00,16.7,79,1009.0,0,0.97,12,0.40,435.0,347.0,88.0
2025-09-07T11:00,18.5,73,1009.0,0,1.19,22,0.58,534.0,439.0,95.0
2025-09-07T12:00,19.9,63,1008.7,9,1.85,38,0.85,597.0,498.0,99.0
2025-09-07T13:00,20.7,59,1008.4,3,1.89,37,0.99,617.0,515.0,102.0
2025-09-07T14:00,21.2,57,1008.2,11,2.07,37,1.08,592.0,492.0,100.0
2025-09-07T15:00,21.8,54,1007.9,54,2.34,40,1.20,524.0,425.0,99.0
2025-09-07T16:00,22.3,50,1008.3,30,1.96,19,1.35,405.0,293.0,112.0
2025-09-07T17:00,22.2,51,1008.1,17,1.99,25,1.31,276.0,178.0,98.0
2025-09-07T18:00,21.1,57,1007.9,10,2.28,26,1.07,153.0,91.0,62.0
2025-09-07T19:00,19.5,63,1007.7,9,2.75,33,0.85,43.0,20.0,23.0
2025-09-07T20:00,18.3,68,1008.2,3,2.66,50,0.68,0.0,0.0,0.0
2025-09-07T21:00,17.3,72,1008.3,0,2.22,54,0.54,0.0,0.0,0.0
2025-09-07T22:00,16.5,76,1008.5,0,1.94,46,0.44,0.0,0.0,0.0
2025-09-07T23:00,15.9,79,1008.5,4,1.98,43,0.37,0.0,0.0,0.0
2025-09-08T00:00,15.3,82,1008.8,5,1.95,42,0.31,0.0,0.0,0.0
2025-09-08T01:00,14.7,85,1008.8,0,1.81,42,0.25,0.0,0.0,0.0
2025-09-08T02:00,14.2,87,1008.9,2,1.67,39,0.22,0.0,0.0,0.0
2025-09-08T03:00,13.7,88,1009.0,7,1.45,44,0.19,0.0,0.0,0.0
2025-09-08T04:00,12.6,91,1009.1,0,1.50,37,0.12,0.0,0.0,0.0
2025-09-08T05:00,12.2,92,1008.8,1,1.53,32,0.11,0.0,0.0,0.0
2025-09-08T06:00,12.0,92,1008.9,0,1.50,30,0.11,0.0,0.0,0.0
2025-09-08T07:00,12.3,91,1008.8,0,1.66,33,0.12,49.0,24.0,25.0
2025-09-08T08:00,13.4,90,1008.9,0,1.32,29,0.15,171.0,113.0,58.0
2025-09-08T09:00,15.1,86,1008.8,0,1.01,27,0.25,307.0,231.0,76.0
2025-09-08T10:00,17.1,80,1008.8,1,1.03,39,0.40,432.0,343.0,89.0
2025-09-08T11:00,18.8,72,1008.7,0,1.43,61,0.61,530.0,434.0,96.0
2025-09-08T12:00,20.2,62,1008.6,37,2.41,77,0.90,594.0,497.0,97.0
2025-09-08T13:00,20.9,57,1008.3,28,2.22,82,1.07,525.0,351.0,174.0
2025-09-08T14:00,21.4,53,1008.1,28,2.13,81,1.19,474.0,296.0,178.0
2025-09-08T15:00,21.8,49,1007.5,34,2.14,74,1.32,446.0,289.0,157.0
2025-09-08T16:00,22.0,47,1008.0,44,1.82,82,1.41,362.0,229.0,133.0
2025-09-08T17:00,21.9,47,1007.8,88,1.86,59,1.40,238.0,125.0,113.0
2025-09-08T18:00,21.2,52,1007.6,79,2.16,50,1.21,135.0,68.0,67.0
2025-09-08T19:00,19.9,58,1007.4,27,2.23,40,0.97,35.0,13.0,22.0
2025-09-08T20:00,18.5,64,1007.6,3,2.69,43,0.76,0.0,0.0,0.0
2025-09-08T21:00,17.4,69,1007.8,1,2.15,59,0.61,0.0,0.0,0.0
2025-09-08T22:00,16.7,72,1007.8,0,1.72,60,0.52,0.0,0.0,0.0
2025-09-08T23:00,16.1,75,1007.9,0,1.57,53,0.46,0.0,0.0,0.0
2025-09-09T00:00,15.4,77,1008.0,0,1.23,58,0.40,0.0,0.0,0.0
2025-09-09T01:00,14.6,81,1008.2,6,1.18,54,0.31,0.0,0.0,0.0
2025-09-09T02:00,14.0,83,1008.0,12,1.08,56,0.27,0.0,0.0,0.0
2025-09-09T03:00,13.6,85,1008.3,21,0.94,58,0.24,0.0,0.0,0.0
2025-09-09T04:00,12.1,89,1008.2,0,1.19,33,0.15,0.0,0.0,0.0
2025-09-09T05:00,12.1,89,1008.3,0,1.37,33,0.15,0.0,0.0,0.0
2025-09-09T06:00,11.8,90,1008.4,0,1.35,39,0.14,0.0,0.0,0.0
2025-09-09T07:00,12.2,89,1008.6,0,1.38,49,0.16,46.0,22.0,24.0
2025-09-09T08:00,13.6,87,1008.7,0,1.49,42,0.20,166.0,109.0,57.0
2025-09-09T09:00,15.5,83,1009.0,0,0.86,54,0.31,302.0,227.0,75.0
2025-09-09T10:00,17.6,77,1009.1,0,0.92,61,0.46,426.0,339.0,87.0
2025-09-09T11:00,19.5,70,1009.3,1,1.10,66,0.68,524.0,430.0,94.0
2025-09-09T12:00,20.9,62,1009.4,59,1.64,70,0.94,586.0,488.0,98.0
2025-09-09T13:00,21.7,58,1009.3,42,2.20,78,1.10,570.0,454.0,116.0
2025-09-09T14:00,22.0,56,1008.9,22,2.35,78,1.17,452.0,296.0,156.0
2025-09-09T15:00,22.1,55,1008.6,31,2.35,78,1.19,357.0,197.0,160.0
2025-09-09T16:00,22.7,49,1008.9,21,2.05,90,1.41,397.0,299.0,98.0
2025-09-09T17:00,22.4,50,1008.8,11,1.86,96,1.34,272.0,187.0,85.0
2025-09-09T18:00,21.6,55,1008.6,7,2.05,91,1.16,147.0,92.0,55.0
2025-09-09T19:00,20.1,60,1008.6,1,2.48,81,0.93,36.0,16.0,20.0
2025-09-09T20:00,18.6,62,1009.2,6,2.92,84,0.80,0.0,0.0,0.0
2025-09-09T21:00,17.2,64,1009.6,1,2.65,88,0.71,0.0,0.0,0.0
2025-09-09T22:00,16.1,68,1009.9,0,2.55,88,0.58,0.0,0.0,0.0
2025-09-09T23:00,15.1,73,1010.4,0,2.40,88,0.47,0.0,0.0,0.0
2025-09-10T00:00,14.3,77,1010.7,0,2.25,93,0.38,0.0,0.0,0.0
2025-09-10T01:00,13.7,80,1011.2,2,2.11,95,0.31,0.0,0.0,0.0
2025-09-10T02:00,13.0,82,1011.4,0,2.01,96,0.27,0.0,0.0,0.0
2025-09-10T03:00,12.4,84,1011.7,0,1.91,96,0.23,0.0,0.0,0.0
2025-09-10T04:00,11.1,87,1012.0,0,1.85,92,0.17,0.0,0.0,0.0
2025-09-10T05:00,10.5,89,1012.2,0,1.86,95,0.14,0.0,0.0,0.0
2025-09-10T06:00,10.1,89,1012.5,0,1.91,95,0.13,0.0,0.0,0.0
2025-09-10T07:00,10.2,89,1012.8,0,1.81,95,0.14,45.0,22.0,23.0
2025-09-10T08:00,11.0,87,1013.0,0,1.57,99,0.18,167.0,112.0,55.0
2025-09-10T09:00,12.3,81,1013.2,1,1.47,108,0.27,307.0,233.0,74.0
2025-09-10T10:00,13.9,75,1013.5,40,1.41,113,0.40,435.0,350.0,85.0
2025-09-10T11:00,15.3,68,1013.4,71,1.54,115,0.56,531.0,432.0,99.0
2025-09-10T12:00,16.5,62,1013.5,69,1.79,113,0.71,592.0,486.0,106.0
2025-09-10T13:00,17.3,59,1013.3,72,1.77,115,0.82,603.0,481.0,122.0
2025-09-10T14:00,18.0,56,1013.0,11,1.66,119,0.92,582.0,469.0,113.0
2025-09-10T15:00,18.4,53,1012.5,31,1.42,122,0.99,524.0,432.0,92.0
2025-09-10T16:00,19.6,48,1012.5,12,1.34,117,1.18,420.0,338.0,82.0
2025-09-10T17:00,19.4,49,1012.1,8,1.26,108,1.14,290.0,220.0,70.0
2025-09-10T18:00,18.9,53,1011.8,2,1.08,103,1.02,151.0,99.0,52.0
2025-09-10T19:00,17.5,64,1011.5,0,0.70,94,0.72,33.0,16.0,17.0
2025-09-10T20:00,16.5,67,1011.8,1,0.85,87,0.62,0.0,0.0,0.0
2025-09-10T21:00,15.7,70,1011.8,0,0.73,106,0.53,0.0,0.0,0.0
2025-09-10T22:00,15.1,71,1011.9,0,0.58,121,0.49,0.0,0.0,0.0
2025-09-10T23:00,14.5,73,1012.0,0,0.50,127,0.44,0.0,0.0,0.0
2025-09-11T00:00,13.8,76,1012.2,2,0.21,104,0.39,0.0,0.0,0.0
2025-09-11T01:00,12.9,80,1012.4,0,0.28,45,0.30,0.0,0.0,0.0
2025-09-11T02:00,12.1,83,1012.2,0,0.43,36,0.24,0.0,0.0,0.0
2025-09-11T03:00,11.4,85,1012.1,0,0.54,22,0.20,0.0,0.0,0.0
2025-09-11T04:00,9.2,92,1012.5,0,0.10,360,0.09,0.0,0.0,0.0
2025-09-11T05:00,8.4,98,1012.5,5,0.38,337,0.02,0.0,0.0,0.0
2025-09-11T06:00,7.9,99,1012.6,98,0.41,346,0.01,0.0,0.0,0.0
2025-09-11T07:00,8.2,99,1012.3,100,0.90,19,0.01,35.0,13.0,22.0
2025-09-11T08:00,9.1,98,1012.2,97,0.61,9,0.02,129.0,47.0,82.0
2025-09-11T09:00,11.5,91,1012.4,8,0.55,5,0.12,258.0,140.0,118.0
2025-09-11T10:00,14.6,76,1012.5,0,0.45,27,0.40,420.0,326.0,94.0
2025-09-11T11:00,17.0,64,1012.3,0,0.64,51,0.69,526.0,436.0,90.0
2025-09-11T12:00,18.4,56,1012.0,0,0.83,57,0.93,588.0,495.0,93.0
2025-09-11T13:00,19.2,53,1011.9,0,0.78,63,1.05,607.0,514.0,93.0
2025-09-11T14:00,19.8,51,1011.4,0,0.70,69,1.13,581.0,489.0,92.0
2025-09-11T15:00,20.2,50,1010.9,0,0.49,66,1.18,513.0,425.0,88.0
2025-09-11T16:00,21.0,46,1010.7,0,0.67,48,1.33,408.0,328.0,80.0
2025-09-11T17:00,20.9,47,1010.5,0,0.89,52,1.31,280.0,211.0,69.0
2025-09-11T18:00,20.4,49,1010.3,0,1.05,59,1.21,142.0,92.0,50.0
2025-09-11T19:00,19.4,52,1010.1,0,1.69,56,1.07,29.0,14.0,15.0
2025-09-11T20:00,18.0,59,1010.3,2,2.13,66,0.85,0.0,0.0,0.0
2025-09-11T21:00,17.0,63,1010.2,4,1.44,70,0.72,0.0,0.0,0.0
2025-09-11T22:00,16.3,66,1010.4,4,1.59,62,0.63,0.0,0.0,0.0
2025-09-11T23:00,15.7,71,1010.6,2,1.87,70,0.51,0.0,0.0,0.0
2025-09-12T00:00,15.2,78,1010.8,8,1.96,84,0.38,0.0,0.0,0.0
2025-09-12T01:00,14.6,83,1010.9,5,1.95,90,0.29,0.0,0.0,0.0
2025-09-12T02:00,14.0,86,1011.0,3,2.10,91,0.22,0.0,0.0,0.0
2025-09-12T03:00,13.4,90,1011.1,0,2.16,97,0.16,0.0,0.0,0.0
2025-09-12T04:00,11.9,95,1011.3,100,2.51,95,0.08,0.0,0.0,0.0
2025-09-12T05:00,11.6,96,1011.7,100,2.62,98,0.05,0.0,0.0,0.0
2025-09-12T06:00,11.5,96,1012.2,100,2.66,102,0.05,0.0,0.0,0.0
2025-09-12T07:00,11.6,95,1012.5,89,2.80,106,0.07,24.0,5.0,19.0
2025-09-12T08:00,11.9,91,1012.6,47,3.05,108,0.12,116.0,43.0,73.0
2025-09-12T09:00,12.9,84,1013.1,34,3.29,114,0.23,254.0,139.0,115.0
2025-09-12T10:00,14.3,75,1013.3,31,3.40,116,0.41,391.0,264.0,127.0
2025-09-12T11:00,15.4,68,1013.1,19,3.20,119,0.56,477.0,349.0,128.0
2025-09-12T12:00,16.1,63,1013.2,45,2.94,122,0.68,512.0,375.0,137.0
2025-09-12T13:00,16.4,59,1013.3,90,2.57,123,0.76,392.0,189.0,203.0
2025-09-12T14:00,16.9,56,1013.2,75,2.36,126,0.84,400.0,147.0,253.0
2025-09-12T15:00,17.2,54,1013.1,22,2.38,131,0.91,394.0,205.0,189.0
2025-09-12T16:00,17.5,52,1013.0,27,2.42,128,0.96,320.0,172.0,148.0
2025-09-12T17:00,17.3,53,1012.8,13,2.30,136,0.94,257.0,164.0,93.0
2025-09-12T18:00,16.7,56,1012.8,3,1.71,142,0.85,136.0,83.0,53.0
2025-09-12T19:00,15.8,60,1012.9,1,1.43,126,0.72,27.0,12.0,15.0
2025-09-12T20:00,15.0,64,1013.3,9,1.69,124,0.62,0.0,0.0,0.0
2025-09-12T21:00,14.0,70,1013.3,5,1.72,126,0.48,0.0,0.0,0.0
2025-09-12T22:00,13.2,73,1013.9,1,1.76,125,0.41,0.0,0.0,0.0
2025-09-12T23:00,12.5,75,1013.9,0,2.07,127,0.37,0.0,0.0,0.0
2025-09-13T00:00,11.9,75,1014.2,0,2.16,130,0.35,0.0,0.0,0.0
2025-09-13T01:00,11.2,76,1014.2,0,2.16,132,0.32,0.0,0.0,0.0
2025-09-13T02:00,10.6,78,1014.6,0,1.94,136,0.28,0.0,0.0,0.0
2025-09-13T03:00,10.1,81,1014.8,0,1.91,135,0.24,0.0,0.0,0.0
2025-09-13T04:00,8.2,87,1015.3,0,1.95,132,0.14,0.0,0.0,0.0
2025-09-13T05:00,7.8,89,1015.6,0,1.98,135,0.12,0.0,0.0,0.0
2025-09-13T06:00,7.5,90,1015.8,0,1.84,137,0.11,0.0,0.0,0.0
2025-09-13T07:00,7.6,90,1016.0,0,1.66,136,0.11,37.0,18.0,19.0
2025-09-13T08:00,8.6,88,1016.2,0,1.07,127,0.13,158.0,106.0,52.0
2025-09-13T09:00,10.0,84,1016.4,0,0.96,129,0.19,298.0,228.0,70.0
2025-09-13T10:00,11.9,78,1016.4,0,1.06,139,0.30,426.0,345.0,81.0
2025-09-13T11:00,13.7,71,1016.5,0,1.42,138,0.46,526.0,439.0,87.0
2025-09-13T12:00,14.9,62,1016.1,0,2.07,143,0.64,589.0,498.0,91.0
2025-09-13T13:00,15.7,60,1016.1,0,2.18,148,0.72,608.0,517.0,91.0
2025-09-13T14:00,16.3,58,1015.7,10,1.95,154,0.78,581.0,492.0,89.0
2025-09-13T15:00,16.7,57,1015.4,72,2.06,154,0.82,505.0,410.0,95.0
2025-09-13T16:00,17.4,52,1015.6,100,2.48,155,0.96,372.0,240.0,132.0
2025-09-13T17:00,17.1,53,1015.5,100,2.23,160,0.91,241.0,127.0,114.0
2025-09-13T18:00,16.4,57,1015.3,100,1.71,159,0.79,113.0,37.0,76.0
2025-09-13T19:00,15.4,62,1015.2,100,1.64,149,0.67,20.0,2.0,18.0
2025-09-13T20:00,14.6,65,1015.1,100,1.90,150,0.57,0.0,0.0,0.0
2025-09-13T21:00,13.9,68,1015.3,100,1.75,156,0.52,0.0,0.0,0.0
2025-09-13T22:00,13.2,70,1015.3,100,1.91,160,0.46,0.0,0.0,0.0
2025-09-13T23:00,12.5,71,1015.5,100,1.98,164,0.42,0.0,0.0,0.0
2025-09-14T00:00,11.9,73,1015.6,100,1.99,168,0.38,0.0,0.0,0.0
2025-09-14T01:00,11.4,74,1015.4,100,1.93,170,0.36,0.0,0.0,0.0
2025-09-14T02:00,11.0,74,1015.3,100,1.86,166,0.34,0.0,0.0,0.0
2025-09-14T03:00,10.5,75,1015.3,100,1.69,168,0.32,0.0,0.0,0.0
2025-09-14T04:00,8.8,81,1015.6,100,1.38,161,0.21,0.0,0.0,0.0
2025-09-14T05:00,8.4,83,1015.5,100,1.50,154,0.19,0.0,0.0,0.0
2025-09-14T06:00,8.1,83,1015.4,99,1.52,153,0.18,0.0,0.0,0.0
2025-09-14T07:00,8.1,83,1015.3,95,1.55,147,0.18,29.0,5.0,24.0
2025-09-14T08:00,9.0,82,1015.5,44,1.31,137,0.21,140.0,72.0,68.0
2025-09-14T09:00,10.5,79,1015.4,27,0.96,141,0.27,287.0,210.0,77.0
2025-09-14T10:00,12.5,73,1015.5,9,1.08,146,0.39,419.0,340.0,79.0
2025-09-14T11:00,14.4,65,1015.2,18,1.32,155,0.57,519.0,434.0,85.0
2025-09-14T12:00,15.9,57,1014.8,32,1.79,162,0.77,580.0,489.0,91.0
2025-09-14T13:00,16.8,52,1014.5,93,2.14,169,0.92,594.0,494.0,100.0
2025-09-14T14:00,17.3,49,1013.9,70,2.07,172,1.00,557.0,440.0,117.0
2025-09-14T15:00,17.6,48,1013.6,92,2.03,170,1.04,487.0,374.0,113.0
2025-09-14T16:00,18.3,44,1013.1,100,1.88,155,1.18,390.0,299.0,91.0
2025-09-14T17:00,18.0,47,1012.7,96,1.90,153,1.09,257.0,173.0,84.0
2025-09-14T18:00,17.2,54,1012.3,86,1.49,140,0.90,121.0,63.0,58.0
2025-09-14T19:00,16.0,60,1012.0,7,1.35,138,0.73,20.0,7.0,13.0
2025-09-14T20:00,15.2,63,1011.9,1,1.85,142,0.63,0.0,0.0,0.0
2025-09-14T21:00,14.3,68,1011.7,1,2.04,144,0.52,0.0,0.0,0.0
2025-09-14T22:00,13.5,71,1011.3,0,2.04,152,0.45,0.0,0.0,0.0
2025-09-14T23:00,12.8,73,1011.2,0,1.97,153,0.41,0.0,0.0,0.0
2025-09-15T00:00,12.2,74,1010.9,0,1.95,151,0.37,0.0,0.0,0.0
2025-09-15T01:00,11.8,75,1010.6,0,1.99,152,0.35,0.0,0.0,0.0
2025-09-15T02:00,11.4,75,1010.6,0,2.07,148,0.33,0.0,0.0,0.0
2025-09-15T03:00,10.9,77,1010.4,0,2.08,145,0.31,0.0,0.0,0.0
2025-09-15T04:00,8.7,83,1010.4,0,1.99,141,0.19,0.0,0.0,0.0
2025-09-15T05:00,8.3,85,1010.4,0,1.95,140,0.17,0.0,0.0,0.0
2025-09-15T06:00,8.0,86,1009.9,0,1.94,136,0.15,0.0,0.0,0.0
2025-09-15T07:00,8.3,86,1009.8,0,2.02,136,0.16,31.0,15.0,16.0
2025-09-15T08:00,9.4,86,1009.7,0,2.17,119,0.17,147.0,98.0,49.0
2025-09-15T09:00,11.1,81,1009.3,0,1.37,123,0.25,284.0,216.0,68.0
2025-09-15T10:00,13.2,76,1009.1,0,1.44,124,0.36,409.0,331.0,78.0
2025-09-15T11:00,15.6,70,1009.0,0,1.67,131,0.53,507.0,422.0,85.0
2025-09-15T12:00,17.5,66,1008.5,0,1.95,140,0.69,568.0,480.0,88.0
2025-09-15T13:00,19.0,61,1008.3,0,2.33,145,0.86,587.0,498.0,89.0
2025-09-15T14:00,20.1,54,1007.6,1,2.64,151,1.08,561.0,474.0,87.0
2025-09-15T15:00,20.6,48,1007.2,0,2.89,157,1.27,494.0,412.0,82.0
2025-09-15T16:00,21.5,41,1006.5,49,2.43,172,1.51,368.0,275.0,93.0
2025-09-15T17:00,21.0,45,1006.3,98,1.95,157,1.36,236.0,151.0,85.0
2025-09-15T18:00,19.7,53,1006.1,100,2.02,140,1.08,112.0,53.0,59.0
2025-09-15T19:00,18.2,58,1005.7,99,2.69,133,0.87,16.0,3.0,13.0
2025-09-15T20:00,17.2,63,1005.8,100,3.05,139,0.73,0.0,0.0,0.0
2025-09-15T21:00,16.3,65,1005.7,100,3.12,148,0.65,0.0,0.0,0.0
2025-09-15T22:00,15.4,68,1005.9,100,2.82,153,0.56,0.0,0.0,0.0
2025-09-15T23:00,14.6,69,1005.8,100,2.84,156,0.51,0.0,0.0,0.0
2025-09-16T00:00,14.2,70,1005.7,65,2.99,162,0.49,0.0,0.0,0.0
2025-09-16T01:00,13.8,71,1005.5,24,3.01,165,0.46,0.0,0.0,0.0
2025-09-16T02:00,13.3,72,1005.3,10,2.80,169,0.43,0.0,0.0,0.0
2025-09-16T03:00,12.9,73,1005.2,9,2.72,167,0.41,0.0,0.0,0.0
2025-09-16T04:00,11.9,76,1005.2,6,2.65,169,0.33,0.0,0.0,0.0
2025-09-16T05:00,11.6,77,1005.0,13,2.40,168,0.31,0.0,0.0,0.0
2025-09-16T06:00,11.3,78,1004.7,11,2.25,163,0.30,0.0,0.0,0.0
2025-09-16T07:00,11.4,78,1004.6,4,2.25,159,0.30,28.0,13.0,15.0
2025-09-16T08:00,12.5,77,1004.7,53,2.21,152,0.34,143.0,93.0,50.0
2025-09-16T09:00,13.9,74,1004.4,40,1.91,147,0.42,279.0,212.0,67.0
2025-09-16T10:00,15.6,69,1004.1,3,2.07,148,0.55,402.0,320.0,82.0
2025-09-16T11:00,17.4,65,1004.0,19,2.17,154,0.70,503.0,417.0,86.0
2025-09-16T12:00,18.9,61,1003.5,3,2.49,158,0.85,563.0,476.0,87.0
2025-09-16T13:00,20.3,56,1003.1,2,2.85,162,1.05,580.0,492.0,88.0
2025-09-16T14:00,21.3,47,1002.8,1,3.39,172,1.33,551.0,461.0,90.0
2025-09-16T15:00,21.6,41,1002.2,12,3.76,183,1.51,474.0,388.0,86.0
2025-09-16T16:00,21.8,39,1002.0,48,3.00,182,1.58,300.0,199.0,101.0
2025-09-16T17:00,21.1,43,1001.5,15,2.85,178,1.43,218.0,137.0,81.0
2025-09-16T18:00,19.9,48,1001.1,14,2.74,171,1.21,106.0,61.0,45.0
2025-09-16T19:00,18.2,55,1000.6,80,2.73,154,0.94,15.0,6.0,9.0
2025-09-16T20:00,17.1,60,1000.8,100,3.24,155,0.78,0.0,0.0,0.0
2025-09-16T21:00,16.5,60,1000.7,100,3.26,162,0.75,0.0,0.0,0.0
2025-09-16T22:00,15.8,60,1000.6,100,3.15,165,0.72,0.0,0.0,0.0
2025-09-16T23:00,15.2,61,1000.3,100,3.10,165,0.67,0.0,0.0,0.0
2025-09-17T00:00,14.7,62,1000.0,100,3.21,165,0.64,0.0,0.0,0.0
2025-09-17T01:00,14.3,62,999.8,91,3.34,167,0.62,0.0,0.0,0.0
2025-09-17T02:00,14.0,61,999.5,93,3.42,173,0.62,0.0,0.0,0.0
2025-09-17T03:00,13.6,61,999.4,14,3.45,178,0.60,0.0,0.0,0.0
2025-09-17T04:00,12.2,67,999.3,16,3.21,175,0.48,0.0,0.0,0.0
2025-09-17T05:00,12.0,66,999.2,29,3.26,176,0.48,0.0,0.0,0.0
2025-09-17T06:00,11.8,66,999.0,60,3.28,172,0.48,0.0,0.0,0.0
2025-09-17T07:00,11.9,65,999.0,100,3.30,170,0.49,23.0,8.0,15.0
2025-09-17T08:00,12.7,63,999.1,100,2.70,183,0.55,96.0,32.0,64.0
2025-09-17T09:00,13.4,63,999.3,100,2.04,169,0.56,173.0,59.0,114.0
2025-09-17T10:00,14.5,61,999.2,100,2.67,159,0.64,257.0,79.0,178.0
2025-09-17T11:00,15.8,59,999.2,100,2.85,165,0.73,325.0,85.0,240.0
2025-09-17T12:00,16.9,57,999.0,100,2.83,172,0.84,395.0,148.0,247.0
2025-09-17T13:00,17.6,54,999.0,100,3.02,173,0.92,368.0,85.0,283.0
2025-09-17T14:00,18.4,52,998.6,100,3.00,165,1.01,375.0,133.0,242.0
2025-09-17T15:00,19.3,50,998.2,89,2.89,166,1.12,432.0,274.0,158.0
2025-09-17T16:00,20.8,38,998.0,82,3.62,186,1.52,325.0,237.0,88.0
2025-09-17T17:00,20.2,40,997.8,88,3.10,180,1.42,235.0,162.0,73.0
2025-09-17T18:00,19.0,45,997.5,84,2.52,166,1.20,104.0,56.0,48.0
2025-09-17T19:00,17.5,50,997.5,97,2.86,161,0.99,13.0,4.0,9.0
2025-09-17T20:00,16.6,52,997.5,100,3.27,161,0.90,0.0,0.0,0.0
2025-09-17T21:00,15.7,54,997.5,100,3.09,166,0.81,0.0,0.0,0.0
2025-09-17T22:00,15.0,56,997.7,65,2.93,166,0.74,0.0,0.0,0.0
2025-09-17T23:00,14.1,61,997.9,70,1.54,205,0.63,0.0,0.0,0.0
2025-09-18T00:00,13.2,66,997.7,25,1.15,185,0.51,0.0,0.0,0.0
2025-09-18T01:00,12.7,65,997.5,96,1.46,149,0.51,0.0,0.0,0.0
2025-09-18T02:00,12.2,66,997.3,100,1.82,143,0.48,0.0,0.0,0.0
2025-09-18T03:00,11.9,67,997.3,100,1.93,149,0.46,0.0,0.0,0.0
2025-09-18T04:00,10.1,75,997.2,100,1.63,137,0.30,0.0,0.0,0.0
2025-09-18T05:00,9.6,76,997.2,100,1.53,142,0.29,0.0,0.0,0.0
2025-09-18T06:00,9.4,76,997.2,100,1.77,133,0.29,0.0,0.0,0.0
2025-09-18T07:00,9.4,75,997.2,100,2.16,134,0.29,18.0,1.0,17.0
2025-09-18T08:00,10.3,71,997.1,100,2.33,137,0.36,86.0,8.0,78.0
2025-09-18T09:00,11.3,72,997.5,100,2.06,131,0.38,160.0,23.0,137.0
2025-09-18T10:00,12.4,68,997.5,100,1.94,134,0.46,237.0,38.0,199.0
2025-09-18T11:00,13.7,63,997.7,100,1.99,141,0.57,323.0,75.0,248.0
2025-09-18T12:00,15.0,60,997.5,100,2.07,143,0.68,408.0,151.0,257.0
2025-09-18T13:00,16.2,57,997.3,100,2.30,146,0.80,447.0,189.0,258.0
2025-09-18T14:00,17.2,54,997.0,100,2.51,151,0.91,407.0,159.0,248.0
2025-09-18T15:00,18.0,51,996.9,100,2.47,159,1.00,376.0,162.0,214.0
2025-09-18T16:00,19.2,45,996.4,100,3.51,169,1.22,281.0,109.0,172.0
2025-09-18T17:00,18.5,49,996.4,100,3.10,177,1.09,164.0,37.0,127.0
2025-09-18T18:00,17.7,52,996.7,100,3.12,186,0.98,67.0,3.0,64.0
2025-09-18T19:00,16.7,56,996.8,99,2.60,183,0.84,9.0,0.0,9.0
2025-09-18T20:00,15.8,61,997.1,100,2.25,197,0.70,0.0,0.0,0.0
2025-09-18T21:00,14.7,69,997.5,100,2.38,255,0.52,0.0,0.0,0.0
2025-09-18T22:00,13.7,76,997.9,100,2.11,265,0.37,0.0,0.0,0.0
2025-09-18T23:00,12.9,83,998.0,100,1.72,240,0.26,0.0,0.0,0.0
2025-09-19T00:00,12.4,88,997.9,100,1.93,233,0.18,0.0,0.0,0.0
2025-09-19T01:00,12.1,92,997.7,100,1.89,217,0.12,0.0,0.0,0.0
2025-09-19T02:00,11.9,94,997.3,100,1.78,218,0.08,0.0,0.0,0.0
2025-09-19T03:00,11.3,96,997.3,10,2.01,235,0.05,0.0,0.0,0.0
2025-09-19T04:00,10.9,98,997.0,100,2.14,233,0.03,0.0,0.0,0.0
2025-09-19T05:00,10.7,98,996.8,100,2.30,236,0.02,0.0,0.0,0.0
2025-09-19T06:00,10.6,98,996.9,100,2.64,241,0.03,0.0,0.0,0.0
2025-09-19T07:00,10.5,98,996.9,100,2.54,238,0.03,9.0,0.0,9.0
2025-09-19T08:00,10.7,96,996.6,100,2.47,225,0.05,46.0,3.0,43.0
2025-09-19T09:00,11.2,93,996.3,100,2.73,215,0.09,100.0,8.0,92.0
2025-09-19T10:00,12.0,88,996.0,100,3.14,217,0.17,193.0,24.0,169.0
2025-09-19T11:00,13.3,80,996.0,100,3.59,219,0.31,289.0,67.0,222.0
2025-09-19T12:00,13.5,78,995.2,100,3.46,211,0.34,164.0,0.0,164.0
2025-09-19T13:00,14.4,74,994.7,99,4.03,217,0.43,314.0,56.0,258.0
2025-09-19T14:00,14.3,76,994.1,100,3.02,199,0.39,183.0,17.0,166.0
2025-09-19T15:00,14.9,74,993.3,65,2.41,174,0.43,107.0,0.0,107.0
2025-09-19T16:00,14.1,80,993.7,56,3.36,203,0.32,139.0,30.0,109.0
2025-09-19T17:00,14.3,78,993.1,56,3.16,215,0.36,121.0,43.0,78.0
2025-09-19T18:00,14.3,81,992.9,72,2.80,215,0.31,59.0,20.0,39.0
2025-09-19T19:00,13.5,83,992.8,99,2.90,212,0.26,8.0,1.0,7.0
2025-09-19T20:00,13.0,85,992.9,100,3.04,222,0.22,0.0,0.0,0.0
2025-09-19T21:00,12.6,88,992.4,100,2.92,232,0.18,0.0,0.0,0.0
2025-09-19T22:00,12.2,92,992.4,100,2.47,225,0.12,0.0,0.0,0.0
2025-09-19T23:00,12.2,94,992.1,100,3.13,250,0.09,0.0,0.0,0.0
2025-09-20T00:00,12.3,95,992.3,100,3.40,270,0.08,0.0,0.0,0.0
2025-09-20T01:00,12.2,95,992.4,100,2.86,275,0.07,0.0,0.0,0.0
2025-09-20T02:00,12.2,94,992.7,100,3.10,285,0.09,0.0,0.0,0.0
2025-09-20T03:00,12.0,94,993.2,100,3.31,295,0.09,0.0,0.0,0.0
2025-09-20T04:00,12.0,95,993.5,78,3.29,300,0.08,0.0,0.0,0.0
2025-09-20T05:00,11.8,95,994.2,100,3.87,310,0.07,0.0,0.0,0.0
2025-09-20T06:00,11.2,94,994.9,62,3.58,311,0.09,0.0,0.0,0.0
2025-09-20T07:00,10.7,93,995.4,10,3.45,309,0.09,18.0,7.0,11.0
2025-09-20T08:00,11.1,91,996.3,84,4.56,315,0.12,121.0,71.0,50.0
2025-09-20T09:00,11.9,84,996.7,87,4.39,319,0.23,169.0,39.0,130.0
2025-09-20T10:00,12.6,78,997.6,94,4.28,315,0.33,206.0,39.0,167.0
2025-09-20T11:00,13.9,68,998.0,100,4.35,314,0.51,350.0,168.0,182.0
2025-09-20T12:00,14.5,65,998.2,100,4.04,312,0.58,292.0,85.0,207.0
2025-09-20T13:00,15.1,63,998.5,100,3.71,307,0.63,327.0,120.0,207.0
2025-09-20T14:00,15.5,63,998.5,100,3.48,302,0.65,287.0,65.0,222.0
2025-09-20T15:00,16.0,60,998.4,99,3.58,297,0.73,278.0,83.0,195.0
2025-09-20T16:00,15.6,57,999.3,100,3.39,286,0.75,176.0,39.0,137.0
2025-09-20T17:00,15.7,59,999.1,93,2.30,271,0.74,180.0,83.0,97.0
2025-09-20T18:00,15.1,63,998.7,18,2.25,249,0.64,85.0,36.0,49.0
2025-09-20T19:00,14.1,68,998.8,90,2.78,240,0.52,7.0,2.0,5.0
2025-09-20T20:00,13.7,70,998.8,100,3.06,244,0.46,0.0,0.0,0.0
2025-09-20T21:00,13.1,74,998.7,100,3.13,236,0.39,0.0,0.0,0.0
2025-09-20T22:00,13.1,75,998.8,100,3.51,246,0.38,0.0,0.0,0.0
2025-09-20T23:00,13.1,76,998.8,100,3.45,246,0.37,0.0,0.0,0.0
2025-09-21T00:00,13.5,76,998.6,100,3.39,248,0.37,0.0,0.0,0.0
2025-09-21T01:00,13.5,78,998.2,100,3.35,250,0.34,0.0,0.0,0.0
2025-09-21T02:00,13.5,80,997.7,100,3.25,247,0.31,0.0,0.0,0.0
2025-09-21T03:00,13.6,81,997.5,100,2.97,243,0.29,0.0,0.0,0.0
2025-09-21T04:00,13.3,85,997.6,100,2.91,243,0.24,0.0,0.0,0.0
2025-09-21T05:00,13.5,85,997.6,100,2.95,246,0.23,0.0,0.0,0.0
2025-09-21T06:00,13.8,85,997.4,100,2.93,240,0.23,0.0,0.0,0.0
2025-09-21T07:00,14.0,85,997.4,100,2.98,239,0.25,11.0,0.0,11.0
2025-09-21T08:00,14.6,83,997.2,100,3.05,235,0.29,93.0,37.0,56.0
2025-09-21T09:00,15.6,81,997.3,100,2.69,227,0.33,215.0,124.0,91.0
2025-09-21T10:00,16.6,79,997.1,50,2.80,221,0.40,348.0,234.0,114.0
2025-09-21T11:00,17.8,76,996.8,99,2.91,221,0.49,456.0,358.0,98.0
2025-09-21T12:00,19.3,71,996.4,96,4.45,243,0.64,503.0,377.0,126.0
2025-09-21T13:00,21.0,60,996.1,100,4.05,254,0.99,463.0,271.0,192.0
2025-09-21T14:00,21.6,60,996.0,100,3.52,247,1.03,412.0,233.0,179.0
2025-09-21T15:00,21.5,63,995.7,100,3.18,251,0.96,376.0,211.0,165.0
2025-09-21T16:00,21.0,65,996.3,100,1.84,237,0.86,202.0,35.0,167.0
2025-09-21T17:00,20.6,69,996.2,97,2.30,221,0.75,134.0,25.0,109.0
2025-09-21T18:00,19.8,73,995.8,93,2.41,214,0.62,80.0,33.0,47.0
2025-09-21T19:00,18.8,79,995.7,73,2.48,214,0.46,6.0,1.0,5.0
2025-09-21T20:00,18.2,82,995.5,100,2.51,226,0.37,0.0,0.0,0.0
2025-09-21T21:00,17.9,85,995.3,79,2.55,223,0.31,0.0,0.0,0.0
2025-09-21T22:00,17.7,86,995.1,99,2.66,236,0.27,0.0,0.0,0.0
2025-09-21T23:00,17.4,88,995.3,100,2.62,244,0.24,0.0,0.0,0.0
2025-09-22T00:00,17.1,89,995.3,100,2.67,249,0.21,0.0,0.0,0.0
2025-09-22T01:00,16.8,91,995.2,30,2.63,249,0.18,0.0,0.0,0.0
2025-09-22T02:00,16.4,92,995.3,85,2.60,247,0.14,0.0,0.0,0.0
2025-09-22T03:00,16.0,94,995.2,20,2.48,245,0.11,0.0,0.0,0.0
2025-09-22T04:00,15.4,94,995.2,0,2.54,238,0.10,0.0,0.0,0.0
2025-09-22T05:00,15.2,95,994.9,3,2.54,234,0.09,0.0,0.0,0.0
2025-09-22T06:00,15.1,95,995.0,31,2.89,233,0.09,0.0,0.0,0.0
2025-09-22T07:00,15.2,95,994.8,6,3.16,231,0.09,15.0,6.0,9.0
2025-09-22T08:00,16.4,91,994.6,1,3.26,229,0.16,113.0,70.0,43.0
2025-09-22T09:00,17.5,89,994.8,0,2.59,220,0.21,244.0,182.0,62.0
2025-09-22T10:00,19.1,83,994.5,0,2.67,218,0.37,368.0,295.0,73.0
2025-09-22T11:00,20.6,76,994.3,0,2.96,217,0.58,465.0,386.0,79.0
2025-09-22T12:00,22.0,70,994.1,0,3.27,214,0.80,524.0,442.0,82.0
2025-09-22T13:00,23.3,66,993.9,0,3.58,216,0.98,540.0,458.0,82.0
2025-09-22T14:00,24.2,61,993.4,0,4.14,224,1.18,513.0,432.0,81.0
2025-09-22T15:00,24.6,59,993.1,0,4.32,227,1.27,443.0,367.0,76.0
2025-09-22T16:00,25.6,54,993.0,0,4.21,233,1.50,339.0,270.0,69.0
2025-09-22T17:00,25.0,54,992.9,0,4.20,235,1.46,213.0,156.0,57.0
2025-09-22T18:00,24.0,54,992.8,0,4.62,236,1.37,84.0,50.0,34.0
2025-09-22T19:00,23.0,57,993.1,0,4.63,241,1.20,5.0,1.0,4.0
2025-09-22T20:00,22.3,61,993.2,0,4.45,241,1.06,0.0,0.0,0.0
2025-09-22T21:00,21.7,64,993.2,0,4.27,241,0.94,0.0,0.0,0.0
2025-09-22T22:00,21.0,66,993.5,2,4.05,243,0.83,0.0,0.0,0.0
2025-09-22T23:00,20.4,69,993.6,1,3.77,238,0.74,0.0,0.0,0.0
2025-09-23T00:00,19.7,71,993.7,26,3.53,243,0.65,0.0,0.0,0.0
2025-09-23T01:00,19.1,74,993.9,2,3.22,246,0.57,0.0,0.0,0.0
2025-09-23T02:00,18.2,79,993.8,5,2.62,239,0.44,0.0,0.0,0.0
2025-09-23T03:00,17.5,82,993.7,18,2.31,231,0.36,0.0,0.0,0.0
2025-09-23T04:00,16.8,82,993.4,3,2.55,222,0.35,0.0,0.0,0.0
2025-09-23T05:00,16.5,81,993.4,3,3.03,232,0.36,0.0,0.0,0.0
2025-09-23T06:00,16.3,80,993.6,76,2.83,234,0.38,0.0,0.0,0.0
2025-09-23T07:00,16.0,81,993.6,100,2.80,239,0.35,9.0,3.0,6.0
2025-09-23T08:00,16.1,81,993.7,100,2.40,247,0.34,46.0,16.0,30.0
2025-09-23T09:00,16.2,85,994.0,100,1.91,265,0.28,61.0,0.0,61.0
2025-09-23T10:00,16.2,86,994.4,100,2.17,278,0.26,84.0,0.0,84.0
2025-09-23T11:00,15.9,83,994.4,100,1.82,291,0.30,93.0,0.0,93.0
2025-09-23T12:00,15.8,77,994.6,100,2.03,308,0.41,127.0,1.0,126.0
2025-09-23T13:00,15.4,78,994.6,100,1.72,300,0.38,80.0,0.0,80.0
2025-09-23T14:00,15.3,75,995.0,100,2.73,294,0.44,90.0,1.0,89.0
2025-09-23T15:00,14.5,72,995.4,100,2.79,314,0.47,60.0,0.0,60.0
2025-09-23T16:00,13.2,71,996.6,100,2.39,303,0.44,44.0,0.0,44.0
2025-09-23T17:00,13.0,68,996.6,100,2.45,303,0.47,27.0,0.0,27.0
2025-09-23T18:00,12.4,72,996.7,100,2.42,300,0.41,14.0,0.0,14.0
2025-09-23T19:00,11.8,78,997.1,100,2.37,288,0.30,1.0,0.0,1.0
2025-09-23T20:00,11.5,81,997.3,100,2.59,280,0.25,0.0,0.0,0.0
2025-09-23T21:00,11.3,81,997.4,100,2.73,278,0.26,0.0,0.0,0.0
2025-09-23T22:00,11.2,81,997.3,100,2.48,279,0.25,0.0,0.0,0.0
2025-09-23T23:00,11.1,83,997.5,100,2.46,275,0.23,0.0,0.0,0.0
2025-09-24T00:00,10.9,83,997.4,97,2.52,277,0.22,0.0,0.0,0.0
2025-09-24T01:00,10.3,86,997.3,97,2.46,276,0.18,0.0,0.0,0.0
2025-09-24T02:00,9.7,88,997.3,0,2.51,276,0.15,0.0,0.0,0.0
2025-09-24T03:00,9.2,88,997.5,0,2.40,269,0.14,0.0,0.0,0.0
2025-09-24T04:00,7.9,91,997.8,0,2.57,262,0.09,0.0,0.0,0.0
2025-09-24T05:00,7.6,91,998.0,1,2.75,260,0.10,0.0,0.0,0.0
2025-09-24T06:00,7.3,90,998.2,15,2.98,261,0.10,0.0,0.0,0.0
2025-09-24T07:00,7.1,89,998.3,67,3.30,273,0.11,13.0,5.0,8.0
2025-09-24T08:00,7.5,82,998.4,30,3.36,281,0.19,113.0,70.0,43.0
2025-09-24T09:00,8.2,76,998.4,86,4.81,297,0.26,247.0,181.0,66.0
2025-09-24T10:00,8.9,70,998.9,100,4.55,303,0.35,270.0,134.0,136.0
2025-09-24T11:00,9.4,64,998.9,100,4.78,304,0.42,207.0,10.0,197.0
2025-09-24T12:00,9.6,65,999.2,95,4.19,303,0.41,205.0,9.0,196.0
2025-09-24T13:00,10.2,60,999.3,26,4.29,304,0.50,387.0,210.0,177.0
2025-09-24T14:00,11.0,48,999.3,5,4.33,306,0.68,476.0,368.0,108.0
2025-09-24T15:00,11.2,43,999.4,15,4.24,308,0.76,445.0,363.0,82.0
2025-09-24T16:00,10.7,45,1000.2,39,4.03,295,0.71,318.0,228.0,90.0
2025-09-24T17:00,10.5,45,1000.2,8,3.62,294,0.70,169.0,96.0,73.0
2025-09-24T18:00,9.5,51,1000.3,2,3.70,293,0.58,71.0,38.0,33.0
2025-09-24T19:00,8.7,56,1000.6,17,3.44,283,0.49,3.0,1.0,2.0
2025-09-24T20:00,8.2,57,1000.7,0,3.56,290,0.46,0.0,0.0,0.0
2025-09-24T21:00,7.4,62,1001.0,0,3.41,292,0.39,0.0,0.0,0.0
2025-09-24T22:00,6.8,67,1001.3,0,3.57,292,0.33,0.0,0.0,0.0
2025-09-24T23:00,6.4,71,1001.3,18,3.50,292,0.28,0.0,0.0,0.0
2025-09-25T00:00,6.1,73,1001.4,10,3.53,286,0.26,0.0,0.0,0.0
2025-09-25T01:00,6.1,72,1001.4,18,3.54,289,0.27,0.0,0.0,0.0
2025-09-25T02:00,6.1,71,1001.4,87,3.45,294,0.28,0.0,0.0,0.0
2025-09-25T03:00,6.3,70,1001.8,100,3.37,302,0.29,0.0,0.0,0.0
2025-09-25T04:00,6.3,76,1002.2,100,3.31,304,0.23,0.0,0.0,0.0
2025-09-25T05:00,6.5,77,1002.6,100,3.32,307,0.22,0.0,0.0,0.0
2025-09-25T06:00,6.5,79,1003.2,100,3.13,309,0.20,0.0,0.0,0.0
2025-09-25T07:00,6.7,79,1003.6,100,3.11,312,0.20,4.0,0.0,4.0
2025-09-25T08:00,7.0,79,1003.9,100,3.29,314,0.21,27.0,0.0,27.0
2025-09-25T09:00,7.3,78,1004.6,100,3.26,320,0.22,61.0,0.0,61.0
2025-09-25T10:00,7.7,74,1005.0,100,3.92,330,0.28,128.0,7.0,121.0
2025-09-25T11:00,7.9,71,1005.6,100,4.12,331,0.31,124.0,6.0,118.0
2025-09-25T12:00,9.0,65,1005.8,100,4.21,332,0.40,244.0,29.0,215.0
2025-09-25T13:00,9.7,61,1006.2,100,4.38,333,0.46,271.0,32.0,239.0
2025-09-25T14:00,10.1,59,1006.2,97,4.07,334,0.51,230.0,28.0,202.0
2025-09-25T15:00,10.5,58,1006.5,95,3.80,325,0.53,220.0,58.0,162.0
2025-09-25T16:00,9.9,61,1007.6,85,3.93,318,0.48,141.0,23.0,118.0
2025-09-25T17:00,10.0,61,1007.8,100,3.43,314,0.47,110.0,27.0,83.0
2025-09-25T18:00,9.6,63,1008.0,99,2.80,313,0.44,37.0,8.0,29.0
2025-09-25T19:00,9.4,65,1008.5,100,2.65,306,0.42,1.0,0.0,1.0
2025-09-25T20:00,9.2,65,1008.8,76,2.78,308,0.40,0.0,0.0,0.0
2025-09-25T21:00,8.5,69,1008.9,60,2.71,308,0.35,0.0,0.0,0.0
2025-09-25T22:00,7.8,73,1009.2,98,2.65,302,0.29,0.0,0.0,0.0
2025-09-25T23:00,7.7,74,1009.6,100,2.46,299,0.27,0.0,0.0,0.0
2025-09-26T00:00,7.8,75,1009.5,99,2.44,296,0.26,0.0,0.0,0.0
2025-09-26T01:00,7.9,74,1009.7,100,2.53,300,0.28,0.0,0.0,0.0
2025-09-26T02:00,7.9,73,1009.9,100,2.51,299,0.29,0.0,0.0,0.0
2025-09-26T03:00,7.7,72,1010.1,42,2.66,298,0.30,0.0,0.0,0.0
2025-09-26T04:00,5.0,82,1010.6,0,2.66,290,0.15,0.0,0.0,0.0
2025-09-26T05:00,4.1,86,1010.8,0,2.67,291,0.12,0.0,0.0,0.0
2025-09-26T06:00,3.5,88,1011.2,0,2.51,287,0.10,0.0,0.0,0.0
2025-09-26T07:00,3.3,89,1011.3,2,2.55,286,0.09,10.0,4.0,6.0
2025-09-26T08:00,4.0,87,1011.4,61,2.11,277,0.10,101.0,60.0,41.0
2025-09-26T09:00,5.3,82,1011.5,49,2.07,277,0.16,164.0,83.0,81.0
2025-09-26T10:00,7.3,76,1011.4,100,2.24,280,0.25,276.0,150.0,126.0
2025-09-26T11:00,8.9,71,1011.4,100,2.44,281,0.33,335.0,151.0,184.0
2025-09-26T12:00,10.0,69,1010.9,96,2.65,270,0.38,325.0,93.0,232.0
2025-09-26T13:00,11.6,63,1010.5,53,3.11,296,0.50,428.0,245.0,183.0
2025-09-26T14:00,12.5,58,1010.3,100,4.05,320,0.61,356.0,210.0,146.0
2025-09-26T15:00,12.3,60,1010.1,86,3.79,319,0.57,233.0,68.0,165.0
2025-09-26T16:00,13.8,53,1009.7,4,2.62,310,0.74,265.0,152.0,113.0
2025-09-26T17:00,13.5,56,1009.9,50,2.51,317,0.68,182.0,120.0,62.0
2025-09-26T18:00,12.7,61,1009.9,30,2.22,301,0.58,51.0,20.0,31.0
2025-09-26T19:00,11.6,66,1009.8,35,2.44,293,0.47,1.0,0.0,1.0
2025-09-26T20:00,10.9,70,1009.9,7,2.69,292,0.39,0.0,0.0,0.0
2025-09-26T21:00,10.2,74,1009.8,11,2.91,297,0.32,0.0,0.0,0.0
2025-09-26T22:00,9.6,77,1009.6,28,2.75,299,0.27,0.0,0.0,0.0
2025-09-26T23:00,9.2,80,1009.4,15,2.57,297,0.23,0.0,0.0,0.0
2025-09-27T00:00,8.7,82,1009.3,23,2.57,299,0.20,0.0,0.0,0.0
2025-09-27T01:00,8.3,84,1009.2,21,2.64,299,0.18,0.0,0.0,0.0
2025-09-27T02:00,8.0,86,1008.9,3,2.49,300,0.15,0.0,0.0,0.0
2025-09-27T03:00,7.6,88,1008.7,1,2.46,299,0.13,0.0,0.0,0.0
2025-09-27T04:00,6.9,90,1008.4,48,2.36,287,0.10,0.0,0.0,0.0
2025-09-27T05:00,6.6,92,1008.2,99,2.45,287,0.08,0.0,0.0,0.0
2025-09-27T06:00,6.3,93,1008.1,100,2.37,288,0.06,0.0,0.0,0.0
2025-09-27T07:00,6.2,95,1007.8,100,2.36,287,0.05,8.0,1.0,7.0
2025-09-27T08:00,7.0,93,1007.6,100,2.38,292,0.07,70.0,7.0,63.0
2025-09-27T09:00,8.1,90,1007.6,100,2.67,308,0.11,135.0,13.0,122.0
2025-09-27T10:00,9.1,87,1007.2,100,2.70,320,0.15,175.0,10.0,165.0
2025-09-27T11:00,10.0,83,1007.0,100,2.65,324,0.21,167.0,5.0,162.0
2025-09-27T12:00,10.7,79,1006.6,100,2.47,324,0.27,177.0,3.0,174.0
2025-09-27T13:00,11.0,79,1006.3,100,2.35,331,0.28,187.0,4.0,183.0
2025-09-27T14:00,10.8,82,1006.4,100,1.97,333,0.23,172.0,3.0,169.0
2025-09-27T15:00,10.1,87,1006.0,100,2.24,350,0.17,70.0,0.0,70.0
2025-09-27T16:00,9.7,92,1006.1,100,1.59,314,0.10,47.0,0.0,47.0
2025-09-27T17:00,9.5,92,1006.0,100,1.41,315,0.10,30.0,0.0,30.0
2025-09-27T18:00,9.3,95,1006.0,100,0.87,329,0.06,16.0,0.0,16.0
2025-09-27T19:00,8.9,95,1005.9,100,1.36,354,0.06,0.0,0.0,0.0
2025-09-27T20:00,8.8,93,1005.9,99,1.72,17,0.07,0.0,0.0,0.0
2025-09-27T21:00,8.5,97,1005.9,96,1.63,27,0.04,0.0,0.0,0.0
2025-09-27T22:00,8.2,97,1006.0,100,1.64,20,0.03,0.0,0.0,0.0
2025-09-27T23:00,8.3,97,1005.8,100,1.76,15,0.03,0.0,0.0,0.0
2025-09-28T00:00,8.2,95,1005.8,100,2.06,26,0.05,0.0,0.0,0.0
2025-09-28T01:00,8.0,95,1006.0,100,3.36,44,0.05,0.0,0.0,0.0
2025-09-28T02:00,7.7,93,1006.4,99,3.51,50,0.08,0.0,0.0,0.0
2025-09-28T03:00,7.3,91,1006.4,100,3.50,47,0.09,0.0,0.0,0.0
2025-09-28T04:00,6.4,91,1007.0,88,3.05,32,0.09,0.0,0.0,0.0
2025-09-28T05:00,6.0,90,1007.3,92,3.50,42,0.10,0.0,0.0,0.0
2025-09-28T06:00,5.9,89,1007.7,100,3.53,52,0.10,0.0,0.0,0.0
2025-09-28T07:00,6.0,88,1008.3,100,3.91,58,0.11,1.0,0.0,1.0
2025-09-28T08:00,5.9,88,1008.9,100,4.61,61,0.12,14.0,0.0,14.0
2025-09-28T09:00,5.9,84,1009.5,100,4.27,61,0.15,28.0,0.0,28.0
2025-09-28T10:00,6.1,81,1010.1,100,4.61,64,0.18,58.0,0.0,58.0
2025-09-28T11:00,6.7,74,1010.6,100,4.67,69,0.26,112.0,0.0,112.0
2025-09-28T12:00,7.3,67,1011.3,100,4.40,71,0.33,147.0,0.0,147.0
2025-09-28T13:00,8.3,62,1011.7,80,4.89,76,0.42,238.0,28.0,210.0
2025-09-28T14:00,9.2,56,1011.8,100,4.54,76,0.51,289.0,85.0,204.0
2025-09-28T15:00,9.3,52,1011.8,100,3.81,67,0.56,197.0,41.0,156.0
2025-09-28T16:00,8.2,55,1012.8,100,4.14,62,0.49,114.0,12.0,102.0
2025-09-28T17:00,7.9,58,1013.3,91,3.63,60,0.45,54.0,4.0,50.0
2025-09-28T18:00,7.4,63,1013.7,50,3.29,66,0.38,27.0,4.0,23.0
2025-09-28T19:00,6.9,67,1014.3,95,3.04,63,0.33,0.0,0.0,0.0
2025-09-28T20:00,6.9,69,1014.6,100,3.14,59,0.31,0.0,0.0,0.0
2025-09-28T21:00,6.9,70,1014.8,100,3.44,64,0.30,0.0,0.0,0.0
2025-09-28T22:00,6.9,71,1015.2,100,3.42,69,0.29,0.0,0.0,0.0
2025-09-28T23:00,6.4,74,1015.5,13,3.18,77,0.25,0.0,0.0,0.0
2025-09-29T00:00,6.2,74,1015.6,81,3.23,74,0.25,0.0,0.0,0.0
2025-09-29T01:00,5.8,74,1015.7,96,3.26,69,0.24,0.0,0.0,0.0
2025-09-29T02:00,5.7,72,1015.8,99,3.00,72,0.25,0.0,0.0,0.0
2025-09-29T03:00,5.7,72,1016.0,45,3.04,63,0.26,0.0,0.0,0.0
2025-09-29T04:00,4.9,78,1016.5,83,3.06,62,0.19,0.0,0.0,0.0
2025-09-29T05:00,4.9,81,1016.8,100,3.23,68,0.16,0.0,0.0,0.0
2025-09-29T06:00,4.9,82,1017.1,100,3.32,69,0.15,0.0,0.0,0.0
2025-09-29T07:00,4.9,81,1017.5,89,3.34,68,0.17,4.0,0.0,4.0
2025-09-29T08:00,5.2,76,1017.8,59,3.46,70,0.21,58.0,17.0,41.0
2025-09-29T09:00,5.7,72,1017.9,85,3.43,74,0.25,186.0,106.0,80.0
2025-09-29T10:00,6.9,68,1018.2,59,3.54,74,0.32,304.0,180.0,124.0
2025-09-29T11:00,7.9,58,1018.2,94,4.38,83,0.44,380.0,246.0,134.0
2025-09-29T12:00,8.2,54,1018.4,100,5.16,93,0.50,358.0,161.0,197.0
2025-09-29T13:00,8.5,54,1018.3,99,4.51,86,0.51,294.0,95.0,199.0
2025-09-29T14:00,8.7,52,1018.2,97,4.25,89,0.54,245.0,44.0,201.0
2025-09-29T15:00,8.7,52,1017.9,98,3.87,95,0.54,261.0,84.0,177.0
2025-09-29T16:00,8.2,54,1018.3,100,3.63,98,0.50,105.0,6.0,99.0
2025-09-29T17:00,8.1,55,1018.3,100,3.00,92,0.49,61.0,4.0,57.0
2025-09-29T18:00,7.9,56,1018.1,99,2.83,82,0.47,19.0,0.0,19.0
2025-09-29T19:00,7.6,57,1018.4,99,2.50,70,0.45,0.0,0.0,0.0
2025-09-29T20:00,7.2,59,1018.6,92,2.47,69,0.41,0.0,0.0,0.0
2025-09-29T21:00,6.4,63,1018.5,81,2.44,71,0.36,0.0,0.0,0.0
2025-09-29T22:00,5.8,66,1018.7,13,2.26,77,0.32,0.0,0.0,0.0
2025-09-29T23:00,5.1,68,1018.7,11,2.29,79,0.28,0.0,0.0,0.0
2025-09-30T00:00,4.7,70,1019.0,9,2.32,76,0.26,0.0,0.0,0.0
2025-09-30T01:00,4.0,73,1019.2,12,2.14,74,0.22,0.0,0.0,0.0
2025-09-30T02:00,3.4,76,1019.3,0,2.01,76,0.19,0.0,0.0,0.0
2025-09-30T03:00,2.9,78,1019.4,0,1.91,70,0.17,0.0,0.0,0.0
2025-09-30T04:00,1.6,85,1019.8,0,1.81,66,0.10,0.0,0.0,0.0
2025-09-30T05:00,1.1,86,1019.9,0,1.79,67,0.09,0.0,0.0,0.0
2025-09-30T06:00,0.7,87,1020.0,0,1.68,67,0.08,0.0,0.0,0.0
2025-09-30T07:00,0.4,88,1020.1,0,1.63,67,0.08,5.0,2.0,3.0
2025-09-30T08:00,1.0,87,1020.2,0,1.43,61,0.08,89.0,53.0,36.0
2025-09-30T09:00,2.2,84,1020.4,0,1.01,63,0.11,220.0,161.0,59.0
2025-09-30T10:00,4.1,78,1020.5,0,0.87,66,0.18,345.0,274.0,71.0
2025-09-30T11:00,6.0,71,1020.5,1,0.90,71,0.27,442.0,364.0,78.0
2025-09-30T12:00,7.4,63,1020.4,2,1.14,67,0.38,500.0,418.0,82.0
2025-09-30T13:00,8.2,59,1020.2,1,1.26,56,0.44,515.0,431.0,84.0
2025-09-30T14:00,8.9,56,1019.7,0,1.38,46,0.50,484.0,403.0,81.0
2025-09-30T15:00,9.3,55,1019.3,0,1.52,44,0.53,411.0,335.0,76.0
2025-09-30T16:00,9.4,54,1018.9,0,1.59,41,0.55,303.0,236.0,67.0
2025-09-30T17:00,9.2,54,1018.8,0,1.67,41,0.54,173.0,121.0,52.0
2025-09-30T18:00,8.2,59,1018.6,0,1.48,33,0.44,48.0,27.0,21.0
2025-09-30T19:00,7.4,63,1018.4,0,1.81,39,0.38,0.0,0.0,0.0
2025-09-30T20:00,6.6,67,1018.4,0,1.98,45,0.32,0.0,0.0,0.0
2025-09-30T21:00,5.8,70,1018.3,0,1.87,46,0.28,0.0,0.0,0.0
2025-09-30T22:00,5.1,72,1018.3,0,1.73,46,0.24,0.0,0.0,0.0
2025-09-30T23:00,4.6,74,1018.2,0,1.74,49,0.22,0.0,0.0,0.0
2025-10-01T00:00,4.1,76,1018.1,1,1.74,49,0.19,0.0,0.0,0.0
2025-10-01T01:00,3.7,78,1018.2,0,1.81,42,0.17,0.0,0.0,0.0
2025-10-01T02:00,3.1,82,1018.1,0,1.75,37,0.14,0.0,0.0,0.0
2025-10-01T03:00,1.4,89,1018.0,0,1.11,18,0.08,0.0,0.0,0.0
2025-10-01T04:00,1.2,89,1018.0,0,1.33,20,0.07,0.0,0.0,0.0
2025-10-01T05:00,0.9,91,1017.8,0,1.36,17,0.06,0.0,0.0,0.0
2025-10-01T06:00,0.7,91,1017.7,0,1.33,20,0.06,0.0,0.0,0.0
2025-10-01T07:00,0.6,91,1017.6,0,1.39,21,0.06,4.0,1.0,3.0
2025-10-01T08:00,1.3,89,1017.6,2,1.42,32,0.07,81.0,46.0,35.0
2025-10-01T09:00,3.3,85,1018.1,1,0.99,30,0.12,207.0,148.0,59.0
2025-10-01T10:00,4.8,82,1018.0,0,0.67,27,0.15,330.0,259.0,71.0
2025-10-01T11:00,6.6,77,1017.8,16,0.74,28,0.22,425.0,346.0,79.0
2025-10-01T12:00,8.1,71,1017.2,4,0.90,34,0.31,482.0,400.0,82.0
2025-10-01T13:00,9.4,66,1016.7,0,0.99,41,0.40,497.0,414.0,83.0
2025-10-01T14:00,10.3,62,1016.1,0,0.99,45,0.47,467.0,387.0,80.0
2025-10-01T15:00,11.5,56,1015.6,0,1.03,51,0.59,395.0,320.0,75.0
2025-10-01T16:00,11.9,55,1015.1,0,1.14,52,0.63,287.0,221.0,66.0
2025-10-01T17:00,11.7,59,1014.7,0,0.96,51,0.57,160.0,110.0,50.0
2025-10-01T18:00,10.8,60,1014.5,0,1.63,47,0.51,42.0,22.0,20.0
2025-10-01T19:00,9.7,67,1014.2,0,1.93,53,0.40,0.0,0.0,0.0
2025-10-01T20:00,8.8,72,1014.2,0,2.39,57,0.32,0.0,0.0,0.0
2025-10-01T21:00,7.6,75,1014.2,0,2.44,64,0.26,0.0,0.0,0.0
2025-10-01T22:00,6.7,78,1014.0,1,2.35,66,0.22,0.0,0.0,0.0
2025-10-01T23:00,6.1,80,1014.0,11,2.26,65,0.19,0.0,0.0,0.0
2025-10-02T00:00,5.6,81,1014.0,13,2.22,67,0.17,0.0,0.0,0.0
2025-10-02T01:00,5.1,82,1013.9,23,2.38,68,0.16,0.0,0.0,0.0
2025-10-02T02:00,4.7,84,1013.8,38,2.38,68,0.14,0.0,0.0,0.0
2025-10-02T03:00,3.9,87,1013.6,0,1.93,69,0.11,0.0,0.0,0.0
2025-10-02T04:00,3.4,88,1013.5,0,1.96,71,0.09,0.0,0.0,0.0
2025-10-02T05:00,3.0,90,1013.5,0,2.07,70,0.08,0.0,0.0,0.0
2025-10-02T06:00,2.6,91,1013.4,3,2.03,74,0.07,0.0,0.0,0.0
2025-10-02T07:00,2.4,91,1013.5,100,2.03,74,0.06,3.0,1.0,2.0
2025-10-02T08:00,2.9,91,1013.5,100,2.01,63,0.06,69.0,26.0,43.0
2025-10-02T09:00,4.6,88,1013.7,98,1.60,70,0.10,183.0,100.0,83.0
2025-10-02T10:00,6.2,83,1013.6,98,1.47,72,0.16,315.0,232.0,83.0
2025-10-02T11:00,7.9,79,1013.4,100,1.46,74,0.23,405.0,306.0,99.0
2025-10-02T12:00,9.5,74,1013.1,100,1.55,75,0.31,464.0,367.0,97.0
2025-10-02T13:00,10.8,69,1012.7,99,1.70,76,0.40,453.0,312.0,141.0
2025-10-02T14:00,11.7,65,1012.3,96,2.02,81,0.49,438.0,324.0,114.0
2025-10-02T15:00,12.2,58,1011.9,100,2.35,86,0.60,346.0,215.0,131.0
2025-10-02T16:00,12.1,58,1011.8,100,2.40,91,0.59,205.0,61.0,144.0
2025-10-02T17:00,11.6,61,1011.7,95,2.20,90,0.53,116.0,32.0,84.0
2025-10-02T18:00,10.5,66,1011.5,100,2.29,79,0.43,31.0,9.0,22.0
2025-10-02T19:00,9.6,69,1011.3,100,2.56,78,0.38,0.0,0.0,0.0
2025-10-02T20:00,8.8,72,1011.2,100,2.47,82,0.32,0.0,0.0,0.0
2025-10-02T21:00,8.2,75,1011.5,98,2.25,90,0.27,0.0,0.0,0.0
2025-10-02T22:00,8.0,76,1011.6,98,2.29,100,0.26,0.0,0.0,0.0
2025-10-02T23:00,7.7,77,1011.7,100,2.04,101,0.24,0.0,0.0,0.0
2025-10-03T00:00,7.3,80,1012.0,100,1.81,118,0.21,0.0,0.0,0.0
2025-10-03T01:00,7.1,82,1012.0,95,1.41,96,0.18,0.0,0.0,0.0
2025-10-03T02:00,6.4,85,1012.0,100,1.25,92,0.14,0.0,0.0,0.0
2025-10-03T03:00,5.9,85,1011.5,31,2.40,89,0.13,0.0,0.0,0.0
2025-10-03T04:00,5.5,88,1011.8,61,2.20,102,0.11,0.0,0.0,0.0
2025-10-03T05:00,4.9,91,1011.7,97,1.87,99,0.08,0.0,0.0,0.0
2025-10-03T06:00,5.0,92,1011.7,91,1.75,88,0.07,0.0,0.0,0.0
2025-10-03T07:00,4.9,93,1011.7,88,1.92,97,0.06,2.0,0.0,2.0
2025-10-03T08:00,5.5,92,1011.9,34,1.87,98,0.08,49.0,20.0,29.0
2025-10-03T09:00,6.4,91,1012.5,77,1.62,99,0.09,184.0,116.0,68.0
2025-10-03T10:00,7.6,87,1012.6,100,1.63,108,0.14,240.0,114.0,126.0
2025-10-03T11:00,8.9,79,1012.7,100,1.66,115,0.24,330.0,156.0,174.0
2025-10-03T12:00,10.1,70,1012.8,100,1.88,115,0.37,380.0,176.0,204.0
2025-10-03T13:00,10.9,63,1012.7,100,2.04,118,0.48,333.0,102.0,231.0
2025-10-03T14:00,11.5,58,1012.5,100,2.19,117,0.57,263.0,68.0,195.0
2025-10-03T15:00,12.2,53,1012.5,100,2.44,121,0.67,204.0,24.0,180.0
2025-10-03T16:00,11.9,53,1012.3,100,2.37,125,0.65,134.0,2.0,132.0
2025-10-03T17:00,11.4,54,1012.1,100,2.32,123,0.62,65.0,0.0,65.0
2025-10-03T18:00,10.7,56,1012.0,100,2.26,125,0.56,19.0,0.0,19.0
2025-10-03T19:00,10.0,59,1012.0,100,2.45,131,0.51,0.0,0.0,0.0
2025-10-03T20:00,9.4,62,1012.2,100,2.31,129,0.45,0.0,0.0,0.0
2025-10-03T21:00,8.8,67,1012.3,59,2.31,129,0.38,0.0,0.0,0.0
2025-10-03T22:00,8.3,70,1012.3,50,2.30,132,0.33,0.0,0.0,0.0
2025-10-03T23:00,7.6,73,1012.0,88,2.37,132,0.29,0.0,0.0,0.0
2025-10-04T00:00,7.1,75,1012.0,96,2.16,132,0.25,0.0,0.0,0.0
2025-10-04T01:00,6.6,76,1011.9,99,1.89,127,0.23,0.0,0.0,0.0
2025-10-04T02:00,6.2,78,1011.6,100,1.96,122,0.21,0.0,0.0,0.0
2025-10-04T03:00,5.7,83,1011.4,100,1.97,117,0.15,0.0,0.0,0.0
2025-10-04T04:00,5.2,85,1011.4,100,2.22,121,0.13,0.0,0.0,0.0
2025-10-04T05:00,5.0,86,1011.3,100,2.23,124,0.13,0.0,0.0,0.0
2025-10-04T06:00,4.8,87,1010.8,99,2.40,126,0.12,0.0,0.0,0.0
2025-10-04T07:00,4.6,87,1010.4,100,2.48,124,0.11,2.0,0.0,2.0
2025-10-04T08:00,5.2,86,1010.1,100,2.43,122,0.12,47.0,4.0,43.0
2025-10-04T09:00,6.8,86,1009.7,100,2.27,123,0.14,111.0,9.0,102.0
2025-10-04T10:00,7.8,82,1009.5,100,2.23,130,0.19,203.0,33.0,170.0
2025-10-04T11:00,9.6,75,1009.0,100,2.13,129,0.30,303.0,113.0,190.0
2025-10-04T12:00,11.3,68,1008.5,100,2.39,127,0.42,354.0,136.0,218.0
2025-10-04T13:00,12.5,63,1007.7,100,2.70,129,0.53,370.0,147.0,223.0
2025-10-04T14:00,13.3,59,1006.9,100,3.05,130,0.62,347.0,147.0,200.0
2025-10-04T15:00,14.3,56,1005.8,91,3.25,121,0.72,298.0,128.0,170.0
2025-10-04T16:00,14.1,53,1004.9,100,3.62,129,0.75,228.0,116.0,112.0
2025-10-04T17:00,13.4,55,1004.3,100,3.70,128,0.70,98.0,21.0,77.0
2025-10-04T18:00,12.7,55,1003.8,91,3.82,132,0.66,20.0,2.0,18.0
2025-10-04T19:00,12.0,56,1003.3,93,3.89,133,0.62,0.0,0.0,0.0
2025-10-04T20:00,11.8,56,1002.7,100,4.14,136,0.61,0.0,0.0,0.0
2025-10-04T21:00,11.0,58,1002.2,82,4.11,138,0.55,0.0,0.0,0.0
2025-10-04T22:00,10.2,61,1002.0,54,3.84,141,0.49,0.0,0.0,0.0
2025-10-04T23:00,9.5,63,1000.9,42,3.76,139,0.44,0.0,0.0,0.0
2025-10-05T00:00,9.1,64,1000.0,97,3.40,137,0.41,0.0,0.0,0.0
2025-10-05T01:00,8.7,65,999.4,97,3.25,134,0.39,0.0,0.0,0.0
2025-10-05T02:00,8.4,66,998.5,80,3.32,134,0.38,0.0,0.0,0.0
2025-10-05T03:00,8.2,67,997.5,56,3.44,130,0.36,0.0,0.0,0.0
2025-10-05T04:00,8.1,66,997.2,90,3.30,125,0.36,0.0,0.0,0.0
2025-10-05T05:00,8.0,66,996.8,92,3.40,133,0.36,0.0,0.0,0.0
2025-10-05T06:00,7.6,69,996.1,100,3.30,131,0.32,0.0,0.0,0.0
2025-10-05T07:00,7.4,74,995.5,88,3.60,128,0.27,1.0,0.0,1.0
2025-10-05T08:00,7.8,71,995.4,97,3.57,133,0.31,45.0,9.0,36.0
2025-10-05T09:00,8.3,75,995.0,99,3.24,119,0.27,163.0,96.0,67.0
2025-10-05T10:00,9.4,69,994.4,100,3.04,123,0.37,181.0,61.0,120.0
2025-10-05T11:00,10.1,64,993.9,98,3.29,126,0.45,214.0,95.0,119.0
2025-10-05T12:00,11.1,61,993.6,97,3.04,126,0.51,311.0,158.0,153.0
2025-10-05T13:00,12.3,58,993.3,97,2.86,134,0.61,315.0,165.0,150.0
2025-10-05T14:00,13.0,55,992.9,100,3.02,141,0.68,182.0,25.0,157.0
2025-10-05T15:00,13.0,53,992.5,70,3.62,139,0.70,48.0,0.0,48.0
2025-10-05T16:00,13.3,55,991.9,100,3.36,137,0.69,239.0,165.0,74.0
2025-10-05T17:00,12.6,59,992.3,100,3.58,150,0.60,49.0,5.0,44.0
2025-10-05T18:00,11.2,73,992.4,100,3.38,151,0.36,4.0,0.0,4.0
2025-10-05T19:00,10.4,79,992.5,100,3.01,148,0.26,0.0,0.0,0.0
2025-10-05T20:00,10.3,82,992.9,100,3.11,154,0.23,0.0,0.0,0.0
2025-10-05T21:00,10.6,84,993.1,100,2.95,152,0.20,0.0,0.0,0.0
2025-10-05T22:00,10.6,87,992.9,100,2.44,161,0.17,0.0,0.0,0.0
2025-10-05T23:00,10.5,89,992.8,100,2.14,147,0.14,0.0,0.0,0.0
2025-10-06T00:00,10.5,90,992.9,100,2.33,145,0.13,0.0,0.0,0.0
2025-10-06T01:00,10.4,91,992.8,100,1.90,145,0.11,0.0,0.0,0.0
2025-10-06T02:00,10.4,92,993.1,100,1.70,130,0.11,0.0,0.0,0.0
2025-10-06T03:00,10.1,91,992.8,100,1.94,136,0.11,0.0,0.0,0.0
2025-10-06T04:00,10.1,92,993.3,100,1.67,131,0.10,0.0,0.0,0.0
2025-10-06T05:00,10.0,93,993.1,100,1.30,122,0.08,0.0,0.0,0.0
2025-10-06T06:00,9.8,96,993.1,100,1.40,125,0.05,0.0,0.0,0.0
2025-10-06T07:00,9.7,97,993.0,100,1.90,104,0.04,0.0,0.0,0.0
2025-10-06T08:00,9.7,98,993.4,100,2.05,135,0.03,18.0,0.0,18.0
2025-10-06T09:00,10.4,97,994.3,100,1.44,166,0.04,62.0,1.0,61.0
2025-10-06T10:00,10.6,96,994.7,100,0.95,183,0.05,42.0,0.0,42.0
2025-10-06T11:00,10.9,95,995.1,100,0.27,202,0.06,41.0,0.0,41.0
2025-10-06T12:00,11.6,92,995.4,100,0.49,66,0.10,107.0,1.0,106.0
2025-10-06T13:00,12.1,88,995.7,100,0.25,11,0.16,129.0,1.0,128.0
2025-10-06T14:00,12.7,85,996.2,100,0.35,45,0.22,154.0,5.0,149.0
2025-10-06T15:00,13.0,84,996.4,100,0.38,23,0.24,189.0,29.0,160.0
2025-10-06T16:00,13.0,83,996.7,100,0.71,51,0.26,109.0,13.0,96.0
2025-10-06T17:00,12.8,85,997.4,100,0.11,117,0.23,50.0,0.0,50.0
2025-10-06T18:00,12.3,88,997.5,100,0.67,77,0.16,5.0,0.0,5.0
2025-10-06T19:00,11.9,91,997.8,100,0.52,107,0.12,0.0,0.0,0.0
2025-10-06T20:00,11.8,91,998.2,89,0.60,85,0.12,0.0,0.0,0.0
2025-10-06T21:00,11.0,93,998.8,90,0.99,150,0.09,0.0,0.0,0.0
2025-10-06T22:00,10.8,93,999.2,81,0.85,159,0.09,0.0,0.0,0.0
2025-10-06T23:00,10.8,93,999.3,98,0.51,151,0.09,0.0,0.0,0.0
2025-10-07T00:00,10.5,94,999.4,82,0.43,111,0.08,0.0,0.0,0.0
2025-10-07T01:00,10.1,94,999.6,55,0.51,119,0.07,0.0,0.0,0.0
2025-10-07T02:00,10.1,95,1000.1,98,0.38,203,0.06,0.0,0.0,0.0
2025-10-07T03:00,9.9,97,1000.1,95,0.45,264,0.04,0.0,0.0,0.0
2025-10-07T04:00,8.9,100,1000.4,100,0.11,27,0.00,0.0,0.0,0.0
2025-10-07T05:00,8.7,100,1000.7,100,0.54,34,0.00,0.0,0.0,0.0
2025-10-07T06:00,8.7,99,1000.8,100,1.24,47,0.02,0.0,0.0,0.0
2025-10-07T07:00,8.7,98,1000.9,100,1.61,54,0.02,0.0,0.0,0.0
2025-10-07T08:00,8.8,100,1001.2,100,1.25,95,0.00,33.0,2.0,31.0
2025-10-07T09:00,10.7,96,1002.0,100,0.65,148,0.05,99.0,12.0,87.0
2025-10-07T10:00,11.1,94,1002.6,100,0.82,142,0.09,83.0,0.0,83.0
2025-10-07T11:00,11.5,90,1003.1,100,0.97,159,0.14,88.0,1.0,87.0
2025-10-07T12:00,11.8,88,1003.2,100,1.01,160,0.17,90.0,1.0,89.0
2025-10-07T13:00,12.2,86,1003.1,100,0.87,156,0.21,123.0,3.0,120.0
2025-10-07T14:00,12.7,83,1003.4,100,0.90,161,0.25,166.0,9.0,157.0
2025-10-07T15:00,12.8,82,1003.4,100,0.87,149,0.27,120.0,4.0,116.0
2025-10-07T16:00,13.0,81,1003.7,100,0.78,165,0.29,136.0,51.0,85.0
2025-10-07T17:00,12.7,83,1003.4,100,0.67,138,0.25,45.0,0.0,45.0
2025-10-07T18:00,12.2,87,1003.8,100,0.92,151,0.19,10.0,0.0,10.0
2025-10-07T19:00,12.0,88,1003.8,100,0.96,137,0.17,0.0,0.0,0.0
2025-10-07T20:00,11.7,91,1004.0,100,1.21,150,0.13,0.0,0.0,0.0
2025-10-07T21:00,11.0,93,1004.6,79,0.85,159,0.09,0.0,0.0,0.0
2025-10-07T22:00,11.2,93,1004.8,84,1.31,162,0.09,0.0,0.0,0.0
2025-10-07T23:00,11.0,94,1005.0,100,1.32,171,0.08,0.0,0.0,0.0
2025-10-08T00:00,10.8,94,1004.9,100,0.95,183,0.07,0.0,0.0,0.0
2025-10-08T01:00,10.1,97,1004.7,100,0.75,176,0.04,0.0,0.0,0.0
2025-10-08T02:00,9.9,97,1004.9,100,0.97,192,0.04,0.0,0.0,0.0
2025-10-08T03:00,9.8,98,1004.8,100,0.65,148,0.03,0.0,0.0,0.0
2025-10-08T04:00,10.1,98,1004.6,100,0.65,113,0.02,0.0,0.0,0.0
2025-10-08T05:00,9.6,100,1004.7,100,0.71,141,0.00,0.0,0.0,0.0
2025-10-08T06:00,9.4,100,1004.9,100,0.55,180,0.00,0.0,0.0,0.0
2025-10-08T07:00,9.4,99,1004.6,100,0.56,153,0.01,0.0,0.0,0.0
2025-10-08T08:00,9.4,100,1004.7,100,0.60,132,0.00,23.0,0.0,23.0
2025-10-08T09:00,9.7,99,1004.8,100,0.49,114,0.01,72.0,2.0,70.0
2025-10-08T10:00,10.3,98,1005.1,100,0.57,75,0.03,119.0,9.0,110.0
2025-10-08T11:00,11.4,90,1005.1,100,0.65,122,0.13,163.0,7.0,156.0
2025-10-08T12:00,12.1,85,1004.8,100,0.47,122,0.22,178.0,5.0,173.0
2025-10-08T13:00,12.8,80,1004.4,100,0.50,143,0.30,203.0,9.0,194.0
2025-10-08T14:00,13.4,76,1004.1,95,0.58,149,0.37,262.0,97.0,165.0
2025-10-08T15:00,13.4,78,1004.3,99,0.60,156,0.34,214.0,70.0,144.0
2025-10-08T16:00,13.4,77,1004.1,52,1.11,144,0.36,166.0,61.0,105.0
2025-10-08T17:00,13.1,78,1004.0,81,0.96,141,0.33,87.0,32.0,55.0
2025-10-08T18:00,12.3,84,1003.9,90,0.54,112,0.23,13.0,4.0,9.0
2025-10-08T19:00,11.8,85,1003.5,100,0.46,103,0.21,0.0,0.0,0.0
2025-10-08T20:00,11.6,85,1003.4,100,0.71,98,0.20,0.0,0.0,0.0
2025-10-08T21:00,11.6,87,1003.6,100,1.17,133,0.18,0.0,0.0,0.0
2025-10-08T22:00,11.5,86,1003.6,100,1.66,136,0.19,0.0,0.0,0.0
2025-10-08T23:00,11.2,86,1003.3,99,1.58,145,0.18,0.0,0.0,0.0
2025-10-09T00:00,10.8,87,1003.1,100,1.39,154,0.17,0.0,0.0,0.0
2025-10-09T01:00,10.3,88,1002.7,66,1.52,157,0.15,0.0,0.0,0.0
2025-10-09T02:00,9.9,89,1002.5,38,1.32,151,0.13,0.0,0.0,0.0
2025-10-09T03:00,9.6,92,1002.1,100,0.57,142,0.09,0.0,0.0,0.0
2025-10-09T04:00,9.4,93,1001.8,99,0.51,101,0.08,0.0,0.0,0.0
2025-10-09T05:00,9.3,93,1001.4,100,1.03,76,0.08,0.0,0.0,0.0
2025-10-09T06:00,8.9,95,1001.2,100,1.35,90,0.06,0.0,0.0,0.0
2025-10-09T07:00,8.7,95,1000.9,100,1.54,103,0.05,0.0,0.0,0.0
2025-10-09T08:00,8.9,94,1000.8,100,1.70,87,0.06,25.0,2.0,23.0
2025-10-09T09:00,9.4,95,1001.0,100,1.65,93,0.06,36.0,0.0,36.0
2025-10-09T10:00,10.3,90,1001.1,100,1.56,97,0.12,138.0,15.0,123.0
2025-10-09T11:00,11.3,84,1000.9,100,1.41,84,0.21,223.0,57.0,166.0
2025-10-09T12:00,12.4,78,1000.4,98,1.66,74,0.32,286.0,89.0,197.0
2025-10-09T13:00,13.4,72,999.6,100,2.01,71,0.43,377.0,204.0,173.0
2025-10-09T14:00,14.1,67,999.0,100,2.32,76,0.52,369.0,246.0,123.0
2025-10-09T15:00,14.2,65,998.8,89,2.62,97,0.56,312.0,213.0,99.0
2025-10-09T16:00,14.0,67,998.3,100,2.50,74,0.53,193.0,105.0,88.0
2025-10-09T17:00,13.3,70,997.9,100,2.39,61,0.47,66.0,14.0,52.0
2025-10-09T18:00,12.6,76,997.4,100,2.86,57,0.35,6.0,0.0,6.0
2025-10-09T19:00,12.2,77,997.0,100,3.07,71,0.33,0.0,0.0,0.0
2025-10-09T20:00,11.5,80,996.7,100,3.18,74,0.27,0.0,0.0,0.0
2025-10-09T21:00,11.3,85,996.6,100,3.04,81,0.21,0.0,0.0,0.0
2025-10-09T22:00,11.2,86,996.1,100,3.14,76,0.19,0.0,0.0,0.0
2025-10-09T23:00,10.8,88,995.7,100,2.92,77,0.16,0.0,0.0,0.0
2025-10-10T00:00,10.4,90,994.7,100,2.61,78,0.12,0.0,0.0,0.0
2025-10-10T01:00,10.0,91,994.2,100,2.29,74,0.11,0.0,0.0,0.0
2025-10-10T02:00,9.7,91,993.7,100,2.10,78,0.11,0.0,0.0,0.0
2025-10-10T03:00,9.0,94,992.9,100,2.09,79,0.07,0.0,0.0,0.0
2025-10-10T04:00,8.7,93,991.9,100,2.44,75,0.07,0.0,0.0,0.0
2025-10-10T05:00,8.7,89,991.6,100,2.01,96,0.12,0.0,0.0,0.0
2025-10-10T06:00,8.4,88,991.1,100,1.85,93,0.14,0.0,0.0,0.0
2025-10-10T07:00,8.6,83,991.0,100,2.15,102,0.19,0.0,0.0,0.0
2025-10-10T08:00,8.8,77,990.7,100,2.44,113,0.26,9.0,0.0,9.0
2025-10-10T09:00,8.8,82,990.0,100,3.13,119,0.20,36.0,0.0,36.0
2025-10-10T10:00,9.5,79,989.9,100,3.61,132,0.26,53.0,0.0,53.0
2025-10-10T11:00,9.7,76,989.6,100,3.40,133,0.29,56.0,0.0,56.0
2025-10-10T12:00,10.1,77,989.3,100,2.78,128,0.28,53.0,0.0,53.0
2025-10-10T13:00,10.7,76,989.1,100,2.27,112,0.31,80.0,1.0,79.0
2025-10-10T14:00,11.2,76,988.8,100,2.31,112,0.32,80.0,0.0,80.0
2025-10-10T15:00,10.5,80,988.6,100,3.32,135,0.25,67.0,1.0,66.0
2025-10-10T16:00,10.9,84,988.8,100,1.92,129,0.21,52.0,0.0,52.0
2025-10-10T17:00,11.1,86,988.8,100,2.23,134,0.18,16.0,0.0,16.0
2025-10-10T18:00,11.1,87,988.8,100,2.04,126,0.17,1.0,0.0,1.0
2025-10-10T19:00,11.2,86,988.9,100,2.18,122,0.19,0.0,0.0,0.0
2025-10-10T20:00,11.4,85,988.8,100,2.41,130,0.20,0.0,0.0,0.0
2025-10-10T21:00,10.9,92,989.1,100,2.38,131,0.10,0.0,0.0,0.0
2025-10-10T22:00,10.9,90,989.3,100,2.52,129,0.12,0.0,0.0,0.0
2025-10-10T23:00,10.7,88,989.3,100,2.51,133,0.15,0.0,0.0,0.0
2025-10-11T00:00,10.5,88,989.4,100,2.77,131,0.15,0.0,0.0,0.0
2025-10-11T01:00,10.1,89,989.5,100,2.86,134,0.14,0.0,0.0,0.0
2025-10-11T02:00,9.7,90,989.8,100,2.58,133,0.12,0.0,0.0,0.0
2025-10-11T03:00,9.8,88,989.9,100,2.26,135,0.15,0.0,0.0,0.0
2025-10-11T04:00,9.6,89,990.0,100,1.99,129,0.13,0.0,0.0,0.0
2025-10-11T05:00,9.5,91,990.2,100,1.70,135,0.11,0.0,0.0,0.0
2025-10-11T06:00,9.3,91,990.2,100,1.43,126,0.11,0.0,0.0,0.0
2025-10-11T07:00,9.1,92,990.4,100,1.69,124,0.09,0.0,0.0,0.0
2025-10-11T08:00,8.9,93,990.6,100,1.78,122,0.08,20.0,4.0,16.0
2025-10-11T09:00,9.4,93,990.8,100,1.50,127,0.08,79.0,15.0,64.0
2025-10-11T10:00,9.8,89,990.6,100,1.29,144,0.14,113.0,29.0,84.0
2025-10-11T11:00,10.3,84,990.5,100,1.00,180,0.20,136.0,32.0,104.0
2025-10-11T12:00,11.1,79,990.4,100,1.20,222,0.28,205.0,44.0,161.0
2025-10-11T13:00,11.4,77,990.2,100,1.23,238,0.31,153.0,9.0,144.0
2025-10-11T14:00,11.3,78,990.1,100,1.57,248,0.30,101.0,0.0,101.0
2025-10-11T15:00,12.2,72,989.6,98,2.23,230,0.39,58.0,0.0,58.0
2025-10-11T16:00,11.9,76,989.4,100,2.35,243,0.33,99.0,32.0,67.0
2025-10-11T17:00,11.3,83,989.5,100,2.55,269,0.23,51.0,11.0,40.0
2025-10-11T18:00,10.6,87,989.3,100,2.11,277,0.16,3.0,0.0,3.0
2025-10-11T19:00,10.5,86,989.1,100,1.14,241,0.18,0.0,0.0,0.0
2025-10-11T20:00,10.0,86,988.7,100,1.93,253,0.17,0.0,0.0,0.0
2025-10-11T21:00,9.8,87,988.6,100,2.92,276,0.16,0.0,0.0,0.0
2025-10-11T22:00,9.4,82,988.5,100,3.64,288,0.22,0.0,0.0,0.0
2025-10-11T23:00,8.5,76,988.3,100,2.88,287,0.26,0.0,0.0,0.0
2025-10-12T00:00,8.0,81,987.8,100,2.50,268,0.21,0.0,0.0,0.0
2025-10-12T01:00,7.9,87,987.8,100,3.00,272,0.14,0.0,0.0,0.0
2025-10-12T02:00,7.8,90,987.7,98,3.16,293,0.11,0.0,0.0,0.0
2025-10-12T03:00,6.6,94,987.6,5,2.86,286,0.06,0.0,0.0,0.0
2025-10-12T04:00,6.0,95,987.5,69,3.07,286,0.05,0.0,0.0,0.0
2025-10-12T05:00,6.0,94,987.7,100,2.95,294,0.06,0.0,0.0,0.0
2025-10-12T06:00,6.2,93,987.6,100,3.15,297,0.07,0.0,0.0,0.0
2025-10-12T07:00,6.2,91,987.7,100,3.04,295,0.08,0.0,0.0,0.0
2025-10-12T08:00,6.2,87,987.6,100,3.20,299,0.12,13.0,2.0,11.0
2025-10-12T09:00,6.6,85,987.4,100,3.60,297,0.15,47.0,2.0,45.0
2025-10-12T10:00,7.1,79,987.3,100,3.54,299,0.21,117.0,16.0,101.0
2025-10-12T11:00,7.5,74,987.2,86,3.40,294,0.27,156.0,16.0,140.0
2025-10-12T12:00,8.4,67,987.1,45,3.45,287,0.36,285.0,158.0,127.0
2025-10-12T13:00,9.0,63,986.6,45,3.25,284,0.42,306.0,180.0,126.0
2025-10-12T14:00,9.4,60,985.8,68,2.50,270,0.47,288.0,156.0,132.0
2025-10-12T15:00,8.8,62,985.6,68,3.49,257,0.43,190.0,57.0,133.0
2025-10-12T16:00,8.3,66,985.6,100,2.94,249,0.37,111.0,44.0,67.0
2025-10-12T17:00,7.8,70,985.4,100,2.64,245,0.32,83.0,31.0,52.0
2025-10-12T18:00,7.1,75,984.8,99,1.20,228,0.25,7.0,0.0,7.0
2025-10-12T19:00,6.6,79,984.5,100,0.76,172,0.21,0.0,0.0,0.0
2025-10-12T20:00,6.6,78,983.9,100,1.59,134,0.21,0.0,0.0,0.0
2025-10-12T21:00,6.6,80,983.0,100,1.92,141,0.19,0.0,0.0,0.0
2025-10-12T22:00,6.7,80,982.3,100,2.44,134,0.20,0.0,0.0,0.0
2025-10-12T23:00,6.6,78,981.4,100,2.46,128,0.21,0.0,0.0,0.0
2025-10-13T00:00,6.4,79,980.6,100,2.73,114,0.20,0.0,0.0,0.0
2025-10-13T01:00,5.6,83,979.9,100,3.40,114,0.15,0.0,0.0,0.0
2025-10-13T02:00,4.9,92,979.2,100,3.98,102,0.07,0.0,0.0,0.0
2025-10-13T03:00,5.1,92,978.0,100,3.70,81,0.07,0.0,0.0,0.0
2025-10-13T04:00,4.7,94,977.4,100,3.74,82,0.05,0.0,0.0,0.0
2025-10-13T05:00,4.0,97,977.3,100,3.36,79,0.02,0.0,0.0,0.0
2025-10-13T06:00,3.3,99,976.9,100,3.08,73,0.01,0.0,0.0,0.0
2025-10-13T07:00,2.7,99,977.0,100,2.93,57,0.01,0.0,0.0,0.0
2025-10-13T08:00,3.0,98,977.1,100,3.22,44,0.01,3.0,0.0,3.0
2025-10-13T09:00,3.0,98,976.9,100,2.76,44,0.02,17.0,0.0,17.0
2025-10-13T10:00,4.1,94,977.4,100,2.63,33,0.05,47.0,0.0,47.0
2025-10-13T11:00,4.5,92,977.9,100,3.05,21,0.07,63.0,0.0,63.0
2025-10-13T12:00,4.8,89,978.8,100,3.22,12,0.09,69.0,0.0,69.0
2025-10-13T13:00,4.7,88,979.6,100,2.78,352,0.10,56.0,0.0,56.0
2025-10-13T14:00,4.4,90,980.4,100,2.61,328,0.08,55.0,0.0,55.0
2025-10-13T15:00,4.2,90,981.9,100,2.97,315,0.08,41.0,0.0,41.0
2025-10-13T16:00,4.1,91,982.6,100,3.31,308,0.07,55.0,0.0,55.0
2025-10-13T17:00,3.9,93,983.2,100,3.24,308,0.06,28.0,0.0,28.0
2025-10-13T18:00,3.7,93,983.8,100,3.15,303,0.06,2.0,0.0,2.0
2025-10-13T19:00,3.6,93,984.5,100,3.23,302,0.06,0.0,0.0,0.0
2025-10-13T20:00,3.7,93,984.6,100,3.15,290,0.06,0.0,0.0,0.0
2025-10-13T21:00,3.7,93,985.4,100,3.70,302,0.06,0.0,0.0,0.0
2025-10-13T22:00,3.7,93,985.7,100,3.34,300,0.06,0.0,0.0,0.0
2025-10-13T23:00,3.9,93,985.9,100,2.83,287,0.06,0.0,0.0,0.0
2025-10-14T00:00,4.0,95,986.1,100,3.21,275,0.04,0.0,0.0,0.0
2025-10-14T01:00,4.1,95,986.6,100,3.46,274,0.04,0.0,0.0,0.0
2025-10-14T02:00,4.1,95,986.9,100,3.62,276,0.04,0.0,0.0,0.0
2025-10-14T03:00,3.6,95,986.4,100,3.06,275,0.04,0.0,0.0,0.0
2025-10-14T04:00,3.9,95,986.7,100,3.15,273,0.04,0.0,0.0,0.0
2025-10-14T05:00,3.8,94,986.9,100,3.30,273,0.05,0.0,0.0,0.0
2025-10-14T06:00,3.8,94,987.0,100,3.40,269,0.05,0.0,0.0,0.0
2025-10-14T07:00,3.9,94,987.1,100,3.45,271,0.05,0.0,0.0,0.0
2025-10-14T08:00,3.9,90,987.3,100,3.57,276,0.08,8.0,0.0,8.0
2025-10-14T09:00,4.1,93,987.8,100,3.27,264,0.06,30.0,0.0,30.0
2025-10-14T10:00,4.7,88,988.1,100,3.26,265,0.10,68.0,0.0,68.0
2025-10-14T11:00,5.3,84,988.5,100,3.46,265,0.14,132.0,9.0,123.0
2025-10-14T12:00,5.6,79,988.8,100,3.52,263,0.19,109.0,3.0,106.0
2025-10-14T13:00,5.5,77,989.1,100,3.30,256,0.21,76.0,0.0,76.0
2025-10-14T14:00,5.8,74,989.4,100,3.28,254,0.24,85.0,1.0,84.0
2025-10-14T15:00,5.8,71,989.5,100,3.79,258,0.27,87.0,2.0,85.0
2025-10-14T16:00,5.1,78,989.8,100,3.02,254,0.20,56.0,0.0,56.0
2025-10-14T17:00,4.8,81,990.0,100,3.41,256,0.16,26.0,0.0,26.0
2025-10-14T18:00,4.1,86,990.4,100,3.14,248,0.11,4.0,0.0,4.0
2025-10-14T19:00,3.9,90,990.5,100,3.38,246,0.08,0.0,0.0,0.0
2025-10-14T20:00,3.9,91,990.6,100,3.61,251,0.07,0.0,0.0,0.0
2025-10-14T21:00,3.9,94,990.8,100,3.13,236,0.05,0.0,0.0,0.0
2025-10-14T22:00,4.1,93,990.8,66,3.12,238,0.06,0.0,0.0,0.0
2025-10-14T23:00,3.9,92,990.8,80,3.09,236,0.06,0.0,0.0,0.0
2025-10-15T00:00,3.6,94,991.0,100,3.12,238,0.05,0.0,0.0,0.0
2025-10-15T01:00,3.9,93,991.1,100,3.10,239,0.06,0.0,0.0,0.0
2025-10-15T02:00,3.9,92,991.3,100,3.12,235,0.07,0.0,0.0,0.0
2025-10-15T03:00,3.7,92,991.0,100,3.19,215,0.06,0.0,0.0,0.0
2025-10-15T04:00,3.7,93,990.7,100,3.96,226,0.05,0.0,0.0,0.0
2025-10-15T05:00,3.5,94,990.8,100,3.92,236,0.04,0.0,0.0,0.0
2025-10-15T06:00,3.5,96,990.8,100,3.38,243,0.03,0.0,0.0,0.0
2025-10-15T07:00,3.2,98,991.1,100,2.75,254,0.02,0.0,0.0,0.0
2025-10-15T08:00,3.0,98,991.5,100,2.45,258,0.02,3.0,0.0,3.0
2025-10-15T09:00,3.4,96,991.6,100,2.34,259,0.03,25.0,0.0,25.0
2025-10-15T10:00,3.9,92,992.1,100,2.55,259,0.06,63.0,0.0,63.0
2025-10-15T11:00,4.4,90,992.5,100,1.76,255,0.08,90.0,1.0,89.0
2025-10-15T12:00,4.9,86,992.8,100,1.53,251,0.12,111.0,9.0,102.0
2025-10-15T13:00,4.9,84,993.1,100,1.45,272,0.14,87.0,0.0,87.0
2025-10-15T14:00,4.6,86,993.6,100,1.35,272,0.12,55.0,0.0,55.0
2025-10-15T15:00,5.4,73,993.9,55,1.10,317,0.24,67.0,0.0,67.0
2025-10-15T16:00,5.4,70,994.1,75,0.87,336,0.27,81.0,5.0,76.0
2025-10-15T17:00,5.1,78,994.3,17,0.29,329,0.19,51.0,18.0,33.0
2025-10-15T18:00,4.2,80,994.8,31,0.39,310,0.17,5.0,1.0,4.0
2025-10-15T19:00,3.6,82,995.4,16,0.86,324,0.15,0.0,0.0,0.0
2025-10-15T20:00,3.2,82,995.6,19,1.01,327,0.13,0.0,0.0,0.0
2025-10-15T21:00,1.8,88,995.9,12,1.36,324,0.08,0.0,0.0,0.0
2025-10-15T22:00,0.9,91,996.1,0,1.20,318,0.06,0.0,0.0,0.0
2025-10-15T23:00,0.5,93,996.2,0,1.32,307,0.04,0.0,0.0,0.0
2025-10-16T00:00,0.0,95,996.5,0,1.36,306,0.03,0.0,0.0,0.0
2025-10-16T01:00,-0.6,96,996.5,0,1.25,299,0.03,0.0,0.0,0.0
2025-10-16T02:00,-0.9,96,996.7,11,1.26,277,0.02,0.0,0.0,0.0
2025-10-16T03:00,1.8,91,997.0,93,1.36,253,0.06,0.0,0.0,0.0
2025-10-16T04:00,2.1,91,996.9,100,1.32,241,0.06,0.0,0.0,0.0
2025-10-16T05:00,2.2,91,997.0,100,1.45,243,0.06,0.0,0.0,0.0
2025-10-16T06:00,2.4,91,997.1,100,1.39,240,0.07,0.0,0.0,0.0
2025-10-16T07:00,2.5,90,997.1,98,1.35,231,0.07,0.0,0.0,0.0
2025-10-16T08:00,2.6,90,997.5,48,1.61,216,0.07,18.0,4.0,14.0
2025-10-16T09:00,3.2,90,997.2,99,1.66,209,0.08,115.0,64.0,51.0
2025-10-16T10:00,4.1,85,997.4,100,1.82,212,0.13,221.0,114.0,107.0
2025-10-16T11:00,4.6,79,997.4,100,2.04,208,0.18,162.0,39.0,123.0
2025-10-16T12:00,5.2,75,997.3,100,3.25,225,0.22,114.0,5.0,109.0
2025-10-16T13:00,5.1,79,997.3,100,3.47,224,0.18,84.0,4.0,80.0
2025-10-16T14:00,5.5,82,997.1,100,3.09,230,0.16,81.0,2.0,79.0
2025-10-16T15:00,5.6,83,996.8,100,2.30,222,0.15,125.0,13.0,112.0
2025-10-16T16:00,5.6,84,996.6,100,2.09,201,0.15,52.0,1.0,51.0
2025-10-16T17:00,5.5,84,996.3,100,2.31,185,0.15,23.0,0.0,23.0
2025-10-16T18:00,5.7,79,996.1,100,2.96,199,0.19,1.0,0.0,1.0
2025-10-16T19:00,5.5,77,996.1,100,3.31,218,0.21,0.0,0.0,0.0
2025-10-16T20:00,5.3,79,996.2,100,3.32,224,0.19,0.0,0.0,0.0
2025-10-16T21:00,5.4,87,995.8,100,3.46,225,0.12,0.0,0.0,0.0
2025-10-16T22:00,5.6,89,995.5,100,3.65,228,0.10,0.0,0.0,0.0
2025-10-16T23:00,5.9,91,995.4,100,3.45,231,0.09,0.0,0.0,0.0
2025-10-17T00:00,6.1,92,994.9,100,3.43,227,0.07,0.0,0.0,0.0
2025-10-17T01:00,6.5,92,994.6,100,3.58,229,0.08,0.0,0.0,0.0
2025-10-17T02:00,6.8,91,994.4,100,3.65,229,0.09,0.0,0.0,0.0
2025-10-17T03:00,6.7,87,994.3,100,3.47,223,0.12,0.0,0.0,0.0
2025-10-17T04:00,6.7,88,994.0,100,3.50,224,0.12,0.0,0.0,0.0
2025-10-17T05:00,6.9,89,993.8,100,3.61,226,0.11,0.0,0.0,0.0
2025-10-17T06:00,6.9,89,993.6,100,3.68,224,0.11,0.0,0.0,0.0
2025-10-17T07:00,7.0,91,993.6,100,3.71,227,0.09,0.0,0.0,0.0
2025-10-17T08:00,7.1,93,993.9,100,3.89,228,0.07,5.0,0.0,5.0
2025-10-17T09:00,7.6,95,993.9,100,3.97,228,0.06,22.0,0.0,22.0
2025-10-17T10:00,8.1,92,994.2,100,3.85,232,0.09,57.0,0.0,57.0
2025-10-17T11:00,9.0,83,994.4,97,4.66,237,0.19,160.0,26.0,134.0
2025-10-17T12:00,9.5,80,994.1,99,4.34,232,0.24,177.0,73.0,104.0
2025-10-17T13:00,9.9,77,993.9,95,3.90,229,0.28,216.0,61.0,155.0
2025-10-17T14:00,10.5,74,993.6,100,3.82,225,0.32,220.0,68.0,152.0
2025-10-17T15:00,8.8,80,994.0,77,3.98,235,0.22,92.0,16.0,76.0
2025-10-17T16:00,9.0,86,994.1,88,3.59,231,0.16,161.0,90.0,71.0
2025-10-17T17:00,8.5,85,994.6,98,3.22,228,0.17,40.0,10.0,30.0
2025-10-17T18:00,8.0,88,995.1,100,3.17,232,0.12,2.0,0.0,2.0
2025-10-17T19:00,7.7,91,995.2,98,2.84,229,0.10,0.0,0.0,0.0
2025-10-17T20:00,7.5,92,995.4,100,2.97,228,0.09,0.0,0.0,0.0
2025-10-17T21:00,7.1,93,995.4,100,2.99,232,0.07,0.0,0.0,0.0
2025-10-17T22:00,7.2,94,995.7,94,2.99,232,0.06,0.0,0.0,0.0
2025-10-17T23:00,7.2,94,995.8,96,2.70,231,0.06,0.0,0.0,0.0
2025-10-18T00:00,7.1,95,995.8,100,2.45,229,0.05,0.0,0.0,0.0
2025-10-18T01:00,7.2,94,995.8,100,2.83,226,0.06,0.0,0.0,0.0
2025-10-18T02:00,7.2,95,996.0,100,2.65,271,0.05,0.0,0.0,0.0
2025-10-18T03:00,6.2,96,996.4,100,2.12,326,0.04,0.0,0.0,0.0
2025-10-18T04:00,5.6,93,997.0,100,2.90,357,0.06,0.0,0.0,0.0
2025-10-18T05:00,5.2,93,997.7,100,2.30,359,0.07,0.0,0.0,0.0
2025-10-18T06:00,5.0,93,998.2,100,1.76,355,0.06,0.0,0.0,0.0
2025-10-18T07:00,4.8,92,998.7,100,1.70,358,0.07,0.0,0.0,0.0
2025-10-18T08:00,4.6,90,999.2,100,1.50,358,0.09,8.0,0.0,8.0
2025-10-18T09:00,4.5,88,999.8,100,1.25,2,0.10,65.0,5.0,60.0
2025-10-18T10:00,5.1,83,1000.1,88,1.10,30,0.15,157.0,47.0,110.0
2025-10-18T11:00,5.7,77,1000.3,100,0.71,45,0.21,211.0,71.0,140.0
2025-10-18T12:00,6.4,73,1000.5,100,0.65,32,0.26,276.0,142.0,134.0
2025-10-18T13:00,6.9,71,1000.4,100,0.78,40,0.29,226.0,43.0,183.0
2025-10-18T14:00,7.1,70,1000.1,100,0.81,60,0.30,162.0,23.0,139.0
2025-10-18T15:00,6.5,69,1000.5,100,0.98,66,0.30,103.0,14.0,89.0
2025-10-18T16:00,6.7,67,1000.4,100,1.11,82,0.32,88.0,7.0,81.0
2025-10-18T17:00,6.6,70,1000.3,100,0.96,84,0.29,33.0,5.0,28.0
2025-10-18T18:00,6.5,72,1000.4,100,1.01,99,0.27,1.0,0.0,1.0
2025-10-18T19:00,6.4,73,1000.3,100,1.20,88,0.26,0.0,0.0,0.0
2025-10-18T20:00,6.2,76,1000.4,100,1.65,104,0.23,0.0,0.0,0.0
2025-10-18T21:00,5.8,80,1000.4,100,1.78,100,0.19,0.0,0.0,0.0
2025-10-18T22:00,5.5,83,1000.5,100,2.04,101,0.15,0.0,0.0,0.0
2025-10-18T23:00,5.2,85,1000.6,100,2.01,96,0.13,0.0,0.0,0.0
2025-10-19T00:00,5.1,87,1000.6,100,2.00,89,0.12,0.0,0.0,0.0
2025-10-19T01:00,5.0,88,1000.6,100,1.97,81,0.11,0.0,0.0,0.0
2025-10-19T02:00,5.0,88,1000.5,100,2.07,75,0.10,0.0,0.0,0.0
2025-10-19T03:00,4.8,82,1000.1,66,2.20,69,0.15,0.0,0.0,0.0
2025-10-19T04:00,4.5,82,1000.2,99,2.09,73,0.15,0.0,0.0,0.0
2025-10-19T05:00,4.4,81,1000.2,100,2.40,73,0.16,0.0,0.0,0.0
2025-10-19T06:00,4.4,81,1000.1,100,2.59,80,0.16,0.0,0.0,0.0
2025-10-19T07:00,4.5,83,1000.0,100,2.56,84,0.14,0.0,0.0,0.0
2025-10-19T08:00,4.7,85,1000.7,100,2.51,96,0.13,11.0,1.0,10.0
2025-10-19T09:00,5.1,89,1000.8,100,2.55,89,0.10,38.0,0.0,38.0
2025-10-19T10:00,5.5,89,1000.7,100,2.95,88,0.10,72.0,1.0,71.0
2025-10-19T11:00,6.1,86,1000.8,100,3.05,87,0.13,134.0,4.0,130.0
2025-10-19T12:00,6.7,84,1000.8,100,3.05,89,0.16,161.0,8.0,153.0
2025-10-19T13:00,7.5,80,1000.5,100,3.10,88,0.21,195.0,28.0,167.0
2025-10-19T14:00,7.7,78,1000.2,100,3.05,88,0.23,160.0,22.0,138.0
2025-10-19T15:00,6.6,80,1000.4,100,3.05,91,0.19,98.0,11.0,87.0
2025-10-19T16:00,6.6,81,1000.4,100,2.91,94,0.19,65.0,2.0,63.0
2025-10-19T17:00,6.3,85,1000.3,100,2.60,91,0.15,20.0,2.0,18.0
2025-10-19T18:00,6.2,86,1000.3,100,2.62,83,0.13,0.0,0.0,0.0
2025-10-19T19:00,6.1,87,1000.2,100,2.72,77,0.12,0.0,0.0,0.0
2025-10-19T20:00,6.1,88,1000.3,100,2.83,82,0.11,0.0,0.0,0.0
2025-10-19T21:00,6.0,92,1000.4,100,2.70,93,0.08,0.0,0.0,0.0
2025-10-19T22:00,6.1,92,1000.6,100,2.60,93,0.07,0.0,0.0,0.0
2025-10-19T23:00,6.1,93,1000.4,100,2.56,96,0.07,0.0,0.0,0.0
2025-10-20T00:00,6.0,93,1000.2,100,2.42,97,0.06,0.0,0.0,0.0
2025-10-20T01:00,5.9,95,1000.1,100,2.40,94,0.05,0.0,0.0,0.0
2025-10-20T02:00,5.8,95,1000.1,100,2.45,89,0.05,0.0,0.0,0.0
2025-10-20T03:00,5.2,93,999.8,99,1.96,84,0.06,0.0,0.0,0.0
2025-10-20T04:00,5.0,94,999.5,99,2.14,79,0.06,0.0,0.0,0.0
2025-10-20T05:00,4.7,95,999.6,100,2.39,74,0.04,0.0,0.0,0.0
2025-10-20T06:00,4.6,95,999.6,100,2.32,76,0.04,0.0,0.0,0.0
2025-10-20T07:00,4.3,96,999.5,100,2.34,79,0.03,0.0,0.0,0.0
2025-10-20T08:00,4.3,95,999.6,98,2.34,70,0.04,12.0,1.0,11.0
2025-10-20T09:00,5.0,93,999.5,94,2.86,71,0.06,96.0,37.0,59.0
2025-10-20T10:00,6.3,87,999.4,100,3.29,70,0.13,170.0,57.0,113.0
2025-10-20T11:00,7.1,83,999.1,100,3.31,70,0.17,200.0,66.0,134.0
2025-10-20T12:00,7.5,80,999.0,100,3.12,68,0.21,186.0,21.0,165.0
2025-10-20T13:00,7.9,77,998.6,91,2.93,67,0.25,173.0,35.0,138.0
2025-10-20T14:00,8.4,72,998.2,96,2.93,60,0.31,192.0,58.0,134.0
2025-10-20T15:00,7.6,71,997.8,100,3.10,52,0.30,156.0,34.0,122.0
2025-10-20T16:00,7.6,71,997.6,100,2.86,54,0.30,94.0,8.0,86.0
2025-10-20T17:00,7.3,73,997.6,100,2.94,47,0.28,24.0,1.0,23.0
2025-10-20T18:00,6.9,75,997.6,100,3.00,37,0.25,0.0,0.0,0.0
2025-10-20T19:00,6.5,78,997.4,100,3.34,32,0.21,0.0,0.0,0.0
2025-10-20T20:00,6.1,81,997.2,100,3.25,31,0.18,0.0,0.0,0.0
2025-10-20T21:00,5.4,85,997.1,100,2.98,25,0.13,0.0,0.0,0.0
2025-10-20T22:00,5.2,86,996.9,100,2.93,23,0.12,0.0,0.0,0.0
2025-10-20T23:00,5.1,87,996.5,100,3.02,19,0.12,0.0,0.0,0.0
2025-10-21T00:00,5.0,88,996.3,100,3.15,20,0.11,0.0,0.0,0.0
2025-10-21T01:00,4.9,88,996.1,100,3.18,19,0.10,0.0,0.0,0.0
2025-10-21T02:00,4.7,90,996.0,100,3.32,21,0.09,0.0,0.0,0.0
2025-10-21T03:00,3.8,93,995.9,100,3.45,24,0.06,0.0,0.0,0.0
2025-10-21T04:00,3.7,94,995.8,100,3.46,20,0.05,0.0,0.0,0.0
2025-10-21T05:00,3.7,95,995.7,100,3.30,18,0.04,0.0,0.0,0.0
2025-10-21T06:00,3.7,95,995.5,100,3.46,18,0.04,0.0,0.0,0.0
2025-10-21T07:00,3.8,95,995.6,100,3.34,22,0.04,0.0,0.0,0.0
2025-10-21T08:00,3.8,95,995.8,100,3.27,23,0.04,2.0,0.0,2.0
2025-10-21T09:00,3.2,95,996.2,100,3.44,28,0.04,15.0,0.0,15.0
2025-10-21T10:00,3.6,94,996.7,100,3.18,24,0.05,52.0,0.0,52.0
2025-10-21T11:00,3.8,94,996.9,100,2.96,22,0.05,47.0,0.0,47.0
2025-10-21T12:00,4.2,92,997.2,100,2.97,27,0.06,59.0,0.0,59.0
2025-10-21T13:00,4.8,91,997.4,100,2.87,29,0.08,77.0,2.0,75.0
2025-10-21T14:00,5.0,90,997.5,100,2.73,24,0.08,53.0,1.0,52.0
2025-10-21T15:00,4.1,91,997.8,100,2.65,36,0.07,51.0,0.0,51.0
2025-10-21T16:00,4.2,92,998.2,100,2.15,31,0.07,26.0,0.0,26.0
2025-10-21T17:00,4.3,92,998.6,100,1.77,25,0.06,10.0,0.0,10.0
2025-10-21T18:00,4.3,93,999.0,100,1.88,29,0.06,0.0,0.0,0.0
2025-10-21T19:00,4.4,93,999.4,100,1.81,39,0.06,0.0,0.0,0.0
2025-10-21T20:00,4.5,93,999.5,100,1.71,38,0.06,0.0,0.0,0.0
2025-10-21T21:00,4.5,95,999.9,100,1.89,32,0.04,0.0,0.0,0.0
2025-10-21T22:00,4.6,96,1000.1,100,1.98,34,0.04,0.0,0.0,0.0
2025-10-21T23:00,4.7,96,1000.3,99,1.90,23,0.03,0.0,0.0,0.0
2025-10-22T00:00,4.7,97,1000.1,100,1.59,13,0.03,0.0,0.0,0.0
2025-10-22T01:00,4.6,98,1000.3,100,1.46,8,0.02,0.0,0.0,0.0
2025-10-22T02:00,4.6,98,1000.3,100,1.49,14,0.02,0.0,0.0,0.0
2025-10-22T03:00,4.2,96,1000.1,100,1.60,356,0.04,0.0,0.0,0.0
2025-10-22T04:00,4.3,95,1000.2,100,1.80,3,0.04,0.0,0.0,0.0
2025-10-22T05:00,4.3,94,1000.3,100,1.69,12,0.05,0.0,0.0,0.0
2025-10-22T06:00,4.4,95,1000.4,100,1.68,17,0.05,0.0,0.0,0.0
2025-10-22T07:00,4.4,95,1000.2,100,1.48,24,0.05,0.0,0.0,0.0
2025-10-22T08:00,4.6,93,1000.5,100,1.85,52,0.06,6.0,0.0,6.0
2025-10-22T09:00,4.3,95,1000.8,100,1.43,36,0.05,30.0,1.0,29.0
2025-10-22T10:00,4.6,93,1000.9,100,1.19,28,0.06,62.0,1.0,61.0
2025-10-22T11:00,5.2,90,1001.1,100,1.19,22,0.09,137.0,21.0,116.0
2025-10-22T12:00,6.2,80,1001.0,100,0.81,47,0.19,180.0,31.0,149.0
2025-10-22T13:00,6.7,76,1000.9,100,0.64,45,0.24,194.0,32.0,162.0
2025-10-22T14:00,6.8,74,1000.8,100,0.71,39,0.26,135.0,13.0,122.0
2025-10-22T15:00,6.1,76,1000.7,100,1.21,52,0.23,128.0,32.0,96.0
2025-10-22T16:00,6.1,74,1000.8,98,1.27,48,0.24,79.0,12.0,67.0
2025-10-22T17:00,5.9,78,1000.6,100,0.75,360,0.21,26.0,3.0,23.0
2025-10-22T18:00,5.5,81,1000.8,100,1.36,332,0.17,0.0,0.0,0.0
2025-10-22T19:00,5.0,84,1001.0,98,1.48,327,0.14,0.0,0.0,0.0
2025-10-22T20:00,4.4,87,1000.6,70,1.35,318,0.11,0.0,0.0,0.0
2025-10-22T21:00,5.5,87,1000.8,93,1.39,296,0.12,0.0,0.0,0.0
2025-10-22T22:00,5.1,88,1000.7,71,1.55,285,0.11,0.0,0.0,0.0
2025-10-22T23:00,4.7,88,1000.7,73,1.66,275,0.10,0.0,0.0,0.0
2025-10-23T00:00,4.2,89,1000.5,100,1.70,272,0.09,0.0,0.0,0.0
2025-10-23T01:00,3.9,89,1000.6,98,1.24,284,0.09,0.0,0.0,0.0
2025-10-23T02:00,3.7,90,1000.2,91,1.08,283,0.08,0.0,0.0,0.0
2025-10-23T03:00,3.9,86,1000.1,80,1.41,276,0.11,0.0,0.0,0.0
2025-10-23T04:00,3.5,87,999.9,80,1.66,277,0.10,0.0,0.0,0.0
2025-10-23T05:00,3.0,89,999.9,52,1.50,285,0.08,0.0,0.0,0.0
2025-10-23T06:00,2.8,88,1000.0,75,1.32,295,0.09,0.0,0.0,0.0
2025-10-23T07:00,2.8,87,999.8,100,1.35,301,0.09,0.0,0.0,0.0
2025-10-23T08:00,3.0,85,999.9,100,1.10,309,0.11,11.0,3.0,8.0
2025-10-23T09:00,4.0,87,999.7,98,0.78,220,0.11,83.0,35.0,48.0
2025-10-23T10:00,4.8,77,999.7,90,1.03,247,0.20,109.0,22.0,87.0
2025-10-23T11:00,5.3,71,999.5,100,1.59,257,0.26,141.0,37.0,104.0
2025-10-23T12:00,6.0,67,999.2,100,1.83,235,0.31,250.0,98.0,152.0
2025-10-23T13:00,6.0,67,999.0,100,1.95,206,0.31,124.0,6.0,118.0
2025-10-23T14:00,6.1,70,998.6,100,2.39,196,0.28,118.0,9.0,109.0
2025-10-23T15:00,6.4,59,998.3,100,2.18,200,0.40,102.0,6.0,96.0
2025-10-23T16:00,6.4,63,998.0,100,1.35,180,0.35,71.0,7.0,64.0
2025-10-23T17:00,6.0,67,997.8,100,1.23,148,0.31,25.0,2.0,23.0
2025-10-23T18:00,5.6,69,997.4,100,1.67,139,0.28,0.0,0.0,0.0
2025-10-23T19:00,5.6,72,997.4,100,2.16,140,0.25,0.0,0.0,0.0
2025-10-23T20:00,5.4,76,997.0,100,2.50,147,0.21,0.0,0.0,0.0
2025-10-23T21:00,4.9,81,996.9,100,2.69,158,0.16,0.0,0.0,0.0
2025-10-23T22:00,4.8,81,996.9,100,2.87,157,0.17,0.0,0.0,0.0
2025-10-23T23:00,4.9,79,996.6,100,2.96,161,0.18,0.0,0.0,0.0
2025-10-24T00:00,4.9,79,996.4,100,2.99,162,0.18,0.0,0.0,0.0
2025-10-24T01:00,4.9,83,996.2,100,2.85,162,0.15,0.0,0.0,0.0
2025-10-24T02:00,5.0,84,995.7,100,2.78,162,0.14,0.0,0.0,0.0
2025-10-24T03:00,5.3,81,995.2,100,2.50,154,0.17,0.0,0.0,0.0
2025-10-24T04:00,5.3,82,994.8,100,2.69,156,0.16,0.0,0.0,0.0
2025-10-24T05:00,5.4,85,994.5,100,2.80,158,0.13,0.0,0.0,0.0
2025-10-24T06:00,5.3,90,994.2,100,2.96,158,0.09,0.0,0.0,0.0
2025-10-24T07:00,5.4,93,994.2,100,3.00,162,0.06,0.0,0.0,0.0
2025-10-24T08:00,5.7,94,994.2,100,3.06,169,0.06,2.0,0.0,2.0
2025-10-24T09:00,6.1,95,994.2,100,3.41,175,0.05,18.0,0.0,18.0
2025-10-24T10:00,6.4,94,993.9,100,3.57,174,0.06,39.0,0.0,39.0
2025-10-24T11:00,7.1,91,993.9,100,3.67,175,0.09,77.0,4.0,73.0
2025-10-24T12:00,7.6,89,994.0,100,3.16,175,0.11,108.0,2.0,106.0
2025-10-24T13:00,8.0,88,993.9,100,2.53,165,0.12,148.0,3.0,145.0
2025-10-24T14:00,8.1,89,993.4,100,2.27,140,0.12,87.0,2.0,85.0
2025-10-24T15:00,9.5,83,992.9,80,2.73,140,0.20,59.0,0.0,59.0
2025-10-24T16:00,9.8,76,992.5,98,3.51,154,0.29,83.0,17.0,66.0
2025-10-24T17:00,9.2,77,992.3,35,3.56,154,0.26,31.0,10.0,21.0
2025-10-24T18:00,8.5,80,992.4,3,3.66,158,0.23,0.0,0.0,0.0
2025-10-24T19:00,7.9,83,992.3,20,3.68,162,0.18,0.0,0.0,0.0
2025-10-24T20:00,7.8,84,992.4,75,3.64,167,0.16,0.0,0.0,0.0
2025-10-24T21:00,8.0,85,992.0,100,3.45,170,0.16,0.0,0.0,0.0
2025-10-24T22:00,8.4,84,991.9,100,3.38,167,0.17,0.0,0.0,0.0
2025-10-24T23:00,8.4,84,991.7,100,3.10,165,0.17,0.0,0.0,0.0
2025-10-25T00:00,8.3,85,991.4,100,3.02,161,0.17,0.0,0.0,0.0
2025-10-25T01:00,8.2,85,991.1,100,2.99,159,0.16,0.0,0.0,0.0
2025-10-25T02:00,8.1,85,990.8,100,2.87,157,0.16,0.0,0.0,0.0
2025-10-25T03:00,8.7,88,990.4,100,2.84,154,0.13,0.0,0.0,0.0
2025-10-25T04:00,8.7,89,989.9,100,2.69,149,0.12,0.0,0.0,0.0
2025-10-25T05:00,8.7,90,989.6,100,2.94,148,0.11,0.0,0.0,0.0
2025-10-25T06:00,8.9,90,989.2,86,2.64,143,0.11,0.0,0.0,0.0
2025-10-25T07:00,8.6,92,988.9,41,2.95,141,0.09,0.0,0.0,0.0
2025-10-25T08:00,8.6,93,988.7,98,3.26,137,0.08,7.0,1.0,6.0
2025-10-25T09:00,9.1,93,988.6,100,3.61,137,0.08,63.0,21.0,42.0
2025-10-25T10:00,9.2,92,988.4,100,3.54,134,0.09,38.0,0.0,38.0
2025-10-25T11:00,9.4,91,987.8,100,3.49,119,0.11,85.0,2.0,83.0
2025-10-25T12:00,10.0,88,987.4,66,4.37,129,0.15,141.0,33.0,108.0
2025-10-25T13:00,11.2,81,986.8,91,5.06,136,0.25,264.0,135.0,129.0
2025-10-25T14:00,11.9,77,986.5,37,4.78,133,0.32,216.0,83.0,133.0
2025-10-25T15:00,10.3,81,986.0,100,4.83,129,0.24,209.0,131.0,78.0
2025-10-25T16:00,10.4,81,985.5,100,4.07,118,0.24,67.0,4.0,63.0
2025-10-25T17:00,10.2,81,984.7,55,4.12,113,0.24,24.0,2.0,22.0
2025-10-25T18:00,10.1,80,984.4,62,4.59,118,0.25,0.0,0.0,0.0
2025-10-25T19:00,9.9,79,984.4,100,4.76,130,0.26,0.0,0.0,0.0
2025-10-25T20:00,9.9,76,984.0,100,4.46,132,0.30,0.0,0.0,0.0
2025-10-25T21:00,10.5,74,983.6,100,4.43,131,0.33,0.0,0.0,0.0
2025-10-25T22:00,10.0,76,983.2,100,4.51,130,0.29,0.0,0.0,0.0
2025-10-25T23:00,9.3,83,982.8,100,4.63,128,0.20,0.0,0.0,0.0
2025-10-26T00:00,8.5,90,982.4,100,4.77,125,0.11,0.0,0.0,0.0
2025-10-26T01:00,7.9,95,981.9,100,4.69,121,0.06,0.0,0.0,0.0
2025-10-26T02:00,7.6,96,981.4,100,4.57,120,0.04,0.0,0.0,0.0
2025-10-26T03:00,7.6,96,980.9,100,4.53,124,0.04,0.0,0.0,0.0
2025-10-26T04:00,7.7,97,980.8,100,4.12,141,0.04,0.0,0.0,0.0
2025-10-26T05:00,8.0,97,980.9,100,3.47,157,0.03,0.0,0.0,0.0
2025-10-26T06:00,8.2,98,981.3,100,3.78,187,0.03,0.0,0.0,0.0
2025-10-26T07:00,7.9,93,981.4,100,3.94,192,0.07,0.0,0.0,0.0
2025-10-26T08:00,7.6,93,982.2,100,3.98,195,0.07,2.0,0.0,2.0
2025-10-26T09:00,7.5,92,982.8,100,3.99,200,0.08,19.0,0.0,19.0
2025-10-26T10:00,7.6,90,983.3,98,3.72,200,0.11,40.0,1.0,39.0
2025-10-26T11:00,7.8,85,983.8,95,4.41,203,0.16,153.0,29.0,124.0
2025-10-26T12:00,8.0,75,984.8,100,4.75,210,0.26,140.0,20.0,120.0
2025-10-26T13:00,7.5,78,985.3,100,4.97,216,0.23,90.0,1.0,89.0
2025-10-26T14:00,7.2,82,986.0,100,3.82,206,0.19,50.0,0.0,50.0
2025-10-26T15:00,7.5,72,986.4,55,4.46,227,0.29,42.0,2.0,40.0
2025-10-26T16:00,7.5,73,986.9,78,2.80,202,0.28,99.0,42.0,57.0
2025-10-26T17:00,7.2,75,987.3,73,2.72,186,0.26,25.0,8.0,17.0
2025-10-26T18:00,6.8,77,987.4,59,2.90,180,0.23,0.0,0.0,0.0
2025-10-26T19:00,6.5,78,987.7,60,3.25,179,0.22,0.0,0.0,0.0
2025-10-26T20:00,5.9,83,988.0,49,2.98,171,0.16,0.0,0.0,0.0
2025-10-26T21:00,5.8,83,988.1,49,3.36,185,0.16,0.0,0.0,0.0
2025-10-26T22:00,5.6,84,988.1,7,3.26,185,0.15,0.0,0.0,0.0
2025-10-26T23:00,5.3,84,988.0,0,3.11,186,0.14,0.0,0.0,0.0
2025-10-27T00:00,4.9,85,987.8,10,3.06,186,0.13,0.0,0.0,0.0
2025-10-27T01:00,4.6,84,987.9,11,3.10,181,0.14,0.0,0.0,0.0
2025-10-27T02:00,4.3,84,987.8,2,2.96,175,0.13,0.0,0.0,0.0
2025-10-27T03:00,4.0,86,987.8,2,2.82,174,0.12,0.0,0.0,0.0
2025-10-27T04:00,3.9,86,987.6,6,2.93,171,0.11,0.0,0.0,0.0
2025-10-27T05:00,3.7,88,987.3,5,2.89,162,0.10,0.0,0.0,0.0
2025-10-27T06:00,3.6,89,987.4,100,3.02,161,0.09,0.0,0.0,0.0
2025-10-27T07:00,3.7,89,987.4,100,3.09,157,0.09,0.0,0.0,0.0
2025-10-27T08:00,3.7,90,987.7,98,3.20,155,0.08,6.0,0.0,6.0
2025-10-27T09:00,4.8,92,987.8,85,3.29,163,0.07,74.0,28.0,46.0
2025-10-27T10:00,6.1,89,987.6,100,4.14,168,0.10,170.0,98.0,72.0
2025-10-27T11:00,7.1,86,987.6,100,4.39,168,0.14,170.0,32.0,138.0
2025-10-27T12:00,7.8,83,987.3,100,4.56,171,0.18,132.0,14.0,118.0
2025-10-27T13:00,8.5,81,986.8,100,2.35,153,0.21,106.0,0.0,106.0
2025-10-27T14:00,8.9,79,986.4,100,2.58,148,0.24,89.0,2.0,87.0
2025-10-27T15:00,9.0,80,985.9,80,3.37,148,0.23,74.0,1.0,73.0
2025-10-27T16:00,8.7,81,985.6,100,3.76,161,0.22,62.0,11.0,51.0
2025-10-27T17:00,8.3,84,985.6,100,3.81,150,0.18,12.0,1.0,11.0
2025-10-27T18:00,8.1,85,985.1,100,3.34,145,0.16,0.0,0.0,0.0
2025-10-27T19:00,8.0,86,985.0,100,3.17,142,0.15,0.0,0.0,0.0
2025-10-27T20:00,8.0,86,984.5,100,3.27,141,0.15,0.0,0.0,0.0
2025-10-27T21:00,7.9,93,984.1,100,4.63,152,0.07,0.0,0.0,0.0
2025-10-27T22:00,7.5,89,984.1,100,4.80,158,0.11,0.0,0.0,0.0
2025-10-27T23:00,7.1,93,983.5,100,3.76,147,0.07,0.0,0.0,0.0
2025-10-28T00:00,7.1,94,982.8,100,3.22,132,0.06,0.0,0.0,0.0
2025-10-28T01:00,6.9,96,982.2,100,3.22,126,0.04,0.0,0.0,0.0
2025-10-28T02:00,6.9,96,981.5,100,3.65,132,0.04,0.0,0.0,0.0
2025-10-28T03:00,6.6,95,980.6,100,3.52,141,0.05,0.0,0.0,0.0
2025-10-28T04:00,6.4,95,980.2,100,3.32,135,0.05,0.0,0.0,0.0
2025-10-28T05:00,6.0,96,979.7,100,3.19,125,0.04,0.0,0.0,0.0
2025-10-28T06:00,5.7,96,979.4,100,3.11,120,0.03,0.0,0.0,0.0
2025-10-28T07:00,5.5,96,979.1,100,3.20,124,0.04,0.0,0.0,0.0
2025-10-28T08:00,5.3,95,979.0,100,2.85,121,0.04,1.0,0.0,1.0
2025-10-28T09:00,5.4,95,979.0,100,2.62,133,0.05,24.0,0.0,24.0
2025-10-28T10:00,5.8,92,979.2,100,3.09,151,0.07,55.0,1.0,54.0
2025-10-28T11:00,6.2,90,979.5,100,2.98,172,0.09,57.0,0.0,57.0
2025-10-28T12:00,6.5,92,979.6,100,2.40,192,0.08,54.0,0.0,54.0
2025-10-28T13:00,7.3,91,979.8,100,2.23,222,0.09,68.0,1.0,67.0
2025-10-28T14:00,7.7,88,980.1,93,2.75,243,0.13,80.0,7.0,73.0
2025-10-28T15:00,7.3,90,980.9,100,2.76,235,0.11,125.0,55.0,70.0
2025-10-28T16:00,7.0,84,981.5,100,3.54,234,0.16,76.0,25.0,51.0
2025-10-28T17:00,6.5,82,982.0,100,3.30,235,0.18,15.0,1.0,14.0
2025-10-28T18:00,6.2,80,982.5,100,2.94,227,0.19,0.0,0.0,0.0
2025-10-28T19:00,6.1,80,983.0,100,2.72,223,0.19,0.0,0.0,0.0
2025-10-28T20:00,5.9,78,983.2,95,2.64,217,0.20,0.0,0.0,0.0
2025-10-28T21:00,5.5,83,983.1,75,2.82,203,0.15,0.0,0.0,0.0
2025-10-28T22:00,5.5,81,983.3,91,2.83,197,0.17,0.0,0.0,0.0
2025-10-28T23:00,5.4,82,983.1,59,2.63,189,0.17,0.0,0.0,0.0
2025-10-29T00:00,4.8,85,983.0,96,3.09,189,0.13,0.0,0.0,0.0
2025-10-29T01:00,4.0,90,983.6,98,3.20,207,0.08,0.0,0.0,0.0
2025-10-29T02:00,4.0,93,983.6,100,2.82,200,0.06,0.0,0.0,0.0
2025-10-29T03:00,5.0,93,983.3,100,3.08,200,0.06,0.0,0.0,0.0
2025-10-29T04:00,4.6,85,983.3,100,3.05,215,0.13,0.0,0.0,0.0
2025-10-29T05:00,4.3,91,983.5,100,2.76,202,0.07,0.0,0.0,0.0
2025-10-29T06:00,4.1,95,983.7,99,2.80,211,0.04,0.0,0.0,0.0
2025-10-29T07:00,4.3,96,984.1,100,2.57,213,0.03,0.0,0.0,0.0
2025-10-29T08:00,4.7,96,984.5,100,2.35,207,0.03,2.0,0.0,2.0
2025-10-29T09:00,5.5,94,984.8,100,2.89,208,0.05,23.0,0.0,23.0
2025-10-29T10:00,6.0,89,985.3,98,2.83,216,0.10,70.0,10.0,60.0
2025-10-29T11:00,6.3,87,985.5,100,2.59,221,0.13,96.0,12.0,84.0
2025-10-29T12:00,6.7,83,985.9,100,2.94,223,0.17,113.0,3.0,110.0
2025-10-29T13:00,7.2,78,986.2,58,2.53,218,0.22,129.0,16.0,113.0
2025-10-29T14:00,7.6,76,986.4,76,2.06,231,0.26,177.0,72.0,105.0
2025-10-29T15:00,6.9,83,986.8,68,2.11,211,0.17,108.0,40.0,68.0
2025-10-29T16:00,6.7,86,987.1,100,1.71,212,0.13,88.0,35.0,53.0
2025-10-29T17:00,5.6,90,987.8,94,1.33,214,0.09,13.0,2.0,11.0
2025-10-29T18:00,5.3,91,988.2,52,1.82,212,0.08,0.0,0.0,0.0
2025-10-29T19:00,5.4,92,988.9,62,2.02,220,0.07,0.0,0.0,0.0
2025-10-29T20:00,4.8,94,989.3,73,1.91,227,0.06,0.0,0.0,0.0
2025-10-29T21:00,5.0,95,989.5,92,2.09,224,0.04,0.0,0.0,0.0
2025-10-29T22:00,4.9,95,989.7,92,1.95,230,0.04,0.0,0.0,0.0
2025-10-29T23:00,4.6,96,990.1,66,2.20,229,0.04,0.0,0.0,0.0
2025-10-30T00:00,4.5,97,990.5,84,2.35,241,0.03,0.0,0.0,0.0
2025-10-30T01:00,4.3,97,990.9,99,2.27,248,0.02,0.0,0.0,0.0
2025-10-30T02:00,4.1,98,991.3,9,2.36,253,0.02,0.0,0.0,0.0
2025-10-30T03:00,4.5,97,991.8,99,2.17,251,0.03,0.0,0.0,0.0
2025-10-30T04:00,5.1,97,991.8,80,2.39,259,0.03,0.0,0.0,0.0
2025-10-30T05:00,4.5,97,992.3,69,2.20,253,0.02,0.0,0.0,0.0
2025-10-30T06:00,4.3,98,992.8,30,2.29,254,0.02,0.0,0.0,0.0
2025-10-30T07:00,3.9,98,993.1,100,2.25,253,0.02,0.0,0.0,0.0
2025-10-30T08:00,4.0,98,993.7,100,2.38,255,0.02,3.0,0.0,3.0
2025-10-30T09:00,5.6,97,994.2,100,2.75,260,0.02,45.0,13.0,32.0
2025-10-30T10:00,6.0,95,994.8,100,2.81,258,0.05,90.0,10.0,80.0
2025-10-30T11:00,6.1,93,995.2,100,2.85,255,0.07,134.0,30.0,104.0
2025-10-30T12:00,6.6,86,995.5,92,2.68,256,0.13,139.0,14.0,125.0
2025-10-30T13:00,7.3,79,995.8,54,2.51,257,0.21,183.0,45.0,138.0
2025-10-30T14:00,8.0,71,995.7,52,2.40,258,0.31,237.0,149.0,88.0
2025-10-30T15:00,7.4,78,996.0,48,1.98,260,0.22,176.0,97.0,79.0
2025-10-30T16:00,7.3,82,996.0,99,0.25,233,0.18,86.0,35.0,51.0
2025-10-30T17:00,6.8,82,996.1,100,0.85,111,0.18,14.0,3.0,11.0
2025-10-30T18:00,6.6,83,996.1,50,1.45,134,0.16,0.0,0.0,0.0
2025-10-30T19:00,6.4,85,996.5,100,1.57,158,0.15,0.0,0.0,0.0
2025-10-30T20:00,6.5,86,996.7,100,1.46,174,0.13,0.0,0.0,0.0
2025-10-30T21:00,5.4,94,996.3,52,1.26,173,0.06,0.0,0.0,0.0
2025-10-30T22:00,5.2,94,996.4,100,1.45,178,0.05,0.0,0.0,0.0
2025-10-30T23:00,4.8,95,996.1,100,1.63,169,0.04,0.0,0.0,0.0
2025-10-31T00:00,5.1,96,995.9,100,1.90,177,0.03,0.0,0.0,0.0
2025-10-31T01:00,5.3,97,995.6,73,1.81,174,0.02,0.0,0.0,0.0
2025-10-31T02:00,4.5,98,995.0,100,1.94,162,0.02,0.0,0.0,0.0
2025-10-31T03:00,5.3,94,994.3,100,2.36,148,0.05,0.0,0.0,0.0
2025-10-31T04:00,5.9,92,993.4,100,2.77,129,0.07,0.0,0.0,0.0
2025-10-31T05:00,6.1,92,992.6,100,3.37,131,0.07,0.0,0.0,0.0
2025-10-31T06:00,6.0,93,991.5,100,3.61,127,0.07,0.0,0.0,0.0
2025-10-31T07:00,6.2,91,990.9,100,3.79,132,0.08,0.0,0.0,0.0
2025-10-31T08:00,6.1,90,990.3,100,4.10,133,0.09,2.0,0.0,2.0
2025-10-31T09:00,6.4,90,989.5,100,4.50,131,0.09,15.0,0.0,15.0
2025-10-31T10:00,6.5,89,988.8,100,4.89,131,0.11,29.0,0.0,29.0
2025-10-31T11:00,6.3,90,988.2,100,4.87,126,0.10,46.0,0.0,46.0
2025-10-31T12:00,6.2,91,987.7,100,4.85,125,0.08,45.0,0.0,45.0
2025-10-31T13:00,5.9,94,987.2,100,4.66,123,0.05,39.0,0.0,39.0
2025-10-31T14:00,5.7,95,986.9,100,4.24,120,0.04,35.0,0.0,35.0
2025-10-31T15:00,5.6,95,986.6,100,3.58,126,0.05,22.0,0.0,22.0
2025-10-31T16:00,5.2,95,986.6,100,3.31,124,0.05,14.0,0.0,14.0
2025-10-31T17:00,4.9,96,986.7,100,3.05,111,0.04,3.0,0.0,3.0
2025-10-31T18:00,4.7,96,987.1,100,2.98,99,0.03,0.0,0.0,0.0
2025-10-31T19:00,4.6,96,987.7,100,2.87,84,0.03,0.0,0.0,0.0
2025-10-31T20:00,4.5,96,988.2,100,2.84,81,0.03,0.0,0.0,0.0
2025-10-31T21:00,5.0,96,988.4,100,2.63,76,0.03,0.0,0.0,0.0
2025-10-31T22:00,5.2,96,989.0,100,2.82,65,0.03,0.0,0.0,0.0
2025-10-31T23:00,5.2,95,989.7,100,2.93,65,0.04,0.0,0.0,0.0
2025-11-01T00:00,5.1,95,990.2,100,2.56,59,0.04,0.0,0.0,0.0
2025-11-01T01:00,5.1,95,990.7,100,2.37,48,0.04,0.0,0.0,0.0
2025-11-01T02:00,5.2,95,991.7,100,2.60,38,0.05,0.0,0.0,0.0
2025-11-01T03:00,5.2,95,992.5,100,2.78,38,0.05,0.0,0.0,0.0
2025-11-01T04:00,5.2,95,993.3,100,2.48,34,0.05,0.0,0.0,0.0
2025-11-01T05:00,5.2,95,994.1,100,2.68,33,0.05,0.0,0.0,0.0
2025-11-01T06:00,5.1,93,994.9,100,2.90,32,0.06,0.0,0.0,0.0
2025-11-01T07:00,5.0,93,995.7,100,2.91,35,0.06,0.0,0.0,0.0
2025-11-01T08:00,4.8,92,996.4,100,2.65,36,0.07,1.0,0.0,1.0
2025-11-01T09:00,5.1,91,997.5,100,2.43,37,0.08,17.0,0.0,17.0
2025-11-01T10:00,5.3,87,998.3,100,2.13,49,0.11,38.0,0.0,38.0
2025-11-01T11:00,5.4,85,999.1,100,2.04,36,0.13,50.0,1.0,49.0
2025-11-01T12:00,5.5,84,999.4,100,2.10,38,0.15,79.0,0.0,79.0
2025-11-01T13:00,6.0,81,999.8,100,1.94,35,0.18,149.0,28.0,121.0
2025-11-01T14:00,6.3,78,1000.4,100,1.81,24,0.21,157.0,26.0,131.0
2025-11-01T15:00,6.4,79,1000.8,100,1.50,21,0.21,103.0,17.0,86.0
2025-11-01T16:00,6.3,80,1001.5,100,0.91,9,0.19,44.0,2.0,42.0
2025-11-01T17:00,6.0,85,1002.1,100,0.30,9,0.14,8.0,0.0,8.0
2025-11-01T18:00,5.9,84,1002.4,99,0.20,90,0.15,0.0,0.0,0.0
2025-11-01T19:00,5.9,79,1002.8,100,1.04,73,0.19,0.0,0.0,0.0
2025-11-01T20:00,5.8,79,1003.3,100,1.37,80,0.19,0.0,0.0,0.0
2025-11-01T21:00,5.2,85,1003.4,100,1.70,114,0.13,0.0,0.0,0.0
2025-11-01T22:00,4.6,87,1003.9,91,1.66,119,0.11,0.0,0.0,0.0
2025-11-01T23:00,4.4,88,1004.5,91,1.38,134,0.10,0.0,0.0,0.0
2025-11-02T00:00,4.4,88,1004.6,98,1.21,156,0.10,0.0,0.0,0.0
2025-11-02T01:00,4.2,90,1004.6,100,1.10,183,0.08,0.0,0.0,0.0
2025-11-02T02:00,4.2,91,1004.7,100,1.27,191,0.07,0.0,0.0,0.0
2025-11-02T03:00,3.9,91,1004.8,59,1.59,242,0.08,0.0,0.0,0.0
2025-11-02T04:00,3.9,91,1005.0,91,1.76,255,0.08,0.0,0.0,0.0
2025-11-02T05:00,3.8,93,1005.2,84,1.61,263,0.06,0.0,0.0,0.0
2025-11-02T06:00,3.8,95,1005.3,100,1.35,270,0.04,0.0,0.0,0.0
2025-11-02T07:00,3.7,96,1005.4,94,1.27,261,0.03,0.0,0.0,0.0
2025-11-02T08:00,3.6,97,1005.8,98,1.42,260,0.02,1.0,0.0,1.0
2025-11-02T09:00,4.2,100,1006.4,100,1.47,260,0.00,36.0,4.0,32.0
2025-11-02T10:00,4.7,97,1006.6,100,1.14,241,0.03,77.0,5.0,72.0
2025-11-02T11:00,5.4,94,1007.0,99,1.10,223,0.05,126.0,20.0,106.0
2025-11-02T12:00,6.2,89,1006.9,88,1.21,204,0.11,164.0,33.0,131.0
2025-11-02T13:00,6.8,82,1006.5,100,1.41,186,0.18,193.0,77.0,116.0
2025-11-02T14:00,7.2,74,1006.4,100,1.68,207,0.26,143.0,50.0,93.0
2025-11-02T15:00,7.2,73,1006.6,100,1.53,191,0.27,72.0,6.0,66.0
2025-11-02T16:00,6.7,77,1006.6,100,1.92,187,0.23,31.0,1.0,30.0
2025-11-02T17:00,6.3,80,1006.6,100,2.07,195,0.19,6.0,0.0,6.0
2025-11-02T18:00,6.0,80,1006.8,100,2.14,191,0.19,0.0,0.0,0.0
2025-11-02T19:00,5.9,78,1006.9,100,2.49,190,0.20,0.0,0.0,0.0
2025-11-02T20:00,5.5,78,1007.0,100,2.92,193,0.20,0.0,0.0,0.0
2025-11-02T21:00,4.5,85,1006.7,100,2.76,176,0.13,0.0,0.0,0.0
2025-11-02T22:00,4.1,86,1006.6,100,2.89,170,0.12,0.0,0.0,0.0
2025-11-02T23:00,4.0,86,1006.6,100,3.02,173,0.11,0.0,0.0,0.0
2025-11-03T00:00,4.0,86,1006.5,100,2.95,178,0.12,0.0,0.0,0.0
2025-11-03T01:00,4.0,84,1006.0,100,3.05,180,0.13,0.0,0.0,0.0
2025-11-03T02:00,4.1,83,1006.0,100,2.90,181,0.14,0.0,0.0,0.0
2025-11-03T03:00,4.4,81,1005.3,100,3.08,173,0.16,0.0,0.0,0.0
2025-11-03T04:00,4.2,81,1004.7,100,3.13,172,0.15,0.0,0.0,0.0
2025-11-03T05:00,4.1,82,1004.7,100,3.23,172,0.15,0.0,0.0,0.0
2025-11-03T06:00,4.2,83,1004.3,100,3.18,167,0.14,0.0,0.0,0.0
2025-11-03T07:00,4.6,81,1003.9,100,3.22,168,0.16,0.0,0.0,0.0
2025-11-03T08:00,4.7,81,1003.8,100,3.14,166,0.17,1.0,0.0,1.0
2025-11-03T09:00,4.9,84,1003.6,100,3.35,166,0.13,18.0,0.0,18.0
2025-11-03T10:00,5.2,84,1003.1,100,3.56,169,0.14,36.0,0.0,36.0
2025-11-03T11:00,6.0,84,1002.8,100,3.72,175,0.15,81.0,1.0,80.0
2025-11-03T12:00,6.1,87,1002.5,100,3.92,175,0.13,53.0,0.0,53.0
2025-11-03T13:00,6.4,88,1001.9,100,3.91,170,0.12,57.0,0.0,57.0
2025-11-03T14:00,6.4,90,1001.0,100,3.96,164,0.10,39.0,0.0,39.0
2025-11-03T15:00,6.6,90,1000.6,100,4.10,164,0.10,25.0,0.0,25.0
2025-11-03T16:00,7.2,85,1000.0,100,3.76,166,0.15,32.0,0.0,32.0
2025-11-03T17:00,7.6,82,999.8,100,3.52,173,0.19,7.0,0.0,7.0
2025-11-03T18:00,7.5,81,999.6,100,3.56,176,0.20,0.0,0.0,0.0
2025-11-03T19:00,7.5,81,999.6,100,3.65,182,0.20,0.0,0.0,0.0
2025-11-03T20:00,7.8,80,999.3,100,3.62,186,0.21,0.0,0.0,0.0
2025-11-03T21:00,8.4,80,998.8,100,3.71,190,0.22,0.0,0.0,0.0
2025-11-03T22:00,8.7,80,998.7,100,3.58,195,0.23,0.0,0.0,0.0
2025-11-03T23:00,8.9,81,998.7,100,3.58,200,0.22,0.0,0.0,0.0
2025-11-04T00:00,8.9,83,998.4,100,3.52,203,0.19,0.0,0.0,0.0
2025-11-04T01:00,9.1,83,998.3,100,3.38,204,0.19,0.0,0.0,0.0
2025-11-04T02:00,9.2,84,998.0,100,3.60,204,0.18,0.0,0.0,0.0
2025-11-04T03:00,9.1,86,997.8,100,3.91,201,0.16,0.0,0.0,0.0
2025-11-04T04:00,8.8,86,997.5,100,3.97,201,0.15,0.0,0.0,0.0
2025-11-04T05:00,8.4,88,997.5,100,4.14,203,0.13,0.0,0.0,0.0
2025-11-04T06:00,8.0,91,997.2,100,4.10,204,0.10,0.0,0.0,0.0
2025-11-04T07:00,8.0,91,996.9,100,4.09,205,0.09,0.0,0.0,0.0
2025-11-04T08:00,7.8,93,997.0,100,4.12,209,0.07,0.0,0.0,0.0
2025-11-04T09:00,8.4,93,997.2,100,4.16,215,0.08,10.0,0.0,10.0
2025-11-04T10:00,8.6,93,997.2,100,4.18,222,0.08,20.0,0.0,20.0
2025-11-04T11:00,8.8,93,997.5,100,4.07,228,0.08,29.0,0.0,29.0
2025-11-04T12:00,8.9,94,998.0,100,4.01,237,0.06,30.0,0.0,30.0
2025-11-04T13:00,8.8,96,998.4,100,3.48,252,0.05,26.0,0.0,26.0
2025-11-04T14:00,9.1,95,998.9,58,2.80,272,0.05,33.0,0.0,33.0
2025-11-04T15:00,9.5,90,999.9,48,2.42,292,0.11,147.0,75.0,72.0
2025-11-04T16:00,8.9,85,1000.8,100,2.10,288,0.17,79.0,36.0,43.0
2025-11-04T17:00,7.8,85,1001.5,100,1.50,272,0.16,8.0,2.0,6.0
2025-11-04T18:00,8.0,82,1002.3,100,1.65,270,0.19,0.0,0.0,0.0
2025-11-04T19:00,8.2,81,1003.1,100,2.16,277,0.20,0.0,0.0,0.0
2025-11-04T20:00,8.1,82,1003.6,96,2.25,291,0.20,0.0,0.0,0.0
2025-11-04T21:00,8.3,81,1004.2,100,1.66,245,0.20,0.0,0.0,0.0
2025-11-04T22:00,8.3,81,1004.9,100,1.96,255,0.20,0.0,0.0,0.0
2025-11-04T23:00,8.2,82,1005.5,100,2.02,263,0.20,0.0,0.0,0.0
2025-11-05T00:00,7.9,84,1005.9,100,1.95,270,0.17,0.0,0.0,0.0
2025-11-05T01:00,7.3,87,1006.2,93,1.98,286,0.14,0.0,0.0,0.0
2025-11-05T02:00,6.5,91,1006.7,2,1.88,295,0.09,0.0,0.0,0.0
2025-11-05T03:00,5.8,95,1007.2,100,1.64,308,0.05,0.0,0.0,0.0
2025-11-05T04:00,5.7,95,1007.5,95,1.32,299,0.04,0.0,0.0,0.0
2025-11-05T05:00,5.1,97,1007.8,5,1.20,265,0.03,0.0,0.0,0.0
2025-11-05T06:00,4.5,98,1008.2,100,1.55,255,0.01,0.0,0.0,0.0
2025-11-05T07:00,4.7,98,1008.4,100,1.74,252,0.02,0.0,0.0,0.0
2025-11-05T08:00,4.8,95,1008.3,95,2.08,260,0.04,0.0,0.0,0.0
2025-11-05T09:00,3.9,99,1008.9,100,2.26,223,0.01,40.0,13.0,27.0
2025-11-05T10:00,5.3,93,1009.1,87,2.13,229,0.06,89.0,19.0,70.0
2025-11-05T11:00,6.9,80,1009.1,100,3.76,245,0.20,145.0,44.0,101.0
2025-11-05T12:00,7.5,75,1009.0,98,3.78,241,0.26,168.0,50.0,118.0
2025-11-05T13:00,8.2,70,1008.3,47,3.66,238,0.32,202.0,79.0,123.0
2025-11-05T14:00,8.6,69,1008.0,88,2.96,233,0.34,221.0,128.0,93.0
2025-11-05T15:00,8.7,70,1007.7,30,2.69,225,0.34,143.0,72.0,71.0
2025-11-05T16:00,8.2,72,1007.2,41,2.76,212,0.30,87.0,49.0,38.0
2025-11-05T17:00,7.5,74,1007.2,98,2.69,222,0.27,11.0,4.0,7.0
2025-11-05T18:00,7.4,74,1007.2,99,3.23,221,0.26,0.0,0.0,0.0
2025-11-05T19:00,6.9,77,1007.1,100,3.19,229,0.23,0.0,0.0,0.0
2025-11-05T20:00,6.5,79,1006.7,100,3.22,226,0.21,0.0,0.0,0.0
2025-11-05T21:00,6.0,81,1006.5,100,3.22,228,0.18,0.0,0.0,0.0
2025-11-05T22:00,5.6,82,1006.3,97,3.26,229,0.16,0.0,0.0,0.0
2025-11-05T23:00,5.3,84,1005.8,100,3.33,227,0.15,0.0,0.0,0.0
2025-11-06T00:00,5.2,85,1005.4,100,3.33,229,0.13,0.0,0.0,0.0
2025-11-06T01:00,5.2,86,1005.2,100,3.28,232,0.12,0.0,0.0,0.0
2025-11-06T02:00,5.2,87,1004.8,100,3.29,237,0.12,0.0,0.0,0.0
2025-11-06T03:00,5.8,85,1004.4,100,3.29,240,0.13,0.0,0.0,0.0
2025-11-06T04:00,6.0,87,1003.9,100,3.15,243,0.12,0.0,0.0,0.0
2025-11-06T05:00,6.0,88,1003.7,100,3.16,247,0.11,0.0,0.0,0.0
2025-11-06T06:00,6.1,89,1003.3,100,3.11,242,0.10,0.0,0.0,0.0
2025-11-06T07:00,6.1,91,1002.7,100,3.22,240,0.09,0.0,0.0,0.0
2025-11-06T08:00,6.0,92,1002.8,100,3.15,243,0.08,0.0,0.0,0.0
2025-11-06T09:00,6.4,92,1002.5,100,3.39,233,0.07,18.0,1.0,17.0
2025-11-06T10:00,6.8,90,1002.0,100,3.57,233,0.09,58.0,7.0,51.0
2025-11-06T11:00,7.2,89,1001.7,100,3.56,232,0.11,91.0,3.0,88.0
2025-11-06T12:00,7.7,88,1001.7,100,3.72,239,0.13,106.0,8.0,98.0
2025-11-06T13:00,7.7,89,1001.2,100,3.26,234,0.12,69.0,2.0,67.0
2025-11-06T14:00,8.1,88,1001.1,100,3.48,235,0.13,66.0,0.0,66.0
2025-11-06T15:00,8.8,85,1000.6,100,4.14,240,0.16,55.0,1.0,54.0
2025-11-06T16:00,8.4,88,1000.3,100,3.85,240,0.13,32.0,0.0,32.0
2025-11-06T17:00,8.3,89,1000.0,100,3.78,242,0.12,3.0,0.0,3.0
2025-11-06T18:00,8.3,88,999.7,99,3.89,250,0.13,0.0,0.0,0.0
2025-11-06T19:00,8.1,85,999.6,100,3.86,251,0.16,0.0,0.0,0.0
2025-11-06T20:00,7.8,84,999.7,100,3.86,251,0.17,0.0,0.0,0.0
2025-11-06T21:00,8.2,81,999.2,100,3.56,253,0.20,0.0,0.0,0.0
2025-11-06T22:00,8.1,81,999.2,100,3.59,257,0.21,0.0,0.0,0.0
2025-11-06T23:00,8.0,82,999.0,100,3.52,259,0.19,0.0,0.0,0.0
2025-11-07T00:00,8.0,85,998.9,100,3.54,261,0.17,0.0,0.0,0.0
2025-11-07T01:00,7.9,86,999.0,100,3.45,260,0.15,0.0,0.0,0.0
2025-11-07T02:00,7.6,90,998.7,100,3.63,263,0.10,0.0,0.0,0.0
2025-11-07T03:00,7.2,91,998.7,100,3.20,256,0.10,0.0,0.0,0.0
2025-11-07T04:00,7.4,90,998.7,100,3.16,265,0.10,0.0,0.0,0.0
2025-11-07T05:00,7.5,90,998.6,100,2.96,266,0.10,0.0,0.0,0.0
2025-11-07T06:00,7.6,91,998.6,100,2.90,268,0.10,0.0,0.0,0.0
2025-11-07T07:00,7.6,91,998.6,100,2.80,271,0.09,0.0,0.0,0.0
2025-11-07T08:00,7.7,92,998.8,100,2.76,266,0.08,0.0,0.0,0.0
2025-11-07T09:00,7.7,95,998.8,100,2.63,261,0.05,5.0,0.0,5.0
2025-11-07T10:00,8.1,95,999.0,100,2.69,260,0.06,37.0,1.0,36.0
2025-11-07T11:00,8.4,95,999.4,100,2.77,264,0.06,65.0,1.0,64.0
2025-11-07T12:00,9.1,93,999.4,100,3.20,270,0.09,103.0,6.0,97.0
2025-11-07T13:00,9.5,91,999.4,100,2.90,267,0.11,90.0,2.0,88.0
2025-11-07T14:00,10.0,87,999.5,100,3.00,269,0.16,111.0,14.0,97.0
2025-11-07T15:00,9.6,86,999.4,100,2.41,264,0.17,48.0,0.0,48.0
2025-11-07T16:00,9.4,86,999.5,100,2.11,248,0.16,36.0,1.0,35.0
2025-11-07T17:00,9.2,87,999.4,100,2.48,242,0.15,3.0,0.0,3.0
2025-11-07T18:00,9.0,88,999.3,100,3.04,256,0.14,0.0,0.0,0.0
2025-11-07T19:00,8.9,89,999.3,100,2.91,258,0.13,0.0,0.0,0.0
2025-11-07T20:00,9.0,89,999.3,100,2.94,260,0.12,0.0,0.0,0.0
2025-11-07T21:00,9.5,92,998.8,100,2.80,260,0.10,0.0,0.0,0.0
2025-11-07T22:00,9.7,93,998.8,100,2.82,253,0.09,0.0,0.0,0.0
2025-11-07T23:00,9.7,94,998.6,100,2.87,257,0.07,0.0,0.0,0.0
2025-11-08T00:00,9.8,94,998.5,100,3.15,255,0.07,0.0,0.0,0.0
2025-11-08T01:00,9.8,93,998.6,100,3.36,255,0.08,0.0,0.0,0.0
2025-11-08T02:00,9.5,92,998.2,100,3.54,257,0.09,0.0,0.0,0.0
2025-11-08T03:00,9.2,91,998.0,100,3.53,263,0.11,0.0,0.0,0.0
2025-11-08T04:00,9.1,90,997.5,100,3.63,262,0.12,0.0,0.0,0.0
2025-11-08T05:00,8.8,90,997.2,100,3.73,263,0.11,0.0,0.0,0.0
2025-11-08T06:00,8.7,90,997.0,100,3.95,261,0.11,0.0,0.0,0.0
2025-11-08T07:00,8.4,90,997.1,100,4.00,267,0.11,0.0,0.0,0.0
2025-11-08T08:00,8.2,90,997.2,100,3.95,269,0.11,0.0,0.0,0.0
2025-11-08T09:00,8.4,90,997.3,100,4.00,268,0.11,28.0,3.0,25.0
2025-11-08T10:00,8.8,88,997.4,100,3.90,271,0.14,92.0,18.0,74.0
2025-11-08T11:00,9.2,87,997.5,100,3.56,267,0.15,137.0,24.0,113.0
2025-11-08T12:00,9.9,82,997.8,100,4.17,284,0.22,176.0,53.0,123.0
2025-11-08T13:00,10.4,78,998.0,100,3.80,291,0.28,183.0,43.0,140.0
2025-11-08T14:00,10.5,77,998.2,100,3.27,295,0.30,171.0,53.0,118.0
2025-11-08T15:00,9.6,77,998.6,99,2.78,293,0.27,110.0,19.0,91.0
2025-11-08T16:00,9.3,78,999.1,100,2.38,292,0.26,50.0,7.0,43.0
2025-11-08T17:00,8.9,81,999.5,100,2.12,289,0.22,4.0,0.0,4.0
2025-11-08T18:00,8.7,82,999.7,100,1.99,288,0.20,0.0,0.0,0.0
2025-11-08T19:00,8.5,83,1000.0,100,1.73,292,0.18,0.0,0.0,0.0
2025-11-08T20:00,8.4,85,1000.3,100,1.48,294,0.17,0.0,0.0,0.0
2025-11-08T21:00,8.3,89,1000.3,100,1.01,290,0.12,0.0,0.0,0.0
2025-11-08T22:00,8.3,90,1000.6,100,0.89,286,0.11,0.0,0.0,0.0
2025-11-08T23:00,8.1,91,1000.7,100,0.72,258,0.10,0.0,0.0,0.0
2025-11-09T00:00,8.0,91,1000.7,100,0.87,246,0.09,0.0,0.0,0.0
2025-11-09T01:00,8.0,92,1000.8,100,0.74,222,0.09,0.0,0.0,0.0
2025-11-09T02:00,7.9,92,1000.6,100,0.62,194,0.08,0.0,0.0,0.0
2025-11-09T03:00,7.5,91,1000.6,100,1.24,223,0.09,0.0,0.0,0.0
2025-11-09T04:00,7.4,91,1000.6,100,1.34,225,0.10,0.0,0.0,0.0
2025-11-09T05:00,7.3,91,1000.4,100,1.32,217,0.09,0.0,0.0,0.0
2025-11-09T06:00,7.1,91,1000.0,100,1.42,212,0.09,0.0,0.0,0.0
2025-11-09T07:00,6.9,91,999.7,100,1.61,216,0.09,0.0,0.0,0.0
2025-11-09T08:00,6.7,91,999.6,100,1.93,217,0.09,0.0,0.0,0.0
2025-11-09T09:00,6.8,91,999.5,100,2.13,210,0.09,15.0,0.0,15.0
2025-11-09T10:00,6.6,87,999.4,100,3.20,209,0.13,48.0,0.0,48.0
2025-11-09T11:00,6.0,87,999.3,100,3.27,219,0.12,70.0,2.0,68.0
2025-11-09T12:00,5.4,86,999.1,100,3.05,229,0.12,93.0,5.0,88.0
2025-11-09T13:00,5.4,85,998.9,100,3.29,234,0.14,97.0,10.0,87.0
2025-11-09T14:00,5.9,82,998.4,100,3.51,237,0.17,96.0,13.0,83.0
2025-11-09T15:00,5.2,81,997.9,100,3.29,240,0.17,69.0,2.0,67.0
2025-11-09T16:00,5.0,82,997.9,100,2.62,244,0.16,33.0,1.0,32.0
2025-11-09T17:00,4.7,83,997.8,100,2.84,246,0.15,3.0,0.0,3.0
2025-11-09T18:00,4.3,84,997.7,100,3.17,254,0.13,0.0,0.0,0.0
2025-11-09T19:00,3.8,86,997.7,100,3.05,260,0.12,0.0,0.0,0.0
2025-11-09T20:00,3.7,86,997.7,100,2.86,266,0.12,0.0,0.0,0.0
2025-11-09T21:00,3.8,88,997.7,100,2.85,268,0.10,0.0,0.0,0.0
2025-11-09T22:00,3.7,89,997.6,100,2.56,266,0.09,0.0,0.0,0.0
2025-11-09T23:00,3.7,89,997.4,100,2.55,267,0.09,0.0,0.0,0.0
2025-11-10T00:00,3.6,89,997.4,100,2.33,261,0.08,0.0,0.0,0.0
2025-11-10T01:00,3.5,89,997.2,100,2.43,261,0.09,0.0,0.0,0.0
2025-11-10T02:00,3.4,88,997.1,100,2.51,265,0.09,0.0,0.0,0.0
2025-11-10T03:00,2.9,88,997.0,100,1.77,254,0.09,0.0,0.0,0.0
2025-11-10T04:00,2.9,89,996.6,100,1.72,244,0.08,0.0,0.0,0.0
2025-11-10T05:00,2.9,89,996.4,100,2.02,247,0.08,0.0,0.0,0.0
2025-11-10T06:00,2.9,89,996.4,100,2.06,247,0.08,0.0,0.0,0.0
2025-11-10T07:00,2.9,89,996.1,100,2.12,251,0.08,0.0,0.0,0.0
2025-11-10T08:00,2.9,88,995.9,100,2.27,256,0.09,0.0,0.0,0.0
2025-11-10T09:00,2.5,88,996.4,100,2.38,262,0.09,10.0,0.0,10.0
2025-11-10T10:00,2.6,88,996.5,100,2.40,258,0.09,31.0,0.0,31.0
2025-11-10T11:00,2.9,87,996.4,100,2.33,260,0.10,47.0,2.0,45.0
2025-11-10T12:00,3.2,85,996.1,100,2.38,262,0.12,70.0,2.0,68.0
2025-11-10T13:00,3.5,84,996.2,100,2.33,260,0.13,72.0,1.0,71.0
2025-11-10T14:00,3.7,82,996.1,100,2.29,259,0.14,59.0,1.0,58.0
2025-11-10T15:00,3.6,82,995.7,100,2.23,261,0.15,47.0,6.0,41.0
2025-11-10T16:00,3.5,84,995.9,100,1.41,243,0.13,18.0,0.0,18.0
2025-11-10T17:00,3.4,84,995.9,100,1.59,242,0.12,2.0,0.0,2.0
2025-11-10T18:00,3.3,85,996.0,100,1.75,246,0.12,0.0,0.0,0.0
2025-11-10T19:00,3.3,85,996.2,100,1.88,248,0.12,0.0,0.0,0.0
2025-11-10T20:00,3.2,85,996.3,100,1.87,250,0.11,0.0,0.0,0.0
2025-11-10T21:00,3.1,88,996.3,100,1.80,251,0.09,0.0,0.0,0.0
2025-11-10T22:00,3.0,89,996.3,100,1.81,256,0.08,0.0,0.0,0.0
2025-11-10T23:00,3.1,89,996.3,100,1.78,260,0.08,0.0,0.0,0.0
2025-11-11T00:00,3.0,90,996.3,100,1.66,265,0.08,0.0,0.0,0.0
2025-11-11T01:00,3.0,90,996.1,100,1.50,266,0.08,0.0,0.0,0.0
2025-11-11T02:00,3.0,91,996.3,100,1.53,259,0.07,0.0,0.0,0.0
2025-11-11T03:00,3.1,90,996.5,100,1.93,249,0.08,0.0,0.0,0.0
2025-11-11T04:00,3.1,90,996.8,100,1.91,250,0.08,0.0,0.0,0.0
2025-11-11T05:00,3.0,91,996.9,100,1.60,266,0.07,0.0,0.0,0.0
2025-11-11T06:00,3.1,91,996.9,98,1.30,286,0.07,0.0,0.0,0.0
2025-11-11T07:00,3.0,91,996.9,100,1.19,255,0.07,0.0,0.0,0.0
2025-11-11T08:00,2.8,92,997.1,100,1.49,250,0.06,0.0,0.0,0.0
2025-11-11T09:00,3.0,94,997.6,100,1.41,247,0.04,14.0,2.0,12.0
2025-11-11T10:00,3.6,93,997.9,100,1.27,261,0.06,54.0,9.0,45.0
2025-11-11T11:00,4.2,91,998.2,100,0.87,283,0.08,109.0,22.0,87.0
2025-11-11T12:00,4.7,89,998.3,100,0.57,255,0.10,131.0,22.0,109.0
2025-11-11T13:00,5.1,87,998.1,100,0.82,232,0.11,136.0,21.0,115.0
2025-11-11T14:00,5.3,85,998.1,100,0.57,255,0.13,107.0,16.0,91.0
2025-11-11T15:00,4.4,84,998.2,100,0.25,37,0.13,74.0,5.0,69.0
2025-11-11T16:00,4.4,85,998.6,100,0.43,144,0.13,28.0,1.0,27.0
2025-11-11T17:00,4.2,87,998.8,100,0.64,135,0.11,2.0,0.0,2.0
2025-11-11T18:00,4.0,88,998.9,100,0.62,104,0.10,0.0,0.0,0.0
2025-11-11T19:00,3.8,89,999.1,100,0.55,90,0.09,0.0,0.0,0.0
2025-11-11T20:00,3.7,89,999.3,100,0.76,79,0.09,0.0,0.0,0.0
2025-11-11T21:00,3.1,93,999.2,100,0.85,69,0.05,0.0,0.0,0.0
2025-11-11T22:00,3.6,91,999.4,100,1.41,73,0.07,0.0,0.0,0.0
2025-11-11T23:00,3.4,91,999.4,100,1.83,73,0.07,0.0,0.0,0.0
2025-11-12T00:00,3.1,92,999.5,97,2.02,81,0.06,0.0,0.0,0.0
2025-11-12T01:00,2.6,93,999.3,100,2.11,85,0.05,0.0,0.0,0.0
2025-11-12T02:00,2.3,94,999.3,100,2.22,82,0.04,0.0,0.0,0.0
2025-11-12T03:00,2.5,93,999.2,100,2.54,80,0.05,0.0,0.0,0.0
2025-11-12T04:00,2.5,93,998.9,100,2.71,78,0.05,0.0,0.0,0.0
2025-11-12T05:00,2.5,93,999.1,100,2.80,80,0.05,0.0,0.0,0.0
2025-11-12T06:00,2.6,92,999.0,100,2.86,78,0.06,0.0,0.0,0.0
2025-11-12T07:00,2.9,91,999.2,100,3.03,77,0.07,0.0,0.0,0.0
2025-11-12T08:00,3.0,89,999.5,100,3.13,83,0.08,0.0,0.0,0.0
2025-11-12T09:00,3.2,90,1000.0,100,3.26,85,0.08,6.0,0.0,6.0
2025-11-12T10:00,3.4,89,1000.0,100,3.26,86,0.08,24.0,0.0,24.0
2025-11-12T11:00,3.7,89,1000.1,100,3.76,94,0.09,54.0,0.0,54.0
2025-11-12T12:00,3.9,90,1000.1,100,3.41,85,0.08,60.0,0.0,60.0
2025-11-12T13:00,4.1,91,999.8,100,3.54,82,0.08,74.0,0.0,74.0
2025-11-12T14:00,4.3,91,999.8,100,2.96,78,0.08,59.0,0.0,59.0
2025-11-12T15:00,4.1,91,999.7,100,3.30,80,0.07,25.0,0.0,25.0
2025-11-12T16:00,4.1,91,999.6,100,3.31,85,0.08,7.0,0.0,7.0
2025-11-12T17:00,4.0,91,999.8,100,3.30,90,0.08,1.0,0.0,1.0
2025-11-12T18:00,4.0,91,999.7,100,3.30,93,0.07,0.0,0.0,0.0
2025-11-12T19:00,3.8,92,999.5,100,3.21,94,0.06,0.0,0.0,0.0
2025-11-12T20:00,3.7,93,999.3,100,2.86,94,0.05,0.0,0.0,0.0
2025-11-12T21:00,3.6,95,999.6,100,2.35,94,0.04,0.0,0.0,0.0
2025-11-12T22:00,3.5,96,999.6,100,2.15,91,0.04,0.0,0.0,0.0
2025-11-12T23:00,3.5,96,999.3,100,2.06,86,0.03,0.0,0.0,0.0
2025-11-13T00:00,3.5,96,999.2,100,1.93,80,0.03,0.0,0.0,0.0
2025-11-13T01:00,3.5,96,998.8,100,1.71,75,0.03,0.0,0.0,0.0
2025-11-13T02:00,3.6,97,998.7,100,1.59,77,0.03,0.0,0.0,0.0
2025-11-13T03:00,3.6,97,998.6,100,1.46,84,0.03,0.0,0.0,0.0
2025-11-13T04:00,3.6,97,998.4,100,1.33,103,0.03,0.0,0.0,0.0
2025-11-13T05:00,3.7,97,998.2,100,1.36,126,0.02,0.0,0.0,0.0
2025-11-13T06:00,3.8,97,998.2,100,1.20,132,0.03,0.0,0.0,0.0
2025-11-13T07:00,3.8,98,997.9,100,1.11,144,0.02,0.0,0.0,0.0
2025-11-13T08:00,4.0,97,997.7,100,0.95,162,0.02,0.0,0.0,0.0
2025-11-13T09:00,4.1,98,998.3,100,1.15,185,0.02,8.0,0.0,8.0
2025-11-13T10:00,4.5,97,998.2,100,1.48,204,0.03,32.0,5.0,27.0
2025-11-13T11:00,4.9,96,997.8,100,1.41,203,0.03,44.0,0.0,44.0
2025-11-13T12:00,5.4,96,997.6,100,1.68,207,0.04,53.0,0.0,53.0
2025-11-13T13:00,5.7,96,997.5,100,1.98,225,0.04,63.0,2.0,61.0
2025-11-13T14:00,6.1,94,997.0,100,2.18,200,0.05,56.0,1.0,55.0
2025-11-13T15:00,6.4,90,997.0,100,2.70,220,0.09,58.0,3.0,55.0
2025-11-13T16:00,6.1,90,996.6,100,2.83,201,0.09,23.0,0.0,23.0
2025-11-13T17:00,6.0,89,996.6,100,3.18,213,0.10,1.0,0.0,1.0
2025-11-13T18:00,5.8,90,996.3,100,3.22,213,0.09,0.0,0.0,0.0
2025-11-13T19:00,5.6,88,996.1,100,3.87,220,0.11,0.0,0.0,0.0
2025-11-13T20:00,5.0,87,996.0,100,3.95,218,0.11,0.0,0.0,0.0
2025-11-13T21:00,4.9,86,995.4,100,3.99,214,0.12,0.0,0.0,0.0
2025-11-13T22:00,4.6,87,995.2,100,3.83,220,0.11,0.0,0.0,0.0
2025-11-13T23:00,4.4,87,994.7,100,3.65,213,0.11,0.0,0.0,0.0
2025-11-14T00:00,4.4,87,994.3,100,3.86,211,0.11,0.0,0.0,0.0
2025-11-14T01:00,4.2,88,993.6,100,3.79,216,0.10,0.0,0.0,0.0
2025-11-14T02:00,4.2,87,993.3,100,4.42,218,0.11,0.0,0.0,0.0
2025-11-14T03:00,4.4,81,992.4,100,5.01,214,0.16,0.0,0.0,0.0
2025-11-14T04:00,4.4,81,991.4,100,5.29,217,0.16,0.0,0.0,0.0
2025-11-14T05:00,4.3,83,990.9,100,5.34,218,0.14,0.0,0.0,0.0
2025-11-14T06:00,4.3,82,990.3,100,5.40,220,0.15,0.0,0.0,0.0
2025-11-14T07:00,4.3,81,989.3,100,5.33,219,0.15,0.0,0.0,0.0
2025-11-14T08:00,4.5,80,989.0,100,5.56,221,0.17,0.0,0.0,0.0
2025-11-14T09:00,5.2,82,988.5,100,5.76,225,0.16,5.0,0.0,5.0
2025-11-14T10:00,5.7,80,988.7,100,5.95,228,0.18,54.0,6.0,48.0
2025-11-14T11:00,5.9,81,988.9,100,5.67,217,0.18,77.0,2.0,75.0
2025-11-14T12:00,6.2,80,988.8,100,5.07,221,0.19,78.0,3.0,75.0
2025-11-14T13:00,6.5,79,988.9,100,5.77,228,0.20,73.0,4.0,69.0
2025-11-14T14:00,6.6,80,988.7,100,5.37,224,0.20,52.0,0.0,52.0
2025-11-14T15:00,6.9,78,989.1,100,4.76,219,0.22,35.0,0.0,35.0
2025-11-14T16:00,6.6,81,989.0,100,4.63,225,0.19,14.0,0.0,14.0
2025-11-14T17:00,6.6,82,989.4,100,4.53,227,0.18,1.0,0.0,1.0
2025-11-14T18:00,6.6,83,989.4,100,4.42,232,0.17,0.0,0.0,0.0
2025-11-14T19:00,6.6,83,989.7,100,4.25,238,0.16,0.0,0.0,0.0
2025-11-14T20:00,6.6,85,989.8,100,4.04,239,0.15,0.0,0.0,0.0
2025-11-14T21:00,5.8,89,989.5,100,3.56,241,0.10,0.0,0.0,0.0
2025-11-14T22:00,5.5,92,989.3,100,3.26,238,0.07,0.0,0.0,0.0
2025-11-14T23:00,5.5,93,989.2,100,3.11,237,0.06,0.0,0.0,0.0
2025-11-15T00:00,5.3,96,988.7,100,1.71,263,0.04,0.0,0.0,0.0
2025-11-15T01:00,4.2,98,988.5,100,2.28,345,0.02,0.0,0.0,0.0
2025-11-15T02:00,2.4,98,988.2,100,2.50,20,0.02,0.0,0.0,0.0
2025-11-15T03:00,1.2,96,988.0,100,1.32,11,0.02,0.0,0.0,0.0
2025-11-15T04:00,1.0,95,987.0,100,1.47,55,0.03,0.0,0.0,0.0
2025-11-15T05:00,1.1,95,986.3,100,0.95,72,0.03,0.0,0.0,0.0
2025-11-15T06:00,1.0,96,985.8,100,1.23,32,0.03,0.0,0.0,0.0
2025-11-15T07:00,0.6,99,984.9,100,1.11,36,0.01,0.0,0.0,0.0
2025-11-15T08:00,0.4,99,984.7,100,1.26,7,0.00,0.0,0.0,0.0
2025-11-15T09:00,0.3,96,985.1,100,1.95,337,0.02,3.0,0.0,3.0
2025-11-15T10:00,0.0,97,985.3,100,1.62,304,0.02,23.0,0.0,23.0
2025-11-15T11:00,0.0,95,985.8,100,2.26,295,0.03,60.0,0.0,60.0
2025-11-15T12:00,0.2,95,986.0,100,2.40,282,0.03,91.0,0.0,91.0
2025-11-15T13:00,0.4,93,986.2,99,3.05,280,0.04,116.0,0.0,116.0
2025-11-15T14:00,0.9,89,986.9,30,3.43,286,0.07,120.0,7.0,113.0
2025-11-15T15:00,0.4,85,987.5,23,3.14,284,0.10,139.0,77.0,62.0
2025-11-15T16:00,-0.2,84,988.7,41,3.32,282,0.10,56.0,27.0,29.0
2025-11-15T17:00,-0.2,84,989.9,92,3.67,290,0.10,2.0,0.0,2.0
2025-11-15T18:00,-0.2,81,991.2,100,4.05,294,0.11,0.0,0.0,0.0
2025-11-15T19:00,-0.3,80,992.1,65,3.91,291,0.12,0.0,0.0,0.0
2025-11-15T20:00,-0.9,81,993.2,0,3.74,298,0.11,0.0,0.0,0.0
2025-11-15T21:00,-1.5,83,994.0,0,3.20,299,0.09,0.0,0.0,0.0
2025-11-15T22:00,-2.5,85,995.1,0,3.02,294,0.08,0.0,0.0,0.0
2025-11-15T23:00,-3.3,87,995.8,0,2.80,292,0.06,0.0,0.0,0.0
2025-11-16T00:00,-4.1,88,996.7,0,2.43,284,0.05,0.0,0.0,0.0
2025-11-16T01:00,-4.7,89,997.7,0,2.47,277,0.05,0.0,0.0,0.0
2025-11-16T02:00,-5.2,89,998.3,0,2.15,269,0.05,0.0,0.0,0.0
2025-11-16T03:00,-5.1,91,998.9,0,2.12,255,0.04,0.0,0.0,0.0
2025-11-16T04:00,-5.3,91,999.1,0,2.14,254,0.04,0.0,0.0,0.0
2025-11-16T05:00,-5.5,91,999.5,100,1.90,247,0.04,0.0,0.0,0.0
2025-11-16T06:00,-5.3,90,999.6,100,2.21,232,0.04,0.0,0.0,0.0
2025-11-16T07:00,-5.3,89,999.8,84,2.41,230,0.05,0.0,0.0,0.0
2025-11-16T08:00,-5.4,89,1000.3,81,2.58,227,0.05,0.0,0.0,0.0
2025-11-16T09:00,-4.9,89,1000.9,40,3.22,226,0.05,18.0,5.0,13.0
2025-11-16T10:00,-4.5,86,1001.1,12,2.93,226,0.06,102.0,57.0,45.0
2025-11-16T11:00,-3.8,83,1001.2,2,2.59,221,0.08,187.0,129.0,58.0
2025-11-16T12:00,-3.1,83,1001.0,7,2.02,210,0.08,239.0,176.0,63.0
2025-11-16T13:00,-2.6,82,1000.7,13,2.12,207,0.09,249.0,185.0,64.0
2025-11-16T14:00,-2.4,80,1000.6,58,2.87,209,0.10,217.0,156.0,61.0
2025-11-16T15:00,-2.0,80,1000.2,99,2.76,202,0.10,144.0,90.0,54.0
2025-11-16T16:00,-2.6,84,1000.0,100,2.66,192,0.08,50.0,14.0,36.0
2025-11-16T17:00,-3.1,87,999.7,100,3.27,191,0.06,1.0,0.0,1.0
2025-11-16T18:00,-2.5,90,999.8,100,3.54,196,0.05,0.0,0.0,0.0
2025-11-16T19:00,-2.4,91,999.7,100,3.37,198,0.05,0.0,0.0,0.0
2025-11-16T20:00,-2.5,90,999.7,100,3.37,198,0.05,0.0,0.0,0.0
2025-11-16T21:00,-2.7,90,999.4,100,3.35,189,0.05,0.0,0.0,0.0
2025-11-16T22:00,-2.9,89,999.0,100,3.54,188,0.05,0.0,0.0,0.0
2025-11-16T23:00,-3.3,90,998.7,100,3.86,190,0.05,0.0,0.0,0.0
2025-11-17T00:00,-3.4,90,998.3,100,3.52,187,0.05,0.0,0.0,0.0
2025-11-17T01:00,-3.2,87,997.8,100,3.40,182,0.06,0.0,0.0,0.0
2025-11-17T02:00,-3.4,86,997.2,100,3.46,183,0.07,0.0,0.0,0.0
2025-11-17T03:00,-3.7,84,996.4,69,2.15,158,0.08,0.0,0.0,0.0
2025-11-17T04:00,-5.2,87,995.4,98,2.49,150,0.05,0.0,0.0,0.0
2025-11-17T05:00,-4.7,90,994.4,100,3.16,151,0.04,0.0,0.0,0.0
2025-11-17T06:00,-3.7,90,993.8,100,3.49,151,0.05,0.0,0.0,0.0
2025-11-17T07:00,-2.8,88,993.0,100,3.85,155,0.06,0.0,0.0,0.0
2025-11-17T08:00,-2.3,87,991.8,100,4.49,159,0.07,0.0,0.0,0.0
2025-11-17T09:00,-1.8,90,990.9,100,4.73,162,0.05,5.0,0.0,5.0
2025-11-17T10:00,-1.0,91,990.3,100,4.56,167,0.05,27.0,0.0,27.0
2025-11-17T11:00,0.1,90,989.7,100,4.49,172,0.06,46.0,0.0,46.0
2025-11-17T12:00,0.8,91,989.1,100,4.66,177,0.06,51.0,0.0,51.0
2025-11-17T13:00,1.2,92,988.1,100,4.75,178,0.05,31.0,0.0,31.0
2025-11-17T14:00,1.5,93,987.5,100,4.30,177,0.05,22.0,0.0,22.0
2025-11-17T15:00,1.6,94,987.0,100,4.20,177,0.04,17.0,0.0,17.0
2025-11-17T16:00,1.8,94,986.6,100,3.93,187,0.04,16.0,0.0,16.0
2025-11-17T17:00,2.1,94,986.5,100,3.93,195,0.04,0.0,0.0,0.0
2025-11-17T18:00,2.2,95,986.5,100,3.62,198,0.04,0.0,0.0,0.0
2025-11-17T19:00,2.3,95,986.6,100,3.32,201,0.03,0.0,0.0,0.0
2025-11-17T20:00,2.5,97,986.6,100,3.41,202,0.03,0.0,0.0,0.0
2025-11-17T21:00,3.0,97,986.5,100,3.63,203,0.02,0.0,0.0,0.0
2025-11-17T22:00,3.2,98,986.4,100,3.28,201,0.02,0.0,0.0,0.0
2025-11-17T23:00,3.1,99,986.1,100,3.20,190,0.01,0.0,0.0,0.0
2025-11-18T00:00,3.3,99,985.8,100,3.15,179,0.01,0.0,0.0,0.0
2025-11-18T01:00,3.6,98,985.0,100,3.19,171,0.01,0.0,0.0,0.0
2025-11-18T02:00,3.7,99,983.6,100,3.42,153,0.01,0.0,0.0,0.0
2025-11-18T03:00,4.1,98,982.5,100,3.61,149,0.01,0.0,0.0,0.0
2025-11-18T04:00,4.6,98,980.7,100,4.76,159,0.02,0.0,0.0,0.0
2025-11-18T05:00,5.7,97,979.7,100,4.97,175,0.03,0.0,0.0,0.0
2025-11-18T06:00,6.6,96,978.7,100,5.18,187,0.04,0.0,0.0,0.0
2025-11-18T07:00,6.7,96,977.9,100,5.17,185,0.04,0.0,0.0,0.0
2025-11-18T08:00,6.7,97,977.2,100,5.28,187,0.03,0.0,0.0,0.0
2025-11-18T09:00,8.3,96,976.4,100,5.38,190,0.04,3.0,0.0,3.0
2025-11-18T10:00,8.7,96,975.8,100,5.49,200,0.05,7.0,0.0,7.0
2025-11-18T11:00,9.2,94,975.8,100,5.55,209,0.07,27.0,0.0,27.0
2025-11-18T12:00,9.4,94,975.8,100,5.19,214,0.07,39.0,1.0,38.0
2025-11-18T13:00,8.9,97,976.0,100,5.64,233,0.04,21.0,0.0,21.0
2025-11-18T14:00,7.6,94,977.1,100,5.21,256,0.07,22.0,0.0,22.0
2025-11-18T15:00,6.6,95,978.0,100,4.87,260,0.05,61.0,6.0,55.0
2025-11-18T16:00,4.8,95,979.8,100,4.74,259,0.05,20.0,1.0,19.0
2025-11-18T17:00,3.6,93,980.9,100,4.75,255,0.06,0.0,0.0,0.0
2025-11-18T18:00,2.6,89,982.4,100,5.41,256,0.08,0.0,0.0,0.0
2025-11-18T19:00,2.3,89,983.2,100,5.45,255,0.08,0.0,0.0,0.0
2025-11-18T20:00,1.9,88,984.3,81,4.86,253,0.08,0.0,0.0,0.0
2025-11-18T21:00,1.8,87,985.1,95,5.42,256,0.09,0.0,0.0,0.0
2025-11-18T22:00,1.6,85,986.5,100,4.99,259,0.10,0.0,0.0,0.0
2025-11-18T23:00,1.2,80,987.9,95,4.72,257,0.13,0.0,0.0,0.0
2025-11-19T00:00,0.8,78,988.7,41,4.82,255,0.14,0.0,0.0,0.0
2025-11-19T01:00,0.5,76,990.0,27,4.96,258,0.15,0.0,0.0,0.0
2025-11-19T02:00,-0.2,78,990.8,1,4.82,257,0.13,0.0,0.0,0.0
2025-11-19T03:00,-0.5,80,992.2,80,4.49,258,0.12,0.0,0.0,0.0
2025-11-19T04:00,-0.2,81,993.1,100,4.12,260,0.11,0.0,0.0,0.0
2025-11-19T05:00,0.5,80,993.9,100,3.78,262,0.13,0.0,0.0,0.0
2025-11-19T06:00,0.6,80,994.6,100,3.45,260,0.13,0.0,0.0,0.0
2025-11-19T07:00,0.6,80,995.4,100,3.18,251,0.13,0.0,0.0,0.0
2025-11-19T08:00,0.6,79,995.9,100,3.14,248,0.13,0.0,0.0,0.0
2025-11-19T09:00,0.0,83,996.9,100,3.02,251,0.10,7.0,0.0,7.0
2025-11-19T10:00,0.3,78,997.7,100,3.82,264,0.14,45.0,3.0,42.0
2025-11-19T11:00,0.4,77,998.7,100,3.88,263,0.15,88.0,12.0,76.0
2025-11-19T12:00,0.6,81,999.1,100,2.97,243,0.12,78.0,2.0,76.0
2025-11-19T13:00,0.8,76,999.0,100,2.82,240,0.16,79.0,2.0,77.0
2025-11-19T14:00,0.6,76,998.9,100,2.69,241,0.16,67.0,4.0,63.0
2025-11-19T15:00,0.9,75,999.0,100,1.70,242,0.16,43.0,0.0,43.0
2025-11-19T16:00,0.7,75,999.1,100,1.70,227,0.16,17.0,0.0,17.0
2025-11-19T17:00,0.4,76,999.4,100,2.09,220,0.15,0.0,0.0,0.0
2025-11-19T18:00,0.3,77,999.6,100,2.31,219,0.15,0.0,0.0,0.0
2025-11-19T19:00,0.2,78,999.6,100,1.84,202,0.14,0.0,0.0,0.0
2025-11-19T20:00,0.0,82,1000.0,91,2.67,210,0.11,0.0,0.0,0.0
2025-11-19T21:00,-0.1,78,1000.1,95,2.42,202,0.13,0.0,0.0,0.0
2025-11-19T22:00,-0.2,82,1000.2,94,2.94,190,0.11,0.0,0.0,0.0
2025-11-19T23:00,-0.6,79,1000.6,100,3.93,223,0.12,0.0,0.0,0.0
2025-11-20T00:00,-0.9,80,1000.9,100,3.09,220,0.12,0.0,0.0,0.0
2025-11-20T01:00,-0.7,83,1000.6,100,2.79,201,0.10,0.0,0.0,0.0
2025-11-20T02:00,-0.9,82,1000.9,100,3.00,213,0.10,0.0,0.0,0.0
2025-11-20T03:00,-1.5,79,1000.8,100,2.75,207,0.12,0.0,0.0,0.0
2025-11-20T04:00,-1.3,79,1000.9,100,2.26,193,0.11,0.0,0.0,0.0
2025-11-20T05:00,-1.4,81,1001.1,100,2.30,184,0.11,0.0,0.0,0.0
2025-11-20T06:00,-1.0,79,1001.4,100,2.87,211,0.12,0.0,0.0,0.0
2025-11-20T07:00,-0.8,80,1001.8,100,2.53,210,0.12,0.0,0.0,0.0
2025-11-20T08:00,-0.7,81,1002.2,100,2.41,214,0.11,0.0,0.0,0.0
2025-11-20T09:00,-0.5,83,1003.0,100,2.26,211,0.10,5.0,0.0,5.0
2025-11-20T10:00,0.0,80,1003.6,100,2.04,202,0.12,34.0,1.0,33.0
2025-11-20T11:00,0.4,78,1004.0,100,1.94,198,0.14,110.0,39.0,71.0
2025-11-20T12:00,0.7,78,1004.3,100,2.02,200,0.14,176.0,80.0,96.0
2025-11-20T13:00,1.0,78,1004.6,100,2.17,206,0.14,157.0,41.0,116.0
2025-11-20T14:00,1.2,78,1004.6,99,2.20,197,0.14,135.0,38.0,97.0
2025-11-20T15:00,0.7,82,1005.0,98,1.82,172,0.11,94.0,29.0,65.0
2025-11-20T16:00,0.1,84,1005.2,100,1.93,163,0.10,35.0,6.0,29.0
2025-11-20T17:00,-0.3,85,1005.4,100,2.19,156,0.09,0.0,0.0,0.0
2025-11-20T18:00,-0.4,84,1005.4,100,2.28,151,0.09,0.0,0.0,0.0
2025-11-20T19:00,-0.6,84,1005.1,100,2.33,145,0.09,0.0,0.0,0.0
2025-11-20T20:00,-1.0,85,1005.2,100,2.87,151,0.09,0.0,0.0,0.0
2025-11-20T21:00,-0.7,84,1005.3,100,3.09,157,0.09,0.0,0.0,0.0
2025-11-20T22:00,-0.8,83,1005.3,100,3.27,157,0.10,0.0,0.0,0.0
2025-11-20T23:00,-0.9,81,1005.0,100,3.71,153,0.11,0.0,0.0,0.0
2025-11-21T00:00,-1.4,79,1004.9,100,4.10,162,0.12,0.0,0.0,0.0
2025-11-21T01:00,-1.8,78,1004.8,100,4.10,162,0.12,0.0,0.0,0.0
2025-11-21T02:00,-1.9,79,1004.4,100,3.56,156,0.11,0.0,0.0,0.0
2025-11-21T03:00,-1.4,79,1004.2,100,3.47,147,0.12,0.0,0.0,0.0
2025-11-21T04:00,-1.4,79,1003.4,100,3.11,138,0.12,0.0,0.0,0.0
2025-11-21T05:00,-1.5,82,1002.8,100,3.04,132,0.10,0.0,0.0,0.0
2025-11-21T06:00,-1.0,81,1002.3,100,3.03,149,0.11,0.0,0.0,0.0
2025-11-21T07:00,-0.5,82,1001.8,100,3.43,157,0.11,0.0,0.0,0.0
2025-11-21T08:00,-0.1,83,1001.6,100,3.42,159,0.10,0.0,0.0,0.0
2025-11-21T09:00,0.1,86,1001.9,100,3.34,167,0.09,2.0,0.0,2.0
2025-11-21T10:00,0.3,87,1002.2,100,2.92,173,0.08,13.0,0.0,13.0
2025-11-21T11:00,0.6,88,1002.1,100,2.82,173,0.07,20.0,0.0,20.0
2025-11-21T12:00,0.9,89,1002.2,100,2.36,186,0.07,26.0,0.0,26.0
2025-11-21T13:00,1.1,90,1001.9,100,2.16,187,0.07,33.0,0.0,33.0
2025-11-21T14:00,1.1,92,1001.5,100,1.80,178,0.05,27.0,0.0,27.0
2025-11-21T15:00,1.2,90,1001.3,100,1.70,156,0.07,27.0,0.0,27.0
2025-11-21T16:00,0.9,93,1001.2,100,1.87,160,0.05,12.0,0.0,12.0
2025-11-21T17:00,0.9,93,1001.2,100,1.80,167,0.04,0.0,0.0,0.0
2025-11-21T18:00,1.0,93,1001.1,100,1.38,167,0.04,0.0,0.0,0.0
2025-11-21T19:00,0.9,94,1000.7,100,1.37,170,0.04,0.0,0.0,0.0
2025-11-21T20:00,0.9,95,1000.1,100,1.24,166,0.03,0.0,0.0,0.0
2025-11-21T21:00,1.2,97,999.7,100,1.59,156,0.02,0.0,0.0,0.0
2025-11-21T22:00,1.2,97,999.2,100,1.37,156,0.02,0.0,0.0,0.0
2025-11-21T23:00,1.1,98,998.4,100,1.35,138,0.01,0.0,0.0,0.0
2025-11-22T00:00,0.9,99,997.5,100,1.34,117,0.01,0.0,0.0,0.0
2025-11-22T01:00,0.6,100,997.0,100,0.62,76,0.00,0.0,0.0,0.0
2025-11-22T02:00,0.7,100,996.4,100,0.71,39,0.00,0.0,0.0,0.0
2025-11-22T03:00,0.6,99,996.4,100,0.85,28,0.00,0.0,0.0,0.0
2025-11-22T04:00,0.4,100,996.2,100,1.01,9,0.00,0.0,0.0,0.0
2025-11-22T05:00,0.3,100,996.0,100,1.15,326,0.00,0.0,0.0,0.0
2025-11-22T06:00,0.3,100,995.6,100,1.61,353,0.00,0.0,0.0,0.0
2025-11-22T07:00,0.4,99,996.1,100,1.79,333,0.01,0.0,0.0,0.0
2025-11-22T08:00,0.4,99,996.4,100,1.38,319,0.01,0.0,0.0,0.0
2025-11-22T09:00,0.8,99,997.4,100,1.70,317,0.01,5.0,0.0,5.0
2025-11-22T10:00,1.1,97,998.1,100,1.52,319,0.02,22.0,0.0,22.0
2025-11-22T11:00,1.2,97,998.6,100,1.56,310,0.02,28.0,0.0,28.0
2025-11-22T12:00,1.5,95,999.3,100,1.70,310,0.03,53.0,5.0,48.0
2025-11-22T13:00,2.0,93,999.4,100,1.67,311,0.05,96.0,10.0,86.0
2025-11-22T14:00,2.1,93,999.4,99,1.66,316,0.05,99.0,10.0,89.0
2025-11-22T15:00,1.7,93,1000.1,100,1.26,288,0.05,70.0,7.0,63.0
2025-11-22T16:00,1.6,94,1000.5,100,1.23,297,0.04,10.0,0.0,10.0
2025-11-22T17:00,1.5,94,1000.8,100,1.85,322,0.04,0.0,0.0,0.0
2025-11-22T18:00,1.4,93,1000.7,100,1.96,341,0.04,0.0,0.0,0.0
2025-11-22T19:00,1.1,93,1000.8,100,1.97,336,0.05,0.0,0.0,0.0
2025-11-22T20:00,0.8,94,1001.5,100,1.21,322,0.04,0.0,0.0,0.0
2025-11-22T21:00,0.8,99,1001.3,100,1.06,352,0.01,0.0,0.0,0.0
2025-11-22T22:00,0.5,100,1001.4,100,1.35,4,0.00,0.0,0.0,0.0
2025-11-22T23:00,0.3,100,1001.5,100,1.12,339,0.00,0.0,0.0,0.0
2025-11-23T00:00,0.2,98,1001.4,100,1.39,330,0.01,0.0,0.0,0.0
2025-11-23T01:00,-0.1,97,1001.4,100,1.10,321,0.02,0.0,0.0,0.0
2025-11-23T02:00,-0.2,96,1001.6,2,1.70,317,0.03,0.0,0.0,0.0
2025-11-23T03:00,-1.2,95,1001.9,34,1.27,315,0.03,0.0,0.0,0.0
2025-11-23T04:00,-1.9,96,1002.2,74,1.35,312,0.02,0.0,0.0,0.0
2025-11-23T05:00,-1.9,95,1002.8,94,1.26,304,0.03,0.0,0.0,0.0
2025-11-23T06:00,-1.2,95,1003.1,100,1.11,306,0.03,0.0,0.0,0.0
2025-11-23T07:00,-0.8,95,1003.4,100,1.33,304,0.03,0.0,0.0,0.0
2025-11-23T08:00,-0.4,94,1004.5,100,1.45,297,0.04,0.0,0.0,0.0
2025-11-23T09:00,0.3,92,1005.1,100,1.76,305,0.05,4.0,0.0,4.0
2025-11-23T10:00,0.7,89,1005.3,85,1.74,309,0.07,41.0,4.0,37.0
2025-11-23T11:00,0.8,82,1005.7,41,1.67,319,0.12,103.0,37.0,66.0
2025-11-23T12:00,1.0,67,1006.0,43,1.20,315,0.22,160.0,78.0,82.0
2025-11-23T13:00,0.9,65,1005.8,10,0.81,300,0.23,172.0,85.0,87.0
2025-11-23T14:00,0.9,65,1005.6,13,0.50,323,0.23,159.0,80.0,79.0
2025-11-23T15:00,0.2,72,1005.5,0,0.40,330,0.17,102.0,52.0,50.0
2025-11-23T16:00,-0.4,74,1005.7,27,0.30,360,0.16,37.0,18.0,19.0
2025-11-23T17:00,-0.6,71,1005.4,88,1.08,56,0.17,0.0,0.0,0.0
2025-11-23T18:00,-0.9,71,1005.1,99,1.52,81,0.17,0.0,0.0,0.0
2025-11-23T19:00,-0.9,71,1004.5,100,1.88,79,0.17,0.0,0.0,0.0
2025-11-23T20:00,-0.5,73,1003.9,100,2.25,90,0.16,0.0,0.0,0.0
2025-11-23T21:00,-0.7,86,1003.4,100,2.50,106,0.08,0.0,0.0,0.0
2025-11-23T22:00,-0.7,88,1002.8,100,3.21,111,0.07,0.0,0.0,0.0
2025-11-23T23:00,-0.9,86,1001.6,100,3.99,114,0.08,0.0,0.0,0.0
2025-11-24T00:00,-0.8,86,1000.4,100,4.43,110,0.08,0.0,0.0,0.0
2025-11-24T01:00,-0.7,87,998.7,100,4.40,111,0.07,0.0,0.0,0.0
2025-11-24T02:00,-0.7,90,996.8,100,4.95,108,0.06,0.0,0.0,0.0
2025-11-24T03:00,-1.0,92,995.5,100,5.52,124,0.05,0.0,0.0,0.0
2025-11-24T04:00,-0.7,95,994.0,100,5.14,131,0.03,0.0,0.0,0.0
2025-11-24T05:00,-0.1,95,992.2,100,4.80,129,0.03,0.0,0.0,0.0
2025-11-24T06:00,0.7,96,990.9,100,4.74,135,0.03,0.0,0.0,0.0
2025-11-24T07:00,1.4,96,989.1,100,4.81,138,0.03,0.0,0.0,0.0
2025-11-24T08:00,2.1,98,988.0,100,4.52,142,0.02,0.0,0.0,0.0
2025-11-24T09:00,2.3,98,987.2,100,4.20,153,0.02,2.0,0.0,2.0
2025-11-24T10:00,2.7,99,985.9,100,4.13,148,0.01,16.0,0.0,16.0
2025-11-24T11:00,3.4,97,985.3,100,4.10,158,0.02,20.0,0.0,20.0
2025-11-24T12:00,3.8,97,984.3,100,3.83,165,0.03,21.0,0.0,21.0
2025-11-24T13:00,4.3,97,983.5,100,3.91,176,0.03,24.0,0.0,24.0
2025-11-24T14:00,4.5,97,983.2,100,3.90,190,0.03,21.0,0.0,21.0
2025-11-24T15:00,5.0,97,983.2,100,3.68,202,0.02,16.0,0.0,16.0
2025-11-24T16:00,4.4,97,983.8,100,4.36,233,0.03,4.0,0.0,4.0
2025-11-24T17:00,2.6,96,984.9,100,4.77,240,0.03,0.0,0.0,0.0
2025-11-24T18:00,1.7,96,985.7,100,4.49,238,0.03,0.0,0.0,0.0
2025-11-24T19:00,1.1,94,986.7,100,4.55,237,0.04,0.0,0.0,0.0
2025-11-24T20:00,0.8,92,987.6,100,4.62,236,0.05,0.0,0.0,0.0
2025-11-24T21:00,1.3,91,987.8,76,5.14,239,0.06,0.0,0.0,0.0
2025-11-24T22:00,1.1,88,988.7,100,5.05,238,0.08,0.0,0.0,0.0
2025-11-24T23:00,1.2,83,989.6,100,4.74,241,0.11,0.0,0.0,0.0
2025-11-25T00:00,1.1,81,990.6,100,4.65,245,0.13,0.0,0.0,0.0
2025-11-25T01:00,1.0,80,991.7,100,4.57,250,0.13,0.0,0.0,0.0
2025-11-25T02:00,0.7,81,992.3,100,4.14,250,0.12,0.0,0.0,0.0
2025-11-25T03:00,0.1,82,993.1,63,3.56,259,0.11,0.0,0.0,0.0
2025-11-25T04:00,-0.5,82,993.8,92,3.70,254,0.11,0.0,0.0,0.0
2025-11-25T05:00,-0.6,75,994.4,100,3.86,257,0.15,0.0,0.0,0.0
2025-11-25T06:00,-0.7,76,994.8,100,3.18,240,0.14,0.0,0.0,0.0
2025-11-25T07:00,-0.6,81,995.3,100,2.96,240,0.11,0.0,0.0,0.0
2025-11-25T08:00,-0.6,87,996.1,100,2.87,239,0.08,0.0,0.0,0.0
2025-11-25T09:00,0.0,85,996.5,100,3.34,230,0.09,2.0,0.0,2.0
2025-11-25T10:00,-0.2,84,997.3,100,3.11,226,0.10,25.0,0.0,25.0
2025-11-25T11:00,-0.6,83,997.9,100,2.90,228,0.10,100.0,33.0,67.0
2025-11-25T12:00,-0.4,82,998.1,100,2.34,220,0.11,146.0,42.0,104.0
2025-11-25T13:00,-0.1,82,998.0,100,1.38,199,0.11,159.0,53.0,106.0
2025-11-25T14:00,0.2,84,998.0,100,1.36,186,0.10,134.0,51.0,83.0
2025-11-25T15:00,0.7,81,997.8,100,1.81,186,0.12,25.0,0.0,25.0
2025-11-25T16:00,0.5,82,997.8,100,1.86,185,0.11,10.0,0.0,10.0
2025-11-25T17:00,0.5,84,998.0,100,2.02,189,0.10,0.0,0.0,0.0
2025-11-25T18:00,0.6,84,998.0,100,2.45,192,0.10,0.0,0.0,0.0
2025-11-25T19:00,0.7,85,998.0,100,2.74,198,0.10,0.0,0.0,0.0
2025-11-25T20:00,0.5,87,998.2,100,2.67,203,0.08,0.0,0.0,0.0
2025-11-25T21:00,1.0,88,997.8,100,2.67,197,0.08,0.0,0.0,0.0
2025-11-25T22:00,0.7,90,997.7,100,2.47,198,0.06,0.0,0.0,0.0
2025-11-25T23:00,0.5,91,998.3,100,2.37,205,0.06,0.0,0.0,0.0
2025-11-26T00:00,0.6,93,998.0,100,2.20,197,0.04,0.0,0.0,0.0
2025-11-26T01:00,0.6,95,997.8,100,2.25,197,0.03,0.0,0.0,0.0
2025-11-26T02:00,0.7,96,998.1,100,2.37,198,0.03,0.0,0.0,0.0
2025-11-26T03:00,0.7,96,997.9,100,2.10,181,0.02,0.0,0.0,0.0
2025-11-26T04:00,0.7,97,997.7,100,2.05,181,0.02,0.0,0.0,0.0
2025-11-26T05:00,0.7,98,997.8,100,2.11,194,0.02,0.0,0.0,0.0
2025-11-26T06:00,0.6,98,997.9,100,1.45,207,0.01,0.0,0.0,0.0
2025-11-26T07:00,0.5,99,997.9,100,1.50,206,0.01,0.0,0.0,0.0
2025-11-26T08:00,0.4,99,998.2,100,0.68,216,0.00,0.0,0.0,0.0
2025-11-26T09:00,0.4,100,998.8,100,0.85,201,0.00,1.0,0.0,1.0
2025-11-26T10:00,0.4,100,999.4,100,0.50,180,0.00,12.0,0.0,12.0
2025-11-26T11:00,0.4,100,999.7,100,0.36,164,0.00,33.0,0.0,33.0
2025-11-26T12:00,0.4,100,999.9,100,0.39,130,0.00,47.0,0.0,47.0
2025-11-26T13:00,0.4,100,1000.0,100,0.47,58,0.00,38.0,0.0,38.0
2025-11-26T14:00,0.4,100,1000.2,100,1.03,67,0.00,34.0,0.0,34.0
2025-11-26T15:00,0.5,100,1000.4,100,1.01,70,0.00,25.0,0.0,25.0
2025-11-26T16:00,0.3,100,1000.8,100,0.98,66,0.00,7.0,0.0,7.0
2025-11-26T17:00,0.3,100,1000.8,100,1.57,73,0.00,0.0,0.0,0.0
2025-11-26T18:00,0.3,100,1000.8,100,1.74,78,0.00,0.0,0.0,0.0
2025-11-26T19:00,0.3,99,1001.1,100,1.60,90,0.00,0.0,0.0,0.0
2025-11-26T20:00,0.4,99,1001.3,100,1.86,76,0.01,0.0,0.0,0.0
2025-11-26T21:00,0.7,98,1001.2,100,2.21,95,0.01,0.0,0.0,0.0
2025-11-26T22:00,0.9,98,1001.0,100,2.21,103,0.01,0.0,0.0,0.0
2025-11-26T23:00,0.9,99,1001.2,100,1.98,106,0.01,0.0,0.0,0.0
2025-11-27T00:00,1.0,99,1000.9,100,1.87,106,0.01,0.0,0.0,0.0
2025-11-27T01:00,1.2,99,1000.8,100,1.75,121,0.01,0.0,0.0,0.0
2025-11-27T02:00,1.5,99,1000.4,100,1.74,141,0.00,0.0,0.0,0.0
2025-11-27T03:00,1.4,99,1000.2,100,1.45,134,0.00,0.0,0.0,0.0
2025-11-27T04:00,2.6,98,1000.2,100,2.30,178,0.01,0.0,0.0,0.0
2025-11-27T05:00,3.2,98,1000.1,100,2.47,187,0.02,0.0,0.0,0.0
2025-11-27T06:00,3.4,98,999.8,100,2.55,181,0.02,0.0,0.0,0.0
2025-11-27T07:00,3.5,98,999.5,100,2.60,179,0.02,0.0,0.0,0.0
2025-11-27T08:00,3.6,98,999.5,100,2.96,168,0.02,0.0,0.0,0.0
2025-11-27T09:00,4.3,98,999.3,100,3.05,178,0.02,2.0,0.0,2.0
2025-11-27T10:00,4.2,98,999.5,100,3.05,180,0.01,9.0,0.0,9.0
2025-11-27T11:00,4.2,98,999.6,100,3.35,181,0.02,15.0,0.0,15.0
2025-11-27T12:00,4.3,97,999.4,100,3.15,182,0.03,20.0,0.0,20.0
2025-11-27T13:00,4.5,96,999.0,100,3.30,180,0.03,26.0,0.0,26.0
2025-11-27T14:00,4.5,97,998.9,100,3.21,184,0.03,21.0,0.0,21.0
2025-11-27T15:00,4.4,97,998.0,100,3.22,174,0.02,16.0,0.0,16.0
2025-11-27T16:00,4.5,97,998.2,100,3.35,183,0.03,5.0,0.0,5.0
2025-11-27T17:00,4.6,96,998.2,100,3.03,189,0.03,0.0,0.0,0.0
2025-11-27T18:00,4.5,97,998.1,100,3.19,189,0.03,0.0,0.0,0.0
2025-11-27T19:00,4.5,97,997.9,100,3.08,193,0.03,0.0,0.0,0.0
2025-11-27T20:00,4.6,97,997.9,100,3.21,195,0.03,0.0,0.0,0.0
2025-11-27T21:00,4.8,97,997.6,100,3.10,195,0.03,0.0,0.0,0.0
2025-11-27T22:00,5.0,97,997.7,100,2.89,203,0.03,0.0,0.0,0.0
2025-11-27T23:00,5.1,97,997.4,100,2.66,200,0.02,0.0,0.0,0.0
2025-11-28T00:00,5.2,98,997.4,100,2.61,197,0.02,0.0,0.0,0.0
2025-11-28T01:00,5.4,98,996.9,100,2.62,204,0.02,0.0,0.0,0.0
2025-11-28T02:00,5.6,97,996.6,100,2.36,212,0.02,0.0,0.0,0.0
2025-11-28T03:00,5.3,98,997.0,100,1.70,225,0.02,0.0,0.0,0.0
2025-11-28T04:00,5.5,98,997.1,100,1.73,237,0.02,0.0,0.0,0.0
2025-11-28T05:00,5.4,99,997.4,100,2.12,285,0.01,0.0,0.0,0.0
2025-11-28T06:00,4.7,96,997.6,100,2.56,309,0.04,0.0,0.0,0.0
2025-11-28T07:00,4.0,95,998.1,100,2.95,298,0.04,0.0,0.0,0.0
2025-11-28T08:00,3.3,93,998.5,100,3.18,296,0.05,0.0,0.0,0.0
2025-11-28T09:00,3.2,93,998.7,100,3.36,303,0.06,1.0,0.0,1.0
2025-11-28T10:00,3.1,89,999.6,100,2.25,271,0.08,16.0,1.0,15.0
2025-11-28T11:00,3.0,87,999.9,100,2.13,279,0.10,24.0,0.0,24.0
2025-11-28T12:00,3.1,86,1000.3,100,2.92,292,0.11,44.0,0.0,44.0
2025-11-28T13:00,3.3,82,1000.5,100,2.72,290,0.14,46.0,0.0,46.0
2025-11-28T14:00,3.3,80,1000.8,100,2.55,293,0.16,45.0,0.0,45.0
2025-11-28T15:00,3.3,82,1001.1,100,2.07,278,0.14,30.0,1.0,29.0
2025-11-28T16:00,2.9,85,1001.7,100,2.15,267,0.11,8.0,0.0,8.0
2025-11-28T17:00,2.7,86,1002.2,100,2.25,258,0.10,0.0,0.0,0.0
2025-11-28T18:00,2.5,87,1002.6,100,2.55,254,0.10,0.0,0.0,0.0
2025-11-28T19:00,2.2,87,1003.1,100,2.97,257,0.09,0.0,0.0,0.0
2025-11-28T20:00,1.7,88,1003.5,100,2.90,255,0.08,0.0,0.0,0.0
2025-11-28T21:00,1.6,90,1003.6,100,2.69,246,0.07,0.0,0.0,0.0
2025-11-28T22:00,1.5,89,1003.9,100,2.59,251,0.07,0.0,0.0,0.0
2025-11-28T23:00,1.5,90,1004.0,100,2.50,244,0.07,0.0,0.0,0.0
2025-11-29T00:00,1.2,89,1003.9,100,2.64,241,0.07,0.0,0.0,0.0
2025-11-29T01:00,0.9,88,1004.2,100,2.70,236,0.08,0.0,0.0,0.0
2025-11-29T02:00,0.6,89,1004.3,100,3.02,243,0.07,0.0,0.0,0.0
2025-11-29T03:00,0.2,92,1004.1,100,2.60,240,0.05,0.0,0.0,0.0
2025-11-29T04:00,0.2,92,1004.0,100,2.90,238,0.05,0.0,0.0,0.0
2025-11-29T05:00,0.3,91,1003.9,100,2.57,233,0.06,0.0,0.0,0.0
2025-11-29T06:00,0.2,91,1003.9,100,2.30,228,0.06,0.0,0.0,0.0
2025-11-29T07:00,0.2,91,1003.9,100,2.33,225,0.06,0.0,0.0,0.0
2025-11-29T08:00,-0.1,91,1003.9,100,2.44,224,0.06,0.0,0.0,0.0
2025-11-29T09:00,-0.3,92,1003.9,100,2.79,224,0.05,1.0,0.0,1.0
2025-11-29T10:00,-0.4,92,1004.1,100,3.01,223,0.05,20.0,0.0,20.0
2025-11-29T11:00,-0.3,92,1004.3,100,2.84,221,0.05,52.0,2.0,50.0
2025-11-29T12:00,-0.3,91,1004.1,100,2.66,220,0.05,59.0,1.0,58.0
2025-11-29T13:00,0.1,88,1004.1,100,3.05,220,0.08,71.0,1.0,70.0
2025-11-29T14:00,0.5,86,1003.6,100,2.91,219,0.09,70.0,6.0,64.0
2025-11-29T15:00,0.2,87,1003.5,100,2.88,214,0.08,42.0,0.0,42.0
2025-11-29T16:00,0.2,88,1003.4,100,1.88,202,0.07,12.0,0.0,12.0
2025-11-29T17:00,0.3,89,1003.4,100,2.21,208,0.07,0.0,0.0,0.0
2025-11-29T18:00,0.1,90,1003.4,100,2.30,207,0.06,0.0,0.0,0.0
2025-11-29T19:00,0.0,90,1003.3,100,2.17,195,0.06,0.0,0.0,0.0
2025-11-29T20:00,0.0,91,1003.3,100,2.17,195,0.06,0.0,0.0,0.0
2025-11-29T21:00,0.4,92,1003.3,100,2.17,195,0.05,0.0,0.0,0.0
2025-11-29T22:00,0.5,92,1003.3,100,2.21,198,0.05,0.0,0.0,0.0
2025-11-29T23:00,0.7,91,1003.5,100,2.26,205,0.06,0.0,0.0,0.0
2025-11-30T00:00,0.8,92,1003.4,100,2.24,207,0.05,0.0,0.0,0.0
2025-11-30T01:00,0.9,93,1003.2,100,1.95,206,0.05,0.0,0.0,0.0
2025-11-30T02:00,1.0,93,1003.0,100,1.96,199,0.05,0.0,0.0,0.0
2025-11-30T03:00,0.9,90,1003.0,97,1.55,184,0.07,0.0,0.0,0.0
2025-11-30T04:00,0.6,91,1003.0,93,1.74,192,0.06,0.0,0.0,0.0
2025-11-30T05:00,0.6,91,1002.8,100,1.88,191,0.06,0.0,0.0,0.0
2025-11-30T06:00,0.9,90,1003.0,100,1.80,199,0.07,0.0,0.0,0.0
2025-11-30T07:00,1.1,90,1003.1,100,2.29,190,0.06,0.0,0.0,0.0
2025-11-30T08:00,1.3,90,1003.3,100,2.40,203,0.07,0.0,0.0,0.0
2025-11-30T09:00,1.5,92,1003.8,100,1.38,221,0.05,1.0,0.0,1.0
2025-11-30T10:00,1.7,93,1004.2,100,1.05,211,0.05,11.0,0.0,11.0
2025-11-30T11:00,1.9,93,1004.3,100,1.21,210,0.05,22.0,0.0,22.0
2025-11-30T12:00,2.2,93,1004.5,100,1.19,213,0.05,31.0,0.0,31.0
2025-11-30T13:00,2.3,94,1004.1,100,0.79,198,0.04,37.0,0.0,37.0
2025-11-30T14:00,2.5,94,1004.2,100,1.15,198,0.04,32.0,0.0,32.0
2025-11-30T15:00,2.9,94,1004.2,100,1.90,178,0.05,23.0,0.0,23.0
2025-11-30T16:00,2.9,94,1004.5,100,1.70,183,0.04,11.0,0.0,11.0
2025-11-30T17:00,3.0,94,1004.5,100,1.31,162,0.04,0.0,0.0,0.0
2025-11-30T18:00,3.0,94,1004.7,100,1.01,147,0.04,0.0,0.0,0.0
2025-11-30T19:00,3.0,94,1004.9,100,1.48,147,0.04,0.0,0.0,0.0
2025-11-30T20:00,3.0,94,1004.9,100,1.81,156,0.04,0.0,0.0,0.0
2025-11-30T21:00,3.1,95,1004.8,100,1.92,165,0.04,0.0,0.0,0.0
2025-11-30T22:00,3.0,94,1005.0,100,1.66,159,0.04,0.0,0.0,0.0
2025-11-30T23:00,2.9,94,1005.2,100,1.61,164,0.04,0.0,0.0,0.0
2025-12-01T00:00,2.8,94,1005.4,100,1.44,160,0.05,0.0,0.0,0.0
2025-12-01T01:00,2.6,94,1005.3,100,1.42,148,0.05,0.0,0.0,0.0
2025-12-01T02:00,2.6,92,1005.3,100,1.66,151,0.06,0.0,0.0,0.0
2025-12-01T03:00,2.1,94,1004.9,66,1.96,142,0.04,0.0,0.0,0.0
2025-12-01T04:00,1.6,94,1004.9,61,2.19,153,0.04,0.0,0.0,0.0
2025-12-01T05:00,1.0,95,1005.0,75,2.32,161,0.03,0.0,0.0,0.0
2025-12-01T06:00,0.3,97,1005.4,100,2.33,165,0.02,0.0,0.0,0.0
2025-12-01T07:00,-0.2,100,1005.2,100,2.47,162,0.00,0.0,0.0,0.0
2025-12-01T08:00,-0.3,100,1005.5,100,2.63,166,0.00,0.0,0.0,0.0
2025-12-01T09:00,-0.6,100,1005.8,100,2.44,165,0.00,1.0,0.0,1.0
2025-12-01T10:00,-0.3,100,1005.8,100,2.55,164,0.00,14.0,0.0,14.0
2025-12-01T11:00,0.3,95,1005.9,100,2.55,164,0.03,47.0,2.0,45.0
2025-12-01T12:00,0.8,92,1005.8,100,2.66,164,0.05,59.0,2.0,57.0
2025-12-01T13:00,1.3,89,1005.6,100,2.60,164,0.08,77.0,4.0,73.0
2025-12-01T14:00,1.6,87,1005.3,88,2.64,165,0.09,69.0,3.0,66.0
2025-12-01T15:00,0.3,90,1005.4,100,2.39,164,0.06,63.0,14.0,49.0
2025-12-01T16:00,0.1,91,1005.5,100,2.27,166,0.06,10.0,0.0,10.0
2025-12-01T17:00,0.1,91,1005.5,100,2.55,164,0.06,0.0,0.0,0.0
2025-12-01T18:00,0.0,90,1005.7,100,2.72,167,0.06,0.0,0.0,0.0
2025-12-01T19:00,0.1,89,1005.7,100,2.72,173,0.07,0.0,0.0,0.0
2025-12-01T20:00,0.1,89,1005.8,100,2.87,174,0.07,0.0,0.0,0.0
2025-12-01T21:00,0.1,92,1005.7,100,2.76,168,0.05,0.0,0.0,0.0
2025-12-01T22:00,0.2,92,1005.7,100,2.75,164,0.05,0.0,0.0,0.0
2025-12-01T23:00,0.2,93,1005.6,100,2.62,167,0.04,0.0,0.0,0.0
2025-12-02T00:00,0.2,94,1005.7,100,2.43,171,0.04,0.0,0.0,0.0
2025-12-02T01:00,0.3,94,1005.7,100,2.27,172,0.04,0.0,0.0,0.0
2025-12-02T02:00,0.4,94,1005.5,100,2.10,181,0.04,0.0,0.0,0.0
2025-12-02T03:00,-0.1,92,1005.8,100,1.65,180,0.05,0.0,0.0,0.0
2025-12-02T04:00,-0.1,93,1005.6,100,1.60,182,0.04,0.0,0.0,0.0
2025-12-02T05:00,0.0,92,1005.2,100,1.70,177,0.05,0.0,0.0,0.0
2025-12-02T06:00,0.1,92,1005.5,100,1.66,187,0.05,0.0,0.0,0.0
2025-12-02T07:00,0.1,93,1005.5,100,1.73,190,0.05,0.0,0.0,0.0
2025-12-02T08:00,0.2,93,1005.7,100,1.58,198,0.04,0.0,0.0,0.0
2025-12-02T09:00,0.3,95,1006.5,100,1.74,192,0.03,0.0,0.0,0.0
2025-12-02T10:00,0.5,94,1006.7,100,1.85,199,0.04,12.0,0.0,12.0
2025-12-02T11:00,0.6,94,1006.8,100,1.59,204,0.04,25.0,0.0,25.0
2025-12-02T12:00,0.8,93,1007.1,100,1.53,212,0.04,31.0,0.0,31.0
2025-12-02T13:00,0.9,93,1007.1,100,1.42,222,0.05,32.0,0.0,32.0
2025-12-02T14:00,1.0,93,1007.0,100,1.31,220,0.05,29.0,0.0,29.0
2025-12-02T15:00,0.8,94,1006.8,100,1.36,208,0.04,19.0,0.0,19.0
2025-12-02T16:00,0.6,95,1007.0,100,1.25,209,0.03,4.0,0.0,4.0
2025-12-02T17:00,0.6,95,1007.3,100,1.27,228,0.03,0.0,0.0,0.0
2025-12-02T18:00,0.5,95,1007.9,100,1.12,249,0.03,0.0,0.0,0.0
2025-12-02T19:00,0.5,96,1008.0,100,1.06,229,0.03,0.0,0.0,0.0
2025-12-02T20:00,0.5,96,1008.3,100,1.03,227,0.03,0.0,0.0,0.0
2025-12-02T21:00,0.7,98,1008.7,100,0.99,225,0.01,0.0,0.0,0.0
2025-12-02T22:00,0.7,98,1008.7,100,1.10,227,0.01,0.0,0.0,0.0
2025-12-02T23:00,0.7,98,1008.8,100,1.07,242,0.01,0.0,0.0,0.0
2025-12-03T00:00,0.7,98,1009.1,100,0.97,235,0.01,0.0,0.0,0.0
2025-12-03T01:00,0.6,98,1009.3,100,0.99,221,0.01,0.0,0.0,0.0
2025-12-03T02:00,0.6,99,1009.6,100,0.87,239,0.01,0.0,0.0,0.0
2025-12-03T03:00,0.5,96,1009.9,100,0.69,210,0.02,0.0,0.0,0.0
2025-12-03T04:00,0.5,97,1009.9,100,1.07,217,0.02,0.0,0.0,0.0
2025-12-03T05:00,0.4,97,1009.9,100,1.15,214,0.02,0.0,0.0,0.0
2025-12-03T06:00,0.4,96,1009.9,100,1.23,212,0.02,0.0,0.0,0.0
2025-12-03T07:00,0.4,95,1010.0,100,1.38,221,0.03,0.0,0.0,0.0
2025-12-03T08:00,0.5,94,1010.1,100,1.20,228,0.04,0.0,0.0,0.0
2025-12-03T09:00,0.5,95,1010.6,100,0.96,227,0.03,1.0,0.0,1.0
2025-12-03T10:00,0.9,93,1010.9,100,1.01,243,0.04,17.0,1.0,16.0
2025-12-03T11:00,1.1,92,1011.1,100,0.68,253,0.05,38.0,1.0,37.0
2025-12-03T12:00,1.4,90,1011.1,100,0.92,229,0.07,56.0,7.0,49.0
2025-12-03T13:00,1.5,89,1011.0,100,0.85,220,0.07,51.0,1.0,50.0
2025-12-03T14:00,1.6,88,1010.8,100,1.01,213,0.08,43.0,0.0,43.0
2025-12-03T15:00,1.0,86,1010.6,100,0.96,208,0.09,24.0,0.0,24.0
2025-12-03T16:00,1.0,88,1010.8,100,0.86,216,0.08,8.0,0.0,8.0
2025-12-03T17:00,0.9,89,1010.8,100,0.88,223,0.07,0.0,0.0,0.0
2025-12-03T18:00,0.9,90,1010.8,100,0.89,232,0.06,0.0,0.0,0.0
2025-12-03T19:00,0.8,92,1010.9,100,1.20,228,0.05,0.0,0.0,0.0
2025-12-03T20:00,0.8,93,1010.9,100,1.42,231,0.05,0.0,0.0,0.0
2025-12-03T21:00,0.8,93,1010.8,100,1.65,235,0.05,0.0,0.0,0.0
2025-12-03T22:00,0.8,92,1011.0,100,1.68,233,0.05,0.0,0.0,0.0
2025-12-03T23:00,0.8,91,1010.9,100,1.52,224,0.06,0.0,0.0,0.0
2025-12-04T00:00,0.8,92,1011.0,100,1.77,230,0.05,0.0,0.0,0.0
2025-12-04T01:00,0.8,92,1010.6,100,2.05,236,0.05,0.0,0.0,0.0
2025-12-04T02:00,1.1,91,1010.8,100,2.13,240,0.06,0.0,0.0,0.0
2025-12-04T03:00,0.8,91,1011.0,100,1.94,224,0.06,0.0,0.0,0.0
2025-12-04T04:00,1.0,91,1010.8,100,1.91,225,0.06,0.0,0.0,0.0
2025-12-04T05:00,1.0,91,1010.7,100,1.65,215,0.06,0.0,0.0,0.0
2025-12-04T06:00,1.0,91,1010.6,100,1.50,201,0.06,0.0,0.0,0.0
2025-12-04T07:00,0.9,93,1010.4,100,1.64,200,0.05,0.0,0.0,0.0
2025-12-04T08:00,0.9,94,1010.5,100,1.66,196,0.04,0.0,0.0,0.0
2025-12-04T09:00,1.2,96,1010.6,100,1.89,192,0.03,0.0,0.0,0.0
2025-12-04T10:00,1.5,96,1010.6,100,1.93,190,0.03,10.0,0.0,10.0
2025-12-04T11:00,1.9,96,1010.8,100,1.70,182,0.03,29.0,0.0,29.0
2025-12-04T12:00,2.2,95,1010.6,100,2.03,196,0.03,31.0,0.0,31.0
2025-12-04T13:00,2.6,94,1010.3,100,2.08,204,0.05,31.0,0.0,31.0
2025-12-04T14:00,2.8,93,1010.0,100,1.90,203,0.05,30.0,1.0,29.0
2025-12-04T15:00,2.9,93,1010.0,100,1.91,186,0.05,18.0,0.0,18.0
2025-12-04T16:00,2.8,92,1010.0,100,2.25,192,0.06,7.0,0.0,7.0
2025-12-04T17:00,2.7,90,1009.9,100,2.25,197,0.07,0.0,0.0,0.0
2025-12-04T18:00,2.5,89,1009.9,100,2.33,205,0.08,0.0,0.0,0.0
2025-12-04T19:00,2.4,86,1009.8,99,2.37,215,0.10,0.0,0.0,0.0
2025-12-04T20:00,2.3,83,1009.7,98,2.18,212,0.12,0.0,0.0,0.0
2025-12-04T21:00,2.5,83,1009.5,100,2.07,195,0.12,0.0,0.0,0.0
2025-12-04T22:00,2.5,81,1009.6,100,2.05,193,0.14,0.0,0.0,0.0
2025-12-04T23:00,2.5,83,1009.7,100,1.86,186,0.12,0.0,0.0,0.0
2025-12-05T00:00,2.4,86,1009.6,100,1.80,183,0.10,0.0,0.0,0.0
2025-12-05T01:00,2.1,90,1009.5,100,2.06,176,0.07,0.0,0.0,0.0
2025-12-05T02:00,2.1,91,1009.5,100,2.16,187,0.06,0.0,0.0,0.0
2025-12-05T03:00,1.7,88,1009.0,100,1.85,183,0.08,0.0,0.0,0.0
2025-12-05T04:00,1.6,90,1009.0,100,2.02,187,0.07,0.0,0.0,0.0
2025-12-05T05:00,1.4,92,1008.9,100,1.98,190,0.05,0.0,0.0,0.0
2025-12-05T06:00,1.2,94,1008.8,100,1.87,188,0.04,0.0,0.0,0.0
2025-12-05T07:00,1.1,94,1008.8,100,1.81,186,0.04,0.0,0.0,0.0
2025-12-05T08:00,1.2,94,1008.8,100,1.65,194,0.04,0.0,0.0,0.0
2025-12-05T09:00,1.6,96,1008.7,100,2.22,188,0.03,0.0,0.0,0.0
2025-12-05T10:00,2.0,95,1009.0,100,2.36,201,0.04,9.0,0.0,9.0
2025-12-05T11:00,2.2,95,1009.2,100,2.08,210,0.04,22.0,0.0,22.0
2025-12-05T12:00,2.3,95,1009.2,100,2.01,215,0.04,25.0,0.0,25.0
2025-12-05T13:00,2.6,94,1009.0,100,1.88,228,0.04,30.0,0.0,30.0
2025-12-05T14:00,2.7,93,1009.0,100,1.78,232,0.05,26.0,0.0,26.0
2025-12-05T15:00,2.6,92,1009.0,100,1.60,212,0.06,18.0,0.0,18.0
2025-12-05T16:00,2.5,92,1009.3,100,1.72,210,0.06,7.0,0.0,7.0
2025-12-05T17:00,2.5,90,1009.4,100,2.00,217,0.07,0.0,0.0,0.0
2025-12-05T18:00,2.5,89,1009.2,97,2.05,223,0.08,0.0,0.0,0.0
2025-12-05T19:00,2.2,89,1009.4,91,1.98,223,0.08,0.0,0.0,0.0
2025-12-05T20:00,1.8,90,1009.4,15,1.96,232,0.07,0.0,0.0,0.0
2025-12-05T21:00,1.9,92,1009.7,96,1.94,235,0.06,0.0,0.0,0.0
2025-12-05T22:00,1.9,92,1010.0,100,2.07,238,0.06,0.0,0.0,0.0
2025-12-05T23:00,2.2,92,1010.2,100,2.10,245,0.06,0.0,0.0,0.0
2025-12-06T00:00,2.4,92,1010.2,100,1.99,242,0.06,0.0,0.0,0.0
2025-12-06T01:00,2.5,92,1010.2,100,2.04,245,0.06,0.0,0.0,0.0
2025-12-06T02:00,2.6,93,1010.1,100,2.02,247,0.05,0.0,0.0,0.0
2025-12-06T03:00,2.3,92,1010.2,100,2.01,251,0.06,0.0,0.0,0.0
2025-12-06T04:00,2.4,92,1010.2,100,1.99,258,0.06,0.0,0.0,0.0
2025-12-06T05:00,2.4,93,1010.2,100,1.86,256,0.05,0.0,0.0,0.0
2025-12-06T06:00,2.1,94,1010.1,100,1.79,252,0.04,0.0,0.0,0.0
2025-12-06T07:00,2.0,94,1009.9,100,1.74,243,0.04,0.0,0.0,0.0
2025-12-06T08:00,1.8,95,1010.0,100,1.90,240,0.04,0.0,0.0,0.0
2025-12-06T09:00,2.2,96,1010.3,100,1.91,229,0.03,0.0,0.0,0.0
2025-12-06T10:00,2.5,95,1010.4,100,1.87,226,0.03,15.0,0.0,15.0
2025-12-06T11:00,3.0,94,1010.5,100,2.27,230,0.04,48.0,4.0,44.0
2025-12-06T12:00,3.3,93,1010.7,100,2.39,233,0.05,60.0,0.0,60.0
2025-12-06T13:00,3.5,92,1010.7,100,2.44,235,0.07,49.0,0.0,49.0
2025-12-06T14:00,3.5,91,1010.4,100,2.12,227,0.07,41.0,3.0,38.0
2025-12-06T15:00,3.3,93,1010.2,100,1.54,209,0.05,24.0,1.0,23.0
2025-12-06T16:00,3.1,93,1010.2,100,1.86,207,0.05,6.0,0.0,6.0
2025-12-06T17:00,2.9,92,1009.9,100,2.17,209,0.06,0.0,0.0,0.0
2025-12-06T18:00,2.9,90,1009.8,100,2.27,220,0.07,0.0,0.0,0.0
2025-12-06T19:00,2.8,90,1009.9,100,2.16,222,0.08,0.0,0.0,0.0
2025-12-06T20:00,2.7,90,1009.7,100,2.16,222,0.08,0.0,0.0,0.0
2025-12-06T21:00,3.0,90,1009.7,100,2.44,223,0.08,0.0,0.0,0.0
2025-12-06T22:00,2.8,89,1009.6,100,2.52,219,0.08,0.0,0.0,0.0
2025-12-06T23:00,2.4,89,1009.7,100,2.56,219,0.08,0.0,0.0,0.0
2025-12-07T00:00,2.2,87,1009.7,100,2.71,218,0.09,0.0,0.0,0.0
2025-12-07T01:00,1.8,86,1009.5,100,2.55,222,0.10,0.0,0.0,0.0
2025-12-07T02:00,1.6,86,1009.6,100,2.43,217,0.09,0.0,0.0,0.0
2025-12-07T03:00,1.5,85,1009.3,100,1.92,219,0.10,0.0,0.0,0.0
2025-12-07T04:00,1.6,85,1009.2,100,1.94,215,0.10,0.0,0.0,0.0
2025-12-07T05:00,1.4,87,1009.1,100,2.04,211,0.08,0.0,0.0,0.0
2025-12-07T06:00,1.1,89,1009.2,100,1.93,211,0.07,0.0,0.0,0.0
2025-12-07T07:00,0.8,91,1009.1,100,2.19,207,0.06,0.0,0.0,0.0
2025-12-07T08:00,0.7,90,1009.2,100,2.24,209,0.06,0.0,0.0,0.0
2025-12-07T09:00,0.5,91,1009.3,100,2.13,210,0.05,0.0,0.0,0.0
2025-12-07T10:00,0.5,89,1009.6,100,2.56,211,0.07,14.0,0.0,14.0
2025-12-07T11:00,0.5,87,1009.4,100,2.44,208,0.08,37.0,0.0,37.0
2025-12-07T12:00,0.6,86,1009.3,100,2.55,208,0.09,64.0,2.0,62.0
2025-12-07T13:00,0.8,85,1008.9,100,2.10,198,0.10,86.0,9.0,77.0
2025-12-07T14:00,0.9,84,1008.5,100,1.70,178,0.11,77.0,1.0,76.0
2025-12-07T15:00,0.7,86,1008.5,100,1.57,149,0.09,43.0,0.0,43.0
2025-12-07T16:00,0.2,87,1008.6,100,2.00,158,0.08,14.0,1.0,13.0
2025-12-07T17:00,0.4,85,1008.2,100,2.02,157,0.09,0.0,0.0,0.0
2025-12-07T18:00,0.4,85,1008.1,100,2.06,166,0.09,0.0,0.0,0.0
2025-12-07T19:00,0.4,85,1008.0,100,2.13,171,0.09,0.0,0.0,0.0
2025-12-07T20:00,0.3,86,1007.8,100,1.93,159,0.09,0.0,0.0,0.0
2025-12-07T21:00,0.5,89,1007.8,100,2.11,158,0.07,0.0,0.0,0.0
2025-12-07T22:00,0.5,90,1007.9,100,1.97,156,0.07,0.0,0.0,0.0
2025-12-07T23:00,0.5,90,1008.1,100,2.17,172,0.06,0.0,0.0,0.0
2025-12-08T00:00,0.4,90,1008.1,100,2.01,166,0.06,0.0,0.0,0.0
2025-12-08T01:00,0.5,90,1008.1,100,2.03,170,0.06,0.0,0.0,0.0
2025-12-08T02:00,0.5,90,1008.4,100,2.21,184,0.06,0.0,0.0,0.0
2025-12-08T03:00,0.3,89,1008.5,100,1.72,172,0.07,0.0,0.0,0.0
2025-12-08T04:00,0.1,89,1008.3,100,1.68,170,0.07,0.0,0.0,0.0
2025-12-08T05:00,-0.3,89,1008.3,100,1.61,154,0.06,0.0,0.0,0.0
2025-12-08T06:00,-0.2,89,1008.3,100,1.89,168,0.07,0.0,0.0,0.0
2025-12-08T07:00,-0.2,89,1008.2,100,1.90,153,0.06,0.0,0.0,0.0
2025-12-08T08:00,-0.1,88,1008.1,100,1.80,161,0.07,0.0,0.0,0.0
2025-12-08T09:00,0.3,87,1008.3,100,2.03,170,0.08,0.0,0.0,0.0
2025-12-08T10:00,0.5,85,1008.8,100,2.49,170,0.10,17.0,1.0,16.0
2025-12-08T11:00,0.6,86,1009.1,100,2.81,168,0.09,36.0,1.0,35.0
2025-12-08T12:00,0.8,83,1009.1,100,2.95,181,0.11,49.0,1.0,48.0
2025-12-08T13:00,0.8,84,1008.9,100,2.97,173,0.10,51.0,0.0,51.0
2025-12-08T14:00,0.8,84,1008.8,100,2.93,163,0.10,41.0,0.0,41.0
2025-12-08T15:00,0.3,85,1008.4,100,2.57,156,0.09,27.0,0.0,27.0
2025-12-08T16:00,0.4,84,1008.4,100,2.72,163,0.10,7.0,0.0,7.0
2025-12-08T17:00,0.4,84,1008.1,100,2.89,171,0.10,0.0,0.0,0.0
2025-12-08T18:00,0.2,85,1008.0,100,3.06,174,0.09,0.0,0.0,0.0
2025-12-08T19:00,-0.1,86,1007.7,100,3.30,170,0.08,0.0,0.0,0.0
2025-12-08T20:00,-0.3,88,1007.8,100,3.07,173,0.07,0.0,0.0,0.0
2025-12-08T21:00,-0.2,92,1007.4,100,2.96,175,0.05,0.0,0.0,0.0
2025-12-08T22:00,-0.2,90,1007.3,100,3.55,178,0.06,0.0,0.0,0.0
2025-12-08T23:00,-0.3,88,1007.2,100,3.35,182,0.07,0.0,0.0,0.0
2025-12-09T00:00,-0.3,87,1007.1,100,3.40,194,0.08,0.0,0.0,0.0
2025-12-09T01:00,-0.1,86,1006.8,100,2.88,200,0.08,0.0,0.0,0.0
2025-12-09T02:00,0.2,86,1006.3,100,3.02,187,0.09,0.0,0.0,0.0
2025-12-09T03:00,-0.4,85,1005.6,100,3.01,176,0.09,0.0,0.0,0.0
2025-12-09T04:00,-0.3,85,1005.2,100,3.40,181,0.09,0.0,0.0,0.0
2025-12-09T05:00,-0.9,86,1005.1,100,3.75,179,0.08,0.0,0.0,0.0
2025-12-09T06:00,-1.2,86,1004.8,100,3.80,178,0.08,0.0,0.0,0.0
2025-12-09T07:00,-1.2,86,1004.2,100,4.10,177,0.08,0.0,0.0,0.0
2025-12-09T08:00,-1.1,85,1004.0,100,3.96,177,0.08,0.0,0.0,0.0
2025-12-09T09:00,-0.9,87,1003.7,100,4.05,180,0.08,0.0,0.0,0.0
2025-12-09T10:00,-0.7,86,1003.6,100,3.85,180,0.08,10.0,0.0,10.0
2025-12-09T11:00,-0.4,83,1003.3,100,4.45,180,0.10,29.0,0.0,29.0
2025-12-09T12:00,-0.3,80,1002.9,100,5.04,194,0.12,37.0,1.0,36.0
2025-12-09T13:00,-0.4,80,1002.4,100,4.71,197,0.12,31.0,0.0,31.0
2025-12-09T14:00,-0.4,80,1001.8,100,4.51,190,0.12,32.0,0.0,32.0
2025-12-09T15:00,-0.7,80,1001.2,100,3.85,179,0.12,20.0,0.0,20.0
2025-12-09T16:00,-0.7,80,1000.6,100,3.49,172,0.12,5.0,0.0,5.0
2025-12-09T17:00,-0.3,80,1000.0,100,4.15,177,0.12,0.0,0.0,0.0
2025-12-09T18:00,0.0,81,999.6,100,4.15,179,0.12,0.0,0.0,0.0
2025-12-09T19:00,0.1,82,999.3,100,3.95,182,0.11,0.0,0.0,0.0
2025-12-09T20:00,0.1,83,998.8,100,4.10,180,0.11,0.0,0.0,0.0
2025-12-09T21:00,0.1,84,998.2,100,4.20,181,0.10,0.0,0.0,0.0
2025-12-09T22:00,-0.1,84,998.0,100,3.85,181,0.10,0.0,0.0,0.0
2025-12-09T23:00,-0.2,84,997.5,100,3.80,179,0.10,0.0,0.0,0.0
2025-12-10T00:00,-0.3,84,997.2,100,3.70,180,0.10,0.0,0.0,0.0
2025-12-10T01:00,-0.4,84,996.7,100,3.45,178,0.09,0.0,0.0,0.0
2025-12-10T02:00,-0.6,86,996.3,100,3.20,178,0.08,0.0,0.0,0.0
2025-12-10T03:00,-1.4,87,996.1,100,2.82,160,0.07,0.0,0.0,0.0
2025-12-10T04:00,-1.5,86,995.4,100,3.10,159,0.08,0.0,0.0,0.0
2025-12-10T05:00,-1.6,87,995.3,100,2.85,162,0.07,0.0,0.0,0.0
2025-12-10T06:00,-1.6,86,995.2,100,2.66,175,0.08,0.0,0.0,0.0
2025-12-10T07:00,-1.5,86,995.1,100,2.62,172,0.08,0.0,0.0,0.0
2025-12-10T08:00,-1.4,86,995.3,100,2.50,181,0.08,0.0,0.0,0.0
2025-12-10T09:00,-0.9,89,995.8,100,2.57,188,0.06,0.0,0.0,0.0
2025-12-10T10:00,-0.9,90,995.9,100,2.46,186,0.06,7.0,0.0,7.0
2025-12-10T11:00,-0.7,90,996.0,100,2.16,184,0.06,22.0,0.0,22.0
2025-12-10T12:00,-0.5,89,995.9,100,2.36,186,0.07,44.0,0.0,44.0
2025-12-10T13:00,-0.2,88,996.2,100,2.56,197,0.07,65.0,2.0,63.0
2025-12-10T14:00,0.1,87,996.1,100,2.15,192,0.08,56.0,1.0,55.0
2025-12-10T15:00,0.1,87,996.4,100,2.20,192,0.08,30.0,0.0,30.0
2025-12-10T16:00,-0.1,88,996.9,100,2.11,194,0.07,6.0,0.0,6.0
2025-12-10T17:00,0.0,89,997.7,100,2.17,195,0.07,0.0,0.0,0.0
2025-12-10T18:00,0.0,90,997.6,100,2.12,188,0.06,0.0,0.0,0.0
2025-12-10T19:00,0.0,90,998.0,100,2.20,197,0.06,0.0,0.0,0.0
2025-12-10T20:00,0.1,90,997.9,100,2.28,199,0.06,0.0,0.0,0.0
2025-12-10T21:00,0.2,92,997.9,100,2.42,198,0.05,0.0,0.0,0.0
2025-12-10T22:00,0.2,93,997.8,100,2.45,200,0.04,0.0,0.0,0.0
2025-12-10T23:00,0.3,94,998.0,100,2.55,208,0.04,0.0,0.0,0.0
2025-12-11T00:00,0.5,94,998.1,100,2.76,202,0.04,0.0,0.0,0.0
2025-12-11T01:00,0.6,95,997.4,100,2.93,205,0.03,0.0,0.0,0.0
2025-12-11T02:00,0.7,95,997.3,100,3.01,212,0.03,0.0,0.0,0.0
2025-12-11T03:00,0.8,95,996.5,100,3.16,198,0.03,0.0,0.0,0.0
2025-12-11T04:00,0.8,96,996.0,100,3.56,197,0.03,0.0,0.0,0.0
2025-12-11T05:00,1.1,96,995.2,100,3.72,204,0.02,0.0,0.0,0.0
2025-12-11T06:00,1.3,97,994.3,100,4.08,203,0.02,0.0,0.0,0.0
2025-12-11T07:00,1.6,95,993.6,100,4.21,208,0.03,0.0,0.0,0.0
2025-12-11T08:00,1.4,98,992.7,100,4.38,207,0.02,0.0,0.0,0.0
2025-12-11T09:00,1.6,96,992.3,100,4.78,211,0.03,0.0,0.0,0.0
2025-12-11T10:00,1.7,95,991.7,100,4.80,216,0.03,3.0,0.0,3.0
2025-12-11T11:00,2.0,94,991.3,100,4.90,220,0.04,17.0,0.0,17.0
2025-12-11T12:00,2.1,94,990.7,100,4.71,221,0.04,22.0,0.0,22.0
2025-12-11T13:00,2.3,94,989.9,100,4.49,223,0.04,29.0,0.0,29.0
2025-12-11T14:00,2.4,95,989.2,100,4.31,225,0.04,21.0,0.0,21.0
2025-12-11T15:00,2.6,97,988.6,100,3.82,228,0.03,14.0,0.0,14.0
2025-12-11T16:00,2.6,97,988.0,100,3.72,228,0.02,4.0,0.0,4.0
2025-12-11T17:00,2.7,98,987.4,100,3.64,226,0.02,0.0,0.0,0.0
2025-12-11T18:00,2.8,98,987.1,100,3.62,229,0.02,0.0,0.0,0.0
2025-12-11T19:00,2.9,97,986.6,100,3.43,233,0.02,0.0,0.0,0.0
2025-12-11T20:00,3.0,97,985.9,100,3.39,239,0.02,0.0,0.0,0.0
2025-12-11T21:00,3.4,97,985.6,93,3.43,236,0.02,0.0,0.0,0.0
2025-12-11T22:00,3.4,97,985.3,96,3.60,241,0.02,0.0,0.0,0.0
2025-12-11T23:00,3.2,97,985.0,100,3.70,247,0.02,0.0,0.0,0.0
2025-12-12T00:00,3.1,97,985.1,100,3.70,257,0.02,0.0,0.0,0.0
2025-12-12T01:00,3.3,97,985.0,100,3.73,258,0.02,0.0,0.0,0.0
2025-12-12T02:00,3.4,98,984.7,100,3.71,265,0.02,0.0,0.0,0.0
2025-12-12T03:00,4.4,96,984.4,100,3.40,268,0.03,0.0,0.0,0.0
2025-12-12T04:00,3.7,97,983.9,100,3.52,263,0.03,0.0,0.0,0.0
2025-12-12T05:00,3.6,96,983.8,100,3.85,269,0.03,0.0,0.0,0.0
2025-12-12T06:00,3.5,96,984.0,100,3.60,272,0.03,0.0,0.0,0.0
2025-12-12T07:00,3.7,96,983.9,100,3.90,270,0.03,0.0,0.0,0.0
2025-12-12T08:00,3.7,96,984.1,100,3.87,276,0.03,0.0,0.0,0.0
2025-12-12T09:00,3.9,96,984.2,100,3.43,283,0.04,0.0,0.0,0.0
2025-12-12T10:00,3.8,96,984.1,98,3.06,276,0.03,11.0,1.0,10.0
2025-12-12T11:00,3.8,96,983.9,93,2.90,273,0.03,49.0,8.0,41.0
2025-12-12T12:00,3.8,94,983.3,100,3.45,268,0.05,61.0,8.0,53.0
2025-12-12T13:00,3.4,96,982.8,100,3.49,278,0.03,31.0,0.0,31.0
2025-12-12T14:00,3.2,94,982.4,100,3.54,306,0.05,11.0,0.0,11.0
2025-12-12T15:00,1.1,98,982.9,100,3.83,353,0.01,15.0,0.0,15.0
2025-12-12T16:00,0.5,93,983.8,100,4.31,351,0.04,3.0,0.0,3.0
2025-12-12T17:00,-0.2,89,984.4,98,5.16,344,0.06,0.0,0.0,0.0
2025-12-12T18:00,-1.5,80,985.7,78,5.26,348,0.11,0.0,0.0,0.0
2025-12-12T19:00,-3.0,76,986.7,91,5.26,348,0.12,0.0,0.0,0.0
2025-12-12T20:00,-3.4,78,987.3,100,4.60,348,0.10,0.0,0.0,0.0
2025-12-12T21:00,-3.8,76,988.4,100,5.04,346,0.11,0.0,0.0,0.0
2025-12-12T22:00,-3.6,73,989.1,55,5.42,346,0.13,0.0,0.0,0.0
2025-12-12T23:00,-3.8,72,990.1,77,5.85,343,0.13,0.0,0.0,0.0
2025-12-13T00:00,-3.9,70,990.8,95,5.41,342,0.14,0.0,0.0,0.0
2025-12-13T01:00,-3.9,68,991.6,86,5.93,344,0.15,0.0,0.0,0.0
2025-12-13T02:00,-4.1,70,992.3,98,5.24,339,0.14,0.0,0.0,0.0
2025-12-13T03:00,-4.2,62,992.9,100,6.01,337,0.17,0.0,0.0,0.0
2025-12-13T04:00,-4.2,63,993.5,73,6.95,338,0.17,0.0,0.0,0.0
2025-12-13T05:00,-4.7,67,994.0,77,6.17,333,0.14,0.0,0.0,0.0
2025-12-13T06:00,-4.8,66,994.4,100,5.89,330,0.14,0.0,0.0,0.0
2025-12-13T07:00,-4.8,65,995.0,100,6.31,331,0.15,0.0,0.0,0.0
2025-12-13T08:00,-5.0,64,995.6,100,6.15,331,0.15,0.0,0.0,0.0
2025-12-13T09:00,-5.1,65,996.1,100,5.64,330,0.15,0.0,0.0,0.0
2025-12-13T10:00,-5.0,65,996.5,100,5.67,327,0.15,17.0,3.0,14.0
2025-12-13T11:00,-5.0,65,996.9,100,5.88,322,0.15,48.0,2.0,46.0
2025-12-13T12:00,-5.1,67,997.6,100,6.16,322,0.14,56.0,0.0,56.0
2025-12-13T13:00,-5.3,67,997.9,100,5.86,320,0.14,67.0,4.0,63.0
2025-12-13T14:00,-5.4,68,998.2,100,6.16,318,0.13,52.0,3.0,49.0
2025-12-13T15:00,-5.6,68,998.4,100,6.12,318,0.13,31.0,2.0,29.0
2025-12-13T16:00,-5.2,68,998.5,100,5.61,321,0.13,7.0,0.0,7.0
2025-12-13T17:00,-5.0,70,998.6,100,5.02,322,0.13,0.0,0.0,0.0
2025-12-13T18:00,-4.9,69,999.0,100,4.80,329,0.13,0.0,0.0,0.0
2025-12-13T19:00,-4.9,70,998.9,70,4.77,327,0.13,0.0,0.0,0.0
2025-12-13T20:00,-5.0,71,998.9,77,4.53,326,0.12,0.0,0.0,0.0
2025-12-13T21:00,-5.0,73,998.7,100,4.48,327,0.11,0.0,0.0,0.0
2025-12-13T22:00,-5.1,74,998.8,100,4.47,326,0.11,0.0,0.0,0.0
2025-12-13T23:00,-5.1,74,999.0,100,4.46,323,0.11,0.0,0.0,0.0
2025-12-14T00:00,-5.1,74,999.2,100,4.74,318,0.11,0.0,0.0,0.0
2025-12-14T01:00,-5.2,76,999.2,100,4.11,311,0.10,0.0,0.0,0.0
2025-12-14T02:00,-5.2,75,999.1,100,3.65,311,0.10,0.0,0.0,0.0
2025-12-14T03:00,-5.4,80,999.0,100,3.81,326,0.08,0.0,0.0,0.0
2025-12-14T04:00,-5.4,73,998.8,100,3.85,332,0.11,0.0,0.0,0.0
2025-12-14T05:00,-5.4,71,998.7,99,3.95,328,0.12,0.0,0.0,0.0
2025-12-14T06:00,-5.5,74,998.5,97,3.29,314,0.11,0.0,0.0,0.0
2025-12-14T07:00,-5.6,78,998.6,100,3.05,305,0.09,0.0,0.0,0.0
2025-12-14T08:00,-5.7,78,998.5,100,3.48,305,0.09,0.0,0.0,0.0
2025-12-14T09:00,-6.0,80,998.4,100,3.93,307,0.08,0.0,0.0,0.0
2025-12-14T10:00,-6.1,79,998.6,100,3.86,313,0.08,12.0,0.0,12.0
2025-12-14T11:00,-6.0,79,998.7,100,3.67,308,0.08,34.0,6.0,28.0
2025-12-14T12:00,-6.0,75,998.6,100,4.29,312,0.10,55.0,0.0,55.0
2025-12-14T13:00,-6.0,72,998.5,100,4.37,310,0.11,61.0,3.0,58.0
2025-12-14T14:00,-6.0,69,998.6,98,4.26,309,0.12,57.0,2.0,55.0
2025-12-14T15:00,-5.8,70,998.5,100,4.21,318,0.12,48.0,5.0,43.0
2025-12-14T16:00,-6.0,70,998.6,100,3.50,313,0.12,7.0,0.0,7.0
2025-12-14T17:00,-6.2,70,998.7,100,3.54,312,0.11,0.0,0.0,0.0
2025-12-14T18:00,-6.3,71,998.8,100,3.38,308,0.11,0.0,0.0,0.0
2025-12-14T19:00,-6.5,71,998.6,99,3.22,306,0.11,0.0,0.0,0.0
2025-12-14T20:00,-6.7,72,998.6,100,3.27,309,0.10,0.0,0.0,0.0
2025-12-14T21:00,-7.4,75,998.4,100,3.29,300,0.09,0.0,0.0,0.0
2025-12-14T22:00,-7.9,74,998.5,95,2.97,297,0.09,0.0,0.0,0.0
2025-12-14T23:00,-8.1,75,998.5,100,2.86,297,0.08,0.0,0.0,0.0
2025-12-15T00:00,-8.3,75,998.5,100,2.71,295,0.08,0.0,0.0,0.0
2025-12-15T01:00,-8.8,76,998.5,67,2.15,288,0.08,0.0,0.0,0.0
2025-12-15T02:00,-9.4,78,998.1,84,2.08,280,0.07,0.0,0.0,0.0
2025-12-15T03:00,-9.7,88,997.5,14,1.35,268,0.03,0.0,0.0,0.0
2025-12-15T04:00,-11.1,90,997.0,34,1.20,253,0.03,0.0,0.0,0.0
2025-12-15T05:00,-10.4,90,997.2,90,1.35,248,0.03,0.0,0.0,0.0
2025-12-15T06:00,-10.4,91,996.6,100,1.21,232,0.03,0.0,0.0,0.0
2025-12-15T07:00,-8.8,90,996.5,100,1.64,218,0.03,0.0,0.0,0.0
2025-12-15T08:00,-8.9,90,996.2,100,1.50,206,0.03,0.0,0.0,0.0
2025-12-15T09:00,-9.0,89,996.3,100,1.59,193,0.03,0.0,0.0,0.0
2025-12-15T10:00,-8.7,87,996.1,100,1.47,170,0.04,14.0,0.0,14.0
2025-12-15T11:00,-8.1,86,995.7,100,1.66,175,0.05,51.0,0.0,51.0
2025-12-15T12:00,-7.5,84,995.8,100,1.50,176,0.06,117.0,35.0,82.0
2025-12-15T13:00,-6.9,84,995.5,100,1.66,175,0.06,89.0,7.0,82.0
2025-12-15T14:00,-6.3,83,995.7,100,1.46,172,0.06,92.0,7.0,85.0
2025-12-15T15:00,-6.0,83,995.4,100,1.32,155,0.07,53.0,1.0,52.0
2025-12-15T16:00,-6.3,84,995.9,100,0.85,130,0.06,11.0,0.0,11.0
2025-12-15T17:00,-6.4,84,996.3,100,0.94,115,0.06,0.0,0.0,0.0
2025-12-15T18:00,-6.1,84,996.5,100,0.99,120,0.06,0.0,0.0,0.0
2025-12-15T19:00,-6.1,85,997.4,100,0.68,126,0.06,0.0,0.0,0.0
2025-12-15T20:00,-5.7,84,998.0,100,0.64,141,0.06,0.0,0.0,0.0
2025-12-15T21:00,-6.0,85,998.5,100,1.13,139,0.06,0.0,0.0,0.0
2025-12-15T22:00,-6.1,86,998.8,100,1.06,139,0.05,0.0,0.0,0.0
2025-12-15T23:00,-6.1,87,999.3,100,1.07,143,0.05,0.0,0.0,0.0
2025-12-16T00:00,-6.3,88,999.8,100,0.72,146,0.04,0.0,0.0,0.0
2025-12-16T01:00,-6.0,88,1000.2,100,0.79,162,0.05,0.0,0.0,0.0
2025-12-16T02:00,-5.8,88,1000.4,100,1.26,146,0.05,0.0,0.0,0.0
2025-12-16T03:00,-6.4,88,1001.0,100,1.52,153,0.04,0.0,0.0,0.0
2025-12-16T04:00,-6.4,89,1001.2,100,1.59,156,0.04,0.0,0.0,0.0
2025-12-16T05:00,-6.1,89,1001.0,100,2.04,155,0.04,0.0,0.0,0.0
2025-12-16T06:00,-5.8,90,1001.0,100,1.93,159,0.04,0.0,0.0,0.0
2025-12-16T07:00,-5.4,90,1001.0,100,2.15,162,0.04,0.0,0.0,0.0
2025-12-16T08:00,-4.8,90,1000.9,100,2.29,170,0.04,0.0,0.0,0.0
2025-12-16T09:00,-4.1,91,1000.7,100,2.52,173,0.04,0.0,0.0,0.0
2025-12-16T10:00,-3.4,92,1000.6,100,2.96,192,0.04,3.0,0.0,3.0
2025-12-16T11:00,-2.4,92,1000.1,100,3.07,199,0.04,16.0,0.0,16.0
2025-12-16T12:00,-1.3,93,999.8,100,2.95,208,0.04,29.0,0.0,29.0
2025-12-16T13:00,-0.2,93,999.3,100,3.23,219,0.04,30.0,0.0,30.0
2025-12-16T14:00,0.6,93,999.2,100,3.41,235,0.04,14.0,0.0,14.0
2025-12-16T15:00,1.0,95,998.7,100,3.49,246,0.03,13.0,0.0,13.0
2025-12-16T16:00,1.1,96,998.5,100,3.67,250,0.03,4.0,0.0,4.0
2025-12-16T17:00,1.3,95,998.6,100,3.70,254,0.03,0.0,0.0,0.0
2025-12-16T18:00,1.4,95,998.7,100,3.98,258,0.04,0.0,0.0,0.0
2025-12-16T19:00,1.4,94,998.7,100,3.90,261,0.04,0.0,0.0,0.0
2025-12-16T20:00,1.3,94,998.9,100,3.77,264,0.04,0.0,0.0,0.0
2025-12-16T21:00,1.5,94,998.9,100,3.67,265,0.04,0.0,0.0,0.0
2025-12-16T22:00,1.5,94,999.0,100,3.62,264,0.04,0.0,0.0,0.0
2025-12-16T23:00,1.5,93,999.4,100,3.55,268,0.04,0.0,0.0,0.0
2025-12-17T00:00,1.5,93,999.7,100,3.35,272,0.04,0.0,0.0,0.0
2025-12-17T01:00,1.5,94,999.9,100,3.30,272,0.04,0.0,0.0,0.0
2025-12-17T02:00,1.7,95,1000.4,100,3.37,276,0.04,0.0,0.0,0.0
2025-12-17T03:00,1.6,95,1000.2,100,3.30,273,0.03,0.0,0.0,0.0
2025-12-17T04:00,1.5,96,1000.5,100,3.40,270,0.03,0.0,0.0,0.0
2025-12-17T05:00,1.5,96,1000.8,100,3.45,272,0.02,0.0,0.0,0.0
2025-12-17T06:00,1.5,97,1001.1,100,3.25,272,0.02,0.0,0.0,0.0
2025-12-17T07:00,1.4,97,1001.4,100,3.10,268,0.02,0.0,0.0,0.0
2025-12-17T08:00,1.3,98,1002.0,100,3.11,265,0.02,0.0,0.0,0.0
2025-12-17T09:00,1.5,99,1002.2,100,3.08,263,0.01,0.0,0.0,0.0
2025-12-17T10:00,1.4,98,1002.7,100,2.91,258,0.01,8.0,0.0,8.0
2025-12-17T11:00,1.4,98,1002.9,100,2.60,254,0.01,23.0,0.0,23.0
2025-12-17T12:00,1.5,98,1002.8,100,2.14,249,0.02,34.0,0.0,34.0
2025-12-17T13:00,1.5,98,1002.7,100,1.92,255,0.02,43.0,1.0,42.0
2025-12-17T14:00,1.8,96,1002.7,100,2.28,255,0.03,37.0,0.0,37.0
2025-12-17T15:00,1.2,97,1002.7,100,1.84,237,0.02,19.0,0.0,19.0
2025-12-17T16:00,0.9,97,1002.7,100,2.00,238,0.02,5.0,0.0,5.0
2025-12-17T17:00,0.8,97,1002.6,100,1.82,238,0.02,0.0,0.0,0.0
2025-12-17T18:00,0.7,97,1002.8,100,2.04,242,0.02,0.0,0.0,0.0
2025-12-17T19:00,0.6,97,1002.6,100,2.14,237,0.02,0.0,0.0,0.0
2025-12-17T20:00,0.5,97,1002.4,100,2.16,236,0.02,0.0,0.0,0.0
2025-12-17T21:00,0.4,98,1001.7,100,2.12,214,0.01,0.0,0.0,0.0
2025-12-17T22:00,0.4,97,1001.5,100,2.40,216,0.02,0.0,0.0,0.0
2025-12-17T23:00,0.3,97,1001.4,100,2.47,216,0.02,0.0,0.0,0.0
2025-12-18T00:00,0.2,98,1001.0,100,2.81,219,0.01,0.0,0.0,0.0
2025-12-18T01:00,0.2,97,1000.9,100,2.97,226,0.02,0.0,0.0,0.0
2025-12-18T02:00,0.0,97,1000.8,100,3.08,223,0.02,0.0,0.0,0.0
2025-12-18T03:00,-0.2,98,999.7,100,3.37,220,0.01,0.0,0.0,0.0
2025-12-18T04:00,-0.1,97,999.3,100,3.37,229,0.02,0.0,0.0,0.0
2025-12-18T05:00,-0.1,98,999.0,100,3.41,238,0.01,0.0,0.0,0.0
2025-12-18T06:00,-0.1,98,998.6,100,3.11,242,0.01,0.0,0.0,0.0
2025-12-18T07:00,-0.1,97,998.4,100,3.55,248,0.02,0.0,0.0,0.0
2025-12-18T08:00,-0.2,96,997.9,100,3.54,247,0.02,0.0,0.0,0.0
2025-12-18T09:00,-0.1,96,998.2,100,3.50,256,0.02,0.0,0.0,0.0
2025-12-18T10:00,-0.1,96,998.5,100,4.00,267,0.03,8.0,0.0,8.0
2025-12-18T11:00,0.0,94,998.9,100,4.37,281,0.04,24.0,0.0,24.0
2025-12-18T12:00,0.1,92,999.2,100,3.94,278,0.05,39.0,1.0,38.0
2025-12-18T13:00,0.2,92,999.4,100,3.18,263,0.05,34.0,1.0,33.0
2025-12-18T14:00,0.3,92,999.6,100,3.14,261,0.05,27.0,0.0,27.0
2025-12-18T15:00,0.4,93,1000.2,100,3.10,268,0.05,22.0,0.0,22.0
2025-12-18T16:00,0.4,94,1000.0,100,3.05,267,0.04,4.0,0.0,4.0
2025-12-18T17:00,0.6,93,1000.3,100,3.41,273,0.04,0.0,0.0,0.0
2025-12-18T18:00,0.8,93,1001.0,100,3.41,281,0.05,0.0,0.0,0.0
2025-12-18T19:00,0.9,93,1001.1,100,3.42,285,0.05,0.0,0.0,0.0
2025-12-18T20:00,1.1,91,1001.5,100,3.51,290,0.06,0.0,0.0,0.0
2025-12-18T21:00,1.2,91,1002.1,100,3.28,286,0.06,0.0,0.0,0.0
2025-12-18T22:00,1.3,91,1002.4,100,3.31,285,0.06,0.0,0.0,0.0
2025-12-18T23:00,1.4,91,1002.9,100,3.32,288,0.06,0.0,0.0,0.0
2025-12-19T00:00,1.4,92,1003.6,100,3.24,295,0.06,0.0,0.0,0.0
2025-12-19T01:00,1.4,92,1003.9,100,2.82,295,0.06,0.0,0.0,0.0
2025-12-19T02:00,1.2,92,1004.3,100,2.79,291,0.05,0.0,0.0,0.0
2025-12-19T03:00,1.0,93,1004.8,100,2.85,281,0.05,0.0,0.0,0.0
2025-12-19T04:00,0.8,94,1005.0,100,2.80,281,0.04,0.0,0.0,0.0
2025-12-19T05:00,0.7,94,1005.1,100,2.74,279,0.04,0.0,0.0,0.0
2025-12-19T06:00,0.5,95,1005.4,100,2.67,276,0.03,0.0,0.0,0.0
2025-12-19T07:00,0.4,95,1005.7,100,2.77,276,0.03,0.0,0.0,0.0
2025-12-19T08:00,0.3,95,1005.9,100,2.68,279,0.03,0.0,0.0,0.0
2025-12-19T09:00,0.0,95,1006.0,100,2.52,263,0.03,0.0,0.0,0.0
2025-12-19T10:00,-0.2,95,1005.9,100,2.86,258,0.03,7.0,0.0,7.0
2025-12-19T11:00,-0.4,93,1006.3,100,2.92,257,0.04,31.0,0.0,31.0
2025-12-19T12:00,-0.5,92,1006.4,100,2.93,261,0.05,46.0,0.0,46.0
2025-12-19T13:00,-0.5,91,1006.6,100,3.10,271,0.05,57.0,1.0,56.0
2025-12-19T14:00,-0.6,91,1006.6,100,3.10,273,0.06,49.0,2.0,47.0
2025-12-19T15:00,-1.3,94,1005.9,100,2.50,244,0.04,33.0,1.0,32.0
2025-12-19T16:00,-1.3,92,1006.0,100,2.82,247,0.04,7.0,0.0,7.0
2025-12-19T17:00,-1.2,92,1006.0,100,2.47,256,0.05,0.0,0.0,0.0
2025-12-19T18:00,-1.0,91,1006.3,100,2.51,265,0.05,0.0,0.0,0.0
2025-12-19T19:00,-0.7,91,1006.3,100,2.38,260,0.05,0.0,0.0,0.0
2025-12-19T20:00,-0.6,91,1006.2,100,2.36,253,0.05,0.0,0.0,0.0
2025-12-19T21:00,-0.8,92,1006.0,100,2.17,251,0.05,0.0,0.0,0.0
2025-12-19T22:00,-0.9,93,1005.7,100,2.39,244,0.04,0.0,0.0,0.0
2025-12-19T23:00,-0.7,93,1005.5,100,2.44,247,0.04,0.0,0.0,0.0
2025-12-20T00:00,-0.6,93,1005.2,100,2.42,248,0.04,0.0,0.0,0.0
2025-12-20T01:00,-0.5,93,1004.9,100,2.44,242,0.04,0.0,0.0,0.0
2025-12-20T02:00,-0.5,94,1004.7,100,2.28,244,0.04,0.0,0.0,0.0
2025-12-20T03:00,-0.8,94,1004.3,100,2.33,239,0.04,0.0,0.0,0.0
2025-12-20T04:00,-0.9,94,1003.8,100,2.44,235,0.03,0.0,0.0,0.0
2025-12-20T05:00,-0.7,94,1003.4,100,2.56,231,0.04,0.0,0.0,0.0
2025-12-20T06:00,-0.5,93,1003.0,100,2.90,224,0.04,0.0,0.0,0.0
2025-12-20T07:00,-0.3,94,1002.8,100,2.85,232,0.04,0.0,0.0,0.0
2025-12-20T08:00,-0.2,95,1002.7,100,2.88,236,0.03,0.0,0.0,0.0
2025-12-20T09:00,-0.9,94,1002.4,100,3.38,241,0.03,0.0,0.0,0.0
2025-12-20T10:00,-0.9,96,1002.0,100,3.08,234,0.02,8.0,0.0,8.0
2025-12-20T11:00,-0.6,94,1002.2,100,3.25,233,0.04,26.0,0.0,26.0
2025-12-20T12:00,-0.4,92,1001.7,100,3.19,230,0.05,46.0,0.0,46.0
2025-12-20T13:00,-0.2,91,1001.2,100,3.26,229,0.06,56.0,2.0,54.0
2025-12-20T14:00,-0.2,91,1000.8,100,3.26,227,0.05,42.0,1.0,41.0
2025-12-20T15:00,-0.4,93,999.8,100,2.51,215,0.04,28.0,0.0,28.0
2025-12-20T16:00,-0.5,95,999.7,100,3.19,230,0.03,5.0,1.0,4.0
2025-12-20T17:00,-0.4,96,999.4,100,3.40,234,0.03,0.0,0.0,0.0
2025-12-20T18:00,-0.5,97,998.8,100,3.51,234,0.02,0.0,0.0,0.0
2025-12-20T19:00,-0.6,97,998.7,100,3.51,237,0.01,0.0,0.0,0.0
2025-12-20T20:00,-0.7,98,998.6,100,3.75,239,0.01,0.0,0.0,0.0
2025-12-20T21:00,-0.9,97,998.0,100,3.76,237,0.01,0.0,0.0,0.0
2025-12-20T22:00,-0.9,97,997.6,100,3.58,240,0.02,0.0,0.0,0.0
2025-12-20T23:00,-0.9,97,997.3,100,3.59,238,0.02,0.0,0.0,0.0
2025-12-21T00:00,-0.7,96,997.2,100,3.72,239,0.03,0.0,0.0,0.0
2025-12-21T01:00,-0.5,95,996.6,100,3.76,241,0.03,0.0,0.0,0.0
2025-12-21T02:00,-0.1,94,996.2,100,3.82,243,0.04,0.0,0.0,0.0
2025-12-21T03:00,-0.5,94,996.2,100,3.51,242,0.04,0.0,0.0,0.0
2025-12-21T04:00,-0.3,93,995.9,100,3.31,245,0.04,0.0,0.0,0.0
2025-12-21T05:00,-0.2,94,995.5,100,3.24,245,0.04,0.0,0.0,0.0
2025-12-21T06:00,0.0,94,995.3,100,3.16,247,0.04,0.0,0.0,0.0
2025-12-21T07:00,0.1,93,995.0,100,3.13,243,0.04,0.0,0.0,0.0
2025-12-21T08:00,0.2,92,994.9,100,3.05,240,0.05,0.0,0.0,0.0
2025-12-21T09:00,0.1,93,995.1,100,2.80,243,0.05,0.0,0.0,0.0
2025-12-21T10:00,0.2,93,995.1,100,2.82,245,0.05,8.0,0.0,8.0
2025-12-21T11:00,0.4,92,995.0,100,2.94,249,0.05,25.0,0.0,25.0
2025-12-21T12:00,0.5,91,994.6,100,3.35,261,0.06,40.0,2.0,38.0
2025-12-21T13:00,0.4,91,994.1,100,2.77,264,0.06,38.0,0.0,38.0
2025-12-21T14:00,0.3,90,993.7,100,2.83,262,0.06,40.0,4.0,36.0
2025-12-21T15:00,0.2,92,993.4,100,2.00,217,0.05,20.0,0.0,20.0
2025-12-21T16:00,0.2,93,992.9,100,2.36,212,0.04,5.0,0.0,5.0
2025-12-21T17:00,0.1,94,992.4,100,2.60,218,0.04,0.0,0.0,0.0
2025-12-21T18:00,0.2,94,991.8,100,2.62,227,0.04,0.0,0.0,0.0
2025-12-21T19:00,0.2,94,991.3,100,2.30,221,0.04,0.0,0.0,0.0
2025-12-21T20:00,0.3,94,990.9,100,2.58,227,0.04,0.0,0.0,0.0
2025-12-21T21:00,0.6,95,990.1,100,2.64,217,0.03,0.0,0.0,0.0
2025-12-21T22:00,0.7,95,989.7,100,2.86,226,0.03,0.0,0.0,0.0
2025-12-21T23:00,0.7,94,989.4,100,2.66,220,0.04,0.0,0.0,0.0
2025-12-22T00:00,0.6,95,988.9,100,2.63,213,0.03,0.0,0.0,0.0
2025-12-22T01:00,0.6,96,988.4,100,2.86,216,0.03,0.0,0.0,0.0
2025-12-22T02:00,0.6,95,987.9,100,2.80,221,0.03,0.0,0.0,0.0
2025-12-22T03:00,0.3,92,987.7,100,2.47,212,0.05,0.0,0.0,0.0
2025-12-22T04:00,0.5,94,987.2,100,2.62,230,0.04,0.0,0.0,0.0
2025-12-22T05:00,0.6,95,986.7,100,2.77,244,0.03,0.0,0.0,0.0
2025-12-22T06:00,0.8,96,986.5,100,2.80,254,0.03,0.0,0.0,0.0
2025-12-22T07:00,0.9,97,986.3,100,2.73,262,0.02,0.0,0.0,0.0
2025-12-22T08:00,1.1,96,986.5,100,2.67,262,0.03,0.0,0.0,0.0
2025-12-22T09:00,0.9,97,986.8,100,2.92,277,0.02,0.0,0.0,0.0
2025-12-22T10:00,0.8,97,987.0,100,2.94,280,0.02,6.0,0.0,6.0
2025-12-22T11:00,1.1,95,987.2,100,3.10,291,0.03,23.0,0.0,23.0
2025-12-22T12:00,1.2,93,987.4,100,3.79,306,0.04,30.0,0.0,30.0
2025-12-22T13:00,1.0,91,987.8,100,4.67,322,0.06,32.0,0.0,32.0
2025-12-22T14:00,0.5,86,988.6,100,5.10,332,0.09,23.0,0.0,23.0
2025-12-22T15:00,-0.5,82,989.9,100,4.71,329,0.11,22.0,0.0,22.0
2025-12-22T16:00,-1.2,80,991.0,100,4.93,330,0.11,6.0,0.0,6.0
2025-12-22T17:00,-2.1,76,992.1,100,4.90,334,0.13,0.0,0.0,0.0
2025-12-22T18:00,-2.3,73,992.8,100,4.88,336,0.14,0.0,0.0,0.0
2025-12-22T19:00,-2.5,71,993.5,100,4.73,340,0.15,0.0,0.0,0.0
2025-12-22T20:00,-3.0,64,994.3,100,5.17,340,0.18,0.0,0.0,0.0
2025-12-22T21:00,-3.5,65,994.8,99,4.20,338,0.17,0.0,0.0,0.0
2025-12-22T22:00,-3.7,72,995.3,100,3.94,340,0.13,0.0,0.0,0.0
2025-12-22T23:00,-4.6,69,996.1,100,5.25,344,0.14,0.0,0.0,0.0
2025-12-23T00:00,-5.9,68,997.0,100,4.80,338,0.13,0.0,0.0,0.0
2025-12-23T01:00,-6.5,66,997.5,100,4.69,338,0.13,0.0,0.0,0.0
2025-12-23T02:00,-7.0,64,998.1,100,4.85,341,0.13,0.0,0.0,0.0
2025-12-23T03:00,-8.6,62,998.8,100,4.65,339,0.12,0.0,0.0,0.0
2025-12-23T04:00,-8.9,59,999.4,100,4.62,338,0.13,0.0,0.0,0.0
2025-12-23T05:00,-9.5,58,999.9,100,4.68,342,0.12,0.0,0.0,0.0
2025-12-23T06:00,-10.1,58,1000.2,100,4.77,345,0.12,0.0,0.0,0.0
2025-12-23T07:00,-10.7,58,1001.1,100,4.80,346,0.11,0.0,0.0,0.0
2025-12-23T08:00,-11.1,58,1001.7,100,4.67,347,0.11,0.0,0.0,0.0
2025-12-23T09:00,-11.5,66,1002.4,100,4.70,351,0.09,0.0,0.0,0.0
2025-12-23T10:00,-12.2,70,1003.0,100,4.38,353,0.07,13.0,0.0,13.0
2025-12-23T11:00,-12.2,69,1003.8,100,4.36,357,0.08,44.0,1.0,43.0
2025-12-23T12:00,-12.2,67,1004.5,100,4.35,359,0.08,92.0,11.0,81.0
2025-12-23T13:00,-12.4,68,1005.1,100,4.30,357,0.08,98.0,7.0,91.0
2025-12-23T14:00,-12.5,68,1005.7,100,4.11,356,0.08,86.0,4.0,82.0
2025-12-23T15:00,-13.1,65,1006.1,100,3.96,350,0.08,60.0,8.0,52.0
2025-12-23T16:00,-13.3,64,1007.1,100,3.95,351,0.08,12.0,0.0,12.0
2025-12-23T17:00,-13.6,65,1007.8,100,3.85,351,0.08,0.0,0.0,0.0
2025-12-23T18:00,-13.9,64,1008.2,100,3.80,351,0.08,0.0,0.0,0.0
2025-12-23T19:00,-14.1,64,1008.8,100,3.48,353,0.07,0.0,0.0,0.0
2025-12-23T20:00,-14.1,64,1009.1,100,3.18,353,0.07,0.0,0.0,0.0
2025-12-23T21:00,-15.1,66,1009.3,100,3.22,348,0.06,0.0,0.0,0.0
2025-12-23T22:00,-15.3,66,1009.9,100,2.92,347,0.06,0.0,0.0,0.0
2025-12-23T23:00,-15.4,66,1010.3,100,2.68,346,0.06,0.0,0.0,0.0
2025-12-24T00:00,-15.6,67,1010.6,100,2.57,333,0.06,0.0,0.0,0.0
2025-12-24T01:00,-15.8,67,1010.5,100,2.45,327,0.06,0.0,0.0,0.0
2025-12-24T02:00,-15.9,66,1010.7,59,2.06,319,0.06,0.0,0.0,0.0
2025-12-24T03:00,-16.3,72,1010.7,100,2.02,303,0.05,0.0,0.0,0.0
2025-12-24T04:00,-16.9,75,1010.7,100,1.77,286,0.04,0.0,0.0,0.0
2025-12-24T05:00,-17.0,76,1010.4,80,1.90,272,0.04,0.0,0.0,0.0
2025-12-24T06:00,-17.1,76,1010.1,73,2.21,274,0.04,0.0,0.0,0.0
2025-12-24T07:00,-17.0,78,1009.9,100,2.21,266,0.04,0.0,0.0,0.0
2025-12-24T08:00,-16.7,79,1009.7,100,2.59,260,0.03,0.0,0.0,0.0
2025-12-24T09:00,-15.4,80,1009.8,100,2.95,255,0.04,0.0,0.0,0.0
2025-12-24T10:00,-15.0,81,1009.4,100,3.38,251,0.04,16.0,1.0,15.0
2025-12-24T11:00,-13.6,79,1009.1,100,3.85,257,0.05,63.0,6.0,57.0
2025-12-24T12:00,-12.4,78,1008.8,100,3.60,256,0.05,79.0,2.0,77.0
2025-12-24T13:00,-11.4,76,1008.2,100,4.38,259,0.06,73.0,0.0,73.0
2025-12-24T14:00,-10.7,76,1007.9,100,4.51,260,0.07,71.0,0.0,71.0
2025-12-24T15:00,-9.5,77,1007.4,100,4.11,265,0.07,45.0,0.0,45.0
2025-12-24T16:00,-9.1,79,1007.2,100,4.05,269,0.06,11.0,0.0,11.0
2025-12-24T17:00,-8.4,81,1007.4,100,3.56,275,0.06,0.0,0.0,0.0
2025-12-24T18:00,-7.5,81,1007.2,100,3.67,276,0.07,0.0,0.0,0.0
2025-12-24T19:00,-7.0,82,1007.1,100,4.00,283,0.07,0.0,0.0,0.0
2025-12-24T20:00,-6.7,83,1007.0,100,3.77,281,0.06,0.0,0.0,0.0
2025-12-24T21:00,-6.7,85,1007.1,100,3.47,277,0.05,0.0,0.0,0.0
2025-12-24T22:00,-6.3,86,1007.0,100,3.59,279,0.05,0.0,0.0,0.0
2025-12-24T23:00,-5.5,86,1006.9,100,3.58,282,0.06,0.0,0.0,0.0
2025-12-25T00:00,-4.8,88,1006.9,100,3.50,284,0.05,0.0,0.0,0.0
2025-12-25T01:00,-4.3,88,1006.6,100,3.46,284,0.05,0.0,0.0,0.0
2025-12-25T02:00,-3.8,89,1006.5,100,3.53,286,0.05,0.0,0.0,0.0
2025-12-25T03:00,-4.1,90,1006.8,100,3.48,288,0.05,0.0,0.0,0.0
2025-12-25T04:00,-3.7,90,1006.8,100,3.43,289,0.05,0.0,0.0,0.0
2025-12-25T05:00,-3.3,91,1006.5,100,3.55,284,0.04,0.0,0.0,0.0
2025-12-25T06:00,-3.0,91,1006.1,100,3.41,281,0.04,0.0,0.0,0.0
2025-12-25T07:00,-2.7,91,1005.7,100,3.63,282,0.04,0.0,0.0,0.0
2025-12-25T08:00,-2.4,91,1005.4,100,3.48,282,0.05,0.0,0.0,0.0
2025-12-25T09:00,-2.5,92,1005.0,100,3.47,276,0.04,0.0,0.0,0.0
2025-12-25T10:00,-2.2,92,1004.5,100,3.40,271,0.04,6.0,0.0,6.0
2025-12-25T11:00,-2.0,92,1003.8,100,3.55,269,0.04,20.0,0.0,20.0
2025-12-25T12:00,-1.8,92,1003.0,100,3.56,267,0.04,47.0,0.0,47.0
2025-12-25T13:00,-1.7,91,1002.0,100,3.46,265,0.05,58.0,1.0,57.0
2025-12-25T14:00,-1.8,90,1001.2,100,3.86,266,0.05,53.0,2.0,51.0
2025-12-25T15:00,-2.9,90,999.8,100,4.04,261,0.05,26.0,0.0,26.0
2025-12-25T16:00,-3.2,90,998.1,100,3.97,251,0.05,7.0,0.0,7.0
2025-12-25T17:00,-2.9,90,996.4,100,4.40,249,0.05,0.0,0.0,0.0
2025-12-25T18:00,-2.5,89,994.3,100,4.68,247,0.05,0.0,0.0,0.0
2025-12-25T19:00,-2.1,89,992.1,100,4.73,252,0.06,0.0,0.0,0.0
2025-12-25T20:00,-1.7,91,990.3,100,4.87,251,0.05,0.0,0.0,0.0
2025-12-25T21:00,-1.4,90,987.8,100,5.22,250,0.05,0.0,0.0,0.0
2025-12-25T22:00,-1.0,91,985.5,100,5.27,252,0.05,0.0,0.0,0.0
2025-12-25T23:00,-0.6,91,983.5,100,5.36,256,0.05,0.0,0.0,0.0
2025-12-26T00:00,-0.3,92,981.3,100,5.24,255,0.05,0.0,0.0,0.0
2025-12-26T01:00,0.1,93,979.6,100,5.13,260,0.05,0.0,0.0,0.0
2025-12-26T02:00,0.5,92,978.0,100,4.80,268,0.05,0.0,0.0,0.0
2025-12-26T03:00,-0.1,92,977.8,100,4.90,288,0.05,0.0,0.0,0.0
2025-12-26T04:00,0.8,91,977.1,100,5.60,311,0.06,0.0,0.0,0.0
2025-12-26T05:00,1.0,88,977.0,49,5.58,321,0.08,0.0,0.0,0.0
2025-12-26T06:00,0.2,84,977.2,98,5.52,326,0.10,0.0,0.0,0.0
2025-12-26T07:00,0.2,88,977.3,100,5.19,321,0.08,0.0,0.0,0.0
2025-12-26T08:00,0.1,88,977.6,100,5.49,327,0.07,0.0,0.0,0.0
2025-12-26T09:00,0.2,87,978.0,97,5.69,331,0.08,0.0,0.0,0.0
2025-12-26T10:00,0.5,88,978.5,100,5.33,336,0.08,13.0,0.0,13.0
2025-12-26T11:00,0.7,89,979.1,100,5.44,341,0.07,23.0,0.0,23.0
2025-12-26T12:00,0.9,89,979.4,100,5.96,345,0.07,41.0,0.0,41.0
2025-12-26T13:00,1.0,88,980.1,100,5.74,347,0.08,64.0,0.0,64.0
2025-12-26T14:00,1.0,87,981.0,100,5.55,349,0.09,50.0,0.0,50.0
2025-12-26T15:00,0.7,85,981.2,100,5.51,348,0.10,41.0,0.0,41.0
2025-12-26T16:00,0.7,86,981.9,100,5.09,342,0.09,11.0,0.0,11.0
2025-12-26T17:00,0.7,88,982.6,100,5.03,339,0.08,0.0,0.0,0.0
2025-12-26T18:00,0.7,89,983.0,99,4.85,341,0.07,0.0,0.0,0.0
2025-12-26T19:00,0.5,90,983.4,100,4.81,341,0.06,0.0,0.0,0.0
2025-12-26T20:00,0.7,89,984.0,100,5.28,343,0.07,0.0,0.0,0.0
2025-12-26T21:00,0.8,86,984.3,98,5.27,340,0.09,0.0,0.0,0.0
2025-12-26T22:00,0.6,89,984.5,100,5.41,342,0.07,0.0,0.0,0.0
2025-12-26T23:00,0.8,87,984.8,100,5.48,345,0.09,0.0,0.0,0.0
2025-12-27T00:00,0.5,87,985.3,100,5.12,343,0.08,0.0,0.0,0.0
2025-12-27T01:00,0.3,88,985.3,100,5.07,338,0.07,0.0,0.0,0.0
2025-12-27T02:00,0.4,88,985.8,100,4.97,339,0.07,0.0,0.0,0.0
2025-12-27T03:00,-0.3,88,986.4,100,4.93,340,0.07,0.0,0.0,0.0
2025-12-27T04:00,-0.3,88,986.4,100,4.93,337,0.07,0.0,0.0,0.0
2025-12-27T05:00,-0.4,88,986.2,100,5.00,337,0.07,0.0,0.0,0.0
2025-12-27T06:00,-0.4,88,986.3,100,4.83,339,0.07,0.0,0.0,0.0
2025-12-27T07:00,-0.4,89,986.4,100,4.21,336,0.06,0.0,0.0,0.0
2025-12-27T08:00,-0.5,90,986.6,100,3.78,332,0.06,0.0,0.0,0.0
2025-12-27T09:00,-0.5,92,986.4,100,3.30,321,0.05,0.0,0.0,0.0
2025-12-27T10:00,-0.5,92,986.2,100,3.59,320,0.05,13.0,1.0,12.0
2025-12-27T11:00,-0.5,92,985.6,100,3.49,322,0.05,43.0,0.0,43.0
2025-12-27T12:00,-0.7,92,984.7,100,3.29,312,0.05,76.0,0.0,76.0
2025-12-27T13:00,-0.9,92,984.0,100,2.97,297,0.04,82.0,4.0,78.0
2025-12-27T14:00,-1.0,93,983.1,100,2.58,288,0.04,63.0,0.0,63.0
2025-12-27T15:00,-1.7,89,982.2,100,1.95,273,0.06,42.0,0.0,42.0
2025-12-27T16:00,-2.0,88,980.8,100,2.27,256,0.06,13.0,0.0,13.0
2025-12-27T17:00,-2.4,89,980.0,100,2.13,246,0.06,0.0,0.0,0.0
2025-12-27T18:00,-2.7,91,978.7,100,2.25,217,0.04,0.0,0.0,0.0
2025-12-27T19:00,-3.1,92,977.4,100,2.80,221,0.04,0.0,0.0,0.0
2025-12-27T20:00,-3.3,91,976.1,100,2.21,184,0.04,0.0,0.0,0.0
2025-12-27T21:00,-2.5,94,974.7,100,3.08,188,0.03,0.0,0.0,0.0
2025-12-27T22:00,-2.5,92,973.6,100,3.25,190,0.04,0.0,0.0,0.0
2025-12-27T23:00,-2.7,91,972.4,100,3.01,175,0.04,0.0,0.0,0.0
2025-12-28T00:00,-2.8,91,971.6,100,2.86,168,0.04,0.0,0.0,0.0
2025-12-28T01:00,-2.8,92,970.9,100,2.78,157,0.04,0.0,0.0,0.0
2025-12-28T02:00,-2.8,92,970.8,100,2.87,140,0.04,0.0,0.0,0.0
2025-12-28T03:00,-2.9,92,970.6,100,2.93,127,0.04,0.0,0.0,0.0
2025-12-28T04:00,-3.1,92,970.2,100,3.09,119,0.04,0.0,0.0,0.0
2025-12-28T05:00,-2.9,93,970.3,100,3.00,116,0.04,0.0,0.0,0.0
2025-12-28T06:00,-2.9,92,970.5,100,3.05,113,0.04,0.0,0.0,0.0
2025-12-28T07:00,-2.9,92,970.9,100,3.11,109,0.04,0.0,0.0,0.0
2025-12-28T08:00,-2.9,92,971.5,100,3.10,105,0.04,0.0,0.0,0.0
2025-12-28T09:00,-2.7,92,972.1,100,3.17,111,0.04,0.0,0.0,0.0
2025-12-28T10:00,-2.7,92,972.8,100,2.84,104,0.04,12.0,0.0,12.0
2025-12-28T11:00,-2.5,92,973.4,100,2.69,105,0.04,44.0,0.0,44.0
2025-12-28T12:00,-2.3,92,973.9,100,2.86,102,0.04,68.0,0.0,68.0
2025-12-28T13:00,-2.1,90,974.2,100,2.92,97,0.05,88.0,0.0,88.0
2025-12-28T14:00,-2.2,90,974.6,100,2.91,94,0.05,68.0,0.0,68.0
2025-12-28T15:00,-2.9,88,975.2,100,2.42,83,0.06,44.0,0.0,44.0
2025-12-28T16:00,-3.0,88,976.0,100,2.62,83,0.06,13.0,0.0,13.0
2025-12-28T17:00,-3.1,89,976.4,100,2.52,82,0.05,0.0,0.0,0.0
2025-12-28T18:00,-3.1,90,976.9,100,2.43,81,0.05,0.0,0.0,0.0
2025-12-28T19:00,-3.1,90,977.1,100,2.41,84,0.05,0.0,0.0,0.0
2025-12-28T20:00,-3.1,91,977.4,100,2.35,90,0.04,0.0,0.0,0.0
2025-12-28T21:00,-3.0,93,977.6,100,2.35,102,0.04,0.0,0.0,0.0
2025-12-28T22:00,-3.2,93,977.9,100,2.24,100,0.04,0.0,0.0,0.0
2025-12-28T23:00,-3.2,93,978.0,100,2.23,99,0.03,0.0,0.0,0.0
2025-12-29T00:00,-3.5,93,978.5,100,1.86,96,0.03,0.0,0.0,0.0
2025-12-29T01:00,-3.5,92,978.5,100,1.85,88,0.04,0.0,0.0,0.0
2025-12-29T02:00,-3.6,92,978.7,100,1.70,62,0.04,0.0,0.0,0.0
2025-12-29T03:00,-4.2,93,978.9,100,1.79,54,0.03,0.0,0.0,0.0
2025-12-29T04:00,-4.4,93,978.6,100,1.88,68,0.03,0.0,0.0,0.0
2025-12-29T05:00,-4.1,94,978.6,100,2.06,72,0.03,0.0,0.0,0.0
2025-12-29T06:00,-4.1,94,978.6,100,1.82,82,0.03,0.0,0.0,0.0
2025-12-29T07:00,-4.1,93,978.5,100,1.80,93,0.03,0.0,0.0,0.0
2025-12-29T08:00,-4.2,94,978.4,100,1.65,88,0.03,0.0,0.0,0.0
2025-12-29T09:00,-4.2,95,978.4,100,1.23,102,0.02,0.0,0.0,0.0
2025-12-29T10:00,-4.2,95,978.1,100,1.46,112,0.02,10.0,0.0,10.0
2025-12-29T11:00,-4.1,94,978.0,100,1.39,128,0.03,35.0,0.0,35.0
2025-12-29T12:00,-4.0,94,977.4,100,1.45,134,0.03,58.0,0.0,58.0
2025-12-29T13:00,-3.7,91,976.5,100,1.62,146,0.04,80.0,0.0,80.0
2025-12-29T14:00,-3.6,89,976.1,100,1.77,140,0.05,81.0,0.0,81.0
2025-12-29T15:00,-4.1,91,975.9,100,1.32,127,0.04,48.0,0.0,48.0
2025-12-29T16:00,-4.4,92,975.6,100,1.39,128,0.04,12.0,0.0,12.0
2025-12-29T17:00,-4.6,92,975.3,100,1.52,134,0.04,0.0,0.0,0.0
2025-12-29T18:00,-4.7,92,975.1,100,1.64,142,0.04,0.0,0.0,0.0
2025-12-29T19:00,-4.8,92,974.4,100,1.66,147,0.03,0.0,0.0,0.0
2025-12-29T20:00,-4.9,93,973.9,100,1.93,149,0.03,0.0,0.0,0.0
2025-12-29T21:00,-4.9,93,973.2,100,1.95,151,0.03,0.0,0.0,0.0
2025-12-29T22:00,-4.9,93,972.8,100,1.66,159,0.03,0.0,0.0,0.0
2025-12-29T23:00,-5.2,94,972.6,100,1.57,149,0.03,0.0,0.0,0.0
2025-12-30T00:00,-5.6,94,972.2,100,1.56,140,0.02,0.0,0.0,0.0
2025-12-30T01:00,-5.5,94,971.7,100,1.59,136,0.02,0.0,0.0,0.0
2025-12-30T02:00,-5.4,94,971.6,100,1.48,135,0.02,0.0,0.0,0.0
2025-12-30T03:00,-5.7,95,971.2,100,1.46,106,0.02,0.0,0.0,0.0
2025-12-30T04:00,-5.8,95,970.7,100,1.66,106,0.02,0.0,0.0,0.0
2025-12-30T05:00,-5.7,94,970.3,100,1.70,114,0.02,0.0,0.0,0.0
2025-12-30T06:00,-5.7,94,969.9,100,1.43,115,0.02,0.0,0.0,0.0
2025-12-30T07:00,-5.5,94,969.7,100,1.43,115,0.02,0.0,0.0,0.0
2025-12-30T08:00,-5.3,94,969.6,100,1.49,110,0.03,0.0,0.0,0.0
2025-12-30T09:00,-4.8,94,969.5,100,1.77,112,0.03,0.0,0.0,0.0
2025-12-30T10:00,-4.4,93,969.5,100,2.68,117,0.03,10.0,0.0,10.0
2025-12-30T11:00,-4.2,91,969.5,100,3.62,114,0.04,43.0,0.0,43.0
2025-12-30T12:00,-4.5,92,969.6,100,3.17,102,0.04,72.0,0.0,72.0
2025-12-30T13:00,-4.5,91,969.2,100,3.54,98,0.04,85.0,0.0,85.0
2025-12-30T14:00,-4.5,91,969.0,100,3.00,87,0.04,80.0,0.0,80.0
2025-12-30T15:00,-5.0,90,969.2,100,2.77,83,0.04,51.0,0.0,51.0
2025-12-30T16:00,-4.8,90,969.1,100,2.62,77,0.04,15.0,0.0,15.0
2025-12-30T17:00,-4.6,89,968.9,100,3.09,81,0.05,0.0,0.0,0.0
2025-12-30T18:00,-4.7,89,969.2,100,3.12,78,0.05,0.0,0.0,0.0
2025-12-30T19:00,-4.9,90,968.8,100,3.18,62,0.04,0.0,0.0,0.0
2025-12-30T20:00,-4.9,90,968.6,100,3.36,53,0.04,0.0,0.0,0.0
2025-12-30T21:00,-4.9,90,968.6,100,3.11,64,0.04,0.0,0.0,0.0
2025-12-30T22:00,-4.9,90,968.6,100,3.04,65,0.04,0.0,0.0,0.0
2025-12-30T23:00,-5.0,90,968.6,100,3.00,60,0.04,0.0,0.0,0.0
2025-12-31T00:00,-5.1,90,968.6,100,3.00,53,0.04,0.0,0.0,0.0
2025-12-31T01:00,-5.1,91,968.5,100,2.80,49,0.04,0.0,0.0,0.0
2025-12-31T02:00,-5.0,91,968.7,100,2.73,49,0.04,0.0,0.0,0.0
2025-12-31T03:00,-5.5,90,969.1,100,2.69,35,0.04,0.0,0.0,0.0
2025-12-31T04:00,-5.5,90,968.9,100,2.84,39,0.04,0.0,0.0,0.0
2025-12-31T05:00,-5.7,90,968.7,100,2.75,37,0.04,0.0,0.0,0.0
2025-12-31T06:00,-5.7,89,969.0,100,2.66,34,0.04,0.0,0.0,0.0
2025-12-31T07:00,-5.9,88,969.3,100,2.86,33,0.05,0.0,0.0,0.0
2025-12-31T08:00,-6.2,87,969.5,100,3.02,29,0.05,0.0,0.0,0.0
2025-12-31T09:00,-6.8,87,970.2,100,2.73,28,0.05,0.0,0.0,0.0
2025-12-31T10:00,-7.0,87,970.6,100,2.63,21,0.05,13.0,0.0,13.0
2025-12-31T11:00,-7.2,87,971.0,100,2.52,14,0.05,63.0,0.0,63.0
2025-12-31T12:00,-7.1,86,971.2,100,2.57,8,0.05,107.0,7.0,100.0
2025-12-31T13:00,-6.9,86,971.4,100,2.77,6,0.05,103.0,1.0,102.0
2025-12-31T14:00,-6.9,85,971.5,100,2.42,353,0.06,88.0,0.0,88.0
2025-12-31T15:00,-7.9,84,972.1,100,2.20,348,0.05,57.0,0.0,57.0
2025-12-31T16:00,-8.1,84,972.8,100,2.39,340,0.05,19.0,0.0,19.0
2025-12-31T17:00,-8.1,84,973.2,100,2.21,332,0.05,0.0,0.0,0.0
2025-12-31T18:00,-8.1,86,973.5,100,2.20,321,0.05,0.0,0.0,0.0
2025-12-31T19:00,-8.1,86,973.9,100,2.48,312,0.05,0.0,0.0,0.0
2025-12-31T20:00,-8.0,86,974.2,100,2.49,308,0.05,0.0,0.0,0.0
2025-12-31T21:00,-8.4,87,974.3,100,2.20,287,0.04,0.0,0.0,0.0
2025-12-31T22:00,-8.5,88,975.0,100,2.43,278,0.04,0.0,0.0,0.0
2025-12-31T23:00,-8.3,89,975.3,100,2.62,278,0.04,0.0,0.0,0.0
2026-01-01T00:00,-7.8,88,975.6,100,2.86,289,0.04,0.0,0.0,0.0
2026-01-01T01:00,-8.0,86,976.0,100,3.13,295,0.05,0.0,0.0,0.0
2026-01-01T02:00,-8.8,86,976.7,100,3.15,295,0.04,0.0,0.0,0.0
2026-01-01T03:00,-10.0,88,976.7,66,2.70,273,0.04,0.0,0.0,0.0
2026-01-01T04:00,-10.2,88,977.0,100,2.72,276,0.03,0.0,0.0,0.0
2026-01-01T05:00,-9.5,88,977.6,100,2.40,272,0.04,0.0,0.0,0.0
2026-01-01T06:00,-9.0,87,978.2,100,2.35,271,0.04,0.0,0.0,0.0
2026-01-01T07:00,-8.9,87,978.5,100,2.60,271,0.04,0.0,0.0,0.0
2026-01-01T08:00,-9.1,86,979.1,100,2.80,270,0.04,0.0,0.0,0.0
2026-01-01T09:00,-10.4,85,979.7,100,2.80,267,0.04,0.0,0.0,0.0
2026-01-01T10:00,-10.7,84,980.4,100,2.61,266,0.04,17.0,0.0,17.0
2026-01-01T11:00,-10.7,84,981.1,100,2.55,268,0.04,68.0,2.0,66.0
2026-01-01T12:00,-10.6,83,981.7,100,2.70,270,0.05,104.0,2.0,102.0
2026-01-01T13:00,-10.4,82,982.5,100,2.71,274,0.05,115.0,1.0,114.0
2026-01-01T14:00,-10.2,80,983.0,100,2.89,279,0.06,101.0,1.0,100.0
2026-01-01T15:00,-11.1,83,983.5,100,1.41,264,0.05,61.0,0.0,61.0
2026-01-01T16:00,-11.2,83,984.2,99,1.81,256,0.04,24.0,2.0,22.0
2026-01-01T17:00,-11.4,83,984.9,100,2.23,250,0.04,0.0,0.0,0.0
2026-01-01T18:00,-11.4,82,985.4,100,2.36,249,0.05,0.0,0.0,0.0
2026-01-01T19:00,-11.2,82,986.1,100,2.33,242,0.05,0.0,0.0,0.0
2026-01-01T20:00,-11.2,83,986.7,100,2.39,237,0.04,0.0,0.0,0.0
2026-01-01T21:00,-11.5,84,987.2,100,2.44,242,0.04,0.0,0.0,0.0
2026-01-01T22:00,-11.9,83,988.1,100,2.33,242,0.04,0.0,0.0,0.0
2026-01-01T23:00,-12.3,83,988.5,100,2.06,241,0.04,0.0,0.0,0.0
2026-01-02T00:00,-12.8,83,989.0,100,1.49,230,0.04,0.0,0.0,0.0
2026-01-02T01:00,-13.1,85,989.1,100,1.72,206,0.03,0.0,0.0,0.0
2026-01-02T02:00,-12.7,83,989.6,100,2.38,202,0.04,0.0,0.0,0.0
2026-01-02T03:00,-13.5,85,989.8,100,1.77,172,0.03,0.0,0.0,0.0
2026-01-02T04:00,-13.2,84,989.8,100,2.33,171,0.04,0.0,0.0,0.0
2026-01-02T05:00,-13.2,84,989.7,100,2.61,168,0.04,0.0,0.0,0.0
2026-01-02T06:00,-12.9,83,989.6,100,3.04,163,0.04,0.0,0.0,0.0
2026-01-02T07:00,-13.0,81,989.3,100,3.47,165,0.04,0.0,0.0,0.0
2026-01-02T08:00,-13.1,81,989.2,100,3.49,156,0.04,0.0,0.0,0.0
2026-01-02T09:00,-12.7,82,988.6,100,3.94,154,0.04,0.0,0.0,0.0
2026-01-02T10:00,-12.4,80,988.7,100,4.18,154,0.05,16.0,0.0,16.0
2026-01-02T11:00,-11.9,80,987.8,100,4.73,147,0.05,63.0,0.0,63.0
2026-01-02T12:00,-11.3,79,987.0,100,5.24,147,0.05,100.0,1.0,99.0
2026-01-02T13:00,-10.9,80,986.4,100,5.23,148,0.05,99.0,0.0,99.0
2026-01-02T14:00,-10.3,80,985.3,100,5.28,154,0.06,69.0,0.0,69.0
2026-01-02T15:00,-10.5,83,984.0,100,5.27,145,0.05,41.0,0.0,41.0
2026-01-02T16:00,-10.3,83,983.5,100,5.03,153,0.05,15.0,0.0,15.0
2026-01-02T17:00,-9.8,83,983.2,100,4.54,155,0.05,0.0,0.0,0.0
2026-01-02T18:00,-9.2,83,982.7,100,4.16,151,0.05,0.0,0.0,0.0
2026-01-02T19:00,-8.6,84,982.4,100,3.94,150,0.05,0.0,0.0,0.0
2026-01-02T20:00,-8.1,85,982.1,100,3.82,153,0.05,0.0,0.0,0.0
2026-01-02T21:00,-8.5,85,981.5,100,3.67,151,0.05,0.0,0.0,0.0
2026-01-02T22:00,-8.4,85,981.4,100,3.43,149,0.05,0.0,0.0,0.0
2026-01-02T23:00,-8.2,87,981.3,100,3.06,146,0.04,0.0,0.0,0.0
2026-01-03T00:00,-8.0,87,981.0,100,2.79,144,0.05,0.0,0.0,0.0
2026-01-03T01:00,-7.8,88,980.6,100,2.65,137,0.04,0.0,0.0,0.0
2026-01-03T02:00,-7.5,89,980.6,100,2.55,137,0.04,0.0,0.0,0.0
2026-01-03T03:00,-8.1,90,980.0,100,2.34,132,0.03,0.0,0.0,0.0
2026-01-03T04:00,-7.8,90,979.5,100,2.55,137,0.04,0.0,0.0,0.0
2026-01-03T05:00,-7.8,90,979.3,100,2.13,150,0.03,0.0,0.0,0.0
2026-01-03T06:00,-7.7,90,979.2,100,1.62,158,0.04,0.0,0.0,0.0
2026-01-03T07:00,-7.2,90,979.1,100,1.89,168,0.04,0.0,0.0,0.0
2026-01-03T08:00,-6.5,90,979.4,100,2.08,170,0.04,0.0,0.0,0.0
2026-01-03T09:00,-6.2,90,979.4,100,1.95,167,0.04,0.0,0.0,0.0
2026-01-03T10:00,-5.7,91,979.6,100,1.76,160,0.04,13.0,0.0,13.0
2026-01-03T11:00,-5.0,91,979.8,100,1.95,151,0.04,48.0,0.0,48.0
2026-01-03T12:00,-4.5,91,979.6,100,2.13,141,0.04,84.0,0.0,84.0
2026-01-03T13:00,-3.4,91,979.4,100,2.21,147,0.04,105.0,0.0,105.0
2026-01-03T14:00,-2.9,91,979.0,100,2.02,138,0.04,92.0,5.0,87.0
2026-01-03T15:00,-3.1,93,978.9,100,2.10,142,0.03,67.0,2.0,65.0
2026-01-03T16:00,-2.8,94,979.0,100,1.84,147,0.03,17.0,0.0,17.0
2026-01-03T17:00,-2.6,94,979.0,100,1.80,167,0.03,0.0,0.0,0.0
2026-01-03T18:00,-3.3,93,979.2,89,1.56,173,0.03,0.0,0.0,0.0
2026-01-03T19:00,-5.2,96,978.8,51,1.40,145,0.02,0.0,0.0,0.0
2026-01-03T20:00,-7.2,99,978.7,100,1.50,154,0.00,0.0,0.0,0.0
2026-01-03T21:00,-5.0,83,978.2,88,1.98,139,0.07,0.0,0.0,0.0
2026-01-03T22:00,-5.5,67,978.4,41,1.36,172,0.14,0.0,0.0,0.0
2026-01-03T23:00,-6.9,73,978.8,55,0.76,148,0.10,0.0,0.0,0.0
2026-01-04T00:00,-8.5,91,978.8,5,1.51,186,0.03,0.0,0.0,0.0
2026-01-04T01:00,-9.3,100,978.7,89,1.73,226,0.00,0.0,0.0,0.0
2026-01-04T02:00,-10.1,100,978.5,89,1.52,243,0.00,0.0,0.0,0.0
2026-01-04T03:00,-2.5,93,979.2,100,1.84,227,0.04,0.0,0.0,0.0
2026-01-04T04:00,-3.2,91,979.3,100,1.61,196,0.04,0.0,0.0,0.0
2026-01-04T05:00,-3.0,92,979.5,100,1.80,178,0.04,0.0,0.0,0.0
2026-01-04T06:00,-3.0,93,979.7,100,1.77,188,0.03,0.0,0.0,0.0
2026-01-04T07:00,-2.9,92,980.0,100,2.13,210,0.04,0.0,0.0,0.0
2026-01-04T08:00,-3.5,91,980.4,99,2.62,227,0.04,0.0,0.0,0.0
2026-01-04T09:00,-3.0,85,980.8,100,3.24,241,0.08,0.0,0.0,0.0
2026-01-04T10:00,-2.6,85,981.5,100,4.12,239,0.08,19.0,0.0,19.0
2026-01-04T11:00,-2.4,89,982.4,100,4.49,244,0.06,70.0,4.0,66.0
2026-01-04T12:00,-2.2,89,983.4,100,4.47,243,0.06,101.0,8.0,93.0
2026-01-04T13:00,-2.4,89,984.5,100,4.32,243,0.06,88.0,2.0,86.0
2026-01-04T14:00,-2.1,86,984.9,100,4.16,243,0.07,88.0,2.0,86.0
2026-01-04T15:00,-2.8,86,985.2,100,3.73,238,0.07,69.0,6.0,63.0
2026-01-04T16:00,-2.6,86,985.9,100,3.69,237,0.07,20.0,0.0,20.0
2026-01-04T17:00,-2.6,84,986.7,100,3.82,238,0.08,0.0,0.0,0.0
2026-01-04T18:00,-3.1,82,987.3,84,3.51,230,0.09,0.0,0.0,0.0
2026-01-04T19:00,-4.4,84,988.0,100,3.50,227,0.07,0.0,0.0,0.0
2026-01-04T20:00,-4.6,86,988.2,100,3.36,227,0.06,0.0,0.0,0.0
2026-01-04T21:00,-4.6,87,988.0,73,2.98,220,0.06,0.0,0.0,0.0
2026-01-04T22:00,-4.7,88,988.5,100,3.14,211,0.05,0.0,0.0,0.0
2026-01-04T23:00,-4.6,86,988.7,96,3.55,215,0.06,0.0,0.0,0.0
2026-01-05T00:00,-4.8,86,989.1,98,3.26,223,0.06,0.0,0.0,0.0
2026-01-05T01:00,-5.4,86,989.5,27,2.87,223,0.06,0.0,0.0,0.0
2026-01-05T02:00,-6.7,87,989.4,0,2.56,219,0.05,0.0,0.0,0.0
2026-01-05T03:00,-5.1,86,989.4,3,1.90,210,0.06,0.0,0.0,0.0
2026-01-05T04:00,-6.2,88,989.5,44,2.64,199,0.05,0.0,0.0,0.0
2026-01-05T05:00,-5.4,88,989.8,70,3.38,205,0.05,0.0,0.0,0.0
2026-01-05T06:00,-4.9,88,990.0,100,3.18,206,0.05,0.0,0.0,0.0
2026-01-05T07:00,-5.0,88,990.1,100,2.71,218,0.05,0.0,0.0,0.0
2026-01-05T08:00,-5.1,89,990.6,97,2.83,234,0.05,0.0,0.0,0.0
2026-01-05T09:00,-5.3,85,990.6,74,2.42,218,0.06,0.0,0.0,0.0
2026-01-05T10:00,-5.8,87,991.3,86,2.56,231,0.05,24.0,8.0,16.0
2026-01-05T11:00,-5.7,87,992.0,100,2.96,240,0.05,92.0,38.0,54.0
2026-01-05T12:00,-5.4,86,993.0,83,3.18,251,0.06,150.0,73.0,77.0
2026-01-05T13:00,-4.9,85,993.7,100,3.40,256,0.06,165.0,72.0,93.0
2026-01-05T14:00,-4.4,85,994.6,100,3.24,257,0.07,110.0,0.0,110.0
2026-01-05T15:00,-5.3,82,995.7,27,3.00,246,0.07,66.0,2.0,64.0
2026-01-05T16:00,-4.5,81,996.9,98,3.70,257,0.08,28.0,4.0,24.0
2026-01-05T17:00,-4.3,81,997.8,100,3.87,265,0.08,0.0,0.0,0.0
2026-01-05T18:00,-4.3,84,998.5,100,3.59,261,0.07,0.0,0.0,0.0
2026-01-05T19:00,-4.5,84,999.3,100,3.54,261,0.07,0.0,0.0,0.0
2026-01-05T20:00,-4.9,83,1000.4,100,3.64,252,0.07,0.0,0.0,0.0
2026-01-05T21:00,-4.4,83,1001.5,100,3.45,251,0.08,0.0,0.0,0.0
2026-01-05T22:00,-4.9,85,1002.5,85,2.94,252,0.07,0.0,0.0,0.0
2026-01-05T23:00,-5.5,86,1003.5,100,2.72,250,0.06,0.0,0.0,0.0
2026-01-06T00:00,-5.7,86,1004.3,100,2.94,249,0.06,0.0,0.0,0.0
2026-01-06T01:00,-5.1,86,1005.2,100,3.32,247,0.06,0.0,0.0,0.0
2026-01-06T02:00,-5.3,85,1005.7,90,2.78,240,0.06,0.0,0.0,0.0
2026-01-06T03:00,-5.3,77,1006.4,100,2.69,239,0.09,0.0,0.0,0.0
2026-01-06T04:00,-6.1,84,1006.8,100,2.44,206,0.06,0.0,0.0,0.0
2026-01-06T05:00,-5.9,90,1007.1,100,2.27,213,0.04,0.0,0.0,0.0
2026-01-06T06:00,-6.0,90,1007.4,100,2.37,226,0.04,0.0,0.0,0.0
2026-01-06T07:00,-6.5,89,1007.7,100,2.42,232,0.04,0.0,0.0,0.0
2026-01-06T08:00,-7.4,90,1008.1,100,2.05,225,0.04,0.0,0.0,0.0
2026-01-06T09:00,-6.0,93,1008.6,100,1.82,212,0.03,0.0,0.0,0.0
2026-01-06T10:00,-6.5,92,1009.2,100,1.66,205,0.03,20.0,0.0,20.0
2026-01-06T11:00,-6.6,90,1009.6,100,1.36,186,0.04,68.0,0.0,68.0
2026-01-06T12:00,-6.7,89,1009.8,100,1.45,180,0.04,109.0,2.0,107.0
2026-01-06T13:00,-6.6,88,1009.8,100,1.55,176,0.04,120.0,2.0,118.0
2026-01-06T14:00,-6.9,89,1009.5,100,1.24,137,0.04,103.0,0.0,103.0
2026-01-06T15:00,-7.0,83,1009.0,100,1.56,96,0.06,69.0,0.0,69.0
2026-01-06T16:00,-7.7,85,1008.5,100,1.90,93,0.05,26.0,0.0,26.0
2026-01-06T17:00,-7.6,85,1008.2,100,2.28,99,0.05,0.0,0.0,0.0
2026-01-06T18:00,-7.2,85,1007.9,100,2.61,110,0.05,0.0,0.0,0.0
2026-01-06T19:00,-7.2,87,1007.7,100,3.04,115,0.05,0.0,0.0,0.0
2026-01-06T20:00,-7.2,88,1007.2,100,3.26,111,0.04,0.0,0.0,0.0
2026-01-06T21:00,-7.0,89,1006.5,100,3.55,112,0.04,0.0,0.0,0.0
2026-01-06T22:00,-7.0,89,1006.2,100,3.61,109,0.04,0.0,0.0,0.0
2026-01-06T23:00,-7.1,89,1005.4,100,3.89,108,0.04,0.0,0.0,0.0
2026-01-07T00:00,-7.0,88,1005.0,100,3.89,106,0.04,0.0,0.0,0.0
2026-01-07T01:00,-6.9,88,1004.6,100,3.89,106,0.04,0.0,0.0,0.0
2026-01-07T02:00,-6.9,88,1003.7,100,4.27,106,0.04,0.0,0.0,0.0
2026-01-07T03:00,-6.7,89,1002.4,100,4.18,107,0.04,0.0,0.0,0.0
2026-01-07T04:00,-6.6,88,1001.5,100,4.29,111,0.04,0.0,0.0,0.0
2026-01-07T05:00,-6.5,88,1001.1,100,3.85,115,0.05,0.0,0.0,0.0
2026-01-07T06:00,-6.5,88,1000.1,100,3.97,111,0.05,0.0,0.0,0.0
2026-01-07T07:00,-6.5,88,999.6,100,3.65,113,0.05,0.0,0.0,0.0
2026-01-07T08:00,-6.4,88,998.9,100,3.65,113,0.04,0.0,0.0,0.0
2026-01-07T09:00,-6.0,89,998.3,100,3.60,117,0.04,0.0,0.0,0.0
2026-01-07T10:00,-5.9,90,998.1,100,3.16,119,0.04,11.0,0.0,11.0
2026-01-07T11:00,-5.8,90,997.4,100,2.90,122,0.04,24.0,0.0,24.0
2026-01-07T12:00,-5.6,90,996.6,100,2.08,114,0.04,39.0,0.0,39.0
2026-01-07T13:00,-5.5,91,995.9,100,1.64,110,0.04,39.0,0.0,39.0
2026-01-07T14:00,-5.2,91,995.7,100,1.07,101,0.04,67.0,0.0,67.0
2026-01-07T15:00,-5.7,92,995.5,100,1.21,52,0.03,36.0,0.0,36.0
2026-01-07T16:00,-5.7,92,995.2,100,0.81,68,0.03,18.0,0.0,18.0
2026-01-07T17:00,-5.8,93,995.1,100,0.22,333,0.03,0.0,0.0,0.0
2026-01-07T18:00,-5.8,94,994.7,100,0.46,347,0.03,0.0,0.0,0.0
2026-01-07T19:00,-5.9,94,994.8,100,1.27,312,0.02,0.0,0.0,0.0
2026-01-07T20:00,-5.7,92,994.8,100,1.42,312,0.03,0.0,0.0,0.0
2026-01-07T21:00,-5.1,93,994.9,100,1.78,308,0.03,0.0,0.0,0.0
2026-01-07T22:00,-5.1,92,994.8,100,1.86,324,0.03,0.0,0.0,0.0
2026-01-07T23:00,-5.1,91,995.1,100,1.82,323,0.04,0.0,0.0,0.0
2026-01-08T00:00,-5.2,91,995.0,100,1.88,338,0.04,0.0,0.0,0.0
2026-01-08T01:00,-5.3,91,994.5,100,2.06,342,0.04,0.0,0.0,0.0
2026-01-08T02:00,-5.3,91,995.0,100,2.28,341,0.04,0.0,0.0,0.0
2026-01-08T03:00,-5.9,91,995.1,100,1.70,336,0.04,0.0,0.0,0.0
2026-01-08T04:00,-6.0,91,994.8,100,1.87,344,0.04,0.0,0.0,0.0
2026-01-08T05:00,-6.1,91,994.6,100,2.29,350,0.04,0.0,0.0,0.0
2026-01-08T06:00,-6.2,90,994.7,100,2.23,351,0.04,0.0,0.0,0.0
2026-01-08T07:00,-6.3,90,994.7,100,2.51,354,0.04,0.0,0.0,0.0
2026-01-08T08:00,-6.4,89,995.0,100,2.75,357,0.04,0.0,0.0,0.0
2026-01-08T09:00,-6.1,90,995.3,100,3.10,1,0.04,0.0,0.0,0.0
2026-01-08T10:00,-6.3,89,995.9,100,3.01,5,0.04,9.0,0.0,9.0
2026-01-08T11:00,-6.4,87,995.6,100,3.14,14,0.05,46.0,0.0,46.0
2026-01-08T12:00,-6.4,86,995.2,100,2.72,6,0.05,79.0,0.0,79.0
2026-01-08T13:00,-6.4,86,995.0,100,3.08,7,0.05,101.0,0.0,101.0
2026-01-08T14:00,-6.5,83,994.5,100,2.78,18,0.06,111.0,0.0,111.0
2026-01-08T15:00,-7.6,84,994.6,100,3.04,14,0.06,82.0,4.0,78.0
2026-01-08T16:00,-7.8,83,994.6,100,3.30,22,0.06,33.0,2.0,31.0
2026-01-08T17:00,-7.8,84,994.4,100,3.62,26,0.06,0.0,0.0,0.0
2026-01-08T18:00,-7.9,83,994.1,100,3.56,34,0.06,0.0,0.0,0.0
2026-01-08T19:00,-8.1,84,993.8,100,3.99,30,0.05,0.0,0.0,0.0
2026-01-08T20:00,-8.5,85,992.9,100,4.61,37,0.05,0.0,0.0,0.0
2026-01-08T21:00,-8.3,85,992.7,100,4.50,42,0.05,0.0,0.0,0.0
2026-01-08T22:00,-8.4,84,992.1,100,4.53,45,0.05,0.0,0.0,0.0
2026-01-08T23:00,-8.6,83,991.4,100,4.99,44,0.05,0.0,0.0,0.0
2026-01-09T00:00,-8.8,82,990.6,100,5.61,53,0.06,0.0,0.0,0.0
2026-01-09T01:00,-9.2,81,989.8,100,5.72,54,0.06,0.0,0.0,0.0
2026-01-09T02:00,-9.7,81,989.1,100,5.85,55,0.06,0.0,0.0,0.0
2026-01-09T03:00,-9.6,83,988.6,100,5.70,48,0.05,0.0,0.0,0.0
2026-01-09T04:00,-9.9,84,986.8,100,6.65,47,0.05,0.0,0.0,0.0
2026-01-09T05:00,-10.5,83,986.6,100,6.91,49,0.05,0.0,0.0,0.0
2026-01-09T06:00,-10.5,85,986.0,100,6.12,56,0.04,0.0,0.0,0.0
2026-01-09T07:00,-10.2,84,985.0,100,6.48,57,0.05,0.0,0.0,0.0
2026-01-09T08:00,-11.0,83,984.1,100,6.20,56,0.04,0.0,0.0,0.0
2026-01-09T09:00,-9.9,84,983.6,100,5.88,52,0.05,0.0,0.0,0.0
2026-01-09T10:00,-9.7,85,982.8,100,5.61,53,0.05,8.0,0.0,8.0
2026-01-09T11:00,-9.4,85,982.7,100,5.16,56,0.05,21.0,0.0,21.0
2026-01-09T12:00,-9.0,85,982.1,100,5.19,56,0.05,32.0,0.0,32.0
2026-01-09T13:00,-8.5,85,981.2,100,5.17,55,0.05,45.0,0.0,45.0
2026-01-09T14:00,-7.8,86,980.4,100,5.00,59,0.05,39.0,0.0,39.0
2026-01-09T15:00,-9.8,85,980.8,100,4.83,56,0.04,37.0,0.0,37.0
2026-01-09T16:00,-9.2,86,980.4,100,4.58,63,0.04,14.0,0.0,14.0
2026-01-09T17:00,-8.4,87,980.1,100,4.41,64,0.04,0.0,0.0,0.0
2026-01-09T18:00,-7.4,88,979.6,100,4.23,64,0.04,0.0,0.0,0.0
2026-01-09T19:00,-6.2,89,979.2,100,3.91,63,0.04,0.0,0.0,0.0
2026-01-09T20:00,-5.1,91,978.7,100,3.69,69,0.04,0.0,0.0,0.0
2026-01-09T21:00,-6.4,90,979.0,100,3.40,76,0.04,0.0,0.0,0.0
2026-01-09T22:00,-5.3,91,979.2,100,3.54,81,0.04,0.0,0.0,0.0
2026-01-09T23:00,-4.3,91,979.1,100,3.55,88,0.04,0.0,0.0,0.0
2026-01-10T00:00,-3.3,91,979.2,100,3.78,97,0.04,0.0,0.0,0.0
2026-01-10T01:00,-2.5,92,979.0,100,3.58,102,0.04,0.0,0.0,0.0
2026-01-10T02:00,-1.8,94,978.9,100,3.72,107,0.03,0.0,0.0,0.0
2026-01-10T03:00,-2.3,96,979.6,100,2.80,101,0.02,0.0,0.0,0.0
2026-01-10T04:00,-1.9,96,979.3,100,2.59,118,0.02,0.0,0.0,0.0
2026-01-10T05:00,-1.5,95,979.7,100,2.82,155,0.03,0.0,0.0,0.0
2026-01-10T06:00,-2.0,85,980.2,100,2.96,168,0.08,0.0,0.0,0.0
2026-01-10T07:00,-3.1,86,980.5,100,2.69,170,0.07,0.0,0.0,0.0
2026-01-10T08:00,-3.7,88,980.9,100,2.26,167,0.06,0.0,0.0,0.0
2026-01-10T09:00,-3.5,88,981.5,100,2.42,150,0.06,0.0,0.0,0.0
2026-01-10T10:00,-4.0,82,981.9,100,2.77,163,0.08,18.0,0.0,18.0
2026-01-10T11:00,-4.9,79,982.2,100,1.86,149,0.09,78.0,4.0,74.0
2026-01-10T12:00,-4.9,80,982.6,100,2.85,142,0.08,95.0,0.0,95.0
2026-01-10T13:00,-5.1,78,982.8,100,3.00,143,0.09,142.0,18.0,124.0
2026-01-10T14:00,-6.0,77,982.6,94,2.66,139,0.09,163.0,60.0,103.0
2026-01-10T15:00,-5.4,77,982.8,100,1.87,124,0.10,117.0,47.0,70.0
2026-01-10T16:00,-5.7,78,982.9,100,2.26,133,0.09,36.0,2.0,34.0
2026-01-10T17:00,-6.0,78,982.9,98,2.41,130,0.09,1.0,0.0,1.0
2026-01-10T18:00,-7.0,80,983.1,79,2.13,129,0.07,0.0,0.0,0.0
2026-01-10T19:00,-7.5,81,983.2,100,2.20,141,0.07,0.0,0.0,0.0
2026-01-10T20:00,-7.3,82,983.4,99,2.07,148,0.06,0.0,0.0,0.0
2026-01-10T21:00,-5.6,81,983.1,80,1.85,142,0.08,0.0,0.0,0.0
2026-01-10T22:00,-6.8,82,983.3,100,2.26,137,0.07,0.0,0.0,0.0
2026-01-10T23:00,-7.5,85,983.7,100,2.09,132,0.05,0.0,0.0,0.0
2026-01-11T00:00,-6.8,86,984.1,100,2.03,128,0.05,0.0,0.0,0.0
2026-01-11T01:00,-7.2,88,984.0,100,2.02,132,0.04,0.0,0.0,0.0
2026-01-11T02:00,-7.4,89,984.3,99,2.02,130,0.04,0.0,0.0,0.0
2026-01-11T03:00,-5.6,80,984.0,55,3.32,162,0.08,0.0,0.0,0.0
2026-01-11T04:00,-7.0,78,984.3,71,2.31,150,0.08,0.0,0.0,0.0
2026-01-11T05:00,-8.5,81,984.5,100,2.20,139,0.06,0.0,0.0,0.0
2026-01-11T06:00,-8.4,83,985.0,53,2.43,143,0.05,0.0,0.0,0.0
2026-01-11T07:00,-9.2,81,985.4,63,2.50,147,0.06,0.0,0.0,0.0
2026-01-11T08:00,-9.7,78,985.6,85,2.43,148,0.06,0.0,0.0,0.0
2026-01-11T09:00,-8.4,80,986.3,100,1.80,161,0.07,0.0,0.0,0.0
2026-01-11T10:00,-8.1,84,986.6,100,1.54,144,0.05,18.0,0.0,18.0
2026-01-11T11:00,-7.9,86,987.0,100,0.76,122,0.05,45.0,0.0,45.0
2026-01-11T12:00,-7.6,86,987.2,100,0.57,45,0.05,68.0,0.0,68.0
2026-01-11T13:00,-7.3,87,987.3,100,0.86,10,0.05,80.0,0.0,80.0
2026-01-11T14:00,-7.1,87,987.3,100,1.05,5,0.05,76.0,1.0,75.0
2026-01-11T15:00,-6.7,83,987.3,100,1.19,22,0.06,58.0,0.0,58.0
2026-01-11T16:00,-6.6,84,987.4,100,1.34,27,0.06,24.0,0.0,24.0
2026-01-11T17:00,-6.4,87,987.6,100,1.63,47,0.05,1.0,0.0,1.0
2026-01-11T18:00,-5.7,90,987.5,100,2.10,62,0.04,0.0,0.0,0.0
2026-01-11T19:00,-4.8,92,987.2,100,2.37,72,0.03,0.0,0.0,0.0
2026-01-11T20:00,-4.0,93,987.2,100,2.34,70,0.03,0.0,0.0,0.0
2026-01-11T21:00,-3.4,94,987.1,100,2.95,75,0.03,0.0,0.0,0.0
2026-01-11T22:00,-3.4,92,987.0,100,3.21,72,0.04,0.0,0.0,0.0
2026-01-11T23:00,-3.5,92,986.6,100,3.42,65,0.04,0.0,0.0,0.0
2026-01-12T00:00,-3.6,92,986.2,100,3.73,55,0.04,0.0,0.0,0.0
2026-01-12T01:00,-3.5,92,985.6,100,3.94,61,0.04,0.0,0.0,0.0
2026-01-12T02:00,-3.4,91,985.2,100,4.14,60,0.04,0.0,0.0,0.0
2026-01-12T03:00,-4.8,90,985.6,100,4.17,47,0.04,0.0,0.0,0.0
2026-01-12T04:00,-5.1,90,985.2,100,3.97,49,0.04,0.0,0.0,0.0
2026-01-12T05:00,-4.9,91,985.0,100,3.62,49,0.04,0.0,0.0,0.0
2026-01-12T06:00,-4.4,90,985.2,100,3.50,47,0.04,0.0,0.0,0.0
2026-01-12T07:00,-3.9,90,985.3,100,3.50,46,0.04,0.0,0.0,0.0
2026-01-12T08:00,-3.7,90,985.4,100,3.50,42,0.05,0.0,0.0,0.0
2026-01-12T09:00,-4.7,89,986.2,100,2.87,43,0.05,0.0,0.0,0.0
2026-01-12T10:00,-4.7,90,986.8,100,2.76,44,0.05,16.0,0.0,16.0
2026-01-12T11:00,-4.5,89,987.4,100,2.69,43,0.05,45.0,0.0,45.0
2026-01-12T12:00,-4.2,89,987.7,100,2.55,47,0.05,80.0,0.0,80.0
2026-01-12T13:00,-3.9,89,988.0,100,1.84,41,0.05,94.0,0.0,94.0
2026-01-12T14:00,-3.6,89,988.7,100,1.73,44,0.05,89.0,0.0,89.0
2026-01-12T15:00,-4.9,90,989.7,100,1.50,26,0.04,58.0,0.0,58.0
2026-01-12T16:00,-4.8,91,990.7,100,1.32,29,0.04,28.0,0.0,28.0
2026-01-12T17:00,-4.8,91,991.2,100,1.39,38,0.04,1.0,0.0,1.0
2026-01-12T18:00,-4.8,91,991.8,100,1.08,68,0.04,0.0,0.0,0.0
2026-01-12T19:00,-4.7,92,992.5,100,1.36,82,0.04,0.0,0.0,0.0
2026-01-12T20:00,-4.6,92,992.9,100,1.32,79,0.03,0.0,0.0,0.0
2026-01-12T21:00,-4.5,92,993.6,100,1.51,84,0.03,0.0,0.0,0.0
2026-01-12T22:00,-4.4,93,994.0,100,1.65,93,0.03,0.0,0.0,0.0
2026-01-12T23:00,-4.3,94,994.6,100,1.61,97,0.03,0.0,0.0,0.0
2026-01-13T00:00,-4.0,94,995.2,100,1.41,113,0.03,0.0,0.0,0.0
2026-01-13T01:00,-4.1,95,995.5,100,1.38,161,0.02,0.0,0.0,0.0
2026-01-13T02:00,-4.8,92,996.5,100,1.92,187,0.03,0.0,0.0,0.0
2026-01-13T03:00,-5.8,90,997.3,100,1.67,189,0.04,0.0,0.0,0.0
2026-01-13T04:00,-6.5,90,997.5,100,1.36,174,0.04,0.0,0.0,0.0
2026-01-13T05:00,-6.9,91,997.8,100,1.23,159,0.03,0.0,0.0,0.0
2026-01-13T06:00,-7.2,90,998.3,100,1.36,172,0.04,0.0,0.0,0.0
2026-01-13T07:00,-7.4,89,998.7,100,1.40,176,0.04,0.0,0.0,0.0
2026-01-13T08:00,-7.8,89,999.0,100,1.15,180,0.04,0.0,0.0,0.0
2026-01-13T09:00,-7.3,90,999.0,100,0.97,201,0.04,0.0,0.0,0.0
2026-01-13T10:00,-7.6,90,999.8,100,1.30,208,0.04,21.0,0.0,21.0
2026-01-13T11:00,-7.8,89,1000.4,100,1.22,215,0.04,66.0,0.0,66.0
2026-01-13T12:00,-7.8,87,1000.6,100,1.10,227,0.04,112.0,1.0,111.0
2026-01-13T13:00,-7.9,86,1001.0,100,1.03,231,0.05,137.0,3.0,134.0
2026-01-13T14:00,-7.9,85,1000.9,100,0.97,235,0.05,133.0,11.0,122.0
2026-01-13T15:00,-8.4,83,1000.4,100,0.35,278,0.05,101.0,7.0,94.0
2026-01-13T16:00,-8.3,84,1000.9,100,0.40,240,0.05,41.0,1.0,40.0
2026-01-13T17:00,-8.6,85,1001.3,100,0.67,228,0.05,2.0,0.0,2.0
2026-01-13T18:00,-8.5,85,1001.6,100,1.08,236,0.05,0.0,0.0,0.0
2026-01-13T19:00,-9.1,86,1001.8,100,1.19,248,0.04,0.0,0.0,0.0
2026-01-13T20:00,-9.8,86,1002.2,100,1.17,230,0.04,0.0,0.0,0.0
2026-01-13T21:00,-8.5,85,1002.2,100,1.35,228,0.05,0.0,0.0,0.0
2026-01-13T22:00,-8.9,86,1002.2,100,1.52,247,0.04,0.0,0.0,0.0
2026-01-13T23:00,-9.3,86,1002.6,100,1.41,264,0.04,0.0,0.0,0.0
2026-01-14T00:00,-9.3,87,1002.7,100,1.66,277,0.04,0.0,0.0,0.0
2026-01-14T01:00,-9.3,87,1003.0,100,1.61,275,0.04,0.0,0.0,0.0
2026-01-14T02:00,-9.1,87,1003.5,100,1.53,281,0.04,0.0,0.0,0.0
2026-01-14T03:00,-9.1,89,1003.5,100,1.27,281,0.04,0.0,0.0,0.0
2026-01-14T04:00,-8.8,89,1003.4,100,1.17,280,0.03,0.0,0.0,0.0
2026-01-14T05:00,-8.5,90,1003.3,100,1.38,289,0.03,0.0,0.0,0.0
2026-01-14T06:00,-7.9,90,1002.9,100,1.40,305,0.03,0.0,0.0,0.0
2026-01-14T07:00,-7.3,90,1002.8,100,1.45,319,0.03,0.0,0.0,0.0
2026-01-14T08:00,-6.7,91,1002.6,100,1.55,339,0.03,0.0,0.0,0.0
2026-01-14T09:00,-6.6,92,1002.6,100,1.59,336,0.03,0.0,0.0,0.0
2026-01-14T10:00,-6.3,92,1002.9,100,1.36,6,0.03,19.0,0.0,19.0
2026-01-14T11:00,-5.7,92,1003.0,100,1.51,8,0.03,46.0,0.0,46.0
2026-01-14T12:00,-5.3,91,1002.8,100,1.27,11,0.04,66.0,0.0,66.0
2026-01-14T13:00,-5.0,91,1002.6,100,1.41,17,0.04,67.0,0.0,67.0
2026-01-14T14:00,-4.7,92,1002.6,100,1.41,23,0.04,69.0,0.0,69.0
2026-01-14T15:00,-4.9,93,1002.4,100,1.31,7,0.03,65.0,0.0,65.0
2026-01-14T16:00,-4.9,92,1002.4,100,1.50,30,0.03,24.0,0.0,24.0
2026-01-14T17:00,-4.7,92,1002.8,100,1.84,49,0.03,1.0,0.0,1.0
2026-01-14T18:00,-4.5,92,1002.7,100,1.89,78,0.03,0.0,0.0,0.0
2026-01-14T19:00,-4.4,93,1002.9,100,1.53,109,0.03,0.0,0.0,0.0
2026-01-14T20:00,-4.7,94,1003.0,100,1.55,123,0.03,0.0,0.0,0.0
2026-01-14T21:00,-5.0,93,1003.3,100,1.60,141,0.03,0.0,0.0,0.0
2026-01-14T22:00,-5.5,92,1003.4,100,1.60,148,0.03,0.0,0.0,0.0
2026-01-14T23:00,-5.8,92,1003.4,100,1.45,139,0.03,0.0,0.0,0.0
2026-01-15T00:00,-6.2,91,1003.9,100,1.51,146,0.04,0.0,0.0,0.0
2026-01-15T01:00,-6.5,90,1004.2,100,1.28,149,0.04,0.0,0.0,0.0
2026-01-15T02:00,-6.9,90,1004.7,100,1.36,163,0.04,0.0,0.0,0.0
2026-01-15T03:00,-7.0,90,1004.8,100,0.85,180,0.03,0.0,0.0,0.0
2026-01-15T04:00,-7.4,91,1004.8,100,0.81,187,0.03,0.0,0.0,0.0
2026-01-15T05:00,-7.8,90,1005.0,100,1.07,191,0.03,0.0,0.0,0.0
2026-01-15T06:00,-8.2,90,1005.5,100,1.01,207,0.03,0.0,0.0,0.0
2026-01-15T07:00,-8.6,89,1006.0,100,0.98,204,0.03,0.0,0.0,0.0
2026-01-15T08:00,-8.9,87,1006.4,100,1.08,214,0.04,0.0,0.0,0.0
2026-01-15T09:00,-8.4,87,1006.3,100,1.20,228,0.04,0.0,0.0,0.0
2026-01-15T10:00,-8.6,86,1006.8,100,1.07,233,0.05,23.0,0.0,23.0
2026-01-15T11:00,-8.6,85,1007.4,100,0.99,240,0.05,68.0,1.0,67.0
2026-01-15T12:00,-8.5,84,1008.0,100,0.87,239,0.05,121.0,4.0,117.0
2026-01-15T13:00,-8.5,84,1008.2,100,0.81,227,0.05,160.0,24.0,136.0
2026-01-15T14:00,-8.6,83,1008.4,100,0.94,238,0.05,148.0,27.0,121.0
2026-01-15T15:00,-8.4,82,1008.9,100,0.62,256,0.06,94.0,5.0,89.0
2026-01-15T16:00,-8.3,82,1009.5,100,0.50,276,0.06,31.0,0.0,31.0
2026-01-15T17:00,-8.3,83,1010.1,100,0.62,256,0.05,2.0,0.0,2.0
2026-01-15T18:00,-8.4,84,1010.6,100,0.85,249,0.05,0.0,0.0,0.0
2026-01-15T19:00,-8.5,84,1011.1,100,0.83,245,0.05,0.0,0.0,0.0
2026-01-15T20:00,-8.7,85,1011.4,100,1.03,241,0.05,0.0,0.0,0.0
2026-01-15T21:00,-8.9,86,1012.2,100,1.13,221,0.04,0.0,0.0,0.0
2026-01-15T22:00,-9.5,86,1012.8,100,1.06,229,0.04,0.0,0.0,0.0
2026-01-15T23:00,-10.5,87,1013.2,100,1.30,247,0.04,0.0,0.0,0.0
2026-01-16T00:00,-10.6,88,1013.7,100,1.66,265,0.03,0.0,0.0,0.0
2026-01-16T01:00,-11.2,88,1014.1,100,1.56,276,0.03,0.0,0.0,0.0
2026-01-16T02:00,-11.7,87,1014.4,99,1.63,288,0.03,0.0,0.0,0.0
2026-01-16T03:00,-12.3,88,1015.0,96,1.46,276,0.03,0.0,0.0,0.0
2026-01-16T04:00,-12.7,87,1015.6,100,1.32,281,0.03,0.0,0.0,0.0
2026-01-16T05:00,-12.8,87,1016.2,100,1.27,281,0.03,0.0,0.0,0.0
2026-01-16T06:00,-12.7,87,1016.8,100,1.31,277,0.03,0.0,0.0,0.0
2026-01-16T07:00,-12.6,87,1017.3,100,1.38,283,0.03,0.0,0.0,0.0
2026-01-16T08:00,-12.4,86,1017.3,100,1.41,287,0.03,0.0,0.0,0.0
2026-01-16T09:00,-12.2,86,1018.1,100,1.55,285,0.03,0.0,0.0,0.0
2026-01-16T10:00,-11.6,84,1018.6,100,1.41,278,0.04,26.0,1.0,25.0
2026-01-16T11:00,-11.3,84,1019.2,100,1.23,291,0.04,75.0,0.0,75.0
2026-01-16T12:00,-10.7,83,1019.8,100,1.14,308,0.05,119.0,7.0,112.0
2026-01-16T13:00,-10.0,83,1020.0,100,1.03,313,0.05,143.0,14.0,129.0
2026-01-16T14:00,-9.5,82,1020.2,100,0.92,315,0.05,125.0,6.0,119.0
2026-01-16T15:00,-9.3,83,1020.5,97,1.05,295,0.05,94.0,3.0,91.0
2026-01-16T16:00,-9.8,84,1020.7,100,0.46,283,0.05,46.0,3.0,43.0
2026-01-16T17:00,-10.2,84,1021.1,100,0.64,309,0.05,3.0,0.0,3.0
2026-01-16T18:00,-10.1,84,1021.5,100,0.81,330,0.05,0.0,0.0,0.0
2026-01-16T19:00,-10.0,85,1021.9,100,0.81,349,0.04,0.0,0.0,0.0
2026-01-16T20:00,-10.0,86,1021.9,100,0.70,356,0.04,0.0,0.0,0.0
2026-01-16T21:00,-9.9,87,1022.4,100,0.65,337,0.04,0.0,0.0,0.0
2026-01-16T22:00,-9.7,87,1022.8,100,0.72,12,0.04,0.0,0.0,0.0
2026-01-16T23:00,-9.2,88,1023.3,100,1.20,88,0.04,0.0,0.0,0.0
2026-01-17T00:00,-9.7,91,1023.9,100,1.49,110,0.03,0.0,0.0,0.0
2026-01-17T01:00,-10.5,92,1024.1,100,1.28,111,0.02,0.0,0.0,0.0
2026-01-17T02:00,-11.1,92,1024.2,100,1.06,109,0.02,0.0,0.0,0.0
2026-01-17T03:00,-12.2,91,1024.9,100,1.01,117,0.02,0.0,0.0,0.0
2026-01-17T04:00,-12.7,89,1024.7,100,1.25,127,0.03,0.0,0.0,0.0
2026-01-17T05:00,-13.4,88,1024.8,100,1.45,136,0.03,0.0,0.0,0.0
2026-01-17T06:00,-14.1,87,1025.1,100,1.46,142,0.03,0.0,0.0,0.0
2026-01-17T07:00,-14.6,87,1025.0,100,1.30,148,0.03,0.0,0.0,0.0
2026-01-17T08:00,-15.4,87,1025.2,100,1.15,146,0.02,0.0,0.0,0.0
2026-01-17T09:00,-13.6,89,1025.8,100,0.85,159,0.02,0.0,0.0,0.0
2026-01-17T10:00,-13.9,89,1026.5,100,1.11,162,0.02,27.0,1.0,26.0
2026-01-17T11:00,-13.7,88,1026.8,100,0.98,156,0.02,79.0,2.0,77.0
2026-01-17T12:00,-13.3,89,1026.7,100,1.28,159,0.02,128.0,8.0,120.0
2026-01-17T13:00,-13.3,89,1026.8,100,1.14,165,0.02,139.0,6.0,133.0
2026-01-17T14:00,-13.5,89,1026.8,100,1.30,164,0.02,140.0,11.0,129.0
2026-01-17T15:00,-13.4,89,1026.8,100,1.01,171,0.02,107.0,14.0,93.0
2026-01-17T16:00,-13.7,89,1026.8,100,0.72,155,0.02,45.0,2.0,43.0
2026-01-17T17:00,-13.7,88,1026.7,100,0.96,152,0.03,4.0,0.0,4.0
2026-01-17T18:00,-13.6,88,1026.7,100,1.32,171,0.03,0.0,0.0,0.0
2026-01-17T19:00,-13.2,87,1026.6,100,1.40,178,0.03,0.0,0.0,0.0
2026-01-17T20:00,-12.4,84,1026.3,100,1.59,208,0.04,0.0,0.0,0.0
2026-01-17T21:00,-15.0,87,1026.6,100,2.33,189,0.03,0.0,0.0,0.0
2026-01-17T22:00,-14.8,87,1026.7,100,1.92,195,0.03,0.0,0.0,0.0
2026-01-17T23:00,-14.7,87,1026.7,100,1.77,202,0.03,0.0,0.0,0.0
2026-01-18T00:00,-14.8,87,1026.6,100,1.90,210,0.03,0.0,0.0,0.0
2026-01-18T01:00,-14.8,87,1026.3,100,1.72,210,0.03,0.0,0.0,0.0
2026-01-18T02:00,-14.9,86,1026.0,100,2.48,222,0.03,0.0,0.0,0.0
2026-01-18T03:00,-14.7,87,1025.5,100,3.97,221,0.03,0.0,0.0,0.0
2026-01-18T04:00,-14.3,87,1024.9,100,4.25,228,0.03,0.0,0.0,0.0
2026-01-18T05:00,-13.7,86,1024.7,100,3.51,250,0.03,0.0,0.0,0.0
2026-01-18T06:00,-13.6,86,1024.7,100,3.24,253,0.03,0.0,0.0,0.0
2026-01-18T07:00,-13.4,86,1024.5,100,2.79,249,0.03,0.0,0.0,0.0
2026-01-18T08:00,-13.3,86,1024.1,100,3.00,246,0.03,0.0,0.0,0.0
2026-01-18T09:00,-14.2,86,1023.6,100,2.70,236,0.03,0.0,0.0,0.0
2026-01-18T10:00,-13.8,85,1023.6,100,3.18,254,0.03,24.0,0.0,24.0
2026-01-18T11:00,-13.3,85,1023.4,100,2.61,253,0.03,62.0,0.0,62.0
2026-01-18T12:00,-12.8,85,1022.9,100,2.85,248,0.03,94.0,1.0,93.0
2026-01-18T13:00,-11.9,85,1022.3,100,3.17,258,0.04,121.0,1.0,120.0
2026-01-18T14:00,-11.3,86,1022.0,100,2.90,259,0.04,127.0,8.0,119.0
2026-01-18T15:00,-9.9,87,1021.5,100,2.70,251,0.04,80.0,0.0,80.0
2026-01-18T16:00,-9.7,87,1021.1,100,3.20,256,0.04,46.0,1.0,45.0
2026-01-18T17:00,-9.6,87,1020.6,100,3.44,262,0.04,4.0,0.0,4.0
2026-01-18T18:00,-9.4,87,1020.2,100,3.52,264,0.04,0.0,0.0,0.0
2026-01-18T19:00,-9.3,88,1020.1,100,3.30,271,0.04,0.0,0.0,0.0
2026-01-18T20:00,-9.4,87,1019.6,100,3.10,272,0.04,0.0,0.0,0.0
2026-01-18T21:00,-9.7,87,1019.2,100,3.15,269,0.04,0.0,0.0,0.0
2026-01-18T22:00,-9.6,87,1019.0,100,2.95,267,0.04,0.0,0.0,0.0
2026-01-18T23:00,-9.4,87,1018.7,100,2.65,267,0.04,0.0,0.0,0.0
2026-01-19T00:00,-9.0,87,1018.5,100,2.86,274,0.04,0.0,0.0,0.0
2026-01-19T01:00,-8.5,87,1018.3,100,2.75,271,0.04,0.0,0.0,0.0
2026-01-19T02:00,-8.3,87,1017.9,100,2.56,274,0.04,0.0,0.0,0.0
2026-01-19T03:00,-8.5,88,1017.9,100,2.11,277,0.04,0.0,0.0,0.0
2026-01-19T04:00,-8.4,89,1017.3,100,2.30,272,0.03,0.0,0.0,0.0
2026-01-19T05:00,-8.2,88,1016.9,100,2.47,278,0.04,0.0,0.0,0.0
2026-01-19T06:00,-7.9,88,1016.5,100,2.43,279,0.04,0.0,0.0,0.0
2026-01-19T07:00,-7.8,88,1016.4,100,2.33,280,0.04,0.0,0.0,0.0
2026-01-19T08:00,-7.7,88,1016.0,100,2.31,275,0.04,0.0,0.0,0.0
2026-01-19T09:00,-7.9,89,1015.6,100,2.50,271,0.04,0.0,0.0,0.0
2026-01-19T10:00,-7.7,88,1015.3,100,2.71,275,0.04,18.0,0.0,18.0
2026-01-19T11:00,-7.5,88,1015.1,100,2.43,278,0.04,44.0,0.0,44.0
2026-01-19T12:00,-7.3,89,1014.9,100,2.06,276,0.04,60.0,0.0,60.0
2026-01-19T13:00,-7.1,89,1014.5,100,2.10,273,0.04,68.0,0.0,68.0
2026-01-19T14:00,-7.0,88,1013.9,100,1.96,276,0.04,70.0,0.0,70.0
2026-01-19T15:00,-6.7,89,1013.4,100,2.24,280,0.04,53.0,0.0,53.0
2026-01-19T16:00,-6.4,88,1012.9,100,2.07,278,0.05,36.0,0.0,36.0
2026-01-19T17:00,-6.5,89,1012.6,100,2.13,279,0.04,4.0,0.0,4.0
2026-01-19T18:00,-6.4,88,1012.3,100,2.36,283,0.04,0.0,0.0,0.0
2026-01-19T19:00,-6.3,89,1012.2,100,2.38,292,0.04,0.0,0.0,0.0
2026-01-19T20:00,-6.2,89,1012.0,100,2.30,297,0.04,0.0,0.0,0.0
2026-01-19T21:00,-6.4,90,1011.5,100,2.17,299,0.04,0.0,0.0,0.0
2026-01-19T22:00,-6.3,90,1011.2,100,2.07,302,0.04,0.0,0.0,0.0
2026-01-19T23:00,-6.2,91,1010.9,100,1.93,301,0.04,0.0,0.0,0.0
2026-01-20T00:00,-6.0,91,1010.6,100,2.02,293,0.04,0.0,0.0,0.0
2026-01-20T01:00,-5.9,91,1010.4,100,2.21,298,0.04,0.0,0.0,0.0
2026-01-20T02:00,-5.8,91,1010.1,100,2.24,297,0.04,0.0,0.0,0.0
2026-01-20T03:00,-6.4,91,1009.8,100,2.14,286,0.03,0.0,0.0,0.0
2026-01-20T04:00,-6.5,91,1009.2,100,2.29,286,0.03,0.0,0.0,0.0
2026-01-20T05:00,-6.3,91,1008.9,100,2.44,289,0.04,0.0,0.0,0.0
2026-01-20T06:00,-6.2,91,1008.5,100,2.40,287,0.04,0.0,0.0,0.0
2026-01-20T07:00,-6.1,91,1008.1,100,2.47,284,0.04,0.0,0.0,0.0
2026-01-20T08:00,-6.0,91,1007.8,100,2.52,284,0.04,0.0,0.0,0.0
2026-01-20T09:00,-6.1,91,1007.4,100,2.40,282,0.04,0.0,0.0,0.0
2026-01-20T10:00,-5.9,91,1007.0,100,2.23,286,0.04,20.0,0.0,20.0
2026-01-20T11:00,-5.7,91,1006.8,100,1.89,282,0.04,51.0,0.0,51.0
2026-01-20T12:00,-5.5,91,1006.3,100,1.96,276,0.04,78.0,2.0,76.0
2026-01-20T13:00,-5.2,91,1006.1,100,2.26,283,0.04,98.0,1.0,97.0
2026-01-20T14:00,-4.9,90,1005.5,100,2.42,277,0.04,81.0,1.0,80.0
2026-01-20T15:00,-5.8,90,1005.1,100,2.30,271,0.04,63.0,0.0,63.0
2026-01-20T16:00,-5.8,90,1004.9,100,2.05,271,0.04,32.0,0.0,32.0
2026-01-20T17:00,-5.8,90,1004.6,100,2.28,279,0.04,4.0,0.0,4.0
2026-01-20T18:00,-5.8,89,1004.2,100,2.33,279,0.04,0.0,0.0,0.0
2026-01-20T19:00,-5.8,90,1003.9,100,2.20,282,0.04,0.0,0.0,0.0
2026-01-20T20:00,-5.7,90,1003.3,100,1.99,282,0.04,0.0,0.0,0.0
2026-01-20T21:00,-6.3,90,1002.7,100,1.87,279,0.04,0.0,0.0,0.0
2026-01-20T22:00,-6.3,91,1002.4,100,1.74,288,0.04,0.0,0.0,0.0
2026-01-20T23:00,-6.3,91,1002.2,100,1.48,294,0.03,0.0,0.0,0.0
2026-01-21T00:00,-6.2,92,1002.0,100,1.30,286,0.03,0.0,0.0,0.0
2026-01-21T01:00,-6.3,92,1001.8,100,1.23,291,0.03,0.0,0.0,0.0
2026-01-21T02:00,-6.4,92,1001.6,100,1.23,297,0.03,0.0,0.0,0.0
2026-01-21T03:00,-7.2,92,1001.6,100,1.09,286,0.03,0.0,0.0,0.0
2026-01-21T04:00,-7.1,91,1001.5,100,1.28,301,0.03,0.0,0.0,0.0
2026-01-21T05:00,-7.1,91,1001.1,100,1.03,313,0.03,0.0,0.0,0.0
2026-01-21T06:00,-7.0,91,1001.2,100,0.51,349,0.03,0.0,0.0,0.0
2026-01-21T07:00,-6.9,91,1001.4,100,0.75,4,0.03,0.0,0.0,0.0
2026-01-21T08:00,-7.3,92,1001.5,100,0.57,15,0.03,0.0,0.0,0.0
2026-01-21T09:00,-7.0,92,1001.3,100,0.39,310,0.03,0.0,0.0,0.0
2026-01-21T10:00,-7.1,92,1001.4,100,0.16,288,0.03,24.0,0.0,24.0
2026-01-21T11:00,-6.6,90,1001.6,100,0.27,338,0.04,56.0,1.0,55.0
2026-01-21T12:00,-6.4,90,1001.8,100,0.25,349,0.04,74.0,1.0,73.0
2026-01-21T13:00,-6.2,89,1001.9,100,0.21,315,0.04,89.0,0.0,89.0
2026-01-21T14:00,-6.1,89,1001.8,100,0.22,333,0.04,89.0,0.0,89.0
2026-01-21T15:00,-6.1,89,1001.7,100,0.40,7,0.04,77.0,0.0,77.0
2026-01-21T16:00,-6.1,90,1001.9,100,0.47,58,0.04,33.0,0.0,33.0
2026-01-21T17:00,-6.5,92,1002.1,100,0.56,63,0.03,5.0,0.0,5.0
2026-01-21T18:00,-6.7,92,1002.2,100,0.76,82,0.03,0.0,0.0,0.0
2026-01-21T19:00,-7.0,93,1002.3,100,0.98,114,0.03,0.0,0.0,0.0
2026-01-21T20:00,-6.9,92,1002.3,100,1.23,117,0.03,0.0,0.0,0.0
2026-01-21T21:00,-7.1,94,1002.6,100,1.16,97,0.02,0.0,0.0,0.0
2026-01-21T22:00,-6.5,93,1002.9,100,1.67,99,0.03,0.0,0.0,0.0
2026-01-21T23:00,-6.4,92,1003.1,100,2.01,94,0.03,0.0,0.0,0.0
2026-01-22T00:00,-6.4,91,1003.4,100,1.90,92,0.03,0.0,0.0,0.0
2026-01-22T01:00,-6.6,91,1003.8,100,1.91,84,0.03,0.0,0.0,0.0
2026-01-22T02:00,-6.8,90,1003.9,100,2.18,74,0.04,0.0,0.0,0.0
2026-01-22T03:00,-6.9,90,1004.1,100,2.20,60,0.03,0.0,0.0,0.0
2026-01-22T04:00,-6.7,90,1004.1,100,2.57,66,0.04,0.0,0.0,0.0
2026-01-22T05:00,-6.8,89,1004.2,100,2.75,71,0.04,0.0,0.0,0.0
2026-01-22T06:00,-7.2,88,1004.4,100,2.75,74,0.04,0.0,0.0,0.0
2026-01-22T07:00,-7.4,88,1004.7,100,2.75,74,0.04,0.0,0.0,0.0
2026-01-22T08:00,-7.7,88,1004.9,100,2.72,73,0.04,0.0,0.0,0.0
2026-01-22T09:00,-7.9,88,1005.3,100,2.59,71,0.04,1.0,0.0,1.0
2026-01-22T10:00,-7.9,88,1005.6,100,2.39,70,0.04,28.0,0.0,28.0
2026-01-22T11:00,-7.9,87,1005.8,100,2.66,78,0.04,75.0,0.0,75.0
2026-01-22T12:00,-7.8,86,1006.0,100,2.69,80,0.05,106.0,0.0,106.0
2026-01-22T13:00,-7.8,85,1006.0,100,2.75,80,0.05,121.0,0.0,121.0
2026-01-22T14:00,-7.8,84,1005.9,100,2.69,75,0.06,106.0,0.0,106.0
2026-01-22T15:00,-8.1,84,1005.9,100,2.82,73,0.05,95.0,0.0,95.0
2026-01-22T16:00,-8.2,84,1006.2,100,2.27,68,0.05,48.0,0.0,48.0
2026-01-22T17:00,-8.3,84,1006.4,100,2.56,69,0.05,6.0,0.0,6.0
2026-01-22T18:00,-8.5,85,1006.5,100,2.91,78,0.05,0.0,0.0,0.0
2026-01-22T19:00,-8.7,85,1006.6,100,2.86,85,0.05,0.0,0.0,0.0
2026-01-22T20:00,-8.8,86,1006.6,100,2.65,92,0.04,0.0,0.0,0.0
2026-01-22T21:00,-8.8,86,1006.7,100,2.32,97,0.04,0.0,0.0,0.0
2026-01-22T22:00,-8.9,86,1006.9,100,2.15,108,0.04,0.0,0.0,0.0
2026-01-22T23:00,-9.1,85,1006.9,100,2.37,118,0.05,0.0,0.0,0.0
2026-01-23T00:00,-9.3,84,1007.1,100,2.54,122,0.05,0.0,0.0,0.0
2026-01-23T01:00,-9.7,84,1007.1,100,2.51,125,0.05,0.0,0.0,0.0
2026-01-23T02:00,-10.0,84,1007.3,100,2.29,126,0.05,0.0,0.0,0.0
2026-01-23T03:00,-10.8,84,1007.3,100,2.19,117,0.04,0.0,0.0,0.0
2026-01-23T04:00,-10.6,84,1007.1,100,1.78,128,0.04,0.0,0.0,0.0
2026-01-23T05:00,-10.4,85,1007.0,100,1.58,101,0.04,0.0,0.0,0.0
2026-01-23T06:00,-10.7,87,1006.9,100,2.15,78,0.04,0.0,0.0,0.0
2026-01-23T07:00,-11.2,85,1006.9,100,2.40,73,0.04,0.0,0.0,0.0
2026-01-23T08:00,-11.8,84,1006.9,100,2.29,74,0.04,0.0,0.0,0.0
2026-01-23T09:00,-12.4,85,1007.1,100,2.16,85,0.03,1.0,0.0,1.0
2026-01-23T10:00,-12.4,85,1007.3,100,2.01,84,0.04,38.0,2.0,36.0
2026-01-23T11:00,-12.4,85,1007.3,100,1.76,83,0.04,95.0,5.0,90.0
2026-01-23T12:00,-12.2,83,1007.5,100,1.43,78,0.04,151.0,16.0,135.0
2026-01-23T13:00,-11.9,81,1007.4,100,1.71,97,0.05,181.0,28.0,153.0
2026-01-23T14:00,-11.8,75,1007.2,100,2.04,112,0.06,151.0,10.0,141.0
2026-01-23T15:00,-11.9,81,1006.8,100,1.40,90,0.05,122.0,14.0,108.0
2026-01-23T16:00,-12.2,82,1006.8,99,1.05,90,0.04,66.0,5.0,61.0
2026-01-23T17:00,-12.6,83,1006.7,100,1.22,99,0.04,10.0,0.0,10.0
2026-01-23T18:00,-14.0,85,1006.7,98,1.32,99,0.03,0.0,0.0,0.0
2026-01-23T19:00,-15.0,86,1006.6,97,1.37,100,0.03,0.0,0.0,0.0
2026-01-23T20:00,-15.3,86,1006.8,90,1.41,113,0.03,0.0,0.0,0.0
2026-01-23T21:00,-14.7,83,1007.0,100,1.89,122,0.03,0.0,0.0,0.0
2026-01-23T22:00,-16.3,83,1007.3,100,1.21,114,0.03,0.0,0.0,0.0
2026-01-23T23:00,-17.2,85,1007.5,100,0.87,114,0.02,0.0,0.0,0.0
2026-01-24T00:00,-17.5,86,1007.7,100,0.88,137,0.02,0.0,0.0,0.0
2026-01-24T01:00,-18.1,88,1007.5,100,0.81,137,0.02,0.0,0.0,0.0
2026-01-24T02:00,-18.4,87,1007.6,100,0.56,100,0.02,0.0,0.0,0.0
2026-01-24T03:00,-18.8,85,1007.8,100,0.87,114,0.02,0.0,0.0,0.0
2026-01-24T04:00,-18.8,84,1007.7,100,0.65,122,0.02,0.0,0.0,0.0
2026-01-24T05:00,-18.7,83,1007.6,100,0.49,156,0.02,0.0,0.0,0.0
2026-01-24T06:00,-18.4,83,1007.5,100,0.14,45,0.02,0.0,0.0,0.0
2026-01-24T07:00,-18.0,83,1007.5,100,0.20,90,0.03,0.0,0.0,0.0
2026-01-24T08:00,-18.0,83,1007.5,100,0.43,111,0.03,0.0,0.0,0.0
2026-01-24T09:00,-19.3,82,1007.8,100,0.74,138,0.02,1.0,0.0,1.0
2026-01-24T10:00,-18.9,82,1008.1,100,0.53,139,0.02,39.0,2.0,37.0
2026-01-24T11:00,-18.5,82,1008.2,100,0.42,135,0.03,95.0,5.0,90.0
2026-01-24T12:00,-18.0,82,1008.6,100,0.57,142,0.03,141.0,6.0,135.0
2026-01-24T13:00,-17.5,82,1008.8,100,0.42,135,0.03,158.0,2.0,156.0
2026-01-24T14:00,-17.1,81,1008.6,100,0.25,90,0.03,171.0,29.0,142.0
2026-01-24T15:00,-16.7,80,1008.4,100,0.34,153,0.03,125.0,13.0,112.0
2026-01-24T16:00,-17.3,81,1008.2,99,0.29,121,0.03,82.0,16.0,66.0
2026-01-24T17:00,-18.6,84,1008.4,100,0.47,108,0.02,14.0,3.0,11.0
2026-01-24T18:00,-18.9,84,1008.4,93,0.51,119,0.02,0.0,0.0,0.0
2026-01-24T19:00,-18.9,84,1008.5,97,0.53,139,0.02,0.0,0.0,0.0
2026-01-24T20:00,-18.7,85,1008.4,99,0.54,158,0.02,0.0,0.0,0.0
2026-01-24T21:00,-19.0,83,1008.5,100,1.43,155,0.02,0.0,0.0,0.0
2026-01-24T22:00,-19.7,82,1008.7,100,0.80,176,0.02,0.0,0.0,0.0
2026-01-24T23:00,-20.2,82,1008.8,100,0.71,188,0.02,0.0,0.0,0.0
2026-01-25T00:00,-20.4,81,1008.8,100,0.76,203,0.02,0.0,0.0,0.0
2026-01-25T01:00,-20.6,81,1008.9,100,0.90,214,0.02,0.0,0.0,0.0
2026-01-25T02:00,-21.3,82,1008.8,98,1.06,221,0.02,0.0,0.0,0.0
2026-01-25T03:00,-20.9,82,1008.8,100,0.96,118,0.02,0.0,0.0,0.0
2026-01-25T04:00,-20.4,82,1008.8,100,1.23,111,0.02,0.0,0.0,0.0
2026-01-25T05:00,-20.0,82,1008.8,100,1.63,130,0.02,0.0,0.0,0.0
2026-01-25T06:00,-19.7,83,1009.0,100,1.58,145,0.02,0.0,0.0,0.0
2026-01-25T07:00,-19.6,83,1009.0,100,1.07,169,0.02,0.0,0.0,0.0
2026-01-25T08:00,-19.3,82,1009.1,100,0.52,163,0.02,0.0,0.0,0.0
2026-01-25T09:00,-19.7,82,1009.1,100,0.92,167,0.02,2.0,0.0,2.0
2026-01-25T10:00,-19.1,82,1009.3,99,0.78,165,0.02,42.0,1.0,41.0
2026-01-25T11:00,-18.5,82,1009.4,100,0.79,162,0.03,108.0,13.0,95.0
2026-01-25T12:00,-17.6,81,1009.6,100,0.70,180,0.03,162.0,26.0,136.0
2026-01-25T13:00,-17.0,80,1009.6,100,0.81,169,0.03,180.0,21.0,159.0
2026-01-25T14:00,-16.5,80,1009.7,100,1.18,168,0.03,191.0,43.0,148.0
2026-01-25T15:00,-16.6,79,1009.7,100,1.31,187,0.04,140.0,25.0,115.0
2026-01-25T16:00,-16.7,79,1009.6,100,0.86,170,0.03,81.0,14.0,67.0
2026-01-25T17:00,-17.3,81,1009.5,100,1.50,159,0.03,14.0,2.0,12.0
2026-01-25T18:00,-17.4,81,1009.6,100,1.62,171,0.03,0.0,0.0,0.0
2026-01-25T19:00,-17.3,81,1009.3,100,1.60,178,0.03,0.0,0.0,0.0
2026-01-25T20:00,-17.2,81,1009.3,100,1.56,186,0.03,0.0,0.0,0.0
2026-01-25T21:00,-18.7,81,1009.1,100,1.78,191,0.03,0.0,0.0,0.0
2026-01-25T22:00,-18.8,81,1009.0,100,1.57,189,0.03,0.0,0.0,0.0
2026-01-25T23:00,-19.0,81,1009.3,100,1.82,188,0.03,0.0,0.0,0.0
2026-01-26T00:00,-19.6,80,1009.7,100,1.87,189,0.03,0.0,0.0,0.0
2026-01-26T01:00,-20.1,79,1009.6,100,1.66,196,0.03,0.0,0.0,0.0
2026-01-26T02:00,-20.4,79,1009.9,100,1.52,189,0.03,0.0,0.0,0.0
2026-01-26T03:00,-20.5,80,1009.8,100,1.59,156,0.02,0.0,0.0,0.0
2026-01-26T04:00,-20.3,80,1009.3,100,1.39,142,0.02,0.0,0.0,0.0
2026-01-26T05:00,-20.1,81,1008.9,100,1.35,149,0.02,0.0,0.0,0.0
2026-01-26T06:00,-19.4,81,1008.6,100,2.02,147,0.03,0.0,0.0,0.0
2026-01-26T07:00,-18.9,82,1007.9,100,3.65,119,0.03,0.0,0.0,0.0
2026-01-26T08:00,-18.2,82,1007.6,100,3.87,126,0.03,0.0,0.0,0.0
2026-01-26T09:00,-17.9,81,1007.6,100,3.29,163,0.03,2.0,0.0,2.0
2026-01-26T10:00,-17.5,79,1007.9,100,2.84,189,0.03,38.0,0.0,38.0
2026-01-26T11:00,-17.2,80,1007.6,100,2.58,171,0.03,100.0,4.0,96.0
2026-01-26T12:00,-16.2,80,1006.8,100,3.21,175,0.03,136.0,6.0,130.0
2026-01-26T13:00,-15.0,81,1006.4,100,2.69,170,0.04,128.0,5.0,123.0
2026-01-26T14:00,-14.4,82,1005.6,100,3.56,169,0.04,127.0,4.0,123.0
2026-01-26T15:00,-11.3,80,1004.7,100,3.46,160,0.05,108.0,2.0,106.0
2026-01-26T16:00,-11.3,81,1003.7,100,3.81,163,0.05,71.0,3.0,68.0
2026-01-26T17:00,-11.5,79,1002.9,100,4.36,170,0.05,15.0,0.0,15.0
2026-01-26T18:00,-11.2,78,1002.1,100,4.66,176,0.06,0.0,0.0,0.0
2026-01-26T19:00,-10.7,77,1001.0,100,4.55,178,0.06,0.0,0.0,0.0
2026-01-26T20:00,-10.7,74,1000.1,100,4.77,175,0.07,0.0,0.0,0.0
2026-01-26T21:00,-10.9,75,999.3,100,5.20,181,0.07,0.0,0.0,0.0
2026-01-26T22:00,-10.9,75,998.4,100,5.45,179,0.07,0.0,0.0,0.0
2026-01-26T23:00,-10.7,75,997.7,100,5.43,186,0.07,0.0,0.0,0.0
2026-01-27T00:00,-10.3,77,997.0,100,5.01,183,0.07,0.0,0.0,0.0
2026-01-27T01:00,-9.8,78,996.9,100,4.65,192,0.06,0.0,0.0,0.0
2026-01-27T02:00,-9.5,79,996.4,100,4.34,195,0.06,0.0,0.0,0.0
2026-01-27T03:00,-8.8,79,995.4,100,4.60,199,0.07,0.0,0.0,0.0
2026-01-27T04:00,-8.5,82,995.2,100,4.01,219,0.06,0.0,0.0,0.0
2026-01-27T05:00,-8.4,84,995.3,100,4.06,210,0.05,0.0,0.0,0.0
2026-01-27T06:00,-8.3,83,994.9,100,4.12,211,0.05,0.0,0.0,0.0
2026-01-27T07:00,-8.2,84,994.9,100,3.75,211,0.05,0.0,0.0,0.0
2026-01-27T08:00,-8.2,85,994.8,100,3.54,209,0.05,0.0,0.0,0.0
2026-01-27T09:00,-9.0,85,994.9,100,2.88,214,0.05,1.0,0.0,1.0
2026-01-27T10:00,-8.6,85,995.1,100,2.63,213,0.05,21.0,0.0,21.0
2026-01-27T11:00,-8.2,85,995.1,100,2.21,208,0.05,56.0,0.0,56.0
2026-01-27T12:00,-7.9,85,995.3,100,2.01,199,0.05,82.0,0.0,82.0
2026-01-27T13:00,-7.7,86,995.1,100,2.07,195,0.05,73.0,0.0,73.0
2026-01-27T14:00,-7.5,87,994.8,100,1.71,195,0.05,66.0,0.0,66.0
2026-01-27T15:00,-7.9,88,995.3,100,1.25,164,0.04,42.0,0.0,42.0
2026-01-27T16:00,-7.8,88,995.0,100,1.39,154,0.04,48.0,0.0,48.0
2026-01-27T17:00,-7.8,89,994.8,100,1.46,142,0.04,11.0,0.0,11.0
2026-01-27T18:00,-7.8,90,994.5,100,1.70,140,0.03,0.0,0.0,0.0
2026-01-27T19:00,-7.8,90,994.3,100,1.39,128,0.03,0.0,0.0,0.0
2026-01-27T20:00,-7.9,90,994.3,100,1.43,119,0.03,0.0,0.0,0.0
2026-01-27T21:00,-8.1,90,994.2,100,1.52,107,0.03,0.0,0.0,0.0
2026-01-27T22:00,-8.2,91,993.9,100,1.51,98,0.03,0.0,0.0,0.0
2026-01-27T23:00,-8.3,91,993.6,100,1.60,94,0.03,0.0,0.0,0.0
2026-01-28T00:00,-8.4,91,993.3,100,1.78,100,0.03,0.0,0.0,0.0
2026-01-28T01:00,-8.4,90,993.0,100,1.88,107,0.03,0.0,0.0,0.0
2026-01-28T02:00,-8.6,90,992.5,100,1.71,97,0.03,0.0,0.0,0.0
2026-01-28T03:00,-9.0,91,992.1,100,1.60,88,0.03,0.0,0.0,0.0
2026-01-28T04:00,-9.1,91,991.6,100,1.70,90,0.03,0.0,0.0,0.0
2026-01-28T05:00,-9.1,90,991.3,100,1.75,87,0.03,0.0,0.0,0.0
2026-01-28T06:00,-9.2,90,991.0,100,1.95,89,0.03,0.0,0.0,0.0
2026-01-28T07:00,-9.4,90,990.8,100,1.80,88,0.03,0.0,0.0,0.0
2026-01-28T08:00,-9.5,90,990.6,100,1.90,93,0.03,0.0,0.0,0.0
2026-01-28T09:00,-10.2,90,990.7,100,2.07,97,0.03,1.0,0.0,1.0
2026-01-28T10:00,-10.3,87,990.7,100,2.23,99,0.04,31.0,0.0,31.0
2026-01-28T11:00,-10.6,86,990.5,100,2.31,95,0.04,60.0,0.0,60.0
2026-01-28T12:00,-11.0,85,990.4,100,2.38,105,0.04,91.0,0.0,91.0
2026-01-28T13:00,-11.3,83,990.1,100,2.28,105,0.04,106.0,0.0,106.0
2026-01-28T14:00,-11.6,83,989.8,100,2.25,89,0.04,68.0,0.0,68.0
2026-01-28T15:00,-12.1,83,990.1,100,2.21,84,0.04,50.0,0.0,50.0
2026-01-28T16:00,-12.2,83,989.9,100,2.47,82,0.04,34.0,0.0,34.0
2026-01-28T17:00,-12.3,83,989.9,100,2.03,80,0.04,9.0,0.0,9.0
2026-01-28T18:00,-12.4,84,990.0,100,2.02,70,0.04,0.0,0.0,0.0
2026-01-28T19:00,-12.5,85,989.9,100,2.11,59,0.04,0.0,0.0,0.0
2026-01-28T20:00,-12.5,85,989.8,100,2.40,59,0.04,0.0,0.0,0.0
2026-01-28T21:00,-12.1,85,990.0,100,2.14,53,0.04,0.0,0.0,0.0
2026-01-28T22:00,-12.1,85,990.1,100,2.30,63,0.04,0.0,0.0,0.0
2026-01-28T23:00,-12.1,85,990.0,100,2.75,53,0.04,0.0,0.0,0.0
2026-01-29T00:00,-12.0,85,990.1,100,2.32,57,0.04,0.0,0.0,0.0
2026-01-29T01:00,-12.0,85,990.1,100,2.65,54,0.04,0.0,0.0,0.0
2026-01-29T02:00,-12.0,83,989.8,100,2.88,56,0.04,0.0,0.0,0.0
2026-01-29T03:00,-12.2,84,989.9,100,2.71,52,0.04,0.0,0.0,0.0
2026-01-29T04:00,-12.2,84,989.9,100,2.84,51,0.04,0.0,0.0,0.0
2026-01-29T05:00,-12.1,83,989.7,100,3.10,52,0.04,0.0,0.0,0.0
2026-01-29T06:00,-12.1,83,989.3,100,3.40,54,0.04,0.0,0.0,0.0
2026-01-29T07:00,-12.2,83,989.4,100,3.29,47,0.04,0.0,0.0,0.0
2026-01-29T08:00,-12.0,82,988.9,100,3.75,45,0.05,0.0,0.0,0.0
2026-01-29T09:00,-11.3,83,988.9,100,3.29,44,0.04,2.0,0.0,2.0
2026-01-29T10:00,-11.1,83,988.9,100,3.55,40,0.05,25.0,0.0,25.0
2026-01-29T11:00,-10.8,82,988.5,100,3.56,38,0.05,63.0,0.0,63.0
2026-01-29T12:00,-10.6,84,988.7,100,3.20,29,0.04,101.0,0.0,101.0
2026-01-29T13:00,-10.4,82,988.6,100,3.49,25,0.05,134.0,0.0,134.0
2026-01-29T14:00,-10.4,82,988.4,100,3.18,19,0.05,121.0,2.0,119.0
2026-01-29T15:00,-10.8,80,988.7,100,3.73,20,0.05,86.0,0.0,86.0
2026-01-29T16:00,-11.1,80,988.9,100,3.95,22,0.05,45.0,0.0,45.0
2026-01-29T17:00,-11.4,81,989.3,100,3.78,26,0.05,12.0,0.0,12.0
2026-01-29T18:00,-11.5,81,990.0,100,3.27,19,0.05,0.0,0.0,0.0
2026-01-29T19:00,-11.5,81,990.5,100,3.62,11,0.05,0.0,0.0,0.0
2026-01-29T20:00,-11.4,80,990.6,100,4.09,15,0.05,0.0,0.0,0.0
2026-01-29T21:00,-11.5,80,990.8,100,4.36,18,0.05,0.0,0.0,0.0
2026-01-29T22:00,-11.6,79,991.4,100,4.43,18,0.05,0.0,0.0,0.0
2026-01-29T23:00,-12.0,80,992.2,100,4.05,16,0.05,0.0,0.0,0.0
2026-01-30T00:00,-12.2,79,993.0,99,3.92,19,0.05,0.0,0.0,0.0
2026-01-30T01:00,-12.7,80,993.8,100,3.82,14,0.05,0.0,0.0,0.0
2026-01-30T02:00,-13.1,79,994.4,98,3.98,15,0.05,0.0,0.0,0.0
2026-01-30T03:00,-13.7,81,994.4,99,3.78,7,0.04,0.0,0.0,0.0
2026-01-30T04:00,-14.3,81,994.9,100,3.76,10,0.04,0.0,0.0,0.0
2026-01-30T05:00,-14.6,82,995.5,100,3.88,12,0.04,0.0,0.0,0.0
2026-01-30T06:00,-14.8,81,996.1,100,3.76,14,0.04,0.0,0.0,0.0
2026-01-30T07:00,-15.0,81,997.1,100,3.63,15,0.04,0.0,0.0,0.0
2026-01-30T08:00,-15.5,80,997.7,100,3.54,16,0.04,0.0,0.0,0.0
2026-01-30T09:00,-16.7,79,998.3,100,3.42,15,0.03,5.0,0.0,5.0
2026-01-30T10:00,-16.8,80,998.7,100,3.21,15,0.03,63.0,6.0,57.0
2026-01-30T11:00,-16.5,79,999.0,100,3.17,16,0.04,147.0,31.0,116.0
2026-01-30T12:00,-15.8,77,999.5,100,2.87,13,0.04,226.0,91.0,135.0
2026-01-30T13:00,-15.7,76,999.8,55,2.84,9,0.04,271.0,143.0,128.0
2026-01-30T14:00,-15.4,75,1000.1,0,2.74,9,0.05,278.0,195.0,83.0
2026-01-30T15:00,-14.5,74,1000.3,34,2.85,357,0.05,225.0,158.0,67.0
2026-01-30T16:00,-14.5,73,1000.4,6,3.21,4,0.05,132.0,81.0,51.0
2026-01-30T17:00,-15.0,74,1000.6,92,3.41,14,0.05,32.0,16.0,16.0
2026-01-30T18:00,-15.7,74,1001.1,2,3.45,17,0.05,0.0,0.0,0.0
2026-01-30T19:00,-16.4,75,1001.7,0,3.29,20,0.04,0.0,0.0,0.0
2026-01-30T20:00,-17.2,75,1002.1,0,3.24,20,0.04,0.0,0.0,0.0
2026-01-30T21:00,-17.3,76,1002.1,0,3.13,17,0.04,0.0,0.0,0.0
2026-01-30T22:00,-18.0,77,1002.2,0,3.10,15,0.03,0.0,0.0,0.0
2026-01-30T23:00,-18.7,78,1002.2,0,3.14,14,0.03,0.0,0.0,0.0
2026-01-31T00:00,-19.4,79,1002.3,0,2.97,17,0.03,0.0,0.0,0.0
2026-01-31T01:00,-20.2,80,1002.4,0,2.85,15,0.03,0.0,0.0,0.0
2026-01-31T02:00,-20.9,80,1002.4,62,2.75,16,0.02,0.0,0.0,0.0
2026-01-31T03:00,-19.4,82,1002.4,100,3.00,15,0.02,0.0,0.0,0.0
2026-01-31T04:00,-19.1,82,1002.3,100,3.12,12,0.02,0.0,0.0,0.0
2026-01-31T05:00,-19.1,81,1002.3,100,3.26,11,0.03,0.0,0.0,0.0
2026-01-31T06:00,-19.8,80,1002.4,100,3.44,8,0.03,0.0,0.0,0.0
2026-01-31T07:00,-20.6,79,1002.5,100,3.59,9,0.03,0.0,0.0,0.0
2026-01-31T08:00,-21.2,77,1002.7,0,3.51,11,0.03,0.0,0.0,0.0
2026-01-31T09:00,-20.9,77,1002.6,2,3.67,11,0.03,8.0,3.0,5.0
2026-01-31T10:00,-20.7,77,1002.6,0,3.68,12,0.03,89.0,53.0,36.0
2026-01-31T11:00,-20.2,76,1002.5,2,3.48,12,0.03,192.0,131.0,61.0
2026-01-31T12:00,-18.9,74,1002.3,6,3.64,13,0.04,265.0,191.0,74.0
2026-01-31T13:00,-18.0,74,1002.0,0,4.14,18,0.04,298.0,217.0,81.0
2026-01-31T14:00,-17.8,74,1002.2,0,3.99,15,0.04,286.0,210.0,76.0
2026-01-31T15:00,-17.0,72,1001.3,0,4.21,3,0.05,229.0,163.0,66.0
2026-01-31T16:00,-17.0,74,1001.1,0,4.16,3,0.04,137.0,88.0,49.0
2026-01-31T17:00,-17.1,75,1001.0,0,4.48,7,0.04,34.0,18.0,16.0
2026-01-31T18:00,-17.6,76,1001.1,7,4.63,11,0.04,0.0,0.0,0.0
2026-01-31T19:00,-18.4,78,1001.2,100,4.70,12,0.03,0.0,0.0,0.0
2026-01-31T20:00,-19.0,78,1001.0,100,4.68,10,0.03,0.0,0.0,0.0
2026-01-31T21:00,-18.7,78,1000.2,99,4.69,7,0.03,0.0,0.0,0.0
2026-01-31T22:00,-19.3,76,999.6,100,4.67,5,0.03,0.0,0.0,0.0
2026-01-31T23:00,-20.1,76,999.1,100,4.76,4,0.03,0.0,0.0,0.0
2026-02-01T00:00,-20.7,75,998.7,100,4.90,1,0.03,0.0,0.0,0.0
2026-02-01T01:00,-21.2,75,998.6,100,4.76,4,0.03,0.0,0.0,0.0
2026-02-01T02:00,-21.5,74,998.7,100,4.67,6,0.03,0.0,0.0,0.0
2026-02-01T03:00,-22.0,75,998.5,100,4.80,1,0.03,0.0,0.0,0.0
2026-02-01T04:00,-22.1,76,997.8,100,3.45,341,0.02,0.0,0.0,0.0
2026-02-01T05:00,-21.9,74,997.3,100,5.16,3,0.03,0.0,0.0,0.0
2026-02-01T06:00,-21.6,74,996.9,100,5.30,8,0.03,0.0,0.0,0.0
2026-02-01T07:00,-20.8,74,996.6,100,5.45,7,0.03,0.0,0.0,0.0
2026-02-01T08:00,-20.3,74,996.1,100,5.10,360,0.03,0.0,0.0,0.0
2026-02-01T09:00,-21.5,75,995.8,100,5.35,359,0.03,6.0,0.0,6.0
2026-02-01T10:00,-21.6,77,995.3,100,3.77,338,0.03,57.0,1.0,56.0
2026-02-01T11:00,-21.3,76,994.9,100,3.78,332,0.03,127.0,4.0,123.0
2026-02-01T12:00,-20.8,75,994.7,100,3.89,332,0.03,175.0,6.0,169.0
2026-02-01T13:00,-20.0,75,994.1,100,4.27,342,0.03,197.0,7.0,190.0
2026-02-01T14:00,-19.2,74,993.9,100,3.89,331,0.03,201.0,16.0,185.0
2026-02-01T15:00,-20.4,72,994.7,100,3.76,327,0.03,154.0,5.0,149.0
2026-02-01T16:00,-20.3,71,994.7,100,3.22,330,0.04,97.0,5.0,92.0
2026-02-01T17:00,-20.4,72,994.7,100,3.10,329,0.03,25.0,0.0,25.0
2026-02-01T18:00,-20.5,73,994.3,100,2.91,325,0.03,0.0,0.0,0.0
2026-02-01T19:00,-20.5,74,994.1,100,2.66,320,0.03,0.0,0.0,0.0
2026-02-01T20:00,-20.7,75,993.7,100,2.51,314,0.03,0.0,0.0,0.0
2026-02-01T21:00,-20.2,77,993.1,100,2.47,315,0.03,0.0,0.0,0.0
2026-02-01T22:00,-20.6,78,992.9,100,2.68,307,0.03,0.0,0.0,0.0
2026-02-01T23:00,-20.8,79,992.8,100,2.69,305,0.03,0.0,0.0,0.0
2026-02-02T00:00,-21.0,78,992.7,100,2.56,301,0.03,0.0,0.0,0.0
2026-02-02T01:00,-21.1,78,992.6,100,2.47,291,0.02,0.0,0.0,0.0
2026-02-02T02:00,-20.6,78,992.7,100,2.47,288,0.03,0.0,0.0,0.0
2026-02-02T03:00,-20.9,79,992.3,100,2.44,281,0.02,0.0,0.0,0.0
2026-02-02T04:00,-20.8,79,992.1,100,2.76,275,0.03,0.0,0.0,0.0
2026-02-02T05:00,-20.8,79,991.8,100,2.89,280,0.03,0.0,0.0,0.0
2026-02-02T06:00,-21.0,79,991.5,100,2.85,281,0.02,0.0,0.0,0.0
2026-02-02T07:00,-21.3,78,991.2,100,2.84,279,0.02,0.0,0.0,0.0
2026-02-02T08:00,-21.9,78,991.3,100,2.75,273,0.02,0.0,0.0,0.0
2026-02-02T09:00,-21.8,78,991.5,100,2.80,272,0.02,8.0,1.0,7.0
2026-02-02T10:00,-21.5,78,991.7,100,2.75,267,0.02,78.0,16.0,62.0
2026-02-02T11:00,-20.8,77,991.7,100,2.60,269,0.03,173.0,68.0,105.0
2026-02-02T12:00,-19.9,76,991.6,95,2.18,254,0.03,251.0,132.0,119.0
2026-02-02T13:00,-18.7,74,991.5,100,2.44,255,0.04,285.0,159.0,126.0
2026-02-02T14:00,-17.8,72,991.7,100,2.36,253,0.04,266.0,135.0,131.0
2026-02-02T15:00,-18.2,73,992.0,100,1.72,244,0.04,212.0,96.0,116.0
2026-02-02T16:00,-17.7,73,992.3,100,2.00,248,0.04,109.0,14.0,95.0
2026-02-02T17:00,-18.0,74,992.5,100,2.14,254,0.04,30.0,2.0,28.0
2026-02-02T18:00,-17.6,75,992.8,100,2.38,255,0.04,0.0,0.0,0.0
2026-02-02T19:00,-17.7,77,992.9,100,2.48,245,0.04,0.0,0.0,0.0
2026-02-02T20:00,-17.9,78,992.7,100,2.46,246,0.03,0.0,0.0,0.0
2026-02-02T21:00,-18.5,79,993.1,49,2.18,254,0.03,0.0,0.0,0.0
2026-02-02T22:00,-20.3,80,992.9,16,2.10,242,0.02,0.0,0.0,0.0
2026-02-02T23:00,-21.0,80,993.4,95,2.26,239,0.02,0.0,0.0,0.0
2026-02-03T00:00,-21.0,80,993.7,100,2.39,244,0.02,0.0,0.0,0.0
2026-02-03T01:00,-21.0,81,993.7,84,2.22,256,0.02,0.0,0.0,0.0
2026-02-03T02:00,-21.7,81,993.9,75,2.04,259,0.02,0.0,0.0,0.0
2026-02-03T03:00,-20.2,81,994.2,100,1.91,265,0.02,0.0,0.0,0.0
2026-02-03T04:00,-21.9,79,994.1,1,2.30,268,0.02,0.0,0.0,0.0
2026-02-03T05:00,-22.8,79,994.3,2,2.15,271,0.02,0.0,0.0,0.0
2026-02-03T06:00,-24.0,81,994.7,41,1.71,275,0.02,0.0,0.0,0.0
2026-02-03T07:00,-25.3,80,995.1,90,1.57,279,0.02,0.0,0.0,0.0
2026-02-03T08:00,-25.6,77,995.7,93,2.22,284,0.02,0.0,0.0,0.0
2026-02-03T09:00,-23.2,80,996.2,100,2.42,288,0.02,10.0,1.0,9.0
2026-02-03T10:00,-23.8,79,996.5,83,2.45,287,0.02,86.0,30.0,56.0
2026-02-03T11:00,-23.0,77,997.1,13,2.34,290,0.02,201.0,130.0,71.0
2026-02-03T12:00,-21.6,74,997.6,0,2.14,291,0.03,276.0,195.0,81.0
2026-02-03T13:00,-20.3,72,997.7,0,1.94,282,0.03,310.0,225.0,85.0
2026-02-03T14:00,-19.5,71,998.3,2,2.04,281,0.04,300.0,220.0,80.0
2026-02-03T15:00,-17.1,67,998.4,2,2.01,289,0.05,243.0,171.0,72.0
2026-02-03T16:00,-17.3,71,999.1,4,2.10,295,0.05,151.0,97.0,54.0
2026-02-03T17:00,-18.3,74,999.6,9,2.24,294,0.04,44.0,23.0,21.0
2026-02-03T18:00,-19.0,75,1000.2,13,2.47,291,0.03,0.0,0.0,0.0
2026-02-03T19:00,-19.4,77,1000.7,12,2.66,290,0.03,0.0,0.0,0.0
2026-02-03T20:00,-19.7,77,1001.1,5,2.63,291,0.03,0.0,0.0,0.0
2026-02-03T21:00,-18.6,78,1001.2,19,2.69,292,0.03,0.0,0.0,0.0
2026-02-03T22:00,-19.1,79,1001.4,7,2.55,286,0.03,0.0,0.0,0.0
2026-02-03T23:00,-19.5,80,1001.6,11,2.54,280,0.03,0.0,0.0,0.0
2026-02-04T00:00,-19.8,80,1001.9,10,2.56,276,0.02,0.0,0.0,0.0
2026-02-04T01:00,-20.1,81,1002.4,75,2.60,271,0.02,0.0,0.0,0.0
2026-02-04T02:00,-20.2,81,1002.7,68,2.90,271,0.02,0.0,0.0,0.0
2026-02-04T03:00,-19.9,82,1003.0,99,3.25,280,0.02,0.0,0.0,0.0
2026-02-04T04:00,-19.5,81,1003.2,100,3.10,285,0.02,0.0,0.0,0.0
2026-02-04T05:00,-18.7,81,1003.5,98,3.00,288,0.03,0.0,0.0,0.0
2026-02-04T06:00,-18.0,81,1003.8,98,2.85,292,0.03,0.0,0.0,0.0
2026-02-04T07:00,-17.9,81,1003.9,98,2.77,290,0.03,0.0,0.0,0.0
2026-02-04T08:00,-18.0,81,1004.4,100,2.79,291,0.03,0.0,0.0,0.0
2026-02-04T09:00,-18.2,80,1004.8,99,2.83,291,0.03,11.0,1.0,10.0
2026-02-04T10:00,-18.1,80,1005.3,100,2.72,287,0.03,89.0,28.0,61.0
2026-02-04T11:00,-17.5,78,1005.8,100,2.51,283,0.03,179.0,63.0,116.0
2026-02-04T12:00,-16.1,76,1006.4,100,2.97,297,0.04,220.0,53.0,167.0
2026-02-04T13:00,-15.5,76,1006.5,65,2.48,295,0.04,273.0,114.0,159.0
2026-02-04T14:00,-15.1,74,1006.7,8,1.59,283,0.05,301.0,208.0,93.0
2026-02-04T15:00,-12.8,74,1006.6,55,1.51,264,0.06,249.0,174.0,75.0
2026-02-04T16:00,-13.1,75,1006.7,59,1.85,273,0.06,144.0,72.0,72.0
2026-02-04T17:00,-14.3,79,1007.0,52,1.96,274,0.04,46.0,19.0,27.0
2026-02-04T18:00,-14.0,80,1007.4,99,2.41,283,0.04,0.0,0.0,0.0
2026-02-04T19:00,-13.6,81,1007.7,100,2.41,283,0.04,0.0,0.0,0.0
2026-02-04T20:00,-13.2,82,1008.1,100,2.23,286,0.04,0.0,0.0,0.0
2026-02-04T21:00,-14.9,81,1008.2,100,2.44,296,0.04,0.0,0.0,0.0
2026-02-04T22:00,-15.6,81,1008.3,100,2.04,287,0.04,0.0,0.0,0.0
2026-02-04T23:00,-16.4,82,1008.4,100,1.80,283,0.03,0.0,0.0,0.0
2026-02-05T00:00,-17.3,81,1008.7,91,1.56,276,0.03,0.0,0.0,0.0
2026-02-05T01:00,-19.1,83,1008.9,61,1.70,267,0.02,0.0,0.0,0.0
2026-02-05T02:00,-20.0,82,1009.0,38,1.86,264,0.02,0.0,0.0,0.0
2026-02-05T03:00,-19.6,82,1009.1,100,2.75,251,0.02,0.0,0.0,0.0
2026-02-05T04:00,-19.4,83,1008.9,100,1.85,270,0.02,0.0,0.0,0.0
2026-02-05T05:00,-19.1,82,1009.1,100,2.04,242,0.03,0.0,0.0,0.0
2026-02-05T06:00,-18.9,82,1009.0,100,1.81,242,0.03,0.0,0.0,0.0
2026-02-05T07:00,-18.8,82,1008.9,100,1.55,237,0.03,0.0,0.0,0.0
2026-02-05T08:00,-18.8,82,1009.0,100,1.63,243,0.03,0.0,0.0,0.0
2026-02-05T09:00,-20.5,81,1009.0,100,2.33,245,0.02,11.0,1.0,10.0
2026-02-05T10:00,-19.8,82,1009.2,100,1.81,219,0.02,71.0,2.0,69.0
2026-02-05T11:00,-18.8,81,1009.3,100,0.67,222,0.03,138.0,8.0,130.0
2026-02-05T12:00,-17.5,79,1009.7,100,0.99,221,0.03,201.0,15.0,186.0
2026-02-05T13:00,-16.7,79,1009.7,100,0.98,195,0.04,244.0,55.0,189.0
2026-02-05T14:00,-16.2,79,1009.2,100,1.20,175,0.04,232.0,39.0,193.0
2026-02-05T15:00,-12.5,80,1008.6,100,1.63,157,0.05,183.0,25.0,158.0
2026-02-05T16:00,-12.7,83,1008.1,95,1.52,153,0.04,132.0,40.0,92.0
2026-02-05T17:00,-13.4,84,1008.0,63,1.79,157,0.04,44.0,13.0,31.0
2026-02-05T18:00,-14.4,84,1007.7,40,1.90,162,0.03,0.0,0.0,0.0
2026-02-05T19:00,-15.5,85,1007.2,2,1.79,162,0.03,0.0,0.0,0.0
2026-02-05T20:00,-17.7,90,1006.8,0,1.69,161,0.02,0.0,0.0,0.0
2026-02-05T21:00,-16.6,84,1006.6,79,2.37,155,0.03,0.0,0.0,0.0
2026-02-05T22:00,-17.5,84,1006.3,100,2.13,156,0.02,0.0,0.0,0.0
2026-02-05T23:00,-17.0,83,1006.0,100,2.27,158,0.03,0.0,0.0,0.0
2026-02-06T00:00,-17.0,82,1005.8,100,2.21,162,0.03,0.0,0.0,0.0
2026-02-06T01:00,-17.1,83,1005.6,100,2.17,165,0.03,0.0,0.0,0.0
2026-02-06T02:00,-17.4,82,1005.2,100,2.01,166,0.03,0.0,0.0,0.0
2026-02-06T03:00,-17.4,83,1004.7,100,1.88,158,0.03,0.0,0.0,0.0
2026-02-06T04:00,-17.7,81,1004.0,100,2.15,152,0.03,0.0,0.0,0.0
2026-02-06T05:00,-18.0,81,1003.6,100,2.30,153,0.03,0.0,0.0,0.0
2026-02-06T06:00,-18.1,81,1003.3,100,2.33,155,0.03,0.0,0.0,0.0
2026-02-06T07:00,-18.1,80,1002.9,100,2.25,148,0.03,0.0,0.0,0.0
2026-02-06T08:00,-18.0,80,1002.6,100,2.29,148,0.03,0.0,0.0,0.0
2026-02-06T09:00,-16.8,82,1002.5,100,2.33,152,0.03,12.0,0.0,12.0
2026-02-06T10:00,-16.5,81,1002.4,100,2.11,144,0.03,74.0,1.0,73.0
2026-02-06T11:00,-15.9,80,1002.0,100,2.23,140,0.04,148.0,19.0,129.0
2026-02-06T12:00,-15.0,80,1001.9,100,2.09,132,0.04,133.0,2.0,131.0
2026-02-06T13:00,-14.4,80,1001.6,100,2.17,119,0.04,145.0,4.0,141.0
2026-02-06T14:00,-13.8,81,1001.3,100,1.79,113,0.04,150.0,1.0,149.0
2026-02-06T15:00,-12.1,77,1000.4,100,1.82,99,0.06,141.0,1.0,140.0
2026-02-06T16:00,-12.2,78,999.9,100,2.55,130,0.05,129.0,24.0,105.0
2026-02-06T17:00,-12.4,79,999.2,100,2.76,134,0.05,43.0,3.0,40.0
2026-02-06T18:00,-12.8,80,998.9,100,2.66,139,0.05,0.0,0.0,0.0
2026-02-06T19:00,-13.0,81,999.0,100,2.34,140,0.04,0.0,0.0,0.0
2026-02-06T20:00,-12.6,82,998.3,100,2.71,142,0.04,0.0,0.0,0.0
2026-02-06T21:00,-12.1,83,997.7,100,2.70,141,0.04,0.0,0.0,0.0
2026-02-06T22:00,-12.1,83,997.4,100,2.68,143,0.04,0.0,0.0,0.0
2026-02-06T23:00,-12.0,83,997.3,100,2.69,149,0.04,0.0,0.0,0.0
2026-02-07T00:00,-12.0,82,997.2,100,2.86,155,0.04,0.0,0.0,0.0
2026-02-07T01:00,-12.1,82,996.8,100,2.33,155,0.04,0.0,0.0,0.0
2026-02-07T02:00,-12.2,83,996.5,100,1.60,129,0.04,0.0,0.0,0.0
2026-02-07T03:00,-13.9,83,995.8,100,1.49,130,0.03,0.0,0.0,0.0
2026-02-07T04:00,-13.6,84,995.5,100,1.79,126,0.03,0.0,0.0,0.0
2026-02-07T05:00,-13.5,85,995.0,100,1.87,134,0.03,0.0,0.0,0.0
2026-02-07T06:00,-14.0,84,994.6,100,1.43,126,0.03,0.0,0.0,0.0
2026-02-07T07:00,-14.0,85,994.3,99,1.46,128,0.03,0.0,0.0,0.0
2026-02-07T08:00,-15.4,86,993.9,100,1.17,121,0.03,0.0,0.0,0.0
2026-02-07T09:00,-14.8,89,993.8,100,1.11,98,0.02,15.0,1.0,14.0
2026-02-07T10:00,-13.5,87,993.8,100,1.20,92,0.03,88.0,9.0,79.0
2026-02-07T11:00,-12.8,85,993.4,100,1.42,100,0.03,177.0,45.0,132.0
2026-02-07T12:00,-11.8,84,993.2,100,1.10,93,0.04,230.0,51.0,179.0
2026-02-07T13:00,-11.3,83,992.7,100,1.01,81,0.04,247.0,34.0,213.0
2026-02-07T14:00,-10.9,83,992.1,99,1.01,57,0.04,207.0,11.0,196.0
2026-02-07T15:00,-11.0,81,991.6,20,0.92,29,0.05,182.0,10.0,172.0
2026-02-07T16:00,-11.6,80,991.3,45,0.81,22,0.05,148.0,65.0,83.0
2026-02-07T17:00,-12.7,81,991.0,42,1.25,23,0.05,54.0,21.0,33.0
2026-02-07T18:00,-14.0,83,990.9,67,1.54,36,0.03,1.0,0.0,1.0
2026-02-07T19:00,-14.2,84,991.0,77,1.50,37,0.03,0.0,0.0,0.0
2026-02-07T20:00,-12.7,82,991.1,100,1.46,31,0.04,0.0,0.0,0.0
2026-02-07T21:00,-10.9,82,991.1,100,2.04,25,0.05,0.0,0.0,0.0
2026-02-07T22:00,-10.4,83,991.0,100,2.32,19,0.05,0.0,0.0,0.0
2026-02-07T23:00,-10.1,84,990.7,100,2.52,14,0.05,0.0,0.0,0.0
2026-02-08T00:00,-9.9,85,990.6,100,2.81,12,0.04,0.0,0.0,0.0
2026-02-08T01:00,-10.0,85,990.7,100,2.90,11,0.04,0.0,0.0,0.0
2026-02-08T02:00,-10.2,85,990.9,100,3.02,16,0.04,0.0,0.0,0.0
2026-02-08T03:00,-10.4,85,991.1,100,3.20,14,0.04,0.0,0.0,0.0
2026-02-08T04:00,-10.8,85,990.9,100,3.48,12,0.04,0.0,0.0,0.0
2026-02-08T05:00,-11.4,84,991.1,100,3.80,9,0.04,0.0,0.0,0.0
2026-02-08T06:00,-11.8,83,991.1,100,4.03,7,0.04,0.0,0.0,0.0
2026-02-08T07:00,-12.3,82,991.4,100,4.08,7,0.04,0.0,0.0,0.0
2026-02-08T08:00,-12.8,80,991.7,100,4.01,4,0.05,0.0,0.0,0.0
2026-02-08T09:00,-12.8,81,992.0,100,4.15,2,0.04,15.0,0.0,15.0
2026-02-08T10:00,-12.9,80,992.2,100,4.15,1,0.05,81.0,5.0,76.0
2026-02-08T11:00,-13.5,80,992.7,100,4.13,353,0.04,150.0,7.0,143.0
2026-02-08T12:00,-13.6,78,992.9,100,4.35,2,0.05,208.0,19.0,189.0
2026-02-08T13:00,-13.0,77,993.0,100,4.51,4,0.05,250.0,37.0,213.0
2026-02-08T14:00,-12.5,77,993.1,100,4.56,356,0.05,270.0,84.0,186.0
2026-02-08T15:00,-12.5,76,993.4,99,4.00,351,0.06,228.0,72.0,156.0
2026-02-08T16:00,-12.4,76,993.8,100,4.22,354,0.06,131.0,19.0,112.0
2026-02-08T17:00,-12.2,77,994.1,100,4.50,358,0.06,44.0,3.0,41.0
2026-02-08T18:00,-12.3,77,994.5,100,4.61,4,0.05,1.0,0.0,1.0
2026-02-08T19:00,-12.5,78,995.0,100,4.36,4,0.05,0.0,0.0,0.0
2026-02-08T20:00,-12.6,77,995.3,100,4.22,5,0.05,0.0,0.0,0.0
2026-02-08T21:00,-12.4,78,995.4,100,4.11,5,0.05,0.0,0.0,0.0
2026-02-08T22:00,-12.3,78,995.5,100,3.91,4,0.05,0.0,0.0,0.0
2026-02-08T23:00,-11.9,78,995.7,100,3.60,2,0.05,0.0,0.0,0.0
2026-02-09T00:00,-11.6,79,995.8,100,3.26,356,0.05,0.0,0.0,0.0
2026-02-09T01:00,-11.4,78,995.9,99,3.14,351,0.06,0.0,0.0,0.0
2026-02-09T02:00,-11.4,79,995.8,100,2.83,343,0.05,0.0,0.0,0.0
2026-02-09T03:00,-11.0,81,995.3,100,2.96,330,0.05,0.0,0.0,0.0
2026-02-09T04:00,-11.0,81,995.1,100,3.23,321,0.05,0.0,0.0,0.0
2026-02-09T05:00,-11.1,81,994.9,100,3.44,324,0.05,0.0,0.0,0.0
2026-02-09T06:00,-11.4,81,995.0,100,3.10,322,0.05,0.0,0.0,0.0
2026-02-09T07:00,-11.5,82,994.9,100,3.11,315,0.05,0.0,0.0,0.0
2026-02-09T08:00,-11.8,82,995.1,100,3.15,314,0.05,0.0,0.0,0.0
2026-02-09T09:00,-11.5,83,994.8,100,3.15,313,0.04,14.0,0.0,14.0
2026-02-09T10:00,-11.6,82,995.0,100,3.32,316,0.04,81.0,3.0,78.0
2026-02-09T11:00,-11.6,81,995.0,100,3.54,312,0.05,143.0,8.0,135.0
2026-02-09T12:00,-11.5,80,995.0,100,3.64,307,0.05,189.0,11.0,178.0
2026-02-09T13:00,-11.3,79,994.9,100,3.78,299,0.05,226.0,26.0,200.0
2026-02-09T14:00,-11.1,79,994.5,100,4.07,298,0.06,221.0,35.0,186.0
2026-02-09T15:00,-10.8,78,993.8,91,3.43,286,0.06,189.0,22.0,167.0
2026-02-09T16:00,-10.5,78,993.8,100,3.11,281,0.06,152.0,47.0,105.0
2026-02-09T17:00,-10.1,79,993.4,100,3.47,276,0.06,46.0,2.0,44.0
2026-02-09T18:00,-10.1,81,993.2,100,3.59,279,0.06,1.0,0.0,1.0
2026-02-09T19:00,-10.1,82,993.2,100,3.64,279,0.05,0.0,0.0,0.0
2026-02-09T20:00,-10.4,82,993.1,100,4.05,283,0.05,0.0,0.0,0.0
2026-02-09T21:00,-10.6,82,992.2,100,3.90,280,0.05,0.0,0.0,0.0
2026-02-09T22:00,-10.4,81,991.8,100,3.98,288,0.05,0.0,0.0,0.0
2026-02-09T23:00,-10.5,80,991.8,100,3.92,289,0.06,0.0,0.0,0.0
2026-02-10T00:00,-10.8,80,991.6,100,3.64,286,0.05,0.0,0.0,0.0
2026-02-10T01:00,-10.9,81,991.8,100,3.67,285,0.05,0.0,0.0,0.0
2026-02-10T02:00,-11.0,81,991.9,100,3.75,286,0.05,0.0,0.0,0.0
2026-02-10T03:00,-11.2,82,991.2,100,3.36,285,0.05,0.0,0.0,0.0
2026-02-10T04:00,-11.3,82,990.9,100,3.46,281,0.05,0.0,0.0,0.0
2026-02-10T05:00,-12.0,82,990.8,100,3.27,281,0.04,0.0,0.0,0.0
2026-02-10T06:00,-11.8,83,990.8,100,3.28,282,0.04,0.0,0.0,0.0
2026-02-10T07:00,-11.6,82,990.9,100,3.25,284,0.04,0.0,0.0,0.0
2026-02-10T08:00,-11.5,82,991.1,100,3.18,286,0.05,0.0,0.0,0.0
2026-02-10T09:00,-10.9,83,991.3,100,3.04,290,0.05,19.0,2.0,17.0
2026-02-10T10:00,-10.6,83,991.4,100,2.94,288,0.05,89.0,4.0,85.0
2026-02-10T11:00,-10.2,82,991.9,100,2.83,283,0.05,168.0,13.0,155.0
2026-02-10T12:00,-9.8,81,992.1,100,2.93,279,0.06,246.0,45.0,201.0
2026-02-10T13:00,-9.4,80,992.1,100,2.83,278,0.06,260.0,40.0,220.0
2026-02-10T14:00,-9.0,76,991.9,100,2.80,286,0.08,251.0,47.0,204.0
2026-02-10T15:00,-8.5,74,991.9,100,2.22,284,0.08,184.0,10.0,174.0
2026-02-10T16:00,-8.6,74,991.8,100,1.66,265,0.08,120.0,8.0,112.0
2026-02-10T17:00,-8.9,76,991.8,100,1.41,243,0.07,46.0,1.0,45.0
2026-02-10T18:00,-9.6,79,991.6,100,1.82,233,0.06,2.0,0.0,2.0
2026-02-10T19:00,-10.2,81,991.8,100,2.24,231,0.05,0.0,0.0,0.0
2026-02-10T20:00,-11.1,82,991.6,100,2.40,234,0.05,0.0,0.0,0.0
2026-02-10T21:00,-10.5,80,991.5,100,2.34,230,0.06,0.0,0.0,0.0
2026-02-10T22:00,-12.6,81,991.0,100,2.13,221,0.04,0.0,0.0,0.0
2026-02-10T23:00,-13.5,81,990.8,100,2.17,209,0.04,0.0,0.0,0.0
2026-02-11T00:00,-14.0,80,990.2,99,2.32,199,0.04,0.0,0.0,0.0
2026-02-11T01:00,-14.6,78,989.8,100,2.59,199,0.04,0.0,0.0,0.0
2026-02-11T02:00,-15.1,76,989.6,100,2.53,202,0.05,0.0,0.0,0.0
2026-02-11T03:00,-15.2,78,989.4,100,2.67,186,0.04,0.0,0.0,0.0
2026-02-11T04:00,-15.6,76,988.4,99,2.67,186,0.04,0.0,0.0,0.0
2026-02-11T05:00,-15.7,73,987.7,91,3.12,192,0.05,0.0,0.0,0.0
2026-02-11T06:00,-15.6,70,987.1,98,3.51,200,0.06,0.0,0.0,0.0
2026-02-11T07:00,-15.2,68,986.6,100,3.58,203,0.06,0.0,0.0,0.0
2026-02-11T08:00,-13.1,67,986.1,100,3.61,211,0.07,0.0,0.0,0.0
2026-02-11T09:00,-12.0,68,985.6,100,3.83,211,0.08,13.0,2.0,11.0
2026-02-11T10:00,-11.3,70,985.1,100,4.05,213,0.08,56.0,0.0,56.0
2026-02-11T11:00,-10.6,73,985.2,100,4.17,218,0.07,104.0,0.0,104.0
2026-02-11T12:00,-10.0,76,985.0,100,3.92,218,0.07,105.0,2.0,103.0
2026-02-11T13:00,-9.1,79,984.8,100,3.61,214,0.07,155.0,0.0,155.0
2026-02-11T14:00,-8.6,80,984.5,100,3.36,217,0.07,135.0,0.0,135.0
2026-02-11T15:00,-8.5,81,983.9,100,2.69,204,0.06,111.0,0.0,111.0
2026-02-11T16:00,-7.6,80,983.6,100,3.08,216,0.07,78.0,1.0,77.0
2026-02-11T17:00,-7.0,82,983.5,100,3.19,212,0.07,33.0,0.0,33.0
2026-02-11T18:00,-6.6,83,983.0,100,3.20,207,0.06,1.0,0.0,1.0
2026-02-11T19:00,-6.0,83,982.8,100,3.40,210,0.07,0.0,0.0,0.0
2026-02-11T20:00,-5.6,84,982.7,100,3.58,213,0.06,0.0,0.0,0.0
2026-02-11T21:00,-5.6,84,982.1,100,3.58,207,0.06,0.0,0.0,0.0
2026-02-11T22:00,-5.4,85,981.7,100,3.62,206,0.06,0.0,0.0,0.0
2026-02-11T23:00,-5.4,85,981.5,100,3.65,205,0.06,0.0,0.0,0.0
2026-02-12T00:00,-5.5,84,981.4,100,3.87,205,0.06,0.0,0.0,0.0
2026-02-12T01:00,-5.7,86,981.5,100,3.85,206,0.06,0.0,0.0,0.0
2026-02-12T02:00,-5.7,86,980.9,100,3.90,203,0.06,0.0,0.0,0.0
2026-02-12T03:00,-6.5,87,980.5,100,3.75,196,0.05,0.0,0.0,0.0
2026-02-12T04:00,-6.3,87,979.8,100,3.73,200,0.05,0.0,0.0,0.0
2026-02-12T05:00,-6.1,86,979.2,100,3.64,201,0.05,0.0,0.0,0.0
2026-02-12T06:00,-5.9,87,978.7,100,3.54,199,0.05,0.0,0.0,0.0
2026-02-12T07:00,-5.6,88,978.5,100,3.41,194,0.05,0.0,0.0,0.0
2026-02-12T08:00,-5.3,88,978.2,100,3.50,194,0.05,0.0,0.0,0.0
2026-02-12T09:00,-5.4,89,977.6,100,3.45,190,0.05,9.0,0.0,9.0
2026-02-12T10:00,-5.1,89,977.4,100,3.49,189,0.05,45.0,0.0,45.0
2026-02-12T11:00,-4.7,88,977.1,100,3.36,184,0.05,83.0,0.0,83.0
2026-02-12T12:00,-4.2,87,976.9,100,3.27,174,0.06,130.0,0.0,130.0
2026-02-12T13:00,-3.9,88,976.6,100,3.26,176,0.06,127.0,0.0,127.0
2026-02-12T14:00,-3.5,88,976.1,100,3.66,190,0.06,114.0,0.0,114.0
2026-02-12T15:00,-3.8,90,975.7,100,3.25,178,0.05,85.0,0.0,85.0
2026-02-12T16:00,-3.6,89,975.6,100,3.11,184,0.05,57.0,0.0,57.0
2026-02-12T17:00,-3.4,89,975.5,100,2.84,189,0.05,30.0,0.0,30.0
2026-02-12T18:00,-3.1,89,975.6,100,2.52,194,0.05,2.0,0.0,2.0
2026-02-12T19:00,-2.8,89,975.8,100,2.35,192,0.05,0.0,0.0,0.0
2026-02-12T20:00,-2.6,90,975.9,100,2.13,189,0.05,0.0,0.0,0.0
2026-02-12T21:00,-3.1,92,976.2,100,1.75,183,0.04,0.0,0.0,0.0
2026-02-12T22:00,-3.0,92,976.2,100,1.87,172,0.04,0.0,0.0,0.0
2026-02-12T23:00,-2.8,92,976.5,100,1.77,172,0.04,0.0,0.0,0.0
2026-02-13T00:00,-2.7,93,976.6,100,1.69,168,0.04,0.0,0.0,0.0
2026-02-13T01:00,-2.4,93,976.6,100,1.55,159,0.04,0.0,0.0,0.0
2026-02-13T02:00,-2.3,94,976.4,100,1.38,139,0.03,0.0,0.0,0.0
2026-02-13T03:00,-2.6,95,976.3,100,1.98,124,0.02,0.0,0.0,0.0
2026-02-13T04:00,-2.3,96,976.1,100,2.12,133,0.02,0.0,0.0,0.0
2026-02-13T05:00,-2.0,96,975.7,100,1.91,123,0.02,0.0,0.0,0.0
2026-02-13T06:00,-1.6,96,975.5,100,1.97,126,0.02,0.0,0.0,0.0
2026-02-13T07:00,-1.2,96,975.4,100,1.80,136,0.02,0.0,0.0,0.0
2026-02-13T08:00,-0.7,97,975.5,100,1.50,143,0.02,0.0,0.0,0.0
2026-02-13T09:00,-1.0,97,975.6,100,1.10,137,0.02,8.0,0.0,8.0
2026-02-13T10:00,-0.4,96,976.1,100,1.06,172,0.02,42.0,0.0,42.0
2026-02-13T11:00,0.6,94,976.4,100,1.44,200,0.04,115.0,1.0,114.0
2026-02-13T12:00,1.0,93,977.0,100,1.41,203,0.04,154.0,0.0,154.0
2026-02-13T13:00,1.2,93,977.4,100,1.48,192,0.05,165.0,1.0,164.0
2026-02-13T14:00,1.4,92,977.5,100,1.40,176,0.05,158.0,7.0,151.0
2026-02-13T15:00,1.3,92,977.9,100,1.20,180,0.05,122.0,0.0,122.0
2026-02-13T16:00,1.1,93,977.9,100,1.50,159,0.04,78.0,0.0,78.0
2026-02-13T17:00,1.0,94,977.9,100,1.75,149,0.04,24.0,0.0,24.0
2026-02-13T18:00,1.0,95,977.9,100,1.90,145,0.03,2.0,0.0,2.0
2026-02-13T19:00,1.2,95,978.1,100,1.97,150,0.04,0.0,0.0,0.0
2026-02-13T20:00,1.3,94,978.2,100,2.30,153,0.04,0.0,0.0,0.0
2026-02-13T21:00,1.4,95,978.1,100,2.10,155,0.03,0.0,0.0,0.0
2026-02-13T22:00,1.5,95,978.0,100,2.42,156,0.03,0.0,0.0,0.0
2026-02-13T23:00,1.6,95,977.9,100,3.16,162,0.03,0.0,0.0,0.0
2026-02-14T00:00,1.7,95,978.1,100,3.55,170,0.03,0.0,0.0,0.0
2026-02-14T01:00,1.7,93,978.1,100,3.77,169,0.05,0.0,0.0,0.0
2026-02-14T02:00,1.6,91,978.1,100,3.72,174,0.06,0.0,0.0,0.0
2026-02-14T03:00,0.7,93,977.9,100,2.96,168,0.04,0.0,0.0,0.0
2026-02-14T04:00,0.6,95,977.9,100,3.27,173,0.03,0.0,0.0,0.0
2026-02-14T05:00,0.8,98,977.9,100,3.40,170,0.02,0.0,0.0,0.0
2026-02-14T06:00,0.5,100,978.0,100,3.31,169,0.00,0.0,0.0,0.0
2026-02-14T07:00,0.4,99,977.8,100,3.17,168,0.00,0.0,0.0,0.0
2026-02-14T08:00,0.4,99,978.0,100,3.35,170,0.00,0.0,0.0,0.0
2026-02-14T09:00,0.6,99,977.8,100,3.15,177,0.01,16.0,0.0,16.0
2026-02-14T10:00,0.8,97,978.1,100,2.95,182,0.02,60.0,0.0,60.0
2026-02-14T11:00,0.9,96,978.7,100,3.37,187,0.03,91.0,0.0,91.0
2026-02-14T12:00,1.1,95,978.8,100,3.12,192,0.03,107.0,0.0,107.0
2026-02-14T13:00,1.2,94,978.7,100,2.34,196,0.04,114.0,0.0,114.0
2026-02-14T14:00,1.2,94,978.9,100,1.76,195,0.04,110.0,0.0,110.0
2026-02-14T15:00,0.7,94,978.8,100,1.03,166,0.04,96.0,0.0,96.0
2026-02-14T16:00,0.7,95,979.0,100,1.35,138,0.03,85.0,0.0,85.0
2026-02-14T17:00,0.6,95,979.1,100,0.96,137,0.03,31.0,0.0,31.0
2026-02-14T18:00,0.5,96,979.5,100,0.85,135,0.02,2.0,0.0,2.0
2026-02-14T19:00,0.3,98,979.6,100,0.25,360,0.01,0.0,0.0,0.0
2026-02-14T20:00,0.1,99,979.5,100,0.66,9,0.01,0.0,0.0,0.0
2026-02-14T21:00,0.2,99,979.5,100,1.56,353,0.00,0.0,0.0,0.0
2026-02-14T22:00,0.3,99,979.4,100,1.85,3,0.01,0.0,0.0,0.0
2026-02-14T23:00,0.4,98,979.5,100,2.10,360,0.01,0.0,0.0,0.0
2026-02-15T00:00,0.4,97,979.7,100,2.07,352,0.02,0.0,0.0,0.0
2026-02-15T01:00,-0.2,97,980.4,100,3.59,339,0.02,0.0,0.0,0.0
2026-02-15T02:00,-2.7,96,981.2,100,3.78,336,0.02,0.0,0.0,0.0
2026-02-15T03:00,-4.8,93,982.5,100,3.66,328,0.03,0.0,0.0,0.0
2026-02-15T04:00,-6.7,89,983.2,100,3.55,328,0.04,0.0,0.0,0.0
2026-02-15T05:00,-7.6,87,984.1,100,3.49,322,0.04,0.0,0.0,0.0
2026-02-15T06:00,-8.4,86,985.0,100,3.55,321,0.05,0.0,0.0,0.0
2026-02-15T07:00,-9.1,85,986.0,100,3.50,316,0.05,0.0,0.0,0.0
2026-02-15T08:00,-9.6,84,987.0,100,3.65,311,0.05,0.0,0.0,0.0
2026-02-15T09:00,-9.5,83,988.1,100,3.43,312,0.05,21.0,0.0,21.0
2026-02-15T10:00,-9.8,82,988.8,100,3.48,310,0.05,109.0,5.0,104.0
2026-02-15T11:00,-10.1,81,989.6,100,3.41,309,0.05,183.0,17.0,166.0
2026-02-15T12:00,-10.3,80,990.0,100,3.23,309,0.06,254.0,39.0,215.0
2026-02-15T13:00,-10.2,79,990.6,100,3.36,300,0.06,295.0,72.0,223.0
2026-02-15T14:00,-10.2,77,991.5,100,3.50,292,0.06,281.0,59.0,222.0
2026-02-15T15:00,-9.7,75,992.1,100,3.40,303,0.07,210.0,17.0,193.0
2026-02-15T16:00,-10.1,75,992.5,100,3.12,311,0.07,166.0,30.0,136.0
2026-02-15T17:00,-10.5,75,992.7,100,2.69,315,0.07,70.0,6.0,64.0
2026-02-15T18:00,-11.1,76,993.6,100,2.83,314,0.06,7.0,0.0,7.0
2026-02-15T19:00,-11.9,76,994.5,100,3.09,321,0.06,0.0,0.0,0.0
2026-02-15T20:00,-12.9,78,994.5,100,2.82,330,0.05,0.0,0.0,0.0
2026-02-15T21:00,-12.4,77,994.4,100,2.55,337,0.05,0.0,0.0,0.0
2026-02-15T22:00,-13.2,78,994.4,100,1.77,338,0.05,0.0,0.0,0.0
2026-02-15T23:00,-14.2,80,995.1,100,1.42,312,0.04,0.0,0.0,0.0
2026-02-16T00:00,-14.4,81,994.8,100,1.79,342,0.04,0.0,0.0,0.0
2026-02-16T01:00,-14.8,81,994.3,100,2.00,1,0.04,0.0,0.0,0.0
2026-02-16T02:00,-14.7,80,994.1,100,2.72,13,0.04,0.0,0.0,0.0
2026-02-16T03:00,-14.4,77,993.8,100,2.48,19,0.05,0.0,0.0,0.0
2026-02-16T04:00,-14.5,77,993.0,100,2.66,28,0.05,0.0,0.0,0.0
2026-02-16T05:00,-14.4,76,992.5,100,2.84,39,0.05,0.0,0.0,0.0
2026-02-16T06:00,-14.2,75,991.5,100,3.43,44,0.05,0.0,0.0,0.0
2026-02-16T07:00,-14.1,74,991.0,100,3.61,47,0.05,0.0,0.0,0.0
2026-02-16T08:00,-14.2,74,990.3,100,4.03,45,0.05,0.0,0.0,0.0
2026-02-16T09:00,-13.5,74,989.5,100,4.24,47,0.06,24.0,0.0,24.0
2026-02-16T10:00,-13.6,75,988.1,100,4.18,37,0.05,70.0,0.0,70.0
2026-02-16T11:00,-13.8,75,986.0,100,4.55,31,0.05,131.0,0.0,131.0
2026-02-16T12:00,-13.6,76,984.5,100,4.23,24,0.05,168.0,0.0,168.0
2026-02-16T13:00,-13.5,76,983.9,100,3.98,18,0.05,136.0,0.0,136.0
2026-02-16T14:00,-13.3,77,983.0,100,4.44,8,0.05,137.0,0.0,137.0
2026-02-16T15:00,-12.1,75,981.9,100,5.39,13,0.06,136.0,0.0,136.0
2026-02-16T16:00,-12.2,74,981.1,100,6.63,21,0.06,80.0,0.0,80.0
2026-02-16T17:00,-12.3,75,980.8,100,6.46,22,0.06,39.0,0.0,39.0
2026-02-16T18:00,-12.2,74,980.9,100,6.34,17,0.06,4.0,0.0,4.0
2026-02-16T19:00,-12.0,73,981.3,100,6.13,12,0.07,0.0,0.0,0.0
2026-02-16T20:00,-11.9,71,981.6,100,5.90,8,0.07,0.0,0.0,0.0
2026-02-16T21:00,-11.9,69,981.9,100,5.45,1,0.08,0.0,0.0,0.0
2026-02-16T22:00,-12.2,67,982.8,100,5.12,354,0.08,0.0,0.0,0.0
2026-02-16T23:00,-12.6,66,983.6,100,5.03,350,0.08,0.0,0.0,0.0
2026-02-17T00:00,-13.2,69,984.5,100,4.70,348,0.07,0.0,0.0,0.0
2026-02-17T01:00,-13.6,70,985.4,100,4.59,344,0.06,0.0,0.0,0.0
2026-02-17T02:00,-14.3,72,986.4,100,4.44,343,0.06,0.0,0.0,0.0
2026-02-17T03:00,-15.2,72,986.9,20,4.23,336,0.05,0.0,0.0,0.0
2026-02-17T04:00,-15.9,73,987.4,0,3.97,337,0.05,0.0,0.0,0.0
2026-02-17T05:00,-16.6,76,988.1,28,3.91,339,0.04,0.0,0.0,0.0
2026-02-17T06:00,-17.2,81,988.8,100,3.87,343,0.03,0.0,0.0,0.0
2026-02-17T07:00,-16.7,82,989.4,100,3.99,348,0.03,0.0,0.0,0.0
2026-02-17T08:00,-16.2,81,990.6,100,3.54,347,0.03,0.0,0.0,0.0
2026-02-17T09:00,-16.6,80,992.2,100,2.91,344,0.03,42.0,7.0,35.0
2026-02-17T10:00,-16.1,79,993.2,100,2.62,336,0.04,160.0,68.0,92.0
2026-02-17T11:00,-15.4,78,994.0,100,2.90,339,0.04,274.0,144.0,130.0
2026-02-17T12:00,-14.4,77,994.6,100,3.13,335,0.05,343.0,174.0,169.0
2026-02-17T13:00,-13.5,77,995.3,100,3.09,335,0.05,383.0,206.0,177.0
2026-02-17T14:00,-12.9,77,995.8,100,2.87,331,0.05,355.0,171.0,184.0
2026-02-17T15:00,-11.4,77,996.3,100,2.50,327,0.06,303.0,142.0,161.0
2026-02-17T16:00,-11.2,77,997.1,98,1.96,322,0.06,199.0,71.0,128.0
2026-02-17T17:00,-11.3,78,997.5,100,1.76,325,0.06,86.0,12.0,74.0
2026-02-17T18:00,-11.8,80,997.9,100,1.68,330,0.05,9.0,0.0,9.0
2026-02-17T19:00,-11.9,80,998.3,98,2.06,342,0.05,0.0,0.0,0.0
2026-02-17T20:00,-12.7,82,998.5,69,1.77,352,0.04,0.0,0.0,0.0
2026-02-17T21:00,-14.1,84,999.1,23,0.72,335,0.03,0.0,0.0,0.0
2026-02-17T22:00,-16.2,89,999.5,16,0.64,315,0.02,0.0,0.0,0.0
2026-02-17T23:00,-17.9,95,999.5,0,0.93,324,0.01,0.0,0.0,0.0
2026-02-18T00:00,-19.1,93,1000.0,62,0.49,315,0.01,0.0,0.0,0.0
2026-02-18T01:00,-20.6,88,1000.2,89,0.54,326,0.01,0.0,0.0,0.0
2026-02-18T02:00,-21.0,82,1000.4,97,0.47,342,0.02,0.0,0.0,0.0
2026-02-18T03:00,-21.2,82,1001.1,99,0.21,346,0.02,0.0,0.0,0.0
2026-02-18T04:00,-22.0,82,1001.1,100,0.18,34,0.02,0.0,0.0,0.0
2026-02-18T05:00,-21.6,81,1001.8,100,0.10,360,0.02,0.0,0.0,0.0
2026-02-18T06:00,-21.5,81,1002.2,100,0.30,351,0.02,0.0,0.0,0.0
2026-02-18T07:00,-21.4,81,1002.1,100,0.67,27,0.02,0.0,0.0,0.0
2026-02-18T08:00,-21.2,81,1002.5,100,0.88,133,0.02,0.0,0.0,0.0
2026-02-18T09:00,-20.7,80,1003.1,100,0.78,40,0.02,36.0,2.0,34.0
2026-02-18T10:00,-19.6,81,1003.5,100,0.97,102,0.02,113.0,8.0,105.0
2026-02-18T11:00,-19.1,84,1003.6,100,0.93,106,0.02,192.0,18.0,174.0
2026-02-18T12:00,-18.5,84,1003.7,100,0.80,94,0.02,244.0,14.0,230.0
2026-02-18T13:00,-18.0,84,1003.7,100,0.72,102,0.02,287.0,38.0,249.0
2026-02-18T14:00,-17.2,85,1003.6,100,0.75,94,0.02,295.0,43.0,252.0
2026-02-18T15:00,-10.2,75,1002.8,100,1.15,88,0.07,227.0,8.0,219.0
2026-02-18T16:00,-10.1,77,1002.5,100,1.49,70,0.07,176.0,25.0,151.0
2026-02-18T17:00,-11.4,79,1001.9,100,1.50,64,0.05,91.0,16.0,75.0
2026-02-18T18:00,-13.7,85,1001.5,100,2.01,76,0.03,12.0,1.0,11.0
2026-02-18T19:00,-13.0,83,1001.5,100,2.15,93,0.04,0.0,0.0,0.0
2026-02-18T20:00,-12.2,79,1001.3,100,2.65,90,0.05,0.0,0.0,0.0
2026-02-18T21:00,-11.6,77,1000.7,100,2.85,91,0.06,0.0,0.0,0.0
2026-02-18T22:00,-11.5,76,1000.2,100,3.16,94,0.06,0.0,0.0,0.0
2026-02-18T23:00,-11.5,75,999.5,100,3.31,93,0.06,0.0,0.0,0.0
2026-02-19T00:00,-11.2,74,999.4,100,3.26,94,0.07,0.0,0.0,0.0
2026-02-19T01:00,-11.0,73,998.7,100,3.35,92,0.07,0.0,0.0,0.0
2026-02-19T02:00,-10.7,72,997.7,100,3.55,88,0.08,0.0,0.0,0.0
2026-02-19T03:00,-10.2,73,996.8,100,3.90,89,0.08,0.0,0.0,0.0
2026-02-19T04:00,-9.8,75,994.8,100,4.70,89,0.07,0.0,0.0,0.0
2026-02-19T05:00,-9.4,76,993.5,100,5.09,97,0.07,0.0,0.0,0.0
2026-02-19T06:00,-8.9,78,992.5,100,5.53,103,0.07,0.0,0.0,0.0
2026-02-19T07:00,-8.5,80,991.4,100,5.25,108,0.07,0.0,0.0,0.0
2026-02-19T08:00,-8.1,80,991.5,100,4.46,120,0.07,0.0,0.0,0.0
2026-02-19T09:00,-6.9,82,989.9,100,5.24,119,0.06,13.0,0.0,13.0
2026-02-19T10:00,-6.4,83,988.6,100,5.94,121,0.06,47.0,0.0,47.0
2026-02-19T11:00,-5.8,84,988.2,100,5.56,131,0.06,95.0,0.0,95.0
2026-02-19T12:00,-5.6,84,987.9,100,5.42,132,0.06,110.0,0.0,110.0
2026-02-19T13:00,-5.5,85,987.3,100,5.52,134,0.06,123.0,0.0,123.0
2026-02-19T14:00,-5.3,85,986.5,100,5.16,135,0.06,161.0,0.0,161.0
2026-02-19T15:00,-6.4,84,986.8,100,4.53,136,0.06,82.0,0.0,82.0
2026-02-19T16:00,-6.1,84,986.9,100,4.17,142,0.06,67.0,0.0,67.0
2026-02-19T17:00,-5.9,85,986.8,100,3.85,142,0.06,39.0,0.0,39.0
2026-02-19T18:00,-5.7,87,986.8,100,3.31,142,0.05,4.0,0.0,4.0
2026-02-19T19:00,-5.6,88,986.8,100,2.77,141,0.05,0.0,0.0,0.0
2026-02-19T20:00,-5.6,90,986.5,100,2.69,133,0.04,0.0,0.0,0.0
2026-02-19T21:00,-5.4,90,986.8,100,2.59,140,0.04,0.0,0.0,0.0
2026-02-19T22:00,-5.5,90,986.8,100,2.28,142,0.04,0.0,0.0,0.0
2026-02-19T23:00,-5.7,91,986.9,100,2.12,146,0.04,0.0,0.0,0.0
2026-02-20T00:00,-5.8,91,986.8,100,1.70,156,0.04,0.0,0.0,0.0
2026-02-20T01:00,-5.9,91,987.2,100,1.66,185,0.03,0.0,0.0,0.0
2026-02-20T02:00,-6.0,92,987.3,100,1.78,212,0.03,0.0,0.0,0.0
2026-02-20T03:00,-6.1,91,986.9,100,2.65,259,0.04,0.0,0.0,0.0
2026-02-20T04:00,-6.7,88,987.4,100,3.40,268,0.04,0.0,0.0,0.0
2026-02-20T05:00,-7.8,86,988.0,100,3.46,265,0.05,0.0,0.0,0.0
2026-02-20T06:00,-8.9,86,988.5,100,3.34,261,0.04,0.0,0.0,0.0
2026-02-20T07:00,-9.5,86,989.2,100,3.39,262,0.04,0.0,0.0,0.0
2026-02-20T08:00,-9.8,86,989.9,100,3.40,260,0.04,1.0,0.0,1.0
2026-02-20T09:00,-9.5,85,990.1,100,3.39,262,0.05,42.0,0.0,42.0
2026-02-20T10:00,-9.4,83,990.4,100,3.28,262,0.05,130.0,6.0,124.0
2026-02-20T11:00,-9.0,81,990.8,100,3.41,265,0.06,208.0,10.0,198.0
2026-02-20T12:00,-8.6,80,991.2,100,3.42,258,0.07,269.0,21.0,248.0
2026-02-20T13:00,-8.1,78,991.2,100,3.87,256,0.07,293.0,14.0,279.0
2026-02-20T14:00,-7.8,78,991.5,100,4.28,256,0.07,267.0,4.0,263.0
2026-02-20T15:00,-7.8,77,991.8,100,4.05,261,0.08,207.0,4.0,203.0
2026-02-20T16:00,-8.0,76,992.3,100,4.06,266,0.08,154.0,5.0,149.0
2026-02-20T17:00,-8.2,77,992.5,100,4.16,266,0.08,75.0,2.0,73.0
2026-02-20T18:00,-8.3,78,992.5,100,4.21,266,0.07,11.0,0.0,11.0
2026-02-20T19:00,-8.2,79,992.9,100,4.35,269,0.07,0.0,0.0,0.0
2026-02-20T20:00,-8.2,79,993.1,100,4.55,272,0.07,0.0,0.0,0.0
2026-02-20T21:00,-7.9,78,993.2,100,4.63,276,0.08,0.0,0.0,0.0
2026-02-20T22:00,-7.8,79,993.2,100,4.50,273,0.07,0.0,0.0,0.0
2026-02-20T23:00,-7.6,79,993.0,100,4.81,273,0.07,0.0,0.0,0.0
2026-02-21T00:00,-7.7,79,993.2,100,5.11,273,0.07,0.0,0.0,0.0
2026-02-21T01:00,-7.7,78,993.5,100,5.22,279,0.08,0.0,0.0,0.0
2026-02-21T02:00,-7.8,78,993.9,100,5.06,282,0.07,0.0,0.0,0.0
2026-02-21T03:00,-8.8,79,994.3,100,4.86,285,0.07,0.0,0.0,0.0
2026-02-21T04:00,-8.9,79,994.7,100,4.65,291,0.07,0.0,0.0,0.0
2026-02-21T05:00,-8.9,79,995.7,100,4.39,299,0.07,0.0,0.0,0.0
2026-02-21T06:00,-9.0,79,996.5,100,3.98,298,0.07,0.0,0.0,0.0
2026-02-21T07:00,-8.9,80,997.1,100,3.79,293,0.06,0.0,0.0,0.0
2026-02-21T08:00,-8.4,81,997.6,100,3.94,290,0.06,1.0,0.0,1.0
2026-02-21T09:00,-7.2,81,998.1,100,4.45,295,0.07,40.0,0.0,40.0
2026-02-21T10:00,-6.3,82,998.9,100,4.68,295,0.07,106.0,3.0,103.0
2026-02-21T11:00,-5.3,82,999.5,100,3.94,288,0.07,196.0,20.0,176.0
2026-02-21T12:00,-4.5,80,1000.1,100,4.50,293,0.09,260.0,19.0,241.0
2026-02-21T13:00,-3.7,77,1000.4,2,4.02,287,0.11,324.0,58.0,266.0
2026-02-21T14:00,-3.6,72,1000.9,6,3.77,281,0.13,418.0,309.0,109.0
2026-02-21T15:00,-3.0,67,1001.1,5,3.15,271,0.16,356.0,268.0,88.0
2026-02-21T16:00,-2.9,67,1001.5,9,3.45,268,0.16,256.0,180.0,76.0
2026-02-21T17:00,-3.2,68,1001.5,1,3.20,267,0.15,130.0,80.0,50.0
2026-02-21T18:00,-4.2,72,1001.5,9,3.06,255,0.13,20.0,9.0,11.0
2026-02-21T19:00,-4.7,74,1001.9,28,3.52,255,0.11,0.0,0.0,0.0
2026-02-21T20:00,-5.1,75,1002.2,70,3.61,260,0.11,0.0,0.0,0.0
2026-02-21T21:00,-4.4,74,1001.9,100,3.47,258,0.12,0.0,0.0,0.0
2026-02-21T22:00,-4.5,74,1001.8,80,3.47,255,0.12,0.0,0.0,0.0
2026-02-21T23:00,-5.1,74,1001.7,95,3.28,249,0.11,0.0,0.0,0.0
2026-02-22T00:00,-5.4,74,1001.6,96,3.35,243,0.11,0.0,0.0,0.0
2026-02-22T01:00,-5.5,74,1001.4,98,3.38,236,0.11,0.0,0.0,0.0
2026-02-22T02:00,-5.9,73,1001.1,100,3.36,223,0.11,0.0,0.0,0.0
2026-02-22T03:00,-6.1,74,1000.4,100,3.57,211,0.10,0.0,0.0,0.0
2026-02-22T04:00,-5.8,73,999.4,100,3.88,210,0.11,0.0,0.0,0.0
2026-02-22T05:00,-5.6,71,998.7,100,4.06,210,0.12,0.0,0.0,0.0
2026-02-22T06:00,-5.3,69,997.8,100,4.59,215,0.13,0.0,0.0,0.0
2026-02-22T07:00,-5.2,68,997.1,100,4.64,217,0.13,0.0,0.0,0.0
2026-02-22T08:00,-5.4,68,996.4,100,4.63,215,0.13,2.0,0.0,2.0
2026-02-22T09:00,-5.3,63,995.4,100,5.15,210,0.15,66.0,10.0,56.0
2026-02-22T10:00,-5.0,62,994.5,100,5.27,210,0.16,184.0,68.0,116.0
2026-02-22T11:00,-4.1,60,993.8,100,5.35,215,0.18,292.0,150.0,142.0
2026-02-22T12:00,-3.3,60,993.3,100,5.96,215,0.19,322.0,104.0,218.0
2026-02-22T13:00,-3.0,61,992.3,100,6.74,215,0.19,320.0,44.0,276.0
2026-02-22T14:00,-2.9,66,991.6,100,6.69,218,0.17,228.0,2.0,226.0
2026-02-22T15:00,-1.7,71,990.4,100,5.76,216,0.15,133.0,0.0,133.0
2026-02-22T16:00,-1.5,76,989.5,100,5.97,219,0.13,99.0,0.0,99.0
2026-02-22T17:00,-1.5,81,989.1,100,6.16,222,0.10,44.0,0.0,44.0
2026-02-22T18:00,-1.7,85,988.7,100,5.80,224,0.08,6.0,0.0,6.0
2026-02-22T19:00,-1.8,87,988.6,100,5.77,227,0.07,0.0,0.0,0.0
2026-02-22T20:00,-1.6,87,988.8,100,5.53,233,0.07,0.0,0.0,0.0
2026-02-22T21:00,-1.0,87,988.9,100,5.24,237,0.08,0.0,0.0,0.0
2026-02-22T22:00,-0.9,86,989.1,100,4.98,236,0.08,0.0,0.0,0.0
2026-02-22T23:00,-0.9,87,989.1,91,5.91,245,0.07,0.0,0.0,0.0
2026-02-23T00:00,-1.2,84,989.5,50,5.28,255,0.09,0.0,0.0,0.0
2026-02-23T01:00,-1.4,76,990.0,100,5.15,262,0.13,0.0,0.0,0.0
2026-02-23T02:00,-2.0,76,990.7,100,4.70,253,0.13,0.0,0.0,0.0
2026-02-23T03:00,-2.3,68,991.0,66,4.25,250,0.17,0.0,0.0,0.0
2026-02-23T04:00,-3.3,72,991.3,39,3.68,248,0.14,0.0,0.0,0.0
2026-02-23T05:00,-4.7,77,991.5,73,3.78,246,0.10,0.0,0.0,0.0
2026-02-23T06:00,-5.4,80,991.9,100,3.99,250,0.08,0.0,0.0,0.0
2026-02-23T07:00,-4.9,82,992.1,100,3.99,258,0.08,0.0,0.0,0.0
2026-02-23T08:00,-4.9,83,992.7,84,3.62,264,0.07,3.0,0.0,3.0
2026-02-23T09:00,-4.6,81,993.1,17,2.80,251,0.08,71.0,20.0,51.0
2026-02-23T10:00,-5.1,83,993.7,100,2.71,245,0.07,214.0,143.0,71.0
2026-02-23T11:00,-4.9,83,994.2,100,2.53,243,0.07,319.0,203.0,116.0
2026-02-23T12:00,-4.4,81,994.6,100,2.05,236,0.08,378.0,196.0,182.0
2026-02-23T13:00,-3.8,78,994.8,100,1.53,232,0.10,407.0,203.0,204.0
2026-02-23T14:00,-3.3,77,994.7,100,1.07,217,0.11,384.0,171.0,213.0
2026-02-23T15:00,-2.7,62,994.5,100,0.72,192,0.19,308.0,93.0,215.0
2026-02-23T16:00,-3.2,62,994.6,40,0.51,151,0.19,231.0,85.0,146.0
2026-02-23T17:00,-5.5,66,994.6,67,0.85,130,0.14,136.0,72.0,64.0
2026-02-23T18:00,-7.3,73,994.3,1,1.74,139,0.10,24.0,8.0,16.0
2026-02-23T19:00,-8.7,77,994.3,36,1.97,156,0.07,0.0,0.0,0.0
2026-02-23T20:00,-9.5,79,994.3,97,1.93,163,0.06,0.0,0.0,0.0
2026-02-23T21:00,-9.7,85,994.1,100,1.99,141,0.04,0.0,0.0,0.0
2026-02-23T22:00,-10.4,89,994.2,100,1.88,130,0.03,0.0,0.0,0.0
2026-02-23T23:00,-11.1,93,994.0,100,1.67,129,0.02,0.0,0.0,0.0
2026-02-24T00:00,-11.1,95,994.0,100,1.72,120,0.01,0.0,0.0,0.0
2026-02-24T01:00,-10.5,95,994.2,100,1.83,125,0.01,0.0,0.0,0.0
2026-02-24T02:00,-9.7,95,994.1,100,1.81,114,0.02,0.0,0.0,0.0
2026-02-24T03:00,-10.4,96,993.8,100,1.86,96,0.01,0.0,0.0,0.0
2026-02-24T04:00,-8.1,94,993.8,100,2.30,94,0.02,0.0,0.0,0.0
2026-02-24T05:00,-6.5,95,993.8,100,2.80,88,0.02,0.0,0.0,0.0
2026-02-24T06:00,-5.6,94,993.5,100,2.95,89,0.02,0.0,0.0,0.0
2026-02-24T07:00,-5.1,93,993.6,100,3.06,101,0.03,0.0,0.0,0.0
2026-02-24T08:00,-5.0,92,993.7,100,3.19,104,0.04,2.0,0.0,2.0
2026-02-24T09:00,-5.0,92,993.9,100,3.40,104,0.04,41.0,0.0,41.0
2026-02-24T10:00,-5.0,90,994.1,100,3.28,106,0.04,106.0,0.0,106.0
2026-02-24T11:00,-5.0,89,993.9,100,3.65,99,0.05,172.0,0.0,172.0
2026-02-24T12:00,-4.8,89,993.9,100,3.46,94,0.05,214.0,0.0,214.0
2026-02-24T13:00,-4.6,88,994.0,100,3.63,98,0.05,209.0,0.0,209.0
2026-02-24T14:00,-4.6,88,993.9,100,3.46,95,0.05,157.0,0.0,157.0
2026-02-24T15:00,-4.4,89,993.6,100,3.25,93,0.05,111.0,0.0,111.0
2026-02-24T16:00,-4.5,89,993.7,100,3.31,95,0.05,87.0,0.0,87.0
2026-02-24T17:00,-4.7,89,994.0,100,3.18,98,0.05,36.0,0.0,36.0
2026-02-24T18:00,-4.7,90,994.2,100,3.21,94,0.05,8.0,0.0,8.0
2026-02-24T19:00,-4.8,90,994.5,100,3.41,93,0.04,0.0,0.0,0.0
2026-02-24T20:00,-4.9,90,994.5,100,3.46,93,0.04,0.0,0.0,0.0
2026-02-24T21:00,-5.0,90,994.9,100,3.21,94,0.04,0.0,0.0,0.0
2026-02-24T22:00,-5.2,90,995.2,100,3.05,93,0.04,0.0,0.0,0.0
2026-02-24T23:00,-5.3,90,995.1,100,3.05,92,0.04,0.0,0.0,0.0
2026-02-25T00:00,-5.4,91,995.0,100,3.00,88,0.04,0.0,0.0,0.0
2026-02-25T01:00,-5.5,91,994.7,100,2.86,86,0.04,0.0,0.0,0.0
2026-02-25T02:00,-5.5,91,994.6,100,2.73,82,0.04,0.0,0.0,0.0
2026-02-25T03:00,-6.4,91,995.0,100,2.38,75,0.03,0.0,0.0,0.0
2026-02-25T04:00,-6.3,91,994.8,100,2.39,74,0.04,0.0,0.0,0.0
2026-02-25T05:00,-6.3,91,994.9,100,2.15,65,0.03,0.0,0.0,0.0
2026-02-25T06:00,-6.2,91,995.3,100,2.16,56,0.03,0.0,0.0,0.0
2026-02-25T07:00,-6.1,91,995.6,100,2.18,53,0.03,0.0,0.0,0.0
2026-02-25T08:00,-6.1,92,995.9,100,2.25,53,0.03,2.0,0.0,2.0
2026-02-25T09:00,-6.0,92,996.6,100,2.22,54,0.03,36.0,0.0,36.0
2026-02-25T10:00,-5.8,91,996.9,100,2.02,44,0.04,82.0,0.0,82.0
2026-02-25T11:00,-5.4,91,997.2,100,2.09,44,0.04,149.0,2.0,147.0
2026-02-25T12:00,-4.9,90,997.7,100,2.16,42,0.04,199.0,1.0,198.0
2026-02-25T13:00,-4.5,89,998.4,100,2.18,37,0.05,185.0,0.0,185.0
2026-02-25T14:00,-4.1,88,998.8,100,2.30,34,0.05,172.0,0.0,172.0
2026-02-25T15:00,-4.7,86,999.8,100,2.31,30,0.06,137.0,0.0,137.0
2026-02-25T16:00,-4.6,88,1000.3,100,2.08,24,0.05,97.0,0.0,97.0
2026-02-25T17:00,-4.6,87,1001.2,100,2.12,19,0.06,54.0,0.0,54.0
2026-02-25T18:00,-4.7,87,1002.1,100,2.39,20,0.06,13.0,0.0,13.0
2026-02-25T19:00,-4.9,88,1002.6,100,2.49,22,0.05,0.0,0.0,0.0
2026-02-25T20:00,-5.1,88,1003.2,100,2.42,27,0.05,0.0,0.0,0.0
2026-02-25T21:00,-5.2,88,1004.1,100,2.25,17,0.05,0.0,0.0,0.0
2026-02-25T22:00,-5.5,88,1005.1,100,2.30,4,0.05,0.0,0.0,0.0
2026-02-25T23:00,-5.7,89,1005.6,100,2.40,2,0.05,0.0,0.0,0.0
2026-02-26T00:00,-6.0,89,1006.0,100,2.35,4,0.04,0.0,0.0,0.0
2026-02-26T01:00,-6.6,90,1006.2,100,2.45,358,0.04,0.0,0.0,0.0
2026-02-26T02:00,-7.4,90,1006.9,100,2.31,354,0.04,0.0,0.0,0.0
2026-02-26T03:00,-8.0,90,1007.6,100,2.38,352,0.03,0.0,0.0,0.0
2026-02-26T04:00,-7.5,90,1007.9,100,2.40,358,0.03,0.0,0.0,0.0
2026-02-26T05:00,-7.2,89,1008.7,100,2.40,4,0.04,0.0,0.0,0.0
2026-02-26T06:00,-7.2,89,1009.3,100,2.35,2,0.04,0.0,0.0,0.0
2026-02-26T07:00,-7.3,89,1010.0,100,2.51,5,0.04,0.0,0.0,0.0
2026-02-26T08:00,-7.5,88,1010.3,100,2.34,11,0.04,4.0,0.0,4.0
2026-02-26T09:00,-6.7,89,1010.7,100,2.23,9,0.04,57.0,4.0,53.0
2026-02-26T10:00,-6.8,90,1011.1,100,2.20,12,0.04,130.0,4.0,126.0
2026-02-26T11:00,-6.7,88,1011.4,100,2.06,29,0.04,201.0,11.0,190.0
2026-02-26T12:00,-6.4,87,1011.8,100,1.63,27,0.05,261.0,37.0,224.0
2026-02-26T13:00,-6.1,86,1012.0,100,1.35,4,0.05,278.0,17.0,261.0
2026-02-26T14:00,-5.8,85,1012.0,100,1.49,346,0.06,265.0,13.0,252.0
2026-02-26T15:00,-5.1,83,1012.1,100,2.00,1,0.07,245.0,18.0,227.0
2026-02-26T16:00,-5.0,82,1012.1,100,1.76,7,0.08,177.0,8.0,169.0
2026-02-26T17:00,-5.0,85,1012.2,100,1.10,357,0.07,96.0,3.0,93.0
2026-02-26T18:00,-5.4,86,1012.4,100,1.14,337,0.06,20.0,0.0,20.0
2026-02-26T19:00,-5.8,88,1012.5,100,0.85,3,0.05,0.0,0.0,0.0
2026-02-26T20:00,-6.0,87,1012.8,100,0.78,27,0.05,0.0,0.0,0.0
2026-02-26T21:00,-5.4,86,1012.9,100,0.93,74,0.06,0.0,0.0,0.0
2026-02-26T22:00,-5.4,87,1012.8,100,1.42,100,0.05,0.0,0.0,0.0
2026-02-26T23:00,-5.6,88,1012.3,100,1.63,133,0.05,0.0,0.0,0.0
2026-02-27T00:00,-5.5,88,1012.2,100,1.83,154,0.05,0.0,0.0,0.0
2026-02-27T01:00,-5.6,89,1012.1,100,1.70,177,0.04,0.0,0.0,0.0
2026-02-27T02:00,-5.6,89,1012.1,100,1.80,199,0.04,0.0,0.0,0.0
2026-02-27T03:00,-5.4,89,1012.0,100,1.77,209,0.04,0.0,0.0,0.0
2026-02-27T04:00,-5.6,90,1011.8,100,1.68,207,0.04,0.0,0.0,0.0
2026-02-27T05:00,-5.6,90,1011.4,100,1.96,184,0.04,0.0,0.0,0.0
2026-02-27T06:00,-5.4,90,1011.3,100,2.59,208,0.04,0.0,0.0,0.0
2026-02-27T07:00,-5.7,89,1011.3,100,3.09,214,0.04,0.0,0.0,0.0
2026-02-27T08:00,-5.8,89,1010.8,100,3.13,207,0.04,4.0,0.0,4.0
2026-02-27T09:00,-5.3,90,1010.6,100,3.56,208,0.04,48.0,0.0,48.0
2026-02-27T10:00,-5.4,90,1010.6,100,3.38,207,0.04,95.0,0.0,95.0
2026-02-27T11:00,-5.0,89,1010.2,100,3.58,207,0.05,186.0,3.0,183.0
2026-02-27T12:00,-4.5,87,1009.7,100,4.07,208,0.06,279.0,12.0,267.0
2026-02-27T13:00,-4.2,87,1009.4,100,3.71,206,0.06,224.0,7.0,217.0
2026-02-27T14:00,-3.8,86,1009.2,100,3.64,217,0.07,208.0,2.0,206.0
2026-02-27T15:00,-2.8,85,1008.3,100,3.38,207,0.07,185.0,0.0,185.0
2026-02-27T16:00,-2.7,86,1007.6,100,3.58,203,0.07,121.0,0.0,121.0
2026-02-27T17:00,-2.6,86,1007.1,100,3.50,211,0.07,55.0,0.0,55.0
2026-02-27T18:00,-2.5,86,1006.5,100,4.07,212,0.07,15.0,0.0,15.0
2026-02-27T19:00,-2.3,86,1006.3,100,4.24,218,0.08,0.0,0.0,0.0
2026-02-27T20:00,-2.3,85,1006.1,100,4.25,229,0.08,0.0,0.0,0.0
2026-02-27T21:00,-1.5,83,1004.6,100,4.60,224,0.09,0.0,0.0,0.0
2026-02-27T22:00,-1.5,83,1004.2,100,4.54,229,0.10,0.0,0.0,0.0
2026-02-27T23:00,-1.3,83,1003.9,100,4.41,235,0.09,0.0,0.0,0.0
2026-02-28T00:00,-1.2,83,1003.4,100,4.52,235,0.09,0.0,0.0,0.0
2026-02-28T01:00,-1.1,83,1003.5,100,4.25,238,0.10,0.0,0.0,0.0
2026-02-28T02:00,-1.1,83,1003.3,100,4.27,237,0.09,0.0,0.0,0.0
2026-02-28T03:00,-1.5,80,1003.0,100,3.91,231,0.11,0.0,0.0,0.0
2026-02-28T04:00,-1.5,81,1002.4,100,3.99,236,0.11,0.0,0.0,0.0
2026-02-28T05:00,-1.7,82,1001.8,100,4.06,240,0.10,0.0,0.0,0.0
2026-02-28T06:00,-1.6,82,1001.6,99,4.16,241,0.10,0.0,0.0,0.0
2026-02-28T07:00,-2.0,84,1001.3,100,3.96,242,0.09,0.0,0.0,0.0
2026-02-28T08:00,-1.6,84,1001.0,100,4.02,243,0.09,7.0,0.0,7.0
2026-02-28T09:00,-0.8,85,1000.7,100,3.91,245,0.08,58.0,0.0,58.0
2026-02-28T10:00,-0.2,85,1000.7,100,3.47,243,0.09,77.0,0.0,77.0
2026-02-28T11:00,0.6,85,1000.6,100,3.72,246,0.10,131.0,1.0,130.0
2026-02-28T12:00,0.8,85,1000.3,100,3.99,250,0.10,188.0,2.0,186.0
2026-02-28T13:00,1.2,85,1000.1,100,3.51,253,0.10,150.0,0.0,150.0
2026-02-28T14:00,1.6,85,999.9,100,3.36,259,0.11,143.0,0.0,143.0
2026-02-28T15:00,1.2,86,999.9,100,3.15,252,0.09,135.0,0.0,135.0
2026-02-28T16:00,1.4,86,1000.0,100,3.26,259,0.10,79.0,0.0,79.0
2026-02-28T17:00,1.5,87,1000.0,100,3.09,261,0.09,47.0,0.0,47.0
2026-02-28T18:00,1.6,88,1000.1,100,3.01,264,0.08,16.0,0.0,16.0
2026-02-28T19:00,1.7,89,1000.4,100,2.90,267,0.07,0.0,0.0,0.0
2026-02-28T20:00,1.7,91,1000.4,100,2.95,269,0.06,0.0,0.0,0.0
2026-02-28T21:00,1.8,92,1000.4,100,2.65,271,0.06,0.0,0.0,0.0
2026-02-28T22:00,1.7,93,1000.3,100,2.50,270,0.05,0.0,0.0,0.0
2026-02-28T23:00,1.7,93,1000.2,100,2.50,268,0.05,0.0,0.0,0.0
2026-03-01T00:00,1.8,94,1000.1,100,2.60,271,0.04,0.0,0.0,0.0
2026-03-01T01:00,1.9,94,1000.4,100,2.52,277,0.04,0.0,0.0,0.0
2026-03-01T02:00,1.9,94,1000.5,99,2.40,282,0.04,0.0,0.0,0.0
2026-03-01T03:00,1.6,94,1000.7,100,1.92,277,0.04,0.0,0.0,0.0
2026-03-01T04:00,1.5,95,1000.5,100,1.88,281,0.04,0.0,0.0,0.0
2026-03-01T05:00,1.4,95,1000.3,100,1.70,273,0.03,0.0,0.0,0.0
2026-03-01T06:00,1.3,95,1000.5,100,1.45,274,0.03,0.0,0.0,0.0
2026-03-01T07:00,1.2,96,1000.7,100,1.20,265,0.02,0.0,0.0,0.0
2026-03-01T08:00,1.1,97,1000.8,100,1.24,256,0.02,5.0,0.0,5.0
2026-03-01T09:00,1.3,97,1000.7,100,1.12,249,0.02,37.0,0.0,37.0
2026-03-01T10:00,1.4,96,1000.9,100,0.87,239,0.02,84.0,0.0,84.0
2026-03-01T11:00,1.7,95,1000.9,100,0.67,207,0.04,145.0,0.0,145.0
2026-03-01T12:00,2.1,93,1000.9,100,0.65,212,0.05,226.0,0.0,226.0
2026-03-01T13:00,2.2,91,1000.7,100,0.61,171,0.06,185.0,0.0,185.0
2026-03-01T14:00,2.2,91,1000.3,100,0.87,149,0.06,151.0,0.0,151.0
2026-03-01T15:00,2.2,89,1000.5,98,0.69,150,0.08,93.0,0.0,93.0
2026-03-01T16:00,2.2,88,1000.5,99,0.89,142,0.08,188.0,27.0,161.0
2026-03-01T17:00,1.8,91,1000.2,98,1.55,147,0.06,92.0,14.0,78.0
2026-03-01T18:00,1.5,92,999.7,100,1.73,170,0.05,26.0,1.0,25.0
2026-03-01T19:00,1.6,92,999.6,100,1.63,169,0.06,0.0,0.0,0.0
2026-03-01T20:00,1.7,91,999.2,100,1.76,160,0.06,0.0,0.0,0.0
2026-03-01T21:00,2.2,90,998.4,100,2.01,161,0.07,0.0,0.0,0.0
2026-03-01T22:00,2.1,90,997.7,99,2.16,167,0.07,0.0,0.0,0.0
2026-03-01T23:00,1.6,89,996.7,98,2.11,173,0.07,0.0,0.0,0.0
2026-03-02T00:00,1.0,88,996.2,100,2.00,177,0.08,0.0,0.0,0.0
2026-03-02T01:00,0.9,88,995.5,100,2.24,190,0.08,0.0,0.0,0.0
2026-03-02T02:00,0.9,88,994.8,100,2.23,196,0.08,0.0,0.0,0.0
2026-03-02T03:00,1.5,86,994.0,100,2.22,194,0.09,0.0,0.0,0.0
2026-03-02T04:00,1.1,87,993.2,100,2.33,215,0.08,0.0,0.0,0.0
2026-03-02T05:00,0.9,88,992.5,100,2.59,230,0.08,0.0,0.0,0.0
2026-03-02T06:00,0.6,89,992.1,100,2.89,242,0.07,0.0,0.0,0.0
2026-03-02T07:00,0.3,90,991.6,100,3.04,253,0.06,0.0,0.0,0.0
2026-03-02T08:00,0.1,92,991.1,100,3.07,258,0.05,11.0,0.0,11.0
2026-03-02T09:00,0.9,93,991.0,100,2.99,260,0.05,82.0,3.0,79.0
2026-03-02T10:00,1.4,93,990.7,100,2.84,261,0.05,143.0,5.0,138.0
2026-03-02T11:00,2.1,91,990.5,100,2.76,265,0.06,205.0,2.0,203.0
2026-03-02T12:00,2.5,91,990.4,100,2.90,272,0.07,203.0,2.0,201.0
2026-03-02T13:00,2.4,91,990.2,100,3.03,278,0.06,137.0,0.0,137.0
2026-03-02T14:00,2.4,91,990.3,100,3.22,282,0.06,154.0,0.0,154.0
2026-03-02T15:00,2.1,94,990.7,100,2.87,283,0.04,160.0,0.0,160.0
2026-03-02T16:00,1.6,94,990.7,100,3.65,283,0.04,107.0,0.0,107.0
2026-03-02T17:00,1.0,96,990.7,100,3.82,297,0.02,51.0,0.0,51.0
2026-03-02T18:00,1.0,96,990.7,100,3.83,299,0.03,17.0,0.0,17.0
2026-03-02T19:00,1.1,95,990.9,100,4.12,306,0.03,0.0,0.0,0.0
2026-03-02T20:00,1.0,94,991.0,100,3.95,305,0.04,0.0,0.0,0.0
2026-03-02T21:00,0.9,96,991.2,100,3.62,298,0.03,0.0,0.0,0.0
2026-03-02T22:00,0.9,96,991.0,100,3.45,300,0.03,0.0,0.0,0.0
2026-03-02T23:00,0.9,96,991.0,100,3.32,301,0.03,0.0,0.0,0.0
2026-03-03T00:00,0.9,95,991.0,100,3.34,310,0.03,0.0,0.0,0.0
2026-03-03T01:00,0.9,95,991.0,100,3.66,320,0.03,0.0,0.0,0.0
2026-03-03T02:00,0.9,95,991.3,100,3.69,319,0.03,0.0,0.0,0.0
2026-03-03T03:00,0.8,93,991.6,100,3.18,314,0.05,0.0,0.0,0.0
2026-03-03T04:00,0.8,94,991.7,100,3.30,319,0.04,0.0,0.0,0.0
2026-03-03T05:00,0.8,95,991.9,100,3.33,327,0.03,0.0,0.0,0.0
2026-03-03T06:00,0.7,95,992.3,100,3.53,339,0.03,0.0,0.0,0.0
2026-03-03T07:00,0.6,94,992.9,100,3.74,348,0.04,0.0,0.0,0.0
2026-03-03T08:00,0.2,93,993.3,100,3.75,347,0.04,8.0,0.0,8.0
2026-03-03T09:00,0.3,92,994.0,100,3.70,344,0.05,65.0,0.0,65.0
2026-03-03T10:00,0.5,91,994.5,100,3.58,345,0.06,127.0,4.0,123.0
2026-03-03T11:00,0.6,89,995.0,100,3.54,344,0.07,156.0,0.0,156.0
2026-03-03T12:00,0.7,88,995.6,100,3.76,346,0.08,220.0,6.0,214.0
2026-03-03T13:00,0.7,87,996.2,100,3.89,347,0.08,252.0,4.0,248.0
2026-03-03T14:00,0.8,86,996.6,100,3.32,342,0.09,221.0,2.0,219.0
2026-03-03T15:00,0.6,83,997.0,100,2.94,342,0.11,173.0,0.0,173.0
2026-03-03T16:00,0.9,80,997.3,100,2.98,337,0.13,149.0,4.0,145.0
2026-03-03T17:00,0.6,80,997.8,100,3.35,333,0.13,84.0,0.0,84.0
2026-03-03T18:00,0.3,81,998.3,100,3.38,333,0.12,22.0,0.0,22.0
2026-03-03T19:00,0.1,82,998.9,100,2.71,344,0.11,0.0,0.0,0.0
2026-03-03T20:00,-0.3,86,999.1,100,2.47,342,0.08,0.0,0.0,0.0
2026-03-03T21:00,0.4,86,998.7,64,3.20,346,0.09,0.0,0.0,0.0
2026-03-03T22:00,-0.6,81,998.7,56,2.53,351,0.11,0.0,0.0,0.0
2026-03-03T23:00,-1.1,81,998.8,95,1.97,353,0.11,0.0,0.0,0.0
2026-03-04T00:00,-1.6,86,999.1,100,1.80,326,0.08,0.0,0.0,0.0
2026-03-04T01:00,-2.0,88,999.2,100,1.35,321,0.06,0.0,0.0,0.0
2026-03-04T02:00,-2.1,89,999.2,100,1.14,308,0.06,0.0,0.0,0.0
2026-03-04T03:00,-3.1,88,998.9,100,0.98,294,0.06,0.0,0.0,0.0
2026-03-04T04:00,-3.1,89,998.6,100,0.95,270,0.05,0.0,0.0,0.0
2026-03-04T05:00,-3.4,90,998.1,100,0.34,207,0.05,0.0,0.0,0.0
2026-03-04T06:00,-3.3,91,997.5,100,1.40,178,0.04,0.0,0.0,0.0
2026-03-04T07:00,-2.9,90,996.9,100,2.00,183,0.05,0.0,0.0,0.0
2026-03-04T08:00,-2.8,91,996.3,100,2.26,186,0.05,11.0,0.0,11.0
2026-03-04T09:00,-1.7,90,995.1,100,2.32,187,0.05,78.0,3.0,75.0
2026-03-04T10:00,-1.2,88,994.3,100,2.81,192,0.07,100.0,0.0,100.0
2026-03-04T11:00,-1.1,89,993.3,100,3.41,191,0.06,126.0,0.0,126.0
2026-03-04T12:00,-0.9,91,992.3,100,3.41,194,0.05,116.0,0.0,116.0
2026-03-04T13:00,-0.7,95,991.5,100,3.30,190,0.03,114.0,0.0,114.0
2026-03-04T14:00,-0.2,93,990.4,100,3.10,201,0.04,96.0,0.0,96.0
2026-03-04T15:00,-0.2,93,989.7,100,2.84,206,0.04,88.0,0.0,88.0
2026-03-04T16:00,0.2,93,988.9,100,2.52,219,0.05,114.0,0.0,114.0
2026-03-04T17:00,0.5,92,988.4,100,2.21,242,0.05,56.0,0.0,56.0
2026-03-04T18:00,0.6,92,988.2,94,2.58,261,0.05,16.0,0.0,16.0
2026-03-04T19:00,0.6,91,988.1,100,2.66,286,0.06,0.0,0.0,0.0
2026-03-04T20:00,0.7,89,987.8,100,3.01,291,0.07,0.0,0.0,0.0
2026-03-04T21:00,0.8,87,987.4,99,3.30,302,0.08,0.0,0.0,0.0
2026-03-04T22:00,1.0,89,987.1,98,3.74,293,0.07,0.0,0.0,0.0
2026-03-04T23:00,1.0,88,987.2,100,3.33,298,0.08,0.0,0.0,0.0
2026-03-05T00:00,0.2,89,987.1,45,2.69,292,0.07,0.0,0.0,0.0
2026-03-05T01:00,-1.0,90,987.2,98,2.77,287,0.06,0.0,0.0,0.0
2026-03-05T02:00,-1.3,90,986.9,98,2.74,285,0.06,0.0,0.0,0.0
2026-03-05T03:00,-0.9,91,986.6,59,2.25,270,0.05,0.0,0.0,0.0
2026-03-05T04:00,-1.9,93,986.2,54,2.35,271,0.04,0.0,0.0,0.0
2026-03-05T05:00,-2.5,90,986.2,100,2.36,276,0.05,0.0,0.0,0.0
2026-03-05T06:00,-2.4,87,986.0,84,2.35,282,0.07,0.0,0.0,0.0
2026-03-05T07:00,-3.1,85,986.1,79,2.58,288,0.07,0.0,0.0,0.0
2026-03-05T08:00,-3.6,88,986.4,100,2.49,300,0.06,21.0,5.0,16.0
2026-03-05T09:00,-1.6,91,986.1,91,1.81,294,0.05,128.0,55.0,73.0
2026-03-05T10:00,-0.4,90,986.3,100,1.83,305,0.06,234.0,98.0,136.0
2026-03-05T11:00,0.7,89,986.6,100,1.63,313,0.07,303.0,84.0,219.0
2026-03-05T12:00,1.3,85,986.9,100,1.44,304,0.10,341.0,75.0,266.0
2026-03-05T13:00,1.5,84,987.3,100,1.73,280,0.11,326.0,53.0,273.0
2026-03-05T14:00,1.8,81,987.3,100,1.57,301,0.13,316.0,17.0,299.0
2026-03-05T15:00,1.2,86,987.9,99,1.35,321,0.10,243.0,7.0,236.0
2026-03-05T16:00,1.3,84,988.2,85,1.50,330,0.11,204.0,43.0,161.0
2026-03-05T17:00,1.1,83,988.6,79,1.53,349,0.11,130.0,28.0,102.0
2026-03-05T18:00,0.6,86,989.1,91,1.36,28,0.09,38.0,5.0,33.0
2026-03-05T19:00,-0.4,90,989.7,100,1.50,53,0.06,0.0,0.0,0.0
2026-03-05T20:00,-0.1,91,990.5,100,1.82,58,0.06,0.0,0.0,0.0
2026-03-05T21:00,-1.4,87,991.0,30,1.68,73,0.07,0.0,0.0,0.0
2026-03-05T22:00,-2.1,88,991.8,54,1.99,65,0.06,0.0,0.0,0.0
2026-03-05T23:00,-3.9,90,992.3,90,1.70,62,0.05,0.0,0.0,0.0
2026-03-06T00:00,-4.6,92,993.1,100,1.63,43,0.04,0.0,0.0,0.0
2026-03-06T01:00,-3.3,88,993.9,44,1.93,31,0.06,0.0,0.0,0.0
2026-03-06T02:00,-5.0,87,994.5,1,1.52,44,0.05,0.0,0.0,0.0
2026-03-06T03:00,-3.4,85,995.2,19,1.17,20,0.07,0.0,0.0,0.0
2026-03-06T04:00,-5.1,87,995.7,5,1.94,12,0.05,0.0,0.0,0.0
2026-03-06T05:00,-6.5,87,996.5,5,1.96,19,0.05,0.0,0.0,0.0
2026-03-06T06:00,-8.9,87,997.3,1,1.58,18,0.04,0.0,0.0,0.0
2026-03-06T07:00,-10.3,87,997.7,27,1.35,356,0.04,0.0,0.0,0.0
2026-03-06T08:00,-10.5,86,998.2,88,1.17,350,0.04,24.0,10.0,14.0
2026-03-06T09:00,-6.5,80,999.1,33,1.38,13,0.07,129.0,57.0,72.0
2026-03-06T10:00,-5.1,78,999.9,100,0.89,333,0.09,264.0,147.0,117.0
2026-03-06T11:00,-3.7,75,1000.7,100,0.92,299,0.12,286.0,46.0,240.0
2026-03-06T12:00,-2.7,74,1001.1,100,0.85,298,0.13,304.0,27.0,277.0
2026-03-06T13:00,-1.9,74,1001.3,63,0.67,297,0.14,329.0,67.0,262.0
2026-03-06T14:00,-1.1,73,1001.4,88,0.89,243,0.16,431.0,196.0,235.0
2026-03-06T15:00,-0.6,72,1001.6,100,1.27,318,0.17,348.0,133.0,215.0
2026-03-06T16:00,-0.2,74,1002.0,100,1.58,325,0.15,205.0,14.0,191.0
2026-03-06T17:00,-0.5,78,1002.2,100,1.57,323,0.13,121.0,8.0,113.0
2026-03-06T18:00,-1.2,82,1002.4,100,1.28,309,0.10,40.0,0.0,40.0
2026-03-06T19:00,-1.7,85,1002.7,100,1.19,285,0.08,0.0,0.0,0.0
2026-03-06T20:00,-1.8,87,1003.1,100,1.56,276,0.07,0.0,0.0,0.0
2026-03-06T21:00,-1.8,89,1003.4,94,1.61,275,0.06,0.0,0.0,0.0
2026-03-06T22:00,-1.7,89,1003.7,94,2.10,295,0.06,0.0,0.0,0.0
2026-03-06T23:00,-1.4,87,1003.8,100,2.36,302,0.07,0.0,0.0,0.0
2026-03-07T00:00,-1.5,87,1003.9,100,2.00,292,0.07,0.0,0.0,0.0
2026-03-07T01:00,-2.1,88,1004.1,95,1.91,276,0.06,0.0,0.0,0.0
2026-03-07T02:00,-3.7,89,1003.9,0,2.10,269,0.05,0.0,0.0,0.0
2026-03-07T03:00,-3.8,91,1003.7,69,2.55,259,0.04,0.0,0.0,0.0
2026-03-07T04:00,-3.4,92,1003.1,83,2.48,251,0.04,0.0,0.0,0.0
2026-03-07T05:00,-3.8,92,1002.6,0,2.93,247,0.04,0.0,0.0,0.0
2026-03-07T06:00,-4.2,91,1002.1,0,3.27,245,0.04,0.0,0.0,0.0
2026-03-07T07:00,-4.4,88,1001.4,2,3.58,243,0.05,0.0,0.0,0.0
2026-03-07T08:00,-4.2,86,1000.6,31,3.72,239,0.06,28.0,12.0,16.0
2026-03-07T09:00,-2.8,84,999.6,98,3.99,236,0.08,146.0,86.0,60.0
2026-03-07T10:00,-1.4,82,999.1,100,5.00,247,0.10,255.0,117.0,138.0
2026-03-07T11:00,0.0,82,998.7,100,5.85,272,0.11,345.0,112.0,233.0
2026-03-07T12:00,0.7,84,998.3,100,4.35,283,0.10,204.0,3.0,201.0
2026-03-07T13:00,1.3,86,998.6,100,4.23,293,0.10,217.0,6.0,211.0
2026-03-07T14:00,1.9,85,999.2,100,4.16,305,0.10,267.0,5.0,262.0
2026-03-07T15:00,1.6,81,1000.1,91,3.41,305,0.13,266.0,17.0,249.0
2026-03-07T16:00,1.8,78,1000.3,3,3.40,290,0.16,331.0,223.0,108.0
2026-03-07T17:00,1.9,74,1000.4,1,4.03,295,0.18,208.0,140.0,68.0
2026-03-07T18:00,1.7,73,1000.6,0,4.41,299,0.19,70.0,38.0,32.0
2026-03-07T19:00,1.6,71,1001.4,0,4.75,307,0.20,1.0,0.0,1.0
2026-03-07T20:00,1.5,69,1002.0,0,4.91,315,0.21,0.0,0.0,0.0
2026-03-07T21:00,1.7,67,1002.5,0,4.53,314,0.23,0.0,0.0,0.0
2026-03-07T22:00,1.1,68,1003.1,0,4.25,318,0.21,0.0,0.0,0.0
2026-03-07T23:00,0.4,71,1003.5,0,3.75,318,0.18,0.0,0.0,0.0
2026-03-08T00:00,-0.5,74,1004.0,26,3.32,315,0.15,0.0,0.0,0.0
2026-03-08T01:00,-1.6,78,1004.3,56,2.71,308,0.12,0.0,0.0,0.0
2026-03-08T02:00,-2.4,80,1004.3,100,2.64,297,0.11,0.0,0.0,0.0
2026-03-08T03:00,-1.9,78,1004.1,100,2.84,279,0.12,0.0,0.0,0.0
2026-03-08T04:00,-1.6,81,1003.9,48,3.10,280,0.10,0.0,0.0,0.0
2026-03-08T05:00,-2.3,82,1003.6,60,3.27,281,0.09,0.0,0.0,0.0
2026-03-08T06:00,-2.3,83,1003.8,41,3.41,284,0.09,0.0,0.0,0.0
2026-03-08T07:00,-2.3,84,1004.2,36,3.34,294,0.08,0.0,0.0,0.0
2026-03-08T08:00,-2.3,84,1004.5,100,3.44,303,0.09,30.0,11.0,19.0
2026-03-08T09:00,-0.6,80,1004.5,25,3.69,306,0.12,104.0,8.0,96.0
2026-03-08T10:00,-0.2,80,1004.6,47,3.55,309,0.12,284.0,185.0,99.0
2026-03-08T11:00,0.7,79,1004.7,99,3.16,301,0.13,402.0,290.0,112.0
2026-03-08T12:00,1.3,79,1004.6,100,3.43,312,0.14,426.0,197.0,229.0
2026-03-08T13:00,1.6,80,1004.8,100,3.50,307,0.14,287.0,0.0,287.0
2026-03-08T14:00,1.9,79,1005.0,100,3.47,311,0.15,363.0,61.0,302.0
2026-03-08T15:00,2.1,78,1004.7,100,3.33,319,0.16,290.0,21.0,269.0
2026-03-08T16:00,2.0,80,1005.1,100,2.90,324,0.14,179.0,4.0,175.0
2026-03-08T17:00,1.6,83,1005.2,100,2.57,323,0.12,106.0,1.0,105.0
2026-03-08T18:00,1.3,86,1005.7,100,2.77,326,0.09,40.0,0.0,40.0
2026-03-08T19:00,-0.9,91,1007.2,100,4.19,61,0.05,1.0,0.0,1.0
2026-03-08T20:00,-3.6,87,1008.1,100,2.73,76,0.06,0.0,0.0,0.0
2026-03-08T21:00,-3.0,84,1007.8,100,3.22,83,0.08,0.0,0.0,0.0
2026-03-08T22:00,-4.2,84,1008.7,100,3.10,88,0.07,0.0,0.0,0.0
2026-03-08T23:00,-5.1,83,1009.1,100,2.70,101,0.07,0.0,0.0,0.0
2026-03-09T00:00,-5.7,80,1009.4,100,2.53,108,0.08,0.0,0.0,0.0
2026-03-09T01:00,-6.2,78,1009.5,100,2.62,119,0.08,0.0,0.0,0.0
2026-03-09T02:00,-6.6,79,1009.9,100,2.26,121,0.08,0.0,0.0,0.0
2026-03-09T03:00,-6.7,77,1009.9,100,2.02,123,0.09,0.0,0.0,0.0
2026-03-09T04:00,-6.8,79,1009.5,100,2.17,128,0.08,0.0,0.0,0.0
2026-03-09T05:00,-6.9,80,1009.4,100,2.44,136,0.08,0.0,0.0,0.0
2026-03-09T06:00,-7.0,81,1009.6,100,2.62,140,0.07,0.0,0.0,0.0
2026-03-09T07:00,-7.2,82,1009.1,100,2.62,149,0.07,0.0,0.0,0.0
2026-03-09T08:00,-7.3,84,1008.9,100,2.50,154,0.06,11.0,0.0,11.0
2026-03-09T09:00,-6.5,84,1008.5,100,2.61,160,0.06,61.0,0.0,61.0
2026-03-09T10:00,-5.8,86,1008.3,100,2.30,156,0.06,109.0,0.0,109.0
2026-03-09T11:00,-4.9,87,1007.9,100,2.28,165,0.05,169.0,6.0,163.0
2026-03-09T12:00,-3.7,87,1007.3,100,2.00,177,0.06,204.0,3.0,201.0
2026-03-09T13:00,-2.6,89,1006.8,100,1.49,140,0.06,279.0,11.0,268.0
2026-03-09T14:00,-1.4,91,1006.2,98,1.21,128,0.05,309.0,35.0,274.0
2026-03-09T15:00,-2.2,90,1006.2,97,1.19,123,0.05,299.0,36.0,263.0
2026-03-09T16:00,-1.5,93,1005.4,100,1.72,126,0.04,248.0,47.0,201.0
2026-03-09T17:00,-0.9,92,1004.5,100,2.14,143,0.05,151.0,16.0,135.0
2026-03-09T18:00,0.4,88,1003.9,100,1.67,171,0.08,30.0,0.0,30.0
2026-03-09T19:00,1.4,86,1003.4,39,1.76,200,0.10,1.0,0.0,1.0
2026-03-09T20:00,1.4,83,1003.1,100,2.64,233,0.11,0.0,0.0,0.0
2026-03-09T21:00,1.0,82,1002.5,95,1.84,227,0.12,0.0,0.0,0.0
2026-03-09T22:00,2.1,80,1002.1,100,2.83,249,0.14,0.0,0.0,0.0
2026-03-09T23:00,2.4,79,1001.6,100,3.44,261,0.15,0.0,0.0,0.0
2026-03-10T00:00,2.5,79,1001.3,100,3.87,265,0.16,0.0,0.0,0.0
2026-03-10T01:00,2.6,78,1000.9,100,3.30,268,0.16,0.0,0.0,0.0
2026-03-10T02:00,2.3,80,1000.9,45,3.19,261,0.14,0.0,0.0,0.0
2026-03-10T03:00,2.5,78,1000.2,38,2.66,254,0.16,0.0,0.0,0.0
2026-03-10T04:00,1.8,78,1000.0,76,3.58,258,0.16,0.0,0.0,0.0
2026-03-10T05:00,1.3,78,999.8,95,3.74,262,0.15,0.0,0.0,0.0
2026-03-10T06:00,1.4,78,999.8,94,3.90,268,0.15,0.0,0.0,0.0
2026-03-10T07:00,1.7,78,1000.1,97,3.80,271,0.15,0.0,0.0,0.0
2026-03-10T08:00,1.7,80,1000.4,100,3.88,277,0.14,37.0,11.0,26.0
2026-03-10T09:00,2.9,76,1000.4,100,3.41,284,0.18,119.0,14.0,105.0
2026-03-10T10:00,3.1,77,1000.7,100,3.11,281,0.17,243.0,72.0,171.0
2026-03-10T11:00,3.5,77,1001.3,100,2.66,275,0.18,390.0,210.0,180.0
2026-03-10T12:00,4.0,75,1001.3,100,2.35,268,0.20,473.0,288.0,185.0
2026-03-10T13:00,4.3,74,1001.3,69,2.05,257,0.21,502.0,305.0,197.0
2026-03-10T14:00,4.5,74,1001.0,1,1.95,247,0.22,510.0,381.0,129.0
2026-03-10T15:00,5.7,63,1000.3,0,1.90,243,0.34,451.0,344.0,107.0
2026-03-10T16:00,5.3,66,1000.3,0,2.46,257,0.30,349.0,258.0,91.0
2026-03-10T17:00,4.9,69,1000.2,0,2.61,258,0.27,219.0,148.0,71.0
2026-03-10T18:00,4.3,71,1000.4,0,3.10,260,0.24,81.0,44.0,37.0
2026-03-10T19:00,3.8,73,1001.0,0,3.31,266,0.22,3.0,1.0,2.0
2026-03-10T20:00,3.1,75,1001.4,0,3.26,266,0.19,0.0,0.0,0.0
2026-03-10T21:00,3.6,68,1001.5,0,2.93,261,0.25,0.0,0.0,0.0
2026-03-10T22:00,3.0,72,1001.8,0,2.93,261,0.21,0.0,0.0,0.0
2026-03-10T23:00,2.6,74,1002.3,0,3.05,260,0.19,0.0,0.0,0.0
2026-03-11T00:00,2.2,76,1002.6,0,3.16,259,0.17,0.0,0.0,0.0
2026-03-11T01:00,1.7,78,1003.1,0,3.11,259,0.16,0.0,0.0,0.0
2026-03-11T02:00,1.3,80,1003.2,0,3.13,257,0.14,0.0,0.0,0.0
2026-03-11T03:00,1.9,77,1003.4,0,3.03,257,0.16,0.0,0.0,0.0
2026-03-11T04:00,1.3,79,1003.5,0,2.88,253,0.14,0.0,0.0,0.0
2026-03-11T05:00,0.6,81,1003.4,0,2.76,248,0.12,0.0,0.0,0.0
2026-03-11T06:00,0.0,82,1003.4,0,2.73,246,0.11,0.0,0.0,0.0
2026-03-11T07:00,-0.5,83,1003.4,0,2.75,243,0.10,0.0,0.0,0.0
2026-03-11T08:00,-0.5,83,1003.5,0,2.72,238,0.10,45.0,23.0,22.0
2026-03-11T09:00,1.5,78,1003.6,0,2.59,230,0.15,177.0,115.0,62.0
2026-03-11T10:00,2.5,77,1003.7,0,2.80,227,0.17,315.0,230.0,85.0
2026-03-11T11:00,3.6,73,1003.6,0,2.87,221,0.22,429.0,329.0,100.0
2026-03-11T12:00,4.5,69,1003.2,0,2.87,220,0.26,506.0,397.0,109.0
2026-03-11T13:00,5.2,67,1002.9,51,2.95,219,0.29,535.0,422.0,113.0
2026-03-11T14:00,5.7,66,1002.4,85,2.70,219,0.32,515.0,398.0,117.0
2026-03-11T15:00,6.4,62,1001.7,100,2.74,198,0.37,451.0,338.0,113.0
2026-03-11T16:00,6.1,64,1001.2,95,2.93,207,0.34,347.0,242.0,105.0
2026-03-11T17:00,5.8,65,1001.0,15,3.19,212,0.32,215.0,129.0,86.0
2026-03-11T18:00,5.3,67,1000.9,78,3.47,213,0.29,83.0,43.0,40.0
2026-03-11T19:00,4.8,69,1001.0,54,3.78,217,0.27,3.0,1.0,2.0
2026-03-11T20:00,4.4,70,1001.0,100,3.52,219,0.25,0.0,0.0,0.0
2026-03-11T21:00,5.0,66,1000.8,100,3.43,217,0.29,0.0,0.0,0.0
2026-03-11T22:00,4.5,69,1000.8,6,3.40,221,0.26,0.0,0.0,0.0
2026-03-11T23:00,3.6,73,1001.6,51,3.24,241,0.21,0.0,0.0,0.0
2026-03-12T00:00,3.0,78,1001.4,100,3.19,230,0.17,0.0,0.0,0.0
2026-03-12T01:00,2.8,81,1001.6,77,2.94,227,0.14,0.0,0.0,0.0
2026-03-12T02:00,2.3,83,1001.8,81,2.37,235,0.12,0.0,0.0,0.0
2026-03-12T03:00,3.3,77,1001.4,45,2.51,235,0.18,0.0,0.0,0.0
2026-03-12T04:00,2.5,81,1001.7,100,2.80,239,0.14,0.0,0.0,0.0
2026-03-12T05:00,2.5,84,1001.8,93,2.91,246,0.12,0.0,0.0,0.0
2026-03-12T06:00,2.0,85,1002.0,14,2.06,241,0.11,0.0,0.0,0.0
2026-03-12T07:00,1.6,86,1002.1,4,2.66,236,0.10,0.0,0.0,0.0
2026-03-12T08:00,1.6,85,1002.4,1,2.53,248,0.10,46.0,20.0,26.0
2026-03-12T09:00,2.9,77,1003.0,3,2.25,249,0.17,177.0,110.0,67.0
2026-03-12T10:00,3.4,75,1003.4,0,2.10,252,0.20,310.0,213.0,97.0
2026-03-12T11:00,4.2,72,1003.8,0,1.90,240,0.23,428.0,323.0,105.0
2026-03-12T12:00,5.1,70,1003.6,0,1.85,232,0.27,504.0,391.0,113.0
2026-03-12T13:00,5.8,68,1004.0,0,1.87,226,0.29,536.0,420.0,116.0
2026-03-12T14:00,6.2,67,1003.8,0,1.81,219,0.31,520.0,405.0,115.0
2026-03-12T15:00,7.8,59,1003.7,0,1.58,198,0.43,458.0,350.0,108.0
2026-03-12T16:00,7.4,60,1003.7,0,1.68,203,0.41,357.0,264.0,93.0
2026-03-12T17:00,6.5,63,1003.7,0,1.90,207,0.36,227.0,154.0,73.0
2026-03-12T18:00,5.6,67,1003.9,0,2.37,215,0.30,89.0,48.0,41.0
2026-03-12T19:00,4.5,73,1004.3,0,2.48,223,0.23,4.0,1.0,3.0
2026-03-12T20:00,3.9,76,1004.4,0,2.41,222,0.20,0.0,0.0,0.0
2026-03-12T21:00,3.0,79,1004.2,1,2.23,222,0.16,0.0,0.0,0.0
2026-03-12T22:00,3.8,78,1004.6,1,2.55,222,0.18,0.0,0.0,0.0
2026-03-12T23:00,3.6,79,1004.9,5,2.48,228,0.17,0.0,0.0,0.0
2026-03-13T00:00,3.5,80,1005.1,9,2.76,238,0.16,0.0,0.0,0.0
2026-03-13T01:00,3.3,80,1005.4,13,2.84,242,0.15,0.0,0.0,0.0
2026-03-13T02:00,3.1,80,1005.6,59,2.88,244,0.15,0.0,0.0,0.0
2026-03-13T03:00,3.3,79,1005.6,100,2.85,239,0.17,0.0,0.0,0.0
2026-03-13T04:00,2.9,80,1005.5,100,2.97,237,0.15,0.0,0.0,0.0
2026-03-13T05:00,2.5,80,1005.5,100,2.90,238,0.14,0.0,0.0,0.0
2026-03-13T06:00,2.1,81,1005.8,100,2.80,239,0.14,0.0,0.0,0.0
2026-03-13T07:00,1.6,83,1005.9,100,2.62,241,0.12,0.0,0.0,0.0
2026-03-13T08:00,1.5,84,1006.4,100,2.53,243,0.11,48.0,11.0,37.0
2026-03-13T09:00,2.9,77,1006.8,94,2.44,235,0.17,178.0,96.0,82.0
2026-03-13T10:00,3.5,76,1007.1,36,2.22,234,0.19,314.0,206.0,108.0
2026-03-13T11:00,4.2,73,1007.3,5,1.95,222,0.22,433.0,320.0,113.0
2026-03-13T12:00,5.0,70,1007.3,97,2.00,212,0.26,511.0,394.0,117.0
2026-03-13T13:00,5.7,68,1007.0,91,2.08,207,0.29,538.0,403.0,135.0
2026-03-13T14:00,6.3,66,1006.6,98,2.44,208,0.33,524.0,398.0,126.0
2026-03-13T15:00,7.4,60,1006.1,38,2.33,190,0.41,462.0,342.0,120.0
2026-03-13T16:00,6.7,63,1005.9,0,2.60,191,0.37,365.0,271.0,94.0
2026-03-13T17:00,6.2,64,1006.1,5,2.72,200,0.34,234.0,160.0,74.0
2026-03-13T18:00,5.5,66,1006.1,28,2.80,209,0.30,94.0,51.0,43.0
2026-03-13T19:00,4.8,70,1006.5,38,2.87,215,0.26,6.0,1.0,5.0
2026-03-13T20:00,4.1,72,1006.7,37,2.70,220,0.23,0.0,0.0,0.0
2026-03-13T21:00,4.4,72,1006.2,29,2.57,213,0.24,0.0,0.0,0.0
2026-03-13T22:00,3.9,73,1006.4,3,2.58,216,0.22,0.0,0.0,0.0
2026-03-13T23:00,3.3,74,1006.6,0,2.46,218,0.20,0.0,0.0,0.0
2026-03-14T00:00,2.7,76,1006.9,0,2.45,219,0.18,0.0,0.0,0.0
2026-03-14T01:00,2.2,78,1007.4,0,2.48,222,0.16,0.0,0.0,0.0
2026-03-14T02:00,1.9,79,1007.6,0,2.38,221,0.15,0.0,0.0,0.0
2026-03-14T03:00,-0.1,83,1007.5,0,2.22,216,0.10,0.0,0.0,0.0
2026-03-14T04:00,1.4,81,1007.8,0,2.40,211,0.13,0.0,0.0,0.0
2026-03-14T05:00,1.1,81,1007.9,0,2.48,208,0.12,0.0,0.0,0.0
2026-03-14T06:00,0.6,82,1008.0,0,2.53,202,0.11,0.0,0.0,0.0
2026-03-14T07:00,0.1,84,1008.1,0,2.58,198,0.10,0.0,0.0,0.0
2026-03-14T08:00,0.3,83,1008.3,0,2.58,195,0.10,60.0,31.0,29.0
2026-03-14T09:00,2.3,80,1008.7,0,2.55,191,0.15,198.0,131.0,67.0
2026-03-14T10:00,2.9,78,1009.0,0,2.67,186,0.16,337.0,248.0,89.0
2026-03-14T11:00,3.5,76,1009.1,0,2.60,182,0.19,452.0,347.0,105.0
2026-03-14T12:00,4.2,74,1009.3,0,2.60,178,0.22,527.0,414.0,113.0
2026-03-14T13:00,4.9,71,1009.1,0,2.51,174,0.26,558.0,441.0,117.0
2026-03-14T14:00,5.5,68,1009.0,0,2.56,176,0.29,542.0,428.0,114.0
2026-03-14T15:00,5.9,67,1008.5,0,2.55,160,0.31,479.0,372.0,107.0
2026-03-14T16:00,5.6,68,1008.5,0,2.75,161,0.29,375.0,280.0,95.0
2026-03-14T17:00,5.2,68,1008.4,0,3.13,167,0.28,242.0,167.0,75.0
2026-03-14T18:00,4.6,69,1008.4,27,3.22,174,0.26,100.0,56.0,44.0
2026-03-14T19:00,3.9,70,1008.7,95,3.20,178,0.25,7.0,2.0,5.0
2026-03-14T20:00,3.0,71,1009.0,92,3.20,183,0.22,0.0,0.0,0.0
2026-03-14T21:00,3.9,65,1008.8,5,3.32,186,0.28,0.0,0.0,0.0
2026-03-14T22:00,2.8,67,1009.2,3,3.21,191,0.25,0.0,0.0,0.0
2026-03-14T23:00,1.8,68,1009.3,0,3.05,190,0.22,0.0,0.0,0.0
2026-03-15T00:00,1.1,70,1009.5,0,2.80,190,0.20,0.0,0.0,0.0
2026-03-15T01:00,0.4,72,1010.0,2,2.66,192,0.18,0.0,0.0,0.0
2026-03-15T02:00,-0.2,72,1010.2,9,2.55,191,0.17,0.0,0.0,0.0
2026-03-15T03:00,-0.5,72,1010.2,10,2.33,195,0.17,0.0,0.0,0.0
2026-03-15T04:00,-1.2,74,1010.6,16,2.09,191,0.15,0.0,0.0,0.0
2026-03-15T05:00,-2.4,76,1010.9,21,1.92,187,0.13,0.0,0.0,0.0
2026-03-15T06:00,-3.8,79,1011.2,2,1.95,180,0.10,0.0,0.0,0.0
2026-03-15T07:00,-4.5,80,1010.9,0,1.96,176,0.09,1.0,0.0,1.0
2026-03-15T08:00,-3.5,79,1011.1,1,1.87,172,0.10,65.0,35.0,30.0
2026-03-15T09:00,-0.1,74,1011.5,0,2.14,169,0.16,204.0,137.0,67.0
2026-03-15T10:00,1.0,75,1011.9,0,2.23,160,0.17,343.0,254.0,89.0
2026-03-15T11:00,1.9,75,1012.0,0,2.13,156,0.18,458.0,354.0,104.0
2026-03-15T12:00,2.9,72,1011.7,0,2.23,160,0.21,534.0,422.0,112.0
2026-03-15T13:00,3.7,70,1011.5,0,2.15,158,0.24,565.0,450.0,115.0
2026-03-15T14:00,4.4,68,1011.1,0,2.13,156,0.27,548.0,435.0,113.0
2026-03-15T15:00,5.2,63,1010.7,0,2.24,141,0.33,485.0,378.0,107.0
2026-03-15T16:00,4.9,65,1010.2,0,2.23,138,0.30,381.0,287.0,94.0
2026-03-15T17:00,4.3,68,1009.9,0,2.52,146,0.26,247.0,172.0,75.0
2026-03-15T18:00,3.6,71,1009.6,0,2.55,154,0.23,104.0,59.0,45.0
2026-03-15T19:00,2.6,74,1009.3,0,2.66,160,0.19,8.0,2.0,6.0
2026-03-15T20:00,2.1,77,1009.5,0,2.64,165,0.16,0.0,0.0,0.0
2026-03-15T21:00,2.6,72,1009.1,0,2.80,170,0.21,0.0,0.0,0.0
2026-03-15T22:00,1.9,75,1009.0,0,2.52,172,0.18,0.0,0.0,0.0
2026-03-15T23:00,1.2,77,1009.0,0,2.46,175,0.16,0.0,0.0,0.0
2026-03-16T00:00,0.5,78,1008.6,0,2.25,177,0.14,0.0,0.0,0.0
2026-03-16T01:00,-0.2,79,1008.6,0,2.10,177,0.13,0.0,0.0,0.0
2026-03-16T02:00,-1.5,81,1008.5,0,1.80,178,0.11,0.0,0.0,0.0
2026-03-16T03:00,-3.0,80,1008.1,0,1.50,182,0.10,0.0,0.0,0.0
2026-03-16T04:00,-3.6,82,1008.0,9,1.50,184,0.09,0.0,0.0,0.0
2026-03-16T05:00,-4.2,84,1008.1,66,1.41,174,0.07,0.0,0.0,0.0
2026-03-16T06:00,-4.7,87,1007.9,92,1.68,163,0.06,0.0,0.0,0.0
2026-03-16T07:00,-4.8,88,1007.8,0,1.82,164,0.05,1.0,0.0,1.0
2026-03-16T08:00,-3.6,85,1007.8,0,1.88,169,0.07,69.0,35.0,34.0
2026-03-16T09:00,-0.8,78,1008.2,0,1.83,169,0.13,208.0,138.0,70.0
2026-03-16T10:00,1.0,77,1008.3,4,1.59,152,0.15,346.0,251.0,95.0
2026-03-16T11:00,1.9,78,1008.3,31,1.40,125,0.16,452.0,322.0,130.0
2026-03-16T12:00,2.7,74,1008.2,21,1.59,139,0.20,509.0,341.0,168.0
2026-03-16T13:00,3.5,71,1008.2,0,1.38,134,0.23,561.0,433.0,128.0
2026-03-16T14:00,4.0,69,1007.9,0,1.30,122,0.25,548.0,430.0,118.0
2026-03-16T15:00,4.6,66,1007.3,0,1.48,118,0.29,487.0,377.0,110.0
2026-03-16T16:00,4.7,65,1007.0,0,1.66,123,0.30,382.0,285.0,97.0
2026-03-16T17:00,4.2,68,1007.0,0,1.99,129,0.26,249.0,171.0,78.0
2026-03-16T18:00,3.1,73,1006.9,0,2.23,138,0.21,107.0,60.0,47.0
2026-03-16T19:00,1.7,74,1007.2,0,2.28,151,0.18,9.0,3.0,6.0
2026-03-16T20:00,0.5,74,1007.5,0,2.02,160,0.17,0.0,0.0,0.0
2026-03-16T21:00,0.1,71,1007.1,0,2.02,157,0.18,0.0,0.0,0.0
2026-03-16T22:00,-1.7,73,1007.3,0,1.86,156,0.14,0.0,0.0,0.0
2026-03-16T23:00,-2.7,76,1007.4,0,1.83,154,0.12,0.0,0.0,0.0
2026-03-17T00:00,-3.4,78,1007.5,0,1.74,153,0.11,0.0,0.0,0.0
2026-03-17T01:00,-4.0,80,1007.5,0,1.72,150,0.09,0.0,0.0,0.0
2026-03-17T02:00,-4.5,81,1007.9,2,1.82,148,0.08,0.0,0.0,0.0
2026-03-17T03:00,-4.3,82,1007.8,27,1.63,133,0.08,0.0,0.0,0.0
2026-03-17T04:00,-4.7,85,1008.0,25,1.36,126,0.07,0.0,0.0,0.0
2026-03-17T05:00,-5.4,86,1008.1,58,1.39,105,0.06,0.0,0.0,0.0
2026-03-17T06:00,-5.7,87,1008.4,97,1.36,84,0.05,0.0,0.0,0.0
2026-03-17T07:00,-5.5,86,1008.5,99,1.49,76,0.06,2.0,0.0,2.0
2026-03-17T08:00,-3.2,81,1008.8,100,1.60,70,0.09,55.0,6.0,49.0
2026-03-17T09:00,0.1,74,1009.6,91,2.00,68,0.16,149.0,22.0,127.0
2026-03-17T10:00,1.6,72,1010.0,84,2.24,66,0.19,295.0,114.0,181.0
2026-03-17T11:00,2.8,69,1010.1,83,2.11,76,0.23,432.0,249.0,183.0
2026-03-17T12:00,4.0,64,1010.2,53,2.08,80,0.29,530.0,384.0,146.0
2026-03-17T13:00,4.8,61,1010.4,64,2.06,84,0.34,560.0,412.0,148.0
2026-03-17T14:00,5.1,60,1010.3,94,1.82,81,0.35,538.0,376.0,162.0
2026-03-17T15:00,5.7,55,1010.0,2,1.66,57,0.42,481.0,347.0,134.0
2026-03-17T16:00,5.7,54,1009.9,3,1.74,51,0.42,388.0,290.0,98.0
2026-03-17T17:00,5.0,57,1009.7,2,1.75,53,0.38,254.0,174.0,80.0
2026-03-17T18:00,3.1,59,1009.7,0,1.90,67,0.31,110.0,61.0,49.0
2026-03-17T19:00,1.7,63,1009.9,0,2.09,79,0.25,10.0,3.0,7.0
2026-03-17T20:00,1.3,69,1010.3,0,2.25,69,0.21,0.0,0.0,0.0
2026-03-17T21:00,1.9,70,1010.5,2,2.39,70,0.21,0.0,0.0,0.0
2026-03-17T22:00,0.2,74,1010.8,1,2.02,83,0.16,0.0,0.0,0.0
2026-03-17T23:00,-1.4,77,1010.8,2,1.77,82,0.13,0.0,0.0,0.0
2026-03-18T00:00,-2.3,79,1010.9,25,1.66,69,0.11,0.0,0.0,0.0
2026-03-18T01:00,-2.9,80,1011.3,98,1.70,62,0.10,0.0,0.0,0.0
2026-03-18T02:00,-2.3,80,1011.6,98,1.57,59,0.11,0.0,0.0,0.0
2026-03-18T03:00,-2.0,81,1011.4,100,1.84,49,0.10,0.0,0.0,0.0
2026-03-18T04:00,-1.0,81,1011.5,100,1.74,49,0.11,0.0,0.0,0.0
2026-03-18T05:00,-1.8,81,1011.5,99,1.74,51,0.10,0.0,0.0,0.0
2026-03-18T06:00,-2.2,81,1011.8,6,1.77,50,0.10,0.0,0.0,0.0
2026-03-18T07:00,-3.4,82,1012.0,15,1.84,45,0.09,2.0,0.0,2.0
2026-03-18T08:00,-2.2,79,1012.2,49,1.84,45,0.11,76.0,35.0,41.0
2026-03-18T09:00,1.3,71,1012.7,98,2.03,52,0.20,210.0,123.0,87.0
2026-03-18T10:00,2.5,68,1013.1,5,1.94,55,0.23,345.0,228.0,117.0
2026-03-18T11:00,3.7,65,1013.2,20,1.60,51,0.28,468.0,353.0,115.0
2026-03-18T12:00,4.9,59,1013.0,73,1.48,45,0.35,540.0,410.0,130.0
2026-03-18T13:00,5.9,56,1013.0,29,1.47,35,0.41,573.0,444.0,129.0
2026-03-18T14:00,6.4,54,1012.6,80,1.63,47,0.45,554.0,425.0,129.0
2026-03-18T15:00,6.8,49,1012.0,97,1.57,53,0.50,493.0,376.0,117.0
2026-03-18T16:00,6.7,50,1011.8,98,1.37,57,0.49,388.0,274.0,114.0
2026-03-18T17:00,6.2,52,1011.5,99,1.22,55,0.45,246.0,139.0,107.0
2026-03-18T18:00,4.4,57,1011.2,99,1.70,47,0.36,111.0,51.0,60.0
2026-03-18T19:00,2.7,65,1011.4,100,2.09,46,0.26,12.0,3.0,9.0
2026-03-18T20:00,2.4,70,1011.4,52,2.27,57,0.22,0.0,0.0,0.0
2026-03-18T21:00,1.5,71,1010.9,7,2.01,55,0.20,0.0,0.0,0.0
2026-03-18T22:00,0.2,73,1010.7,0,1.86,63,0.17,0.0,0.0,0.0
2026-03-18T23:00,-0.9,74,1010.5,0,1.68,63,0.15,0.0,0.0,0.0
2026-03-19T00:00,-1.7,76,1010.4,0,1.63,67,0.13,0.0,0.0,0.0
2026-03-19T01:00,-2.3,77,1010.3,0,1.44,70,0.12,0.0,0.0,0.0
2026-03-19T02:00,-3.0,78,1009.9,0,1.48,66,0.11,0.0,0.0,0.0
2026-03-19T03:00,-2.7,83,1009.5,0,1.28,59,0.09,0.0,0.0,0.0
2026-03-19T04:00,-3.4,84,1009.0,2,1.21,38,0.08,0.0,0.0,0.0
2026-03-19T05:00,-4.2,85,1008.6,0,1.23,32,0.07,0.0,0.0,0.0
2026-03-19T06:00,-4.8,86,1008.3,0,1.19,33,0.06,0.0,0.0,0.0
2026-03-19T07:00,-5.2,86,1008.0,0,1.07,37,0.06,4.0,1.0,3.0
2026-03-19T08:00,-4.1,84,1007.7,3,1.35,39,0.07,85.0,45.0,40.0
2026-03-19T09:00,-0.1,75,1007.6,2,1.39,52,0.15,226.0,150.0,76.0
2026-03-19T10:00,1.9,72,1007.1,0,1.12,58,0.20,365.0,268.0,97.0
2026-03-19T11:00,3.5,65,1006.8,0,0.40,60,0.27,479.0,369.0,110.0
2026-03-19T12:00,4.6,60,1006.2,0,0.16,108,0.34,556.0,437.0,119.0
2026-03-19T13:00,5.2,57,1005.7,0,0.10,180,0.38,586.0,463.0,123.0
2026-03-19T14:00,5.4,56,1005.0,3,0.20,270,0.39,566.0,445.0,121.0
2026-03-19T15:00,6.3,52,1003.5,0,0.46,257,0.46,501.0,385.0,116.0
2026-03-19T16:00,5.8,53,1002.6,0,0.56,260,0.43,400.0,301.0,99.0
2026-03-19T17:00,5.0,57,1001.5,20,0.70,274,0.37,265.0,184.0,81.0
2026-03-19T18:00,3.1,61,1000.5,64,1.00,270,0.30,120.0,67.0,53.0
2026-03-19T19:00,1.6,65,1000.1,100,0.96,261,0.24,13.0,3.0,10.0
2026-03-19T20:00,0.8,71,999.6,100,1.37,213,0.19,0.0,0.0,0.0
2026-03-19T21:00,2.9,70,999.3,100,2.18,196,0.23,0.0,0.0,0.0
2026-03-19T22:00,2.9,79,999.2,100,2.58,195,0.16,0.0,0.0,0.0
2026-03-19T23:00,2.5,82,998.6,100,2.21,198,0.13,0.0,0.0,0.0
2026-03-20T00:00,2.0,85,998.3,100,1.79,207,0.11,0.0,0.0,0.0
2026-03-20T01:00,1.3,87,997.7,100,1.42,212,0.08,0.0,0.0,0.0
2026-03-20T02:00,-0.2,90,997.3,92,1.43,205,0.06,0.0,0.0,0.0
2026-03-20T03:00,-2.4,92,996.2,19,1.43,192,0.04,0.0,0.0,0.0
2026-03-20T04:00,-3.1,95,995.8,61,1.43,192,0.03,0.0,0.0,0.0
2026-03-20T05:00,-3.7,96,995.6,100,1.42,198,0.02,0.0,0.0,0.0
2026-03-20T06:00,-4.1,96,995.3,83,1.58,191,0.02,0.0,0.0,0.0
2026-03-20T07:00,-4.8,97,995.2,84,1.37,204,0.01,4.0,1.0,3.0
2026-03-20T08:00,-3.7,95,995.5,91,1.31,230,0.03,84.0,32.0,52.0
2026-03-20T09:00,-0.6,91,995.6,100,1.30,208,0.05,216.0,111.0,105.0
2026-03-20T10:00,0.6,89,995.6,99,1.01,171,0.07,338.0,176.0,162.0
2026-03-20T11:00,1.5,86,995.6,95,0.76,148,0.09,438.0,225.0,213.0
2026-03-20T12:00,2.2,85,995.9,57,0.92,139,0.11,537.0,354.0,183.0
2026-03-20T13:00,2.9,82,996.0,22,0.89,142,0.13,578.0,415.0,163.0
2026-03-20T14:00,3.5,80,996.2,19,0.99,135,0.16,569.0,427.0,142.0
2026-03-20T15:00,4.2,72,995.8,0,1.03,137,0.23,509.0,389.0,120.0
2026-03-20T16:00,4.1,71,995.7,0,1.41,153,0.24,415.0,319.0,96.0
2026-03-20T17:00,3.6,73,995.6,0,1.73,170,0.22,277.0,195.0,82.0
2026-03-20T18:00,1.6,76,995.8,32,1.39,195,0.16,130.0,77.0,53.0
2026-03-20T19:00,0.9,78,996.5,90,0.80,266,0.14,14.0,3.0,11.0
2026-03-20T20:00,1.8,79,997.4,46,1.62,326,0.15,0.0,0.0,0.0
2026-03-20T21:00,2.9,76,998.0,45,2.69,342,0.18,0.0,0.0,0.0
2026-03-20T22:00,2.5,78,998.6,13,2.74,351,0.16,0.0,0.0,0.0
2026-03-20T23:00,1.4,84,999.3,0,2.45,360,0.11,0.0,0.0,0.0
2026-03-21T00:00,0.3,88,999.9,5,2.15,360,0.07,0.0,0.0,0.0
2026-03-21T01:00,-0.5,91,1000.4,0,2.16,356,0.05,0.0,0.0,0.0
2026-03-21T02:00,-1.2,93,1000.8,4,1.83,349,0.04,0.0,0.0,0.0
2026-03-21T03:00,0.1,95,1001.2,20,2.55,349,0.03,0.0,0.0,0.0
2026-03-21T04:00,-0.7,98,1001.7,91,2.39,349,0.01,0.0,0.0,0.0
2026-03-21T05:00,-0.7,99,1002.4,100,2.26,355,0.00,0.0,0.0,0.0
2026-03-21T06:00,-0.8,99,1003.1,100,1.91,354,0.00,0.0,0.0,0.0
2026-03-21T07:00,-1.2,99,1003.5,100,1.68,350,0.00,4.0,0.0,4.0
2026-03-21T08:00,-1.3,99,1004.0,100,1.38,341,0.00,61.0,4.0,57.0
2026-03-21T09:00,-0.5,99,1004.9,100,1.17,317,0.00,149.0,12.0,137.0
2026-03-21T10:00,-0.3,99,1005.3,100,1.21,322,0.00,257.0,36.0,221.0
2026-03-21T11:00,0.1,100,1005.6,100,1.17,310,0.00,372.0,62.0,310.0
2026-03-21T12:00,1.1,95,1005.7,88,1.07,298,0.03,513.0,252.0,261.0
2026-03-21T13:00,2.3,88,1005.6,1,0.65,247,0.09,577.0,390.0,187.0
2026-03-21T14:00,3.2,82,1005.7,0,0.79,235,0.14,580.0,449.0,131.0
2026-03-21T15:00,5.3,63,1004.8,0,0.76,302,0.33,518.0,401.0,117.0
2026-03-21T16:00,5.4,60,1004.8,0,0.71,315,0.36,413.0,309.0,104.0
2026-03-21T17:00,5.1,60,1004.7,0,0.78,320,0.35,278.0,194.0,84.0
2026-03-21T18:00,3.3,62,1004.7,0,0.81,317,0.29,132.0,77.0,55.0
2026-03-21T19:00,1.3,68,1005.0,0,1.01,303,0.22,18.0,7.0,11.0
2026-03-21T20:00,0.0,73,1005.2,0,1.27,296,0.16,0.0,0.0,0.0
2026-03-21T21:00,0.1,75,1005.2,0,1.56,310,0.15,0.0,0.0,0.0
2026-03-21T22:00,-1.1,80,1005.4,0,1.47,305,0.11,0.0,0.0,0.0
2026-03-21T23:00,-2.0,82,1005.6,0,1.37,294,0.10,0.0,0.0,0.0
2026-03-22T00:00,-2.2,82,1005.6,0,1.40,274,0.09,0.0,0.0,0.0
2026-03-22T01:00,-2.7,84,1005.6,0,1.77,262,0.08,0.0,0.0,0.0
2026-03-22T02:00,-2.9,86,1005.6,0,2.20,269,0.07,0.0,0.0,0.0
2026-03-22T03:00,-2.0,85,1006.0,0,2.30,266,0.08,0.0,0.0,0.0
2026-03-22T04:00,-2.4,86,1005.7,5,2.25,270,0.07,0.0,0.0,0.0
2026-03-22T05:00,-2.9,86,1005.6,3,2.21,264,0.07,0.0,0.0,0.0
2026-03-22T06:00,-3.4,87,1005.9,5,2.15,270,0.06,0.0,0.0,0.0
2026-03-22T07:00,-3.6,87,1006.3,2,2.20,269,0.06,7.0,2.0,5.0
2026-03-22T08:00,-2.8,87,1006.6,7,2.11,265,0.06,101.0,53.0,48.0
2026-03-22T09:00,-0.1,82,1006.8,9,1.92,263,0.11,244.0,162.0,82.0
2026-03-22T10:00,1.4,81,1007.0,0,1.70,256,0.13,383.0,280.0,103.0
2026-03-22T11:00,2.9,75,1007.0,0,1.32,259,0.19,496.0,379.0,117.0
2026-03-22T12:00,4.5,69,1006.9,10,1.12,238,0.26,570.0,448.0,122.0
2026-03-22T13:00,5.9,62,1006.5,18,0.85,242,0.35,600.0,474.0,126.0
2026-03-22T14:00,6.6,57,1006.0,95,0.70,270,0.41,581.0,454.0,127.0
2026-03-22T15:00,7.3,54,1005.4,99,0.85,270,0.47,514.0,384.0,130.0
2026-03-22T16:00,6.9,54,1004.7,5,0.97,235,0.46,407.0,284.0,123.0
2026-03-22T17:00,6.4,55,1004.5,0,0.86,260,0.44,281.0,194.0,87.0
2026-03-22T18:00,4.3,59,1004.3,0,1.42,260,0.34,135.0,79.0,56.0
2026-03-22T19:00,1.9,66,1004.3,0,1.80,267,0.24,20.0,8.0,12.0
2026-03-22T20:00,0.8,73,1004.4,0,1.87,261,0.18,0.0,0.0,0.0
2026-03-22T21:00,0.7,73,1003.8,0,1.95,257,0.18,0.0,0.0,0.0
2026-03-22T22:00,-0.5,76,1003.7,0,1.99,258,0.14,0.0,0.0,0.0
2026-03-22T23:00,-1.4,79,1003.8,0,1.95,269,0.12,0.0,0.0,0.0
2026-03-23T00:00,-2.2,82,1003.7,0,1.87,262,0.10,0.0,0.0,0.0
2026-03-23T01:00,-2.6,84,1003.7,0,1.95,257,0.08,0.0,0.0,0.0
2026-03-23T02:00,-2.8,84,1003.5,7,1.95,267,0.08,0.0,0.0,0.0
2026-03-23T03:00,-0.7,82,1003.6,25,2.35,269,0.11,0.0,0.0,0.0
2026-03-23T04:00,-1.1,83,1003.4,17,2.22,262,0.10,0.0,0.0,0.0
2026-03-23T05:00,-1.8,84,1003.4,17,1.97,263,0.09,0.0,0.0,0.0
2026-03-23T06:00,-2.3,85,1003.3,31,1.94,258,0.08,0.0,0.0,0.0
2026-03-23T07:00,-2.5,86,1003.4,0,1.99,258,0.07,9.0,3.0,6.0
2026-03-23T08:00,-1.7,87,1003.3,1,1.88,259,0.07,107.0,58.0,49.0
2026-03-23T09:00,0.9,82,1003.7,0,1.42,260,0.12,252.0,171.0,81.0
2026-03-23T10:00,1.9,82,1003.7,19,1.03,219,0.13,390.0,288.0,102.0
2026-03-23T11:00,3.2,77,1003.6,9,0.75,176,0.18,502.0,387.0,115.0
2026-03-23T12:00,4.4,73,1003.5,5,0.74,152,0.22,576.0,453.0,123.0
2026-03-23T13:00,5.2,71,1003.1,36,0.99,139,0.26,605.0,479.0,126.0
2026-03-23T14:00,5.7,70,1002.6,47,1.39,128,0.27,585.0,460.0,125.0
2026-03-23T15:00,6.4,66,1001.8,55,1.82,143,0.33,519.0,395.0,124.0
2026-03-23T16:00,6.2,65,1001.2,52,2.04,158,0.33,416.0,309.0,107.0
2026-03-23T17:00,5.5,67,1000.4,35,2.55,179,0.29,279.0,183.0,96.0
2026-03-23T18:00,4.6,70,1000.1,0,2.42,198,0.26,138.0,79.0,59.0
2026-03-23T19:00,3.8,71,1000.2,0,2.53,207,0.23,22.0,9.0,13.0
2026-03-23T20:00,3.4,72,1000.4,0,2.65,212,0.22,0.0,0.0,0.0
2026-03-23T21:00,3.5,69,999.9,0,2.74,211,0.24,0.0,0.0,0.0
2026-03-23T22:00,3.0,71,1000.0,0,2.84,214,0.22,0.0,0.0,0.0
2026-03-23T23:00,2.4,72,999.9,0,2.73,221,0.20,0.0,0.0,0.0
2026-03-24T00:00,1.7,73,999.8,0,2.65,226,0.19,0.0,0.0,0.0
2026-03-24T01:00,1.1,74,999.7,0,2.76,222,0.18,0.0,0.0,0.0
2026-03-24T02:00,0.5,75,999.5,0,2.69,227,0.16,0.0,0.0,0.0
2026-03-24T03:00,0.2,75,998.9,0,2.71,232,0.16,0.0,0.0,0.0
2026-03-24T04:00,-0.6,78,998.5,0,2.57,233,0.13,0.0,0.0,0.0
2026-03-24T05:00,-1.2,80,998.2,0,2.34,230,0.11,0.0,0.0,0.0
2026-03-24T06:00,-1.6,82,998.3,0,2.41,230,0.10,0.0,0.0,0.0
2026-03-24T07:00,-1.8,84,998.4,0,2.48,236,0.09,12.0,4.0,8.0
2026-03-24T08:00,-1.1,83,998.4,0,2.36,234,0.09,116.0,65.0,51.0
2026-03-24T09:00,1.3,78,998.4,0,2.16,236,0.15,264.0,181.0,83.0
2026-03-24T10:00,2.4,75,998.1,0,1.52,229,0.18,404.0,302.0,102.0
2026-03-24T11:00,3.7,70,997.9,0,1.42,228,0.24,517.0,402.0,115.0
2026-03-24T12:00,4.7,68,997.5,0,1.35,222,0.28,590.0,468.0,122.0
2026-03-24T13:00,5.5,66,997.4,2,1.36,208,0.30,619.0,497.0,122.0
2026-03-24T14:00,6.2,63,996.8,19,1.22,215,0.35,602.0,484.0,118.0
2026-03-24T15:00,7.7,55,996.2,0,0.87,204,0.47,523.0,388.0,135.0
2026-03-24T16:00,7.6,53,995.7,0,0.56,190,0.49,431.0,327.0,104.0
2026-03-24T17:00,6.8,56,995.5,0,0.73,164,0.44,296.0,209.0,87.0
2026-03-24T18:00,4.4,64,995.3,2,1.61,173,0.30,147.0,88.0,59.0
2026-03-24T19:00,4.0,68,995.6,8,2.52,194,0.26,25.0,10.0,15.0
2026-03-24T20:00,3.2,72,995.7,9,2.68,217,0.21,0.0,0.0,0.0
2026-03-24T21:00,3.5,73,995.6,92,2.31,219,0.21,0.0,0.0,0.0
2026-03-24T22:00,3.1,75,995.3,72,2.41,223,0.19,0.0,0.0,0.0
2026-03-24T23:00,2.8,76,995.0,59,2.01,235,0.18,0.0,0.0,0.0
2026-03-25T00:00,1.6,78,994.8,45,1.62,236,0.15,0.0,0.0,0.0
2026-03-25T01:00,0.9,79,994.7,47,1.52,224,0.14,0.0,0.0,0.0
2026-03-25T02:00,-0.2,80,994.4,21,1.66,224,0.12,0.0,0.0,0.0
2026-03-25T03:00,-1.0,79,994.3,38,1.67,219,0.12,0.0,0.0,0.0
2026-03-25T04:00,-1.4,80,994.2,34,1.77,220,0.11,0.0,0.0,0.0
2026-03-25T05:00,-1.6,80,994.2,28,1.57,217,0.11,0.0,0.0,0.0
2026-03-25T06:00,-1.9,81,994.0,27,1.70,204,0.10,0.0,0.0,0.0
2026-03-25T07:00,-2.0,81,994.0,0,1.89,212,0.10,13.0,4.0,9.0
2026-03-25T08:00,0.1,79,994.2,1,1.66,224,0.13,121.0,68.0,53.0
2026-03-25T09:00,2.2,77,994.5,1,1.52,207,0.17,270.0,185.0,85.0
2026-03-25T10:00,3.3,73,994.6,30,1.50,184,0.21,410.0,307.0,103.0
2026-03-25T11:00,4.3,70,994.5,59,1.48,168,0.25,521.0,402.0,119.0
2026-03-25T12:00,5.3,67,994.2,73,1.63,157,0.29,589.0,445.0,144.0
2026-03-25T13:00,6.0,66,993.9,40,1.83,145,0.32,619.0,476.0,143.0
2026-03-25T14:00,6.5,64,993.4,2,2.13,141,0.35,602.0,469.0,133.0
2026-03-25T15:00,7.4,60,992.8,1,2.37,132,0.41,539.0,423.0,116.0
2026-03-25T16:00,6.8,59,992.4,0,2.48,140,0.41,434.0,330.0,104.0
2026-03-25T17:00,6.1,60,992.1,0,2.50,147,0.38,299.0,213.0,86.0
2026-03-25T18:00,5.2,63,992.0,0,2.52,159,0.33,151.0,91.0,60.0
2026-03-25T19:00,4.1,67,992.3,0,2.53,158,0.27,28.0,12.0,16.0
2026-03-25T20:00,3.2,72,992.7,0,2.83,163,0.22,0.0,0.0,0.0
2026-03-25T21:00,3.3,73,992.5,0,2.75,170,0.21,0.0,0.0,0.0
2026-03-25T22:00,2.7,76,992.8,0,2.70,178,0.18,0.0,0.0,0.0
2026-03-25T23:00,2.3,77,992.9,0,2.70,182,0.17,0.0,0.0,0.0
2026-03-26T00:00,1.8,77,993.2,0,2.52,188,0.16,0.0,0.0,0.0
2026-03-26T01:00,1.3,78,993.7,0,2.33,195,0.15,0.0,0.0,0.0
2026-03-26T02:00,0.7,80,993.8,0,2.00,193,0.13,0.0,0.0,0.0
2026-03-26T03:00,-0.3,80,993.9,0,1.90,178,0.12,0.0,0.0,0.0
2026-03-26T04:00,-0.7,82,994.3,0,1.89,168,0.11,0.0,0.0,0.0
2026-03-26T05:00,-1.5,84,994.4,0,1.79,162,0.09,0.0,0.0,0.0
2026-03-26T06:00,-1.9,85,994.7,0,1.87,160,0.08,0.0,0.0,0.0
2026-03-26T07:00,-1.8,86,995.2,0,1.87,160,0.08,16.0,6.0,10.0
2026-03-26T08:00,-0.6,84,995.4,0,2.02,157,0.09,126.0,72.0,54.0
2026-03-26T09:00,1.3,79,996.1,0,2.16,146,0.14,273.0,190.0,83.0
2026-03-26T10:00,1.8,81,996.2,0,1.72,126,0.13,410.0,307.0,103.0
2026-03-26T11:00,2.9,78,996.3,0,1.73,123,0.16,519.0,402.0,117.0
2026-03-26T12:00,4.1,75,996.6,5,1.57,121,0.21,590.0,465.0,125.0
2026-03-26T13:00,5.2,72,996.6,12,1.80,124,0.24,615.0,485.0,130.0
2026-03-26T14:00,6.0,67,996.4,20,1.64,128,0.31,592.0,460.0,132.0
2026-03-26T15:00,6.9,65,996.7,3,1.81,114,0.35,507.0,360.0,147.0
2026-03-26T16:00,6.3,66,996.4,2,2.17,119,0.32,427.0,320.0,107.0
2026-03-26T17:00,5.5,68,996.2,23,2.30,124,0.29,294.0,206.0,88.0
2026-03-26T18:00,4.5,70,996.3,3,2.16,132,0.25,148.0,81.0,67.0
2026-03-26T19:00,2.8,72,996.4,0,2.05,135,0.21,29.0,12.0,17.0
2026-03-26T20:00,1.7,73,996.6,0,1.98,137,0.19,0.0,0.0,0.0
2026-03-26T21:00,2.7,66,996.3,73,2.13,141,0.25,0.0,0.0,0.0
2026-03-26T22:00,1.2,67,996.2,100,1.97,144,0.22,0.0,0.0,0.0
2026-03-26T23:00,0.9,68,996.3,77,1.84,147,0.21,0.0,0.0,0.0
2026-03-27T00:00,0.6,67,996.3,34,1.47,145,0.21,0.0,0.0,0.0
2026-03-27T01:00,0.3,69,996.4,22,1.27,138,0.19,0.0,0.0,0.0
2026-03-27T02:00,-0.5,72,996.2,13,1.25,127,0.17,0.0,0.0,0.0
2026-03-27T03:00,-0.8,71,996.3,91,1.18,126,0.17,0.0,0.0,0.0
2026-03-27T04:00,-0.7,74,996.3,97,1.07,101,0.15,0.0,0.0,0.0
2026-03-27T05:00,-0.8,76,996.3,100,1.25,90,0.14,0.0,0.0,0.0
2026-03-27T06:00,-0.7,77,996.4,98,1.25,88,0.14,0.0,0.0,0.0
2026-03-27T07:00,-0.3,78,996.4,100,1.40,88,0.14,15.0,0.0,15.0
2026-03-27T08:00,1.2,77,996.5,89,1.22,99,0.16,115.0,38.0,77.0
2026-03-27T09:00,2.8,75,996.7,13,0.90,87,0.19,259.0,148.0,111.0
2026-03-27T10:00,3.5,72,996.9,23,0.74,110,0.22,404.0,290.0,114.0
2026-03-27T11:00,4.9,67,997.1,47,0.11,117,0.28,503.0,358.0,145.0
2026-03-27T12:00,6.0,65,997.2,77,0.11,333,0.32,569.0,418.0,151.0
2026-03-27T13:00,7.0,66,997.1,100,0.05,360,0.34,588.0,402.0,186.0
2026-03-27T14:00,7.4,68,996.4,100,0.11,153,0.33,505.0,283.0,222.0
2026-03-27T15:00,9.8,59,996.2,44,0.18,146,0.50,267.0,15.0,252.0
2026-03-27T16:00,9.0,59,995.8,51,0.10,180,0.48,426.0,318.0,108.0
2026-03-27T17:00,8.5,61,995.5,100,0.21,225,0.43,292.0,196.0,96.0
2026-03-27T18:00,6.8,71,995.2,100,0.46,257,0.29,142.0,62.0,80.0
2026-03-27T19:00,5.0,76,995.1,98,0.67,283,0.21,29.0,5.0,24.0
2026-03-27T20:00,4.1,79,995.2,84,0.60,318,0.17,0.0,0.0,0.0
2026-03-27T21:00,5.0,83,995.0,92,1.10,336,0.15,0.0,0.0,0.0
2026-03-27T22:00,3.5,86,995.0,83,0.91,351,0.11,0.0,0.0,0.0
2026-03-27T23:00,2.9,87,995.1,98,1.20,358,0.10,0.0,0.0,0.0
2026-03-28T00:00,3.7,87,995.4,100,1.55,356,0.10,0.0,0.0,0.0
2026-03-28T01:00,4.0,86,995.7,100,0.96,51,0.11,0.0,0.0,0.0
2026-03-28T02:00,3.6,90,995.8,100,1.20,45,0.08,0.0,0.0,0.0
2026-03-28T03:00,3.7,89,995.7,100,1.65,357,0.09,0.0,0.0,0.0
2026-03-28T04:00,3.6,89,995.9,100,1.80,360,0.09,0.0,0.0,0.0
2026-03-28T05:00,3.5,88,996.0,100,1.75,2,0.09,0.0,0.0,0.0
2026-03-28T06:00,3.4,89,996.4,100,1.61,5,0.09,0.0,0.0,0.0
2026-03-28T07:00,3.5,88,996.7,100,1.72,8,0.09,6.0,0.0,6.0
2026-03-28T08:00,3.9,85,996.9,100,1.81,14,0.12,41.0,0.0,41.0
2026-03-28T09:00,5.9,77,997.1,96,1.94,18,0.21,134.0,12.0,122.0
2026-03-28T10:00,5.9,78,997.4,95,1.35,2,0.21,272.0,54.0,218.0
2026-03-28T11:00,6.9,73,997.7,100,1.01,20,0.27,327.0,49.0,278.0
2026-03-28T12:00,7.8,70,997.8,100,0.93,16,0.32,365.0,39.0,326.0
2026-03-28T13:00,8.3,68,997.9,100,0.65,4,0.35,281.0,1.0,280.0
2026-03-28T14:00,8.9,65,997.9,100,0.45,354,0.40,289.0,22.0,267.0
2026-03-28T15:00,10.5,62,997.6,87,1.19,22,0.48,378.0,131.0,247.0
2026-03-28T16:00,9.1,60,997.3,23,1.17,31,0.47,334.0,164.0,170.0
2026-03-28T17:00,9.4,57,997.0,11,0.72,25,0.51,282.0,187.0,95.0
2026-03-28T18:00,8.6,60,996.8,45,0.94,25,0.45,146.0,83.0,63.0
2026-03-28T19:00,6.6,65,997.2,100,1.81,28,0.35,29.0,10.0,19.0
2026-03-28T20:00,6.7,66,997.7,100,1.95,42,0.34,0.0,0.0,0.0
2026-03-28T21:00,7.9,64,998.1,100,1.99,51,0.39,0.0,0.0,0.0
2026-03-28T22:00,6.7,65,998.3,100,2.05,56,0.34,0.0,0.0,0.0
2026-03-28T23:00,5.9,68,998.6,100,1.90,60,0.30,0.0,0.0,0.0
2026-03-29T00:00,5.4,69,998.4,100,1.79,60,0.27,0.0,0.0,0.0
2026-03-29T01:00,5.0,71,998.6,98,1.63,50,0.25,0.0,0.0,0.0
2026-03-29T02:00,4.8,72,998.5,42,1.81,42,0.24,0.0,0.0,0.0
2026-03-29T03:00,4.7,75,998.3,0,1.88,40,0.22,0.0,0.0,0.0
2026-03-29T04:00,3.0,77,998.5,0,1.87,46,0.17,0.0,0.0,0.0
2026-03-29T05:00,2.2,79,998.7,9,1.70,50,0.15,0.0,0.0,0.0
2026-03-29T06:00,1.7,82,999.0,3,1.73,44,0.12,0.0,0.0,0.0
2026-03-29T07:00,2.7,83,999.2,3,1.74,41,0.13,22.0,8.0,14.0
2026-03-29T08:00,3.2,82,999.5,9,1.38,49,0.14,134.0,79.0,55.0
2026-03-29T09:00,6.5,76,999.6,10,0.75,37,0.23,275.0,196.0,79.0
2026-03-29T10:00,6.9,72,999.5,4,0.32,39,0.28,416.0,326.0,90.0
2026-03-29T11:00,8.4,68,999.6,0,0.25,37,0.35,513.0,409.0,104.0
2026-03-29T12:00,9.8,64,999.4,0,0.32,39,0.43,581.0,473.0,108.0
2026-03-29T13:00,10.6,60,999.1,0,0.69,60,0.52,608.0,499.0,109.0
2026-03-29T14:00,10.8,55,998.5,0,1.32,79,0.59,589.0,483.0,106.0
2026-03-29T15:00,14.3,54,998.4,0,1.11,82,0.74,525.0,426.0,99.0
2026-03-29T16:00,11.3,49,998.0,0,1.07,79,0.69,427.0,337.0,90.0
2026-03-29T17:00,15.2,46,998.2,0,1.20,85,0.93,298.0,221.0,77.0
2026-03-29T18:00,13.7,51,998.1,0,1.60,86,0.77,156.0,100.0,56.0
2026-03-29T19:00,11.8,55,998.2,0,2.41,84,0.62,35.0,16.0,19.0
2026-03-29T20:00,10.2,59,998.1,0,2.80,80,0.51,0.0,0.0,0.0
2026-03-29T21:00,8.3,65,997.8,0,1.88,79,0.39,0.0,0.0,0.0
2026-03-29T22:00,9.2,60,997.7,0,2.10,90,0.47,0.0,0.0,0.0
2026-03-29T23:00,8.2,62,997.5,0,2.00,91,0.41,0.0,0.0,0.0
2026-03-30T00:00,7.2,65,997.4,5,1.65,87,0.36,0.0,0.0,0.0
2026-03-30T01:00,6.0,68,997.3,21,1.48,66,0.30,0.0,0.0,0.0
2026-03-30T02:00,4.8,72,997.1,1,1.40,55,0.24,0.0,0.0,0.0
2026-03-30T03:00,3.4,79,996.8,0,1.39,52,0.16,0.0,0.0,0.0
2026-03-30T04:00,1.7,81,996.3,0,1.63,50,0.13,0.0,0.0,0.0
2026-03-30T05:00,1.4,81,996.1,0,1.71,52,0.13,0.0,0.0,0.0
2026-03-30T06:00,1.3,80,995.9,34,1.73,57,0.13,0.0,0.0,0.0
2026-03-30T07:00,2.1,79,995.8,73,1.61,54,0.15,25.0,11.0,14.0
2026-03-30T08:00,3.5,77,995.7,0,1.38,49,0.18,140.0,86.0,54.0
2026-03-30T09:00,7.2,74,995.6,84,1.26,34,0.27,285.0,210.0,75.0
2026-03-30T10:00,9.7,61,995.6,97,1.25,37,0.47,419.0,327.0,92.0
2026-03-30T11:00,11.8,57,995.3,100,1.31,40,0.59,526.0,427.0,99.0
2026-03-30T12:00,13.7,52,995.0,100,1.82,53,0.75,589.0,472.0,117.0
2026-03-30T13:00,14.7,46,994.5,100,2.60,60,0.89,602.0,458.0,144.0
2026-03-30T14:00,15.2,44,994.2,100,2.80,61,0.96,583.0,447.0,136.0
2026-03-30T15:00,15.5,38,993.9,94,2.65,58,1.09,527.0,412.0,115.0
2026-03-30T16:00,15.6,40,993.4,66,2.75,57,1.06,430.0,331.0,99.0
2026-03-30T17:00,14.9,44,993.1,68,2.66,56,0.95,303.0,224.0,79.0
2026-03-30T18:00,13.5,49,993.0,82,2.80,59,0.80,161.0,104.0,57.0
2026-03-30T19:00,11.6,54,992.8,84,2.86,63,0.63,38.0,18.0,20.0
2026-03-30T20:00,10.3,58,992.9,100,3.06,64,0.52,0.0,0.0,0.0
2026-03-30T21:00,10.0,57,992.8,99,2.95,66,0.53,0.0,0.0,0.0
2026-03-30T22:00,9.1,60,992.8,98,2.98,67,0.46,0.0,0.0,0.0
2026-03-30T23:00,8.1,63,992.7,80,2.97,70,0.40,0.0,0.0,0.0
2026-03-31T00:00,7.2,66,992.7,16,2.65,68,0.34,0.0,0.0,0.0
2026-03-31T01:00,6.3,69,992.7,1,2.46,61,0.30,0.0,0.0,0.0
2026-03-31T02:00,5.6,72,992.5,11,2.34,56,0.26,0.0,0.0,0.0
2026-03-31T03:00,5.8,69,992.2,37,2.39,53,0.29,0.0,0.0,0.0
2026-03-31T04:00,5.0,72,991.9,15,2.57,57,0.24,0.0,0.0,0.0
2026-03-31T05:00,4.3,75,992.0,47,2.66,62,0.21,0.0,0.0,0.0
2026-03-31T06:00,3.7,78,992.1,99,2.60,67,0.17,0.0,0.0,0.0
2026-03-31T07:00,3.6,80,992.3,100,2.58,72,0.16,18.0,1.0,17.0
2026-03-31T08:00,4.1,80,992.4,41,2.56,73,0.16,73.0,0.0,73.0
2026-03-31T09:00,7.6,68,992.2,0,1.96,71,0.33,219.0,110.0,109.0
2026-03-31T10:00,9.3,64,992.2,0,2.09,79,0.43,424.0,340.0,84.0
2026-03-31T11:00,10.8,61,992.0,0,2.04,79,0.51,530.0,436.0,94.0
2026-03-31T12:00,12.4,59,992.0,0,1.97,81,0.60,599.0,501.0,98.0
2026-03-31T13:00,13.9,57,991.9,3,1.85,88,0.69,622.0,522.0,100.0
2026-03-31T14:00,15.1,55,991.6,6,1.95,91,0.77,596.0,496.0,100.0
2026-03-31T15:00,15.5,52,991.9,44,1.77,98,0.84,492.0,365.0,127.0
2026-03-31T16:00,15.8,52,991.8,48,1.98,100,0.87,363.0,222.0,141.0
2026-03-31T17:00,15.6,56,991.5,19,1.50,94,0.78,231.0,117.0,114.0
2026-03-31T18:00,14.7,60,991.5,2,1.56,84,0.66,146.0,83.0,63.0
2026-03-31T19:00,13.0,65,991.5,1,1.70,88,0.52,39.0,18.0,21.0
2026-03-31T20:00,12.2,66,991.7,23,2.35,89,0.48,0.0,0.0,0.0
2026-03-31T21:00,11.6,66,992.1,96,2.00,91,0.46,0.0,0.0,0.0
2026-03-31T22:00,11.1,70,992.3,65,2.26,96,0.40,0.0,0.0,0.0
2026-03-31T23:00,10.3,73,992.6,100,2.38,100,0.33,0.0,0.0,0.0
2026-04-01T00:00,9.5,76,992.8,80,2.15,102,0.29,0.0,0.0,0.0
2026-04-01T01:00,8.7,78,993.0,81,1.82,99,0.25,0.0,0.0,0.0
2026-04-01T02:00,8.2,79,993.2,70,1.70,93,0.23,0.0,0.0,0.0
2026-04-01T03:00,6.9,80,992.8,10,1.23,78,0.20,0.0,0.0,0.0
2026-04-01T04:00,6.5,82,992.3,3,1.07,53,0.17,0.0,0.0,0.0
2026-04-01T05:00,5.7,83,992.4,2,1.25,67,0.15,0.0,0.0,0.0
2026-04-01T06:00,5.1,84,992.6,100,1.75,53,0.14,0.0,0.0,0.0
2026-04-01T07:00,4.9,85,992.8,96,1.43,61,0.13,25.0,6.0,19.0
2026-04-01T08:00,5.7,84,993.0,100,1.36,36,0.14,99.0,20.0,79.0
2026-04-01T09:00,8.5,75,993.1,4,0.86,54,0.27,189.0,43.0,146.0
2026-04-01T10:00,10.4,71,993.6,21,0.61,35,0.37,413.0,315.0,98.0
2026-04-01T11:00,12.5,65,993.6,55,0.60,355,0.50,529.0,441.0,88.0
2026-04-01T12:00,14.1,61,993.6,79,0.81,7,0.63,563.0,403.0,160.0
2026-04-01T13:00,15.4,54,993.6,100,1.10,39,0.80,591.0,436.0,155.0
2026-04-01T14:00,15.8,48,993.3,100,1.39,60,0.93,401.0,166.0,235.0
2026-04-01T15:00,16.5,44,993.2,2,1.11,36,1.05,365.0,144.0,221.0
2026-04-01T16:00,17.0,41,993.1,25,1.24,43,1.14,442.0,361.0,81.0
2026-04-01T17:00,16.7,45,993.0,35,0.94,58,1.04,303.0,227.0,76.0
2026-04-01T18:00,15.6,51,992.7,18,1.19,68,0.87,163.0,106.0,57.0
2026-04-01T19:00,13.0,63,992.7,7,1.32,81,0.55,43.0,19.0,24.0
2026-04-01T20:00,11.4,68,993.0,2,0.52,73,0.42,0.0,0.0,0.0
2026-04-01T21:00,11.1,63,993.2,91,1.33,20,0.49,0.0,0.0,0.0
2026-04-01T22:00,10.9,62,993.3,1,2.80,2,0.49,0.0,0.0,0.0
2026-04-01T23:00,9.9,68,993.0,20,2.89,14,0.39,0.0,0.0,0.0
2026-04-02T00:00,9.1,71,992.8,98,2.80,10,0.33,0.0,0.0,0.0
2026-04-02T01:00,8.4,73,992.9,85,2.84,9,0.30,0.0,0.0,0.0
2026-04-02T02:00,7.8,74,992.6,100,2.72,7,0.28,0.0,0.0,0.0
2026-04-02T03:00,7.6,74,992.2,100,2.85,360,0.27,0.0,0.0,0.0
2026-04-02T04:00,6.7,76,992.1,100,3.06,4,0.24,0.0,0.0,0.0
2026-04-02T05:00,6.2,78,991.7,100,2.93,8,0.21,0.0,0.0,0.0
2026-04-02T06:00,5.8,80,991.5,100,2.77,7,0.19,0.0,0.0,0.0
2026-04-02T07:00,5.7,81,991.6,100,2.63,9,0.18,22.0,0.0,22.0
2026-04-02T08:00,6.1,80,991.5,100,2.35,1,0.19,82.0,5.0,77.0
2026-04-02T09:00,6.8,77,991.2,100,2.45,358,0.23,99.0,5.0,94.0
2026-04-02T10:00,7.4,77,990.9,100,2.09,343,0.24,146.0,2.0,144.0
2026-04-02T11:00,8.8,72,990.5,100,2.21,347,0.32,253.0,30.0,223.0
2026-04-02T12:00,9.4,70,990.4,100,2.23,351,0.35,211.0,13.0,198.0
2026-04-02T13:00,9.2,72,989.9,100,2.61,343,0.32,159.0,0.0,159.0
2026-04-02T14:00,9.1,73,989.2,100,3.15,342,0.32,114.0,1.0,113.0
2026-04-02T15:00,9.0,77,988.9,100,2.82,335,0.26,183.0,9.0,174.0
2026-04-02T16:00,9.4,76,988.5,100,2.66,332,0.29,120.0,8.0,112.0
2026-04-02T17:00,9.5,72,987.8,100,3.04,346,0.33,65.0,2.0,63.0
2026-04-02T18:00,9.4,73,987.6,100,3.06,349,0.32,41.0,0.0,41.0
2026-04-02T19:00,8.8,77,987.4,100,2.64,350,0.27,8.0,0.0,8.0
2026-04-02T20:00,8.3,80,987.1,100,2.54,350,0.22,0.0,0.0,0.0
2026-04-02T21:00,8.9,78,986.8,100,2.06,342,0.25,0.0,0.0,0.0
2026-04-02T22:00,8.5,79,986.5,100,2.10,332,0.23,0.0,0.0,0.0
2026-04-02T23:00,7.9,84,986.2,100,2.15,335,0.17,0.0,0.0,0.0
2026-04-03T00:00,7.3,89,985.9,100,2.16,326,0.12,0.0,0.0,0.0
2026-04-03T01:00,6.9,92,985.5,100,2.09,316,0.08,0.0,0.0,0.0
2026-04-03T02:00,6.7,93,985.3,93,2.19,305,0.07,0.0,0.0,0.0
2026-04-03T03:00,6.3,93,985.1,45,2.38,309,0.07,0.0,0.0,0.0
2026-04-03T04:00,5.2,92,985.2,80,2.41,313,0.07,0.0,0.0,0.0
2026-04-03T05:00,4.4,93,985.2,100,2.23,304,0.06,0.0,0.0,0.0
2026-04-03T06:00,4.0,94,985.5,97,2.17,296,0.05,0.0,0.0,0.0
2026-04-03T07:00,4.6,93,985.8,91,2.48,298,0.06,33.0,8.0,25.0
2026-04-03T08:00,5.9,92,986.0,73,2.55,293,0.07,113.0,41.0,72.0
2026-04-03T09:00,8.1,86,986.3,99,1.94,288,0.15,265.0,152.0,113.0
2026-04-03T10:00,9.6,76,986.4,40,2.02,303,0.29,395.0,255.0,140.0
2026-04-03T11:00,11.2,67,986.6,19,1.92,298,0.43,522.0,405.0,117.0
2026-04-03T12:00,12.5,59,986.7,40,2.11,301,0.59,598.0,488.0,110.0
2026-04-03T13:00,13.6,53,986.6,70,2.68,303,0.73,623.0,511.0,112.0
2026-04-03T14:00,14.1,49,986.4,97,2.82,300,0.82,562.0,417.0,145.0
2026-04-03T15:00,14.4,40,986.7,3,2.82,293,0.98,509.0,369.0,140.0
2026-04-03T16:00,14.3,38,986.5,9,2.82,297,1.02,439.0,335.0,104.0
2026-04-03T17:00,14.0,38,986.5,53,2.40,301,1.00,317.0,239.0,78.0
2026-04-03T18:00,13.0,41,986.6,99,1.97,300,0.88,171.0,105.0,66.0
2026-04-03T19:00,11.5,45,986.8,100,2.24,294,0.74,43.0,11.0,32.0
2026-04-03T20:00,10.1,49,987.3,84,2.16,304,0.63,0.0,0.0,0.0
2026-04-03T21:00,8.7,54,987.6,95,1.57,323,0.51,0.0,0.0,0.0
2026-04-03T22:00,8.4,54,987.9,100,1.82,339,0.51,0.0,0.0,0.0
2026-04-03T23:00,7.7,54,988.1,100,1.91,340,0.48,0.0,0.0,0.0
2026-04-04T00:00,6.9,58,988.5,100,1.35,321,0.42,0.0,0.0,0.0
2026-04-04T01:00,5.8,63,988.6,100,1.07,298,0.34,0.0,0.0,0.0
2026-04-04T02:00,5.5,61,988.5,100,1.50,285,0.35,0.0,0.0,0.0
2026-04-04T03:00,3.5,73,988.3,100,0.96,279,0.21,0.0,0.0,0.0
2026-04-04T04:00,3.6,72,988.4,95,1.33,283,0.22,0.0,0.0,0.0
2026-04-04T05:00,3.0,73,988.8,53,1.42,280,0.20,0.0,0.0,0.0
2026-04-04T06:00,2.3,77,988.8,52,1.17,290,0.17,0.0,0.0,0.0
2026-04-04T07:00,2.4,77,988.9,16,1.01,297,0.16,40.0,16.0,24.0
2026-04-04T08:00,3.7,77,989.0,0,0.65,293,0.19,164.0,102.0,62.0
2026-04-04T09:00,7.0,74,989.1,26,0.52,197,0.26,313.0,237.0,76.0
2026-04-04T10:00,9.6,59,989.3,66,0.40,240,0.49,442.0,346.0,96.0
2026-04-04T11:00,11.1,42,989.4,100,0.92,241,0.76,488.0,301.0,187.0
2026-04-04T12:00,11.7,39,989.1,96,0.83,213,0.84,502.0,274.0,228.0
2026-04-04T13:00,12.4,37,988.7,96,1.03,209,0.91,615.0,467.0,148.0
2026-04-04T14:00,13.0,35,988.1,62,1.75,204,0.97,527.0,296.0,231.0
2026-04-04T15:00,13.5,32,987.8,52,1.41,186,1.06,471.0,273.0,198.0
2026-04-04T16:00,13.6,29,986.9,100,1.87,214,1.10,357.0,211.0,146.0
2026-04-04T17:00,13.1,38,986.4,54,1.09,196,0.94,139.0,31.0,108.0
2026-04-04T18:00,12.3,48,986.0,57,0.97,201,0.75,143.0,68.0,75.0
2026-04-04T19:00,11.4,47,985.8,48,2.09,259,0.71,44.0,15.0,29.0
2026-04-04T20:00,9.3,57,986.0,15,1.22,289,0.50,0.0,0.0,0.0
2026-04-04T21:00,8.4,60,985.8,1,0.70,184,0.44,0.0,0.0,0.0
2026-04-04T22:00,8.6,57,985.5,4,1.60,200,0.48,0.0,0.0,0.0
2026-04-04T23:00,7.1,56,985.8,25,3.71,260,0.45,0.0,0.0,0.0
2026-04-05T00:00,5.4,65,986.0,23,3.08,290,0.32,0.0,0.0,0.0
2026-04-05T01:00,4.6,70,985.7,100,2.59,280,0.25,0.0,0.0,0.0
2026-04-05T02:00,4.1,73,985.1,100,1.76,255,0.22,0.0,0.0,0.0
2026-04-05T03:00,5.1,70,984.3,100,1.57,253,0.27,0.0,0.0,0.0
2026-04-05T04:00,4.8,72,984.2,100,2.15,258,0.24,0.0,0.0,0.0
2026-04-05T05:00,4.4,74,984.2,100,2.30,257,0.22,0.0,0.0,0.0
2026-04-05T06:00,4.1,78,984.2,100,2.20,253,0.18,0.0,0.0,0.0
2026-04-05T07:00,4.0,81,984.0,100,2.28,247,0.15,15.0,0.0,15.0
2026-04-05T08:00,4.2,84,983.9,100,3.26,255,0.13,64.0,2.0,62.0
2026-04-05T09:00,4.5,82,983.6,98,3.65,269,0.15,115.0,1.0,114.0
2026-04-05T10:00,5.4,74,983.8,47,3.72,281,0.23,229.0,50.0,179.0
2026-04-05T11:00,6.5,70,984.0,100,3.55,280,0.29,381.0,178.0,203.0
2026-04-05T12:00,5.9,68,984.4,63,4.23,277,0.30,210.0,29.0,181.0
2026-04-05T13:00,6.5,69,984.8,98,3.55,272,0.30,370.0,182.0,188.0
2026-04-05T14:00,7.3,61,984.8,98,3.61,274,0.40,366.0,119.0,247.0
2026-04-05T15:00,6.7,62,985.1,83,3.16,288,0.38,287.0,71.0,216.0
2026-04-05T16:00,7.5,57,985.4,95,3.18,286,0.45,269.0,82.0,187.0
2026-04-05T17:00,5.2,73,986.2,71,2.55,296,0.24,162.0,44.0,118.0
2026-04-05T18:00,5.1,76,986.9,85,3.09,293,0.21,134.0,56.0,78.0
2026-04-05T19:00,2.7,78,987.7,80,2.83,287,0.16,29.0,5.0,24.0
2026-04-05T20:00,2.8,84,988.1,80,3.36,300,0.12,0.0,0.0,0.0
2026-04-05T21:00,4.1,85,988.5,67,3.13,290,0.13,0.0,0.0,0.0
2026-04-05T22:00,3.5,82,988.7,31,3.67,287,0.14,0.0,0.0,0.0
2026-04-05T23:00,3.5,80,989.0,7,4.10,290,0.16,0.0,0.0,0.0
2026-04-06T00:00,3.3,79,989.4,9,4.15,292,0.16,0.0,0.0,0.0
2026-04-06T01:00,2.9,80,989.4,6,3.75,291,0.15,0.0,0.0,0.0
2026-04-06T02:00,2.4,81,989.5,34,3.39,286,0.14,0.0,0.0,0.0
2026-04-06T03:00,2.7,82,989.6,0,2.92,276,0.14,0.0,0.0,0.0
2026-04-06T04:00,2.2,83,989.6,5,3.05,271,0.12,0.0,0.0,0.0
2026-04-06T05:00,1.7,85,989.5,12,2.75,268,0.11,0.0,0.0,0.0
2026-04-06T06:00,1.1,87,989.2,27,2.29,260,0.09,0.0,0.0,0.0
2026-04-06T07:00,1.3,87,988.9,59,2.02,250,0.09,49.0,21.0,28.0
2026-04-06T08:00,2.2,84,988.7,97,1.68,233,0.12,162.0,84.0,78.0
2026-04-06T09:00,4.1,80,988.2,100,1.25,203,0.16,278.0,147.0,131.0
2026-04-06T10:00,5.8,74,987.5,100,1.50,182,0.24,364.0,168.0,196.0
2026-04-06T11:00,7.1,68,986.8,100,2.26,185,0.32,376.0,119.0,257.0
2026-04-06T12:00,8.1,62,985.9,100,2.60,178,0.41,407.0,112.0,295.0
2026-04-06T13:00,7.5,66,985.4,100,2.87,186,0.35,133.0,3.0,130.0
2026-04-06T14:00,6.8,75,984.4,100,2.42,173,0.25,109.0,2.0,107.0
2026-04-06T15:00,6.8,73,983.7,100,2.39,151,0.27,113.0,1.0,112.0
2026-04-06T16:00,6.6,79,983.0,100,2.51,174,0.20,66.0,0.0,66.0
2026-04-06T17:00,5.7,85,982.7,100,3.05,238,0.13,58.0,2.0,56.0
2026-04-06T18:00,5.0,89,982.6,100,2.82,264,0.10,32.0,0.0,32.0
2026-04-06T19:00,4.7,89,982.7,98,3.15,273,0.09,21.0,0.0,21.0
2026-04-06T20:00,4.2,89,982.5,34,3.02,277,0.09,1.0,0.0,1.0
2026-04-06T21:00,4.6,92,982.4,8,2.84,296,0.07,0.0,0.0,0.0
2026-04-06T22:00,3.6,94,981.8,95,2.40,306,0.05,0.0,0.0,0.0
2026-04-06T23:00,3.1,94,981.3,99,1.40,270,0.04,0.0,0.0,0.0
2026-04-07T00:00,2.6,96,980.9,100,1.47,280,0.03,0.0,0.0,0.0
2026-04-07T01:00,2.0,98,980.5,100,1.42,312,0.02,0.0,0.0,0.0
2026-04-07T02:00,0.5,100,980.1,100,1.01,333,0.00,0.0,0.0,0.0
2026-04-07T03:00,1.3,100,979.5,100,1.15,304,0.00,0.0,0.0,0.0
2026-04-07T04:00,1.2,99,979.0,100,1.94,288,0.01,0.0,0.0,0.0
2026-04-07T05:00,1.1,94,978.7,100,2.42,288,0.04,0.0,0.0,0.0
2026-04-07T06:00,1.0,91,978.7,100,2.62,299,0.06,0.0,0.0,0.0
2026-04-07T07:00,1.2,89,978.8,61,2.64,297,0.08,41.0,7.0,34.0
2026-04-07T08:00,2.3,85,979.0,5,3.04,295,0.11,169.0,85.0,84.0
2026-04-07T09:00,3.4,86,979.0,100,3.25,314,0.11,324.0,229.0,95.0
2026-04-07T10:00,4.2,83,979.3,100,2.98,319,0.14,265.0,92.0,173.0
2026-04-07T11:00,4.9,80,979.8,100,2.90,312,0.17,297.0,70.0,227.0
2026-04-07T12:00,6.2,74,980.2,46,2.54,302,0.25,389.0,107.0,282.0
2026-04-07T13:00,7.6,64,980.4,19,2.80,297,0.37,571.0,357.0,214.0
2026-04-07T14:00,8.2,56,980.5,34,3.27,299,0.48,558.0,388.0,170.0
2026-04-07T15:00,7.4,57,981.0,89,3.13,304,0.44,509.0,369.0,140.0
2026-04-07T16:00,7.5,56,981.3,80,3.11,300,0.46,418.0,273.0,145.0
2026-04-07T17:00,7.5,54,981.7,45,3.15,297,0.48,308.0,205.0,103.0
2026-04-07T18:00,7.0,56,982.3,100,2.74,288,0.45,162.0,88.0,74.0
2026-04-07T19:00,5.9,63,982.6,100,2.91,266,0.34,55.0,19.0,36.0
2026-04-07T20:00,5.1,69,982.8,100,2.83,262,0.27,1.0,0.0,1.0
2026-04-07T21:00,4.0,80,983.1,100,2.45,274,0.16,0.0,0.0,0.0
2026-04-07T22:00,3.6,84,983.0,100,2.46,264,0.13,0.0,0.0,0.0
2026-04-07T23:00,3.0,87,983.3,100,2.45,282,0.10,0.0,0.0,0.0
2026-04-08T00:00,2.4,91,983.8,100,2.36,291,0.07,0.0,0.0,0.0
2026-04-08T01:00,2.5,93,984.2,100,2.14,303,0.05,0.0,0.0,0.0
2026-04-08T02:00,2.6,93,984.3,100,2.06,293,0.05,0.0,0.0,0.0
2026-04-08T03:00,2.5,93,984.3,100,2.19,281,0.05,0.0,0.0,0.0
2026-04-08T04:00,2.4,89,984.6,100,2.04,292,0.08,0.0,0.0,0.0
2026-04-08T05:00,1.7,95,984.9,100,1.98,280,0.04,0.0,0.0,0.0
2026-04-08T06:00,1.1,98,985.4,100,2.31,276,0.01,0.0,0.0,0.0
2026-04-08T07:00,1.3,98,985.9,100,2.46,294,0.01,10.0,0.0,10.0
2026-04-08T08:00,2.1,92,986.4,100,1.88,312,0.05,52.0,0.0,52.0
2026-04-08T09:00,2.5,89,987.1,100,1.56,318,0.08,124.0,2.0,122.0
2026-04-08T10:00,3.5,81,987.6,99,1.36,298,0.15,276.0,79.0,197.0
2026-04-08T11:00,4.1,76,988.4,89,1.39,308,0.20,246.0,46.0,200.0
2026-04-08T12:00,5.0,69,989.0,100,1.11,306,0.27,360.0,84.0,276.0
2026-04-08T13:00,5.6,66,989.3,100,1.19,298,0.31,362.0,121.0,241.0
2026-04-08T14:00,6.0,64,989.6,80,1.10,309,0.34,303.0,67.0,236.0
2026-04-08T15:00,5.3,68,990.5,99,1.54,324,0.28,316.0,101.0,215.0
2026-04-08T16:00,5.5,67,991.0,99,2.12,341,0.30,220.0,29.0,191.0
2026-04-08T17:00,5.3,69,991.4,89,2.01,346,0.27,155.0,33.0,122.0
2026-04-08T18:00,5.1,68,991.6,27,2.72,347,0.28,128.0,37.0,91.0
2026-04-08T19:00,3.3,86,992.0,55,3.14,351,0.11,53.0,15.0,38.0
2026-04-08T20:00,2.4,93,992.8,100,2.85,1,0.05,2.0,0.0,2.0
2026-04-08T21:00,2.5,94,993.6,21,3.10,1,0.04,0.0,0.0,0.0
2026-04-08T22:00,1.9,95,993.5,80,3.03,351,0.03,0.0,0.0,0.0
2026-04-08T23:00,1.5,96,993.6,100,2.83,352,0.03,0.0,0.0,0.0
2026-04-09T00:00,1.2,97,993.7,100,2.80,358,0.02,0.0,0.0,0.0
2026-04-09T01:00,0.8,99,993.8,100,2.67,354,0.01,0.0,0.0,0.0
2026-04-09T02:00,0.7,99,993.8,100,2.80,357,0.01,0.0,0.0,0.0
2026-04-09T03:00,0.9,98,994.3,100,3.11,349,0.01,0.0,0.0,0.0
2026-04-09T04:00,1.0,94,994.3,100,2.57,347,0.04,0.0,0.0,0.0
2026-04-09T05:00,1.0,94,994.3,100,3.20,10,0.04,0.0,0.0,0.0
2026-04-09T06:00,1.1,93,994.4,100,3.02,16,0.05,1.0,0.0,1.0
2026-04-09T07:00,1.8,92,994.9,100,3.76,27,0.06,45.0,5.0,40.0
2026-04-09T08:00,2.3,89,995.0,100,4.01,29,0.08,65.0,1.0,64.0
2026-04-09T09:00,3.2,90,994.8,100,4.74,29,0.08,114.0,4.0,110.0
2026-04-09T10:00,3.4,86,995.0,100,5.51,31,0.11,132.0,5.0,127.0
2026-04-09T11:00,3.3,82,995.7,100,5.46,26,0.14,182.0,5.0,177.0
2026-04-09T12:00,2.5,84,996.0,100,5.00,20,0.11,108.0,1.0,107.0
2026-04-09T13:00,2.0,85,996.2,100,4.95,16,0.10,102.0,0.0,102.0
2026-04-09T14:00,1.7,88,996.2,100,4.62,6,0.09,92.0,0.0,92.0
2026-04-09T15:00,1.5,78,996.7,100,5.80,17,0.15,99.0,0.0,99.0
2026-04-09T16:00,1.3,82,996.8,100,5.43,17,0.12,76.0,0.0,76.0
2026-04-09T17:00,1.3,83,997.0,100,5.33,20,0.12,80.0,0.0,80.0
2026-04-09T18:00,1.2,83,997.3,100,4.44,17,0.11,33.0,0.0,33.0
2026-04-09T19:00,1.2,81,997.5,100,4.70,21,0.13,14.0,0.0,14.0
2026-04-09T20:00,1.4,78,997.7,100,4.54,27,0.15,1.0,0.0,1.0
2026-04-09T21:00,1.0,82,997.9,100,4.36,25,0.12,0.0,0.0,0.0
2026-04-09T22:00,1.3,79,997.3,100,4.16,26,0.14,0.0,0.0,0.0
2026-04-09T23:00,1.6,74,996.7,100,4.07,26,0.18,0.0,0.0,0.0
2026-04-10T00:00,1.7,73,996.3,100,4.05,24,0.19,0.0,0.0,0.0
2026-04-10T01:00,1.7,72,995.8,100,3.95,22,0.19,0.0,0.0,0.0
2026-04-10T02:00,1.6,72,995.6,100,4.11,21,0.19,0.0,0.0,0.0
2026-04-10T03:00,1.0,68,995.1,100,4.35,17,0.21,0.0,0.0,0.0
2026-04-10T04:00,0.9,66,994.4,100,4.44,19,0.22,0.0,0.0,0.0
2026-04-10T05:00,0.8,66,993.9,100,4.59,18,0.22,0.0,0.0,0.0
2026-04-10T06:00,0.6,65,993.6,100,4.71,22,0.22,1.0,0.0,1.0
2026-04-10T07:00,0.4,68,993.4,100,4.73,23,0.20,14.0,0.0,14.0
2026-04-10T08:00,0.1,72,993.4,100,5.08,26,0.17,22.0,0.0,22.0
2026-04-10T09:00,0.0,77,993.2,100,4.34,12,0.14,65.0,0.0,65.0
2026-04-10T10:00,0.5,79,993.0,100,3.91,10,0.13,91.0,0.0,91.0
2026-04-10T11:00,1.3,78,993.3,100,5.09,31,0.15,163.0,2.0,161.0
2026-04-10T12:00,1.8,80,993.6,100,5.73,46,0.14,152.0,4.0,148.0
2026-04-10T13:00,1.7,84,994.1,100,4.09,35,0.11,94.0,0.0,94.0
2026-04-10T14:00,2.4,85,994.2,94,4.07,45,0.11,123.0,8.0,115.0
2026-04-10T15:00,4.4,73,994.6,100,3.68,45,0.23,461.0,265.0,196.0
2026-04-10T16:00,5.4,70,994.9,100,5.66,61,0.27,227.0,26.0,201.0
2026-04-10T17:00,5.4,70,995.0,93,5.25,63,0.27,87.0,15.0,72.0
2026-04-10T18:00,5.3,71,995.8,100,5.58,60,0.26,83.0,6.0,77.0
2026-04-10T19:00,4.9,71,996.6,100,5.19,64,0.25,47.0,7.0,40.0
2026-04-10T20:00,4.6,72,997.3,100,5.34,68,0.24,1.0,0.0,1.0
2026-04-10T21:00,4.7,75,997.9,100,4.90,67,0.21,0.0,0.0,0.0
2026-04-10T22:00,4.7,76,997.9,100,4.87,73,0.21,0.0,0.0,0.0
2026-04-10T23:00,4.3,79,998.2,95,4.60,73,0.18,0.0,0.0,0.0
2026-04-11T00:00,3.5,82,998.4,96,4.55,75,0.14,0.0,0.0,0.0
2026-04-11T01:00,3.4,84,998.8,100,4.34,78,0.12,0.0,0.0,0.0
2026-04-11T02:00,3.3,85,999.1,100,4.04,78,0.11,0.0,0.0,0.0
2026-04-11T03:00,2.5,84,999.1,85,3.47,67,0.12,0.0,0.0,0.0
2026-04-11T04:00,2.1,87,999.0,78,3.38,71,0.10,0.0,0.0,0.0
2026-04-11T05:00,2.0,89,999.2,100,3.66,76,0.07,0.0,0.0,0.0
2026-04-11T06:00,2.3,91,999.7,100,3.54,77,0.06,2.0,0.0,2.0
2026-04-11T07:00,2.4,92,1000.2,100,3.23,74,0.06,38.0,3.0,35.0
2026-04-11T08:00,2.7,91,1000.3,100,3.54,71,0.06,96.0,13.0,83.0
2026-04-11T09:00,2.7,90,1001.0,100,4.15,88,0.07,153.0,27.0,126.0
2026-04-11T10:00,3.4,89,1001.2,100,3.98,83,0.09,159.0,8.0,151.0
2026-04-11T11:00,4.4,86,1001.6,100,4.40,88,0.12,240.0,24.0,216.0
2026-04-11T12:00,5.1,81,1002.0,100,4.62,85,0.17,230.0,16.0,214.0
2026-04-11T13:00,5.9,76,1002.1,100,4.65,88,0.23,241.0,25.0,216.0
2026-04-11T14:00,6.3,72,1002.4,100,4.58,96,0.27,233.0,37.0,196.0
2026-04-11T15:00,5.4,72,1003.1,100,4.85,91,0.25,266.0,82.0,184.0
2026-04-11T16:00,5.4,75,1003.1,100,4.83,106,0.22,281.0,141.0,140.0
2026-04-11T17:00,4.5,84,1003.3,100,3.73,102,0.13,89.0,2.0,87.0
2026-04-11T18:00,4.7,86,1003.5,100,2.87,97,0.12,102.0,5.0,97.0
2026-04-11T19:00,4.4,88,1003.7,88,2.72,110,0.10,48.0,7.0,41.0
2026-04-11T20:00,4.0,89,1004.3,86,2.12,109,0.09,3.0,0.0,3.0
2026-04-11T21:00,4.2,93,1004.6,100,2.36,85,0.06,0.0,0.0,0.0
2026-04-11T22:00,4.0,94,1004.6,35,2.06,96,0.05,0.0,0.0,0.0
2026-04-11T23:00,3.2,96,1004.9,97,1.91,95,0.03,0.0,0.0,0.0
2026-04-12T00:00,3.4,95,1005.2,84,2.01,94,0.04,0.0,0.0,0.0
2026-04-12T01:00,3.1,96,1005.3,67,1.81,84,0.03,0.0,0.0,0.0
2026-04-12T02:00,2.0,98,1005.4,33,1.70,87,0.02,0.0,0.0,0.0
2026-04-12T03:00,2.0,97,1005.6,20,1.99,72,0.02,0.0,0.0,0.0
2026-04-12T04:00,1.5,96,1005.6,78,1.36,84,0.02,0.0,0.0,0.0
2026-04-12T05:00,2.2,98,1005.8,100,1.47,100,0.02,0.0,0.0,0.0
2026-04-12T06:00,2.4,99,1006.1,100,1.40,90,0.01,2.0,0.0,2.0
2026-04-12T07:00,2.8,98,1006.4,100,1.59,103,0.01,43.0,3.0,40.0
2026-04-12T08:00,3.4,97,1006.8,100,1.29,103,0.02,107.0,14.0,93.0
2026-04-12T09:00,4.2,96,1007.3,100,1.85,92,0.03,233.0,63.0,170.0
2026-04-12T10:00,5.5,89,1007.7,100,2.05,89,0.10,274.0,41.0,233.0
2026-04-12T11:00,6.9,81,1007.9,66,1.93,107,0.19,371.0,117.0,254.0
2026-04-12T12:00,8.2,75,1008.0,36,2.06,108,0.27,554.0,339.0,215.0
2026-04-12T13:00,9.1,69,1007.7,20,2.35,92,0.36,617.0,440.0,177.0
2026-04-12T14:00,9.8,62,1007.5,28,2.11,95,0.46,621.0,471.0,150.0
2026-04-12T15:00,9.8,52,1007.5,43,2.19,117,0.58,516.0,360.0,156.0
2026-04-12T16:00,10.0,49,1007.1,59,2.06,108,0.63,409.0,273.0,136.0
2026-04-12T17:00,10.2,47,1006.9,52,2.04,121,0.67,269.0,134.0,135.0
2026-04-12T18:00,10.1,49,1006.8,47,1.24,130,0.63,186.0,99.0,87.0
2026-04-12T19:00,9.2,59,1007.0,84,0.63,29,0.48,58.0,19.0,39.0
2026-04-12T20:00,8.3,62,1007.6,84,2.20,39,0.41,3.0,0.0,3.0
2026-04-12T21:00,7.4,70,1007.9,77,1.99,62,0.31,0.0,0.0,0.0
2026-04-12T22:00,6.9,72,1008.1,34,2.47,76,0.28,0.0,0.0,0.0
2026-04-12T23:00,6.0,75,1008.1,97,2.12,71,0.23,0.0,0.0,0.0
2026-04-13T00:00,5.3,78,1008.1,83,2.02,60,0.20,0.0,0.0,0.0
2026-04-13T01:00,4.6,81,1008.4,1,2.20,49,0.16,0.0,0.0,0.0
2026-04-13T02:00,4.0,83,1008.4,23,2.30,48,0.14,0.0,0.0,0.0
2026-04-13T03:00,2.6,88,1008.6,0,1.56,42,0.09,0.0,0.0,0.0
2026-04-13T04:00,2.3,88,1008.7,2,1.69,34,0.08,0.0,0.0,0.0
2026-04-13T05:00,1.9,88,1008.9,57,1.77,29,0.09,0.0,0.0,0.0
2026-04-13T06:00,1.6,87,1009.3,100,1.96,32,0.09,5.0,1.0,4.0
2026-04-13T07:00,2.2,85,1009.6,100,1.90,27,0.11,71.0,20.0,51.0
2026-04-13T08:00,3.3,83,1009.7,100,1.35,15,0.13,177.0,67.0,110.0
2026-04-13T09:00,4.7,84,1010.3,100,0.90,3,0.14,302.0,144.0,158.0
2026-04-13T10:00,6.8,75,1010.2,100,1.10,357,0.25,401.0,184.0,217.0
2026-04-13T11:00,8.7,61,1010.2,100,1.83,17,0.44,476.0,215.0,261.0
2026-04-13T12:00,10.1,51,1009.9,100,2.69,29,0.61,557.0,297.0,260.0
2026-04-13T13:00,11.0,47,1009.5,100,3.09,27,0.70,560.0,297.0,263.0
2026-04-13T14:00,11.2,45,1009.1,100,3.28,21,0.73,443.0,166.0,277.0
2026-04-13T15:00,11.3,43,1008.8,100,2.83,17,0.77,367.0,98.0,269.0
2026-04-13T16:00,11.4,42,1008.6,100,3.02,16,0.79,419.0,228.0,191.0
2026-04-13T17:00,11.6,40,1008.3,98,3.15,25,0.82,339.0,210.0,129.0
2026-04-13T18:00,11.0,44,1008.1,71,2.60,30,0.73,191.0,96.0,95.0
2026-04-13T19:00,9.9,50,1008.0,63,1.63,23,0.61,74.0,25.0,49.0
2026-04-13T20:00,8.7,55,1008.0,84,2.00,1,0.50,5.0,1.0,4.0
2026-04-13T21:00,8.4,59,1008.1,28,2.66,356,0.45,0.0,0.0,0.0
2026-04-13T22:00,7.7,61,1008.1,9,2.45,358,0.41,0.0,0.0,0.0
2026-04-13T23:00,6.9,62,1007.8,1,2.90,357,0.38,0.0,0.0,0.0
2026-04-14T00:00,6.3,64,1007.3,66,2.99,10,0.34,0.0,0.0,0.0
2026-04-14T01:00,5.6,67,1007.2,2,2.70,360,0.30,0.0,0.0,0.0
2026-04-14T02:00,5.2,69,1006.9,58,2.84,351,0.28,0.0,0.0,0.0
2026-04-14T03:00,5.5,63,1006.1,90,3.21,349,0.34,0.0,0.0,0.0
2026-04-14T04:00,5.2,62,1006.0,100,3.44,351,0.34,0.0,0.0,0.0
2026-04-14T05:00,4.7,62,1005.8,100,3.51,355,0.33,0.0,0.0,0.0
2026-04-14T06:00,4.4,62,1005.6,100,3.51,357,0.32,5.0,0.0,5.0
2026-04-14T07:00,4.9,60,1005.4,100,3.61,357,0.34,59.0,9.0,50.0
2026-04-14T08:00,5.8,58,1005.0,100,3.80,358,0.39,87.0,2.0,85.0
2026-04-14T09:00,7.5,52,1004.5,88,3.46,356,0.50,125.0,3.0,122.0
2026-04-14T10:00,9.9,53,1003.9,81,3.35,350,0.58,405.0,213.0,192.0
2026-04-14T11:00,11.8,47,1003.2,100,3.90,350,0.74,548.0,380.0,168.0
2026-04-14T12:00,12.8,40,1002.6,100,4.16,13,0.89,329.0,60.0,269.0
2026-04-14T13:00,13.0,39,1002.2,100,4.18,26,0.91,215.0,7.0,208.0
2026-04-14T14:00,12.3,41,1001.8,100,4.54,27,0.85,110.0,0.0,110.0
2026-04-14T15:00,10.0,60,1002.5,100,4.49,26,0.50,79.0,0.0,79.0
2026-04-14T16:00,9.1,70,1002.3,100,3.92,19,0.35,53.0,0.0,53.0
2026-04-14T17:00,8.4,72,1002.3,100,3.97,5,0.31,39.0,0.0,39.0
2026-04-14T18:00,7.7,76,1002.0,100,4.03,7,0.25,19.0,0.0,19.0
2026-04-14T19:00,8.0,75,1001.9,100,3.42,7,0.27,16.0,0.0,16.0
2026-04-14T20:00,8.6,68,1001.5,100,3.32,16,0.36,2.0,0.0,2.0
2026-04-14T21:00,8.7,71,1001.8,100,2.64,15,0.32,0.0,0.0,0.0
2026-04-14T22:00,8.8,71,1001.6,100,2.29,16,0.33,0.0,0.0,0.0
2026-04-14T23:00,8.9,71,1001.0,100,2.77,17,0.34,0.0,0.0,0.0
2026-04-15T00:00,9.3,68,1000.9,100,2.95,34,0.38,0.0,0.0,0.0
2026-04-15T01:00,9.4,65,1000.9,100,3.15,43,0.41,0.0,0.0,0.0
2026-04-15T02:00,9.4,65,1001.0,100,3.16,51,0.41,0.0,0.0,0.0
2026-04-15T03:00,9.0,68,1000.9,100,2.58,47,0.37,0.0,0.0,0.0
2026-04-15T04:00,9.0,67,1001.0,100,3.01,48,0.38,0.0,0.0,0.0
2026-04-15T05:00,8.8,66,1001.0,100,3.37,50,0.39,0.0,0.0,0.0
2026-04-15T06:00,9.0,66,1001.4,100,2.69,68,0.39,5.0,0.0,5.0
2026-04-15T07:00,8.8,71,1001.9,100,3.72,59,0.33,48.0,8.0,40.0
2026-04-15T08:00,8.5,73,1002.2,100,3.40,60,0.30,55.0,5.0,50.0
2026-04-15T09:00,7.2,87,1002.3,100,3.54,77,0.13,105.0,5.0,100.0
2026-04-15T10:00,7.9,83,1002.5,95,3.35,73,0.18,82.0,2.0,80.0
2026-04-15T11:00,10.7,74,1002.9,100,2.97,84,0.34,386.0,158.0,228.0
2026-04-15T12:00,11.1,71,1003.0,94,3.19,76,0.39,274.0,44.0,230.0
2026-04-15T13:00,11.2,73,1002.9,98,3.16,72,0.36,335.0,85.0,250.0
2026-04-15T14:00,12.4,71,1002.7,71,3.24,77,0.42,498.0,295.0,203.0
2026-04-15T15:00,13.2,59,1003.4,99,2.96,109,0.62,465.0,276.0,189.0
2026-04-15T16:00,13.9,56,1003.1,98,3.78,119,0.70,397.0,208.0,189.0
2026-04-15T17:00,13.7,57,1002.9,77,3.05,113,0.68,255.0,108.0,147.0
2026-04-15T18:00,13.3,61,1003.1,98,2.54,122,0.60,183.0,83.0,100.0
2026-04-15T19:00,12.5,67,1003.0,98,1.62,146,0.48,41.0,6.0,35.0
2026-04-15T20:00,11.5,76,1003.0,98,0.67,153,0.32,5.0,0.0,5.0
2026-04-15T21:00,10.9,82,1003.0,98,1.01,189,0.23,0.0,0.0,0.0
2026-04-15T22:00,10.8,85,1003.0,100,0.60,246,0.19,0.0,0.0,0.0
2026-04-15T23:00,10.5,87,1002.8,100,0.36,344,0.17,0.0,0.0,0.0
2026-04-16T00:00,10.1,87,1002.8,85,0.79,35,0.16,0.0,0.0,0.0
2026-04-16T01:00,9.0,91,1002.6,100,0.87,31,0.10,0.0,0.0,0.0
2026-04-16T02:00,8.7,91,1002.4,96,1.39,26,0.11,0.0,0.0,0.0
2026-04-16T03:00,8.5,90,1002.0,78,0.07,45,0.11,0.0,0.0,0.0
2026-04-16T04:00,8.5,90,1002.0,83,1.10,47,0.11,0.0,0.0,0.0
2026-04-16T05:00,7.7,89,1001.8,100,1.30,58,0.11,0.0,0.0,0.0
2026-04-16T06:00,7.2,86,1001.7,95,1.41,73,0.14,5.0,0.0,5.0
2026-04-16T07:00,7.3,82,1001.6,69,1.60,76,0.18,59.0,9.0,50.0
2026-04-16T08:00,8.3,73,1001.8,100,1.47,100,0.30,194.0,88.0,106.0
2026-04-16T09:00,9.7,70,1001.6,100,1.41,117,0.36,243.0,73.0,170.0
2026-04-16T10:00,10.6,68,1001.5,100,1.32,127,0.41,352.0,155.0,197.0
2026-04-16T11:00,11.2,68,1001.4,99,1.35,132,0.43,334.0,72.0,262.0
2026-04-16T12:00,11.6,66,1001.2,100,1.35,138,0.47,297.0,52.0,245.0
2026-04-16T13:00,12.0,63,1000.9,100,1.34,135,0.52,238.0,25.0,213.0
2026-04-16T14:00,12.4,60,1000.8,100,1.47,145,0.58,247.0,36.0,211.0
2026-04-16T15:00,12.9,55,1000.8,100,2.31,162,0.68,220.0,14.0,206.0
2026-04-16T16:00,13.0,53,1000.5,100,3.02,161,0.70,368.0,119.0,249.0
2026-04-16T17:00,12.3,62,1000.4,100,3.30,177,0.54,185.0,24.0,161.0
2026-04-16T18:00,11.2,73,1000.3,99,2.28,206,0.36,76.0,3.0,73.0
2026-04-16T19:00,10.7,77,1000.1,30,1.08,193,0.30,59.0,8.0,51.0
2026-04-16T20:00,9.8,81,999.7,7,1.00,143,0.23,8.0,2.0,6.0
2026-04-16T21:00,10.1,81,999.5,63,1.60,166,0.24,0.0,0.0,0.0
2026-04-16T22:00,9.9,81,999.2,33,1.71,159,0.23,0.0,0.0,0.0
2026-04-16T23:00,9.5,83,999.0,65,1.35,180,0.21,0.0,0.0,0.0
2026-04-17T00:00,8.7,83,998.7,48,1.75,183,0.19,0.0,0.0,0.0
2026-04-17T01:00,8.0,82,998.6,21,1.41,203,0.19,0.0,0.0,0.0
2026-04-17T02:00,7.2,82,998.2,2,1.12,201,0.18,0.0,0.0,0.0
2026-04-17T03:00,6.4,84,997.8,0,1.36,188,0.15,0.0,0.0,0.0
2026-04-17T04:00,6.7,81,997.7,13,1.75,177,0.19,0.0,0.0,0.0
2026-04-17T05:00,6.2,83,997.4,24,1.80,167,0.17,0.0,0.0,0.0
2026-04-17T06:00,6.0,83,996.8,77,1.98,137,0.16,9.0,2.0,7.0
2026-04-17T07:00,6.6,82,996.5,74,2.02,138,0.17,86.0,37.0,49.0
2026-04-17T08:00,7.4,82,996.1,82,2.19,133,0.18,202.0,109.0,93.0
2026-04-17T09:00,8.8,79,996.2,99,2.43,172,0.24,344.0,222.0,122.0
2026-04-17T10:00,9.3,76,996.1,95,1.92,195,0.29,278.0,40.0,238.0
2026-04-17T11:00,10.6,70,996.0,100,2.57,209,0.39,464.0,224.0,240.0
2026-04-17T12:00,10.1,73,996.1,100,2.74,198,0.33,276.0,23.0,253.0
2026-04-17T13:00,9.8,73,996.1,100,2.88,206,0.33,208.0,15.0,193.0
2026-04-17T14:00,11.0,63,995.7,99,2.42,218,0.48,290.0,29.0,261.0
2026-04-17T15:00,12.2,47,995.5,89,3.09,219,0.75,396.0,170.0,226.0
2026-04-17T16:00,12.2,45,995.3,95,3.19,228,0.78,289.0,74.0,215.0
2026-04-17T17:00,12.0,48,995.1,73,2.75,245,0.73,206.0,41.0,165.0
2026-04-17T18:00,11.5,52,995.0,57,2.09,253,0.66,140.0,49.0,91.0
2026-04-17T19:00,10.8,57,994.9,93,1.46,254,0.56,75.0,24.0,51.0
2026-04-17T20:00,10.0,60,994.7,5,1.16,245,0.49,8.0,1.0,7.0
2026-04-17T21:00,8.4,68,994.5,77,1.20,272,0.36,0.0,0.0,0.0
2026-04-17T22:00,8.5,66,994.7,98,2.16,263,0.38,0.0,0.0,0.0
2026-04-17T23:00,7.2,73,994.7,84,2.01,264,0.27,0.0,0.0,0.0
2026-04-18T00:00,6.1,79,994.5,53,1.81,256,0.19,0.0,0.0,0.0
2026-04-18T01:00,5.2,84,994.4,27,1.85,272,0.14,0.0,0.0,0.0
2026-04-18T02:00,4.6,87,994.0,0,2.00,271,0.11,0.0,0.0,0.0
2026-04-18T03:00,5.1,83,993.5,0,1.18,258,0.15,0.0,0.0,0.0
2026-04-18T04:00,5.3,83,993.2,3,1.06,262,0.15,0.0,0.0,0.0
2026-04-18T05:00,4.5,86,992.7,0,1.42,280,0.12,0.0,0.0,0.0
2026-04-18T06:00,3.9,89,992.4,2,1.75,270,0.09,12.0,3.0,9.0
2026-04-18T07:00,4.3,90,992.3,6,2.20,269,0.09,102.0,55.0,47.0
2026-04-18T08:00,5.7,86,992.4,22,1.53,281,0.13,241.0,165.0,76.0
2026-04-18T09:00,7.3,83,992.3,24,1.27,279,0.17,345.0,240.0,105.0
2026-04-18T10:00,8.9,77,992.2,50,1.76,290,0.26,473.0,335.0,138.0
2026-04-18T11:00,10.1,71,992.2,96,2.13,279,0.36,565.0,398.0,167.0
2026-04-18T12:00,10.2,64,991.9,100,2.90,270,0.44,481.0,256.0,225.0
2026-04-18T13:00,8.8,74,992.1,100,3.39,307,0.29,285.0,29.0,256.0
2026-04-18T14:00,7.8,81,992.6,100,4.81,3,0.20,240.0,21.0,219.0
2026-04-18T15:00,7.7,72,993.9,100,4.41,4,0.30,236.0,70.0,166.0
2026-04-18T16:00,6.9,71,994.2,100,4.60,12,0.29,247.0,57.0,190.0
2026-04-18T17:00,6.5,73,994.5,100,4.66,15,0.26,109.0,0.0,109.0
2026-04-18T18:00,5.7,80,995.0,100,4.42,10,0.19,50.0,2.0,48.0
2026-04-18T19:00,4.4,91,995.5,100,4.01,10,0.08,14.0,0.0,14.0
2026-04-18T20:00,3.8,91,995.8,100,3.87,5,0.07,3.0,0.0,3.0
2026-04-18T21:00,4.1,91,996.1,100,3.94,8,0.07,0.0,0.0,0.0
2026-04-18T22:00,3.8,91,996.3,100,3.33,8,0.07,0.0,0.0,0.0
2026-04-18T23:00,4.0,90,996.2,100,3.17,6,0.08,0.0,0.0,0.0
2026-04-19T00:00,3.8,90,996.1,100,3.05,1,0.08,0.0,0.0,0.0
2026-04-19T01:00,3.5,90,996.1,100,3.11,4,0.08,0.0,0.0,0.0
2026-04-19T02:00,3.4,90,996.0,95,3.16,11,0.08,0.0,0.0,0.0
2026-04-19T03:00,2.4,78,996.0,31,3.32,16,0.16,0.0,0.0,0.0
2026-04-19T04:00,2.0,77,996.1,53,3.13,20,0.16,0.0,0.0,0.0
2026-04-19T05:00,1.6,78,996.2,76,3.11,19,0.15,0.0,0.0,0.0
2026-04-19T06:00,1.5,79,996.3,100,2.93,17,0.14,11.0,2.0,9.0
2026-04-19T07:00,1.9,78,996.5,100,2.70,19,0.15,42.0,6.0,36.0
2026-04-19T08:00,2.4,78,996.7,100,2.74,9,0.16,80.0,0.0,80.0
2026-04-19T09:00,3.7,69,996.5,100,4.10,22,0.25,182.0,20.0,162.0
2026-04-19T10:00,4.0,64,996.8,100,3.75,16,0.29,220.0,25.0,195.0
2026-04-19T11:00,4.4,62,996.8,100,3.76,14,0.32,231.0,15.0,216.0
2026-04-19T12:00,4.7,60,996.8,100,3.68,8,0.34,236.0,39.0,197.0
2026-04-19T13:00,4.7,58,996.8,100,3.75,2,0.35,214.0,12.0,202.0
2026-04-19T14:00,4.9,57,997.0,100,3.81,11,0.37,234.0,19.0,215.0
2026-04-19T15:00,4.7,50,997.5,100,4.24,21,0.42,255.0,48.0,207.0
2026-04-19T16:00,4.5,50,997.6,100,3.76,19,0.42,268.0,32.0,236.0
2026-04-19T17:00,4.3,50,997.3,100,3.65,19,0.42,164.0,17.0,147.0
2026-04-19T18:00,4.0,48,997.1,98,3.43,23,0.42,118.0,10.0,108.0
2026-04-19T19:00,3.7,53,997.1,100,2.72,32,0.37,48.0,2.0,46.0
2026-04-19T20:00,3.2,56,997.2,100,2.53,30,0.34,7.0,0.0,7.0
2026-04-19T21:00,3.1,63,997.2,100,2.06,4,0.29,0.0,0.0,0.0
2026-04-19T22:00,2.9,65,996.8,100,2.27,352,0.26,0.0,0.0,0.0
2026-04-19T23:00,2.7,67,996.5,100,2.52,8,0.24,0.0,0.0,0.0
2026-04-20T00:00,2.1,75,996.2,100,2.78,18,0.18,0.0,0.0,0.0
2026-04-20T01:00,1.6,83,995.7,100,2.83,8,0.12,0.0,0.0,0.0
2026-04-20T02:00,1.3,86,995.3,100,3.02,7,0.09,0.0,0.0,0.0
2026-04-20T03:00,1.2,79,994.6,100,2.84,350,0.14,0.0,0.0,0.0
2026-04-20T04:00,1.2,76,994.1,100,3.18,352,0.16,0.0,0.0,0.0
2026-04-20T05:00,1.2,72,993.9,100,3.36,4,0.19,0.0,0.0,0.0
2026-04-20T06:00,1.3,67,993.8,100,3.39,9,0.22,8.0,0.0,8.0
2026-04-20T07:00,1.4,62,993.7,100,3.83,7,0.26,43.0,0.0,43.0
2026-04-20T08:00,1.5,59,993.6,100,3.74,8,0.28,81.0,0.0,81.0
2026-04-20T09:00,2.4,58,993.3,100,4.10,1,0.30,182.0,23.0,159.0
2026-04-20T10:00,3.2,48,993.3,100,5.20,23,0.40,291.0,32.0,259.0
2026-04-20T11:00,3.8,44,993.2,100,5.69,31,0.45,356.0,54.0,302.0
2026-04-20T12:00,3.5,45,993.6,100,5.14,25,0.43,298.0,19.0,279.0
2026-04-20T13:00,4.0,41,993.8,100,5.80,24,0.48,314.0,25.0,289.0
2026-04-20T14:00,4.7,39,993.8,100,6.02,28,0.52,300.0,15.0,285.0
2026-04-20T15:00,4.8,34,993.4,100,5.76,16,0.56,200.0,4.0,196.0
2026-04-20T16:00,4.7,41,993.1,100,4.90,12,0.51,187.0,3.0,184.0
2026-04-20T17:00,4.5,46,993.3,100,3.83,7,0.45,138.0,4.0,134.0
2026-04-20T18:00,4.1,49,993.4,100,3.56,4,0.42,76.0,0.0,76.0
2026-04-20T19:00,3.3,57,993.7,100,3.44,351,0.33,30.0,0.0,30.0
2026-04-20T20:00,2.7,60,993.7,100,3.78,342,0.30,7.0,0.0,7.0
2026-04-20T21:00,2.4,62,993.5,100,3.60,336,0.28,0.0,0.0,0.0
2026-04-20T22:00,2.4,60,993.0,100,3.76,337,0.29,0.0,0.0,0.0
2026-04-20T23:00,2.6,56,992.7,100,3.62,340,0.32,0.0,0.0,0.0
2026-04-21T00:00,2.6,55,992.3,100,3.42,335,0.33,0.0,0.0,0.0
2026-04-21T01:00,2.1,57,992.1,100,3.27,341,0.30,0.0,0.0,0.0
2026-04-21T02:00,1.8,54,992.1,100,3.59,352,0.32,0.0,0.0,0.0
2026-04-21T03:00,1.7,52,991.4,100,3.44,347,0.33,0.0,0.0,0.0
2026-04-21T04:00,1.4,52,991.3,100,3.54,347,0.32,0.0,0.0,0.0
2026-04-21T05:00,1.0,54,991.4,100,3.55,346,0.31,0.0,0.0,0.0
2026-04-21T06:00,0.8,56,991.4,100,3.57,349,0.29,13.0,0.0,13.0
2026-04-21T07:00,1.0,56,991.6,100,3.56,349,0.29,56.0,0.0,56.0
2026-04-21T08:00,1.1,54,991.6,100,3.81,349,0.30,119.0,0.0,119.0
2026-04-21T09:00,2.8,46,990.9,100,4.40,358,0.41,192.0,23.0,169.0
2026-04-21T10:00,3.5,44,991.0,100,4.16,355,0.44,370.0,134.0,236.0
2026-04-21T11:00,4.2,42,990.9,100,4.12,354,0.48,389.0,95.0,294.0
2026-04-21T12:00,5.4,41,990.9,100,4.27,355,0.53,541.0,206.0,335.0
2026-04-21T13:00,6.4,40,991.1,100,4.15,351,0.58,624.0,317.0,307.0
2026-04-21T14:00,7.1,39,991.1,100,4.17,354,0.62,595.0,313.0,282.0
2026-04-21T15:00,8.3,32,990.8,22,4.03,354,0.74,555.0,300.0,255.0
2026-04-21T16:00,8.6,32,990.9,20,3.85,1,0.76,554.0,460.0,94.0
2026-04-21T17:00,8.6,33,991.3,45,3.74,8,0.75,409.0,317.0,92.0
2026-04-21T18:00,8.2,35,991.4,71,3.16,4,0.70,258.0,180.0,78.0
2026-04-21T19:00,7.2,39,991.7,25,3.15,350,0.62,118.0,69.0,49.0
2026-04-21T20:00,5.9,41,991.9,0,3.13,343,0.55,17.0,6.0,11.0
2026-04-21T21:00,5.3,43,992.4,41,2.67,339,0.51,0.0,0.0,0.0
2026-04-21T22:00,4.8,45,992.2,0,2.53,342,0.48,0.0,0.0,0.0
2026-04-21T23:00,4.1,47,992.4,0,2.31,338,0.43,0.0,0.0,0.0
2026-04-22T00:00,3.2,51,992.2,0,1.92,332,0.38,0.0,0.0,0.0
2026-04-22T01:00,2.5,54,992.2,0,1.62,326,0.34,0.0,0.0,0.0
2026-04-22T02:00,1.9,57,991.8,0,1.54,324,0.30,0.0,0.0,0.0
2026-04-22T03:00,1.0,61,991.6,0,1.45,314,0.26,0.0,0.0,0.0
2026-04-22T04:00,0.8,61,991.5,0,1.69,304,0.25,0.0,0.0,0.0
2026-04-22T05:00,0.4,63,991.0,0,1.68,297,0.23,0.0,0.0,0.0
2026-04-22T06:00,0.4,65,991.0,0,1.79,293,0.22,21.0,8.0,13.0
2026-04-22T07:00,1.2,67,991.0,0,1.81,275,0.22,128.0,78.0,50.0
2026-04-22T08:00,2.8,65,990.8,0,1.05,273,0.26,274.0,201.0,73.0
2026-04-22T09:00,5.7,58,990.5,7,0.96,264,0.39,422.0,335.0,87.0
2026-04-22T10:00,8.1,52,990.2,53,1.00,252,0.52,555.0,458.0,97.0
2026-04-22T11:00,9.7,37,989.5,100,1.41,297,0.76,651.0,536.0,115.0
2026-04-22T12:00,10.4,35,988.6,99,1.32,279,0.82,689.0,512.0,177.0
2026-04-22T13:00,11.0,34,987.7,98,1.71,265,0.87,689.0,477.0,212.0
2026-04-22T14:00,12.1,30,986.8,99,2.26,283,0.99,646.0,416.0,230.0
2026-04-22T15:00,12.4,28,985.6,95,1.90,267,1.04,542.0,309.0,233.0
2026-04-22T16:00,14.7,19,983.5,71,1.42,252,1.35,472.0,310.0,162.0
2026-04-22T17:00,12.5,28,982.9,100,2.90,259,1.04,320.0,166.0,154.0
2026-04-22T18:00,11.3,35,982.7,100,3.07,289,0.86,218.0,94.0,124.0
2026-04-22T19:00,10.2,40,981.8,100,2.14,237,0.75,89.0,18.0,71.0
2026-04-22T20:00,9.3,45,980.4,100,2.57,217,0.65,13.0,0.0,13.0
2026-04-22T21:00,9.3,46,979.2,100,3.01,227,0.63,0.0,0.0,0.0
2026-04-22T22:00,9.3,48,977.6,100,3.34,219,0.60,0.0,0.0,0.0
2026-04-22T23:00,9.2,48,976.1,100,3.92,226,0.60,0.0,0.0,0.0
2026-04-23T00:00,8.6,50,975.0,100,3.48,235,0.56,0.0,0.0,0.0
2026-04-23T01:00,7.9,54,973.9,100,2.93,237,0.49,0.0,0.0,0.0
2026-04-23T02:00,7.1,60,973.0,100,3.11,264,0.41,0.0,0.0,0.0
2026-04-23T03:00,7.4,61,971.6,100,3.21,249,0.40,0.0,0.0,0.0
2026-04-23T04:00,6.9,68,970.8,100,2.83,253,0.32,0.0,0.0,0.0
2026-04-23T05:00,6.0,78,970.0,100,1.65,273,0.21,0.0,0.0,0.0
2026-04-23T06:00,4.9,88,969.8,100,2.02,300,0.11,4.0,0.0,4.0
2026-04-23T07:00,3.9,95,969.4,100,1.83,305,0.04,19.0,0.0,19.0
2026-04-23T08:00,3.6,96,969.2,100,2.38,309,0.03,36.0,0.0,36.0
2026-04-23T09:00,3.8,92,969.8,100,2.84,336,0.06,50.0,0.0,50.0
2026-04-23T10:00,4.3,90,970.0,100,2.58,342,0.08,104.0,0.0,104.0
2026-04-23T11:00,5.2,85,970.6,100,2.69,350,0.13,163.0,0.0,163.0
2026-04-23T12:00,5.1,81,971.2,100,3.46,356,0.17,177.0,2.0,175.0
2026-04-23T13:00,4.8,82,972.0,100,4.77,350,0.15,160.0,0.0,160.0
2026-04-23T14:00,3.1,91,973.0,100,6.40,350,0.07,110.0,1.0,109.0
2026-04-23T15:00,4.0,75,974.0,100,6.00,352,0.20,224.0,15.0,209.0
2026-04-23T16:00,4.2,70,974.6,100,6.80,353,0.25,221.0,14.0,207.0
2026-04-23T17:00,3.5,77,975.3,100,5.47,340,0.18,104.0,2.0,102.0
2026-04-23T18:00,2.6,89,975.9,100,4.90,343,0.08,46.0,0.0,46.0
2026-04-23T19:00,2.9,86,976.5,100,4.81,356,0.10,23.0,0.0,23.0
2026-04-23T20:00,3.1,77,977.0,100,5.00,359,0.17,4.0,0.0,4.0
2026-04-23T21:00,3.4,76,977.7,100,4.31,5,0.19,0.0,0.0,0.0
2026-04-23T22:00,3.1,70,977.9,100,4.21,5,0.23,0.0,0.0,0.0
2026-04-23T23:00,2.5,69,978.1,99,4.15,2,0.23,0.0,0.0,0.0
2026-04-24T00:00,2.5,69,978.6,100,4.10,357,0.23,0.0,0.0,0.0
2026-04-24T01:00,1.9,70,978.9,100,4.29,352,0.21,0.0,0.0,0.0
2026-04-24T02:00,1.5,69,978.9,100,4.27,350,0.21,0.0,0.0,0.0
2026-04-24T03:00,1.0,68,978.8,4,4.05,342,0.21,0.0,0.0,0.0
2026-04-24T04:00,0.6,69,978.7,23,4.13,343,0.20,0.0,0.0,0.0
2026-04-24T05:00,0.1,71,978.6,91,3.93,345,0.18,0.0,0.0,0.0
2026-04-24T06:00,-0.2,73,978.8,99,3.93,345,0.16,25.0,8.0,17.0
2026-04-24T07:00,0.5,73,979.3,79,3.34,338,0.17,129.0,68.0,61.0
2026-04-24T08:00,1.5,68,979.3,100,4.11,342,0.22,273.0,176.0,97.0
2026-04-24T09:00,2.1,65,979.6,98,4.76,351,0.25,325.0,142.0,183.0
2026-04-24T10:00,3.0,57,979.7,100,5.46,357,0.33,370.0,141.0,229.0
2026-04-24T11:00,3.3,54,979.9,100,5.18,354,0.36,301.0,73.0,228.0
2026-04-24T12:00,3.7,52,980.1,100,5.06,348,0.38,353.0,42.0,311.0
2026-04-24T13:00,4.0,49,980.5,96,5.40,347,0.42,374.0,54.0,320.0
2026-04-24T14:00,4.3,50,980.7,100,5.41,344,0.42,411.0,101.0,310.0
2026-04-24T15:00,4.2,49,980.9,100,5.46,339,0.42,265.0,32.0,233.0
2026-04-24T16:00,4.4,47,981.0,98,5.17,341,0.44,235.0,35.0,200.0
2026-04-24T17:00,4.8,43,981.3,99,5.41,339,0.49,210.0,35.0,175.0
2026-04-24T18:00,4.8,47,981.6,100,3.94,336,0.46,134.0,22.0,112.0
2026-04-24T19:00,4.5,49,981.9,91,3.52,337,0.43,54.0,4.0,50.0
2026-04-24T20:00,3.9,53,982.2,12,2.51,331,0.38,15.0,3.0,12.0
2026-04-24T21:00,3.0,58,982.1,88,1.84,299,0.31,0.0,0.0,0.0
2026-04-24T22:00,3.1,61,981.9,95,2.36,276,0.30,0.0,0.0,0.0
2026-04-24T23:00,2.8,63,981.8,80,2.56,276,0.28,0.0,0.0,0.0
2026-04-25T00:00,2.4,64,982.0,91,2.75,269,0.26,0.0,0.0,0.0
2026-04-25T01:00,1.8,66,981.6,16,3.06,265,0.24,0.0,0.0,0.0
2026-04-25T02:00,1.1,67,981.5,5,3.26,266,0.21,0.0,0.0,0.0
2026-04-25T03:00,1.1,67,981.4,3,3.20,269,0.22,0.0,0.0,0.0
2026-04-25T04:00,0.9,70,981.6,43,3.06,274,0.20,0.0,0.0,0.0
2026-04-25T05:00,0.5,73,981.8,91,2.90,281,0.17,0.0,0.0,0.0
2026-04-25T06:00,0.9,76,982.0,63,2.58,288,0.16,21.0,4.0,17.0
2026-04-25T07:00,1.4,80,982.6,28,2.83,314,0.14,118.0,54.0,64.0
2026-04-25T08:00,1.9,76,983.2,0,2.78,330,0.17,291.0,211.0,80.0
2026-04-25T09:00,3.3,54,983.6,0,2.56,339,0.35,437.0,344.0,93.0
2026-04-25T10:00,4.2,45,984.2,0,2.29,328,0.45,573.0,474.0,99.0
2026-04-25T11:00,5.5,39,984.4,50,2.91,309,0.55,678.0,574.0,104.0
2026-04-25T12:00,6.3,38,984.6,55,2.72,302,0.59,718.0,565.0,153.0
2026-04-25T13:00,7.3,37,984.7,77,2.77,298,0.64,742.0,582.0,160.0
2026-04-25T14:00,7.8,38,984.8,87,2.49,285,0.66,734.0,613.0,121.0
2026-04-25T15:00,8.2,32,984.3,30,1.57,279,0.74,643.0,503.0,140.0
2026-04-25T16:00,10.5,29,983.3,61,3.72,318,0.90,525.0,387.0,138.0
2026-04-25T17:00,8.7,38,983.2,98,3.28,348,0.70,401.0,274.0,127.0
2026-04-25T18:00,8.9,44,983.1,100,1.97,210,0.64,216.0,72.0,144.0
2026-04-25T19:00,8.9,45,983.0,100,2.62,257,0.63,97.0,18.0,79.0
2026-04-25T20:00,8.4,52,983.0,100,1.81,222,0.53,16.0,0.0,16.0
2026-04-25T21:00,7.8,57,982.0,100,1.70,178,0.45,0.0,0.0,0.0
2026-04-25T22:00,7.8,60,981.6,100,2.66,168,0.43,0.0,0.0,0.0
2026-04-25T23:00,7.1,71,981.3,100,1.30,203,0.30,0.0,0.0,0.0
2026-04-26T00:00,6.7,74,980.4,100,2.12,135,0.26,0.0,0.0,0.0
2026-04-26T01:00,6.5,75,979.4,100,3.08,167,0.24,0.0,0.0,0.0
2026-04-26T02:00,6.3,77,978.5,100,3.55,179,0.21,0.0,0.0,0.0
2026-04-26T03:00,6.6,79,977.4,100,4.30,180,0.20,0.0,0.0,0.0
2026-04-26T04:00,7.1,80,976.7,100,4.23,191,0.20,0.0,0.0,0.0
2026-04-26T05:00,6.9,84,976.1,100,4.03,191,0.16,0.0,0.0,0.0
2026-04-26T06:00,6.9,85,975.7,100,3.99,192,0.15,14.0,0.0,14.0
2026-04-26T07:00,6.8,89,975.4,100,4.09,192,0.11,30.0,0.0,30.0
2026-04-26T08:00,7.2,90,975.0,100,4.08,203,0.11,63.0,0.0,63.0
2026-04-26T09:00,7.2,89,975.1,100,3.92,203,0.11,90.0,2.0,88.0
2026-04-26T10:00,8.2,84,975.0,100,3.83,202,0.18,242.0,21.0,221.0
2026-04-26T11:00,9.7,75,975.0,100,4.27,213,0.30,469.0,148.0,321.0
2026-04-26T12:00,10.3,69,974.8,100,3.82,222,0.39,342.0,129.0,213.0
2026-04-26T13:00,8.0,82,975.4,100,3.56,265,0.19,261.0,8.0,253.0
2026-04-26T14:00,8.8,78,975.4,100,1.73,237,0.25,277.0,57.0,220.0
2026-04-26T15:00,9.8,59,975.2,100,0.98,285,0.49,294.0,67.0,227.0
2026-04-26T16:00,9.8,60,974.6,100,1.16,353,0.49,307.0,55.0,252.0
2026-04-26T17:00,9.0,65,975.0,100,2.09,318,0.40,96.0,0.0,96.0
2026-04-26T18:00,7.1,78,974.7,100,3.61,312,0.22,24.0,0.0,24.0
2026-04-26T19:00,5.6,86,974.7,100,3.98,325,0.13,32.0,1.0,31.0
2026-04-26T20:00,4.9,87,974.6,100,4.07,331,0.11,4.0,0.0,4.0
2026-04-26T21:00,4.1,88,974.4,100,4.39,319,0.10,0.0,0.0,0.0
2026-04-26T22:00,2.7,94,973.7,100,4.38,316,0.05,0.0,0.0,0.0
2026-04-26T23:00,1.9,93,973.1,100,5.02,314,0.05,0.0,0.0,0.0
2026-04-27T00:00,1.6,91,972.8,100,5.61,310,0.06,0.0,0.0,0.0
2026-04-27T01:00,1.3,88,972.1,100,5.59,308,0.08,0.0,0.0,0.0
2026-04-27T02:00,1.0,89,971.2,100,5.85,305,0.07,0.0,0.0,0.0
2026-04-27T03:00,0.4,88,970.4,100,5.42,299,0.08,0.0,0.0,0.0
2026-04-27T04:00,0.1,89,969.6,100,5.85,290,0.07,0.0,0.0,0.0
2026-04-27T05:00,0.1,89,968.7,100,6.47,287,0.07,0.0,0.0,0.0
2026-04-27T06:00,0.2,89,968.1,100,6.78,285,0.07,5.0,0.0,5.0
2026-04-27T07:00,0.5,88,967.4,100,7.23,281,0.08,34.0,0.0,34.0
2026-04-27T08:00,0.9,88,966.6,100,7.71,282,0.08,81.0,0.0,81.0
2026-04-27T09:00,1.0,88,966.5,100,8.08,280,0.08,86.0,0.0,86.0
2026-04-27T10:00,1.3,87,966.6,100,8.46,277,0.09,147.0,0.0,147.0
2026-04-27T11:00,1.6,86,967.3,100,8.77,274,0.10,248.0,0.0,248.0
2026-04-27T12:00,1.8,83,968.0,100,8.01,272,0.12,296.0,1.0,295.0
2026-04-27T13:00,1.8,85,969.3,100,7.55,269,0.11,244.0,0.0,244.0
2026-04-27T14:00,1.8,86,969.7,100,8.02,266,0.10,238.0,0.0,238.0
2026-04-27T15:00,1.6,89,969.9,100,8.36,268,0.08,274.0,0.0,274.0
2026-04-27T16:00,1.7,89,969.9,100,8.18,265,0.08,323.0,6.0,317.0
2026-04-27T17:00,1.6,90,970.0,100,8.50,264,0.07,210.0,0.0,210.0
2026-04-27T18:00,1.4,90,969.9,100,8.45,270,0.07,95.0,0.0,95.0
2026-04-27T19:00,1.4,90,970.5,100,8.57,279,0.07,44.0,0.0,44.0
2026-04-27T20:00,1.3,89,971.5,100,8.60,288,0.08,8.0,0.0,8.0
2026-04-27T21:00,1.1,88,972.4,100,8.10,289,0.08,0.0,0.0,0.0
2026-04-27T22:00,0.9,86,972.8,100,8.21,287,0.09,0.0,0.0,0.0
2026-04-27T23:00,0.9,86,973.4,100,8.06,288,0.09,0.0,0.0,0.0
2026-04-28T00:00,1.0,86,974.1,100,7.76,292,0.10,0.0,0.0,0.0
2026-04-28T01:00,1.1,85,974.9,100,7.45,289,0.10,0.0,0.0,0.0
2026-04-28T02:00,0.9,84,975.6,100,7.39,286,0.10,0.0,0.0,0.0
2026-04-28T03:00,0.3,86,976.1,100,6.21,278,0.09,0.0,0.0,0.0
2026-04-28T04:00,0.3,86,976.5,100,6.03,279,0.09,0.0,0.0,0.0
2026-04-28T05:00,0.0,86,977.1,100,5.94,277,0.09,0.0,0.0,0.0
2026-04-28T06:00,-0.2,86,977.8,100,5.94,276,0.08,17.0,0.0,17.0
2026-04-28T07:00,-0.1,86,978.5,100,6.36,278,0.09,66.0,0.0,66.0
2026-04-28T08:00,0.2,85,978.8,100,6.60,280,0.09,147.0,2.0,145.0
2026-04-28T09:00,0.7,84,979.7,100,7.04,288,0.10,215.0,1.0,214.0
2026-04-28T10:00,1.0,82,980.8,100,6.72,285,0.12,366.0,23.0,343.0
2026-04-28T11:00,1.3,81,981.9,100,6.59,285,0.13,371.0,16.0,355.0
2026-04-28T12:00,1.2,80,982.9,100,6.63,281,0.13,392.0,8.0,384.0
2026-04-28T13:00,1.5,79,984.1,100,6.63,279,0.15,512.0,26.0,486.0
2026-04-28T14:00,1.7,80,985.0,100,5.92,279,0.14,488.0,29.0,459.0
2026-04-28T15:00,1.8,73,986.4,100,6.53,276,0.19,414.0,33.0,381.0
2026-04-28T16:00,1.7,72,987.0,100,5.90,277,0.20,433.0,80.0,353.0
2026-04-28T17:00,1.7,77,987.6,100,5.51,274,0.16,341.0,69.0,272.0
2026-04-28T18:00,1.6,79,988.0,100,5.48,276,0.14,161.0,3.0,158.0
2026-04-28T19:00,1.4,82,988.5,100,5.49,277,0.12,84.0,1.0,83.0
2026-04-28T20:00,1.0,82,989.1,100,5.20,278,0.12,20.0,0.0,20.0
2026-04-28T21:00,1.2,80,989.5,100,4.73,280,0.13,0.0,0.0,0.0
2026-04-28T22:00,0.9,82,989.7,98,4.58,281,0.12,0.0,0.0,0.0
2026-04-28T23:00,0.5,84,990.0,100,4.34,278,0.10,0.0,0.0,0.0
2026-04-29T00:00,0.6,85,990.0,100,4.39,278,0.09,0.0,0.0,0.0
2026-04-29T01:00,0.7,86,990.1,100,4.55,278,0.09,0.0,0.0,0.0
2026-04-29T02:00,0.6,87,990.4,100,4.69,281,0.08,0.0,0.0,0.0
2026-04-29T03:00,0.2,84,990.6,100,4.14,278,0.10,0.0,0.0,0.0
2026-04-29T04:00,0.4,82,990.9,85,3.94,282,0.11,0.0,0.0,0.0
2026-04-29T05:00,0.2,85,991.4,100,3.83,285,0.10,0.0,0.0,0.0
2026-04-29T06:00,0.7,84,992.0,100,3.62,288,0.10,13.0,0.0,13.0
2026-04-29T07:00,1.0,86,992.8,100,2.92,277,0.10,59.0,1.0,58.0
2026-04-29T08:00,1.6,83,993.4,100,3.80,297,0.12,142.0,17.0,125.0
2026-04-29T09:00,2.3,80,994.3,99,4.04,311,0.15,193.0,13.0,180.0
2026-04-29T10:00,2.2,78,995.1,72,3.26,310,0.16,379.0,77.0,302.0
2026-04-29T11:00,2.3,75,996.0,99,3.17,322,0.18,482.0,163.0,319.0
2026-04-29T12:00,3.1,67,996.7,92,3.75,318,0.25,574.0,233.0,341.0
2026-04-29T13:00,3.2,67,997.4,82,4.08,320,0.25,612.0,300.0,312.0
2026-04-29T14:00,4.0,65,998.2,91,4.74,322,0.28,622.0,349.0,273.0
2026-04-29T15:00,4.6,50,999.2,56,4.12,324,0.43,488.0,182.0,306.0
2026-04-29T16:00,4.2,49,999.5,100,4.07,323,0.42,356.0,136.0,220.0
2026-04-29T17:00,3.6,53,1000.1,100,3.97,324,0.37,173.0,22.0,151.0
2026-04-29T18:00,3.0,61,1000.6,79,3.17,322,0.30,118.0,9.0,109.0
2026-04-29T19:00,2.6,65,1000.8,99,2.70,320,0.26,107.0,32.0,75.0
2026-04-29T20:00,1.9,71,1001.3,99,2.38,319,0.20,25.0,4.0,21.0
2026-04-29T21:00,1.6,83,1001.4,88,2.06,299,0.12,0.0,0.0,0.0
2026-04-29T22:00,0.7,87,1001.8,100,2.18,302,0.09,0.0,0.0,0.0
2026-04-29T23:00,0.3,89,1002.1,100,2.45,309,0.07,0.0,0.0,0.0
2026-04-30T00:00,0.3,88,1002.3,100,2.23,318,0.07,0.0,0.0,0.0
2026-04-30T01:00,-0.1,89,1002.6,98,2.10,322,0.07,0.0,0.0,0.0
2026-04-30T02:00,-0.5,88,1002.9,91,2.02,327,0.07,0.0,0.0,0.0
2026-04-30T03:00,-0.5,87,1003.1,1,1.58,288,0.08,0.0,0.0,0.0
2026-04-30T04:00,-0.6,87,1003.0,38,1.69,282,0.08,0.0,0.0,0.0
2026-04-30T05:00,-0.9,88,1003.0,5,1.90,293,0.07,0.0,0.0,0.0
2026-04-30T06:00,-0.5,86,1003.5,1,2.00,302,0.08,43.0,19.0,24.0
2026-04-30T07:00,0.6,84,1003.8,0,1.33,304,0.10,162.0,103.0,59.0
2026-04-30T08:00,1.9,78,1004.1,1,1.29,324,0.16,309.0,228.0,81.0
2026-04-30T09:00,3.0,73,1004.2,7,0.71,321,0.20,458.0,363.0,95.0
2026-04-30T10:00,3.7,61,1004.5,48,1.49,340,0.31,557.0,419.0,138.0
2026-04-30T11:00,4.1,57,1004.4,51,1.90,337,0.35,511.0,262.0,249.0
2026-04-30T12:00,4.8,52,1004.1,57,1.97,336,0.42,494.0,202.0,292.0
2026-04-30T13:00,5.5,47,1003.9,54,1.95,334,0.48,639.0,357.0,282.0
2026-04-30T14:00,5.7,47,1003.7,64,1.83,325,0.49,609.0,391.0,218.0
2026-04-30T15:00,5.9,40,1003.8,75,2.14,323,0.55,563.0,376.0,187.0
2026-04-30T16:00,5.8,41,1003.6,97,2.41,326,0.55,433.0,214.0,219.0
2026-04-30T17:00,5.5,43,1003.5,98,2.76,328,0.52,326.0,147.0,179.0
2026-04-30T18:00,5.0,46,1003.3,91,2.66,332,0.47,197.0,75.0,122.0
2026-04-30T19:00,4.5,49,1003.2,95,2.20,339,0.43,77.0,14.0,63.0
2026-04-30T20:00,4.0,55,1003.6,91,1.48,348,0.37,21.0,3.0,18.0
2026-04-30T21:00,3.7,68,1003.3,98,0.57,322,0.26,0.0,0.0,0.0
2026-04-30T22:00,3.6,64,1003.4,98,0.65,274,0.28,0.0,0.0,0.0
2026-04-30T23:00,3.1,67,1003.2,98,0.92,248,0.25,0.0,0.0,0.0
2026-05-01T00:00,2.5,71,1003.2,100,0.85,270,0.21,0.0,0.0,0.0
2026-05-01T01:00,2.3,73,1002.9,97,1.02,259,0.20,0.0,0.0,0.0
2026-05-01T02:00,1.7,75,1002.7,100,1.46,262,0.17,0.0,0.0,0.0
2026-05-01T03:00,1.3,78,1002.8,98,1.00,264,0.15,0.0,0.0,0.0
2026-05-01T04:00,1.6,75,1002.7,100,1.27,259,0.17,0.0,0.0,0.0
2026-05-01T05:00,1.5,75,1002.8,100,1.42,252,0.17,0.0,0.0,0.0
2026-05-01T06:00,1.8,73,1002.6,100,1.56,228,0.19,21.0,1.0,20.0
2026-05-01T07:00,2.3,73,1002.8,100,1.74,229,0.19,64.0,0.0,64.0
2026-05-01T08:00,2.4,76,1002.9,100,1.18,216,0.17,62.0,0.0,62.0
2026-05-01T09:00,4.2,69,1002.8,3,1.70,230,0.26,183.0,27.0,156.0
2026-05-01T10:00,5.9,60,1002.8,20,1.71,249,0.37,531.0,403.0,128.0
2026-05-01T11:00,7.2,58,1002.8,63,1.40,268,0.42,663.0,504.0,159.0
2026-05-01T12:00,8.1,55,1002.4,99,1.39,300,0.49,658.0,439.0,219.0
2026-05-01T13:00,7.4,54,1002.5,84,2.06,319,0.47,373.0,133.0,240.0
2026-05-01T14:00,6.2,66,1002.8,84,1.68,350,0.32,408.0,145.0,263.0
2026-05-01T15:00,9.0,42,1002.5,63,2.94,320,0.67,500.0,302.0,198.0
2026-05-01T16:00,8.9,43,1002.4,89,2.86,314,0.65,439.0,239.0,200.0
2026-05-01T17:00,8.3,47,1002.5,92,3.09,321,0.58,266.0,99.0,167.0
2026-05-01T18:00,8.0,50,1002.4,100,2.07,328,0.53,144.0,43.0,101.0
2026-05-01T19:00,7.6,56,1002.5,100,1.08,347,0.46,59.0,6.0,53.0
2026-05-01T20:00,7.3,64,1002.6,100,0.50,354,0.37,10.0,0.0,10.0
2026-05-01T21:00,7.4,66,1002.7,100,0.65,266,0.35,0.0,0.0,0.0
2026-05-01T22:00,7.2,62,1002.9,93,1.10,210,0.39,0.0,0.0,0.0
2026-05-01T23:00,6.4,70,1002.9,47,1.92,187,0.28,0.0,0.0,0.0
2026-05-02T00:00,5.6,73,1002.9,41,1.90,177,0.24,0.0,0.0,0.0
2026-05-02T01:00,4.8,76,1002.7,41,1.81,186,0.21,0.0,0.0,0.0
2026-05-02T02:00,4.2,78,1002.7,79,1.72,197,0.18,0.0,0.0,0.0
2026-05-02T03:00,4.3,76,1002.8,31,1.57,217,0.20,0.0,0.0,0.0
2026-05-02T04:00,4.0,77,1002.9,59,1.93,233,0.19,0.0,0.0,0.0
2026-05-02T05:00,3.3,80,1002.7,69,2.18,238,0.16,0.0,0.0,0.0
2026-05-02T06:00,3.2,81,1002.7,100,2.26,239,0.15,46.0,19.0,27.0
2026-05-02T07:00,4.0,81,1002.7,100,1.95,230,0.16,146.0,62.0,84.0
2026-05-02T08:00,5.4,77,1002.8,100,1.88,228,0.21,271.0,141.0,130.0
2026-05-02T09:00,8.1,67,1002.6,99,2.00,217,0.36,413.0,255.0,158.0
2026-05-02T10:00,10.3,61,1002.7,39,2.29,212,0.49,536.0,351.0,185.0
2026-05-02T11:00,11.9,47,1002.3,95,3.15,228,0.75,678.0,561.0,117.0
2026-05-02T12:00,12.8,44,1001.9,46,3.16,229,0.83,716.0,540.0,176.0
2026-05-02T13:00,13.9,44,1001.5,95,2.83,234,0.89,740.0,579.0,161.0
2026-05-02T14:00,14.2,45,1000.8,100,3.11,244,0.89,446.0,202.0,244.0
2026-05-02T15:00,14.5,43,1000.3,99,2.84,231,0.94,273.0,16.0,257.0
2026-05-02T16:00,14.9,43,999.7,100,3.12,230,0.97,336.0,103.0,233.0
2026-05-02T17:00,14.9,46,999.5,95,3.15,237,0.91,285.0,83.0,202.0
2026-05-02T18:00,14.5,50,999.0,71,2.87,221,0.83,230.0,100.0,130.0
2026-05-02T19:00,13.6,55,998.8,83,2.82,200,0.70,129.0,55.0,74.0
2026-05-02T20:00,12.3,59,998.7,52,3.53,198,0.59,31.0,5.0,26.0
2026-05-02T21:00,12.2,57,998.1,53,3.57,198,0.61,0.0,0.0,0.0
2026-05-02T22:00,11.9,57,998.1,63,3.74,203,0.59,0.0,0.0,0.0
2026-05-02T23:00,11.4,58,998.0,40,3.76,209,0.57,0.0,0.0,0.0
2026-05-03T00:00,10.9,59,997.8,32,3.73,212,0.54,0.0,0.0,0.0
2026-05-03T01:00,10.4,61,997.6,10,3.70,215,0.50,0.0,0.0,0.0
2026-05-03T02:00,9.7,65,997.4,21,3.54,216,0.42,0.0,0.0,0.0
2026-05-03T03:00,9.4,69,996.6,37,3.29,216,0.36,0.0,0.0,0.0
2026-05-03T04:00,9.2,72,996.4,23,3.20,219,0.33,0.0,0.0,0.0
2026-05-03T05:00,8.7,74,996.4,26,3.09,220,0.29,1.0,0.0,1.0
2026-05-03T06:00,8.8,75,996.3,13,3.20,219,0.29,48.0,19.0,29.0
2026-05-03T07:00,9.5,74,996.4,11,2.40,216,0.32,158.0,94.0,64.0
2026-05-03T08:00,10.7,71,996.1,12,2.62,215,0.38,302.0,218.0,84.0
2026-05-03T09:00,13.3,61,995.9,13,2.88,206,0.59,431.0,327.0,104.0
2026-05-03T10:00,14.8,58,995.7,3,3.11,204,0.71,564.0,448.0,116.0
2026-05-03T11:00,16.3,54,995.7,2,3.42,205,0.84,666.0,549.0,117.0
2026-05-03T12:00,17.4,52,995.4,15,3.56,208,0.96,735.0,619.0,116.0
2026-05-03T13:00,18.3,50,995.0,8,3.62,213,1.05,730.0,600.0,130.0
2026-05-03T14:00,18.8,50,994.6,2,3.53,218,1.09,696.0,562.0,134.0
2026-05-03T15:00,20.0,45,993.9,8,2.78,210,1.29,630.0,503.0,127.0
2026-05-03T16:00,20.3,42,993.5,14,2.59,214,1.37,540.0,425.0,115.0
2026-05-03T17:00,20.4,40,993.2,2,2.73,215,1.44,428.0,334.0,94.0
2026-05-03T18:00,19.9,43,992.6,1,2.59,208,1.33,294.0,220.0,74.0
2026-05-03T19:00,18.7,52,992.4,2,2.80,199,1.04,156.0,101.0,55.0
2026-05-03T20:00,17.1,60,992.5,1,2.80,202,0.78,42.0,19.0,23.0
2026-05-03T21:00,16.5,57,992.3,20,3.00,204,0.80,0.0,0.0,0.0
2026-05-03T22:00,15.9,59,992.3,22,2.87,211,0.73,0.0,0.0,0.0
2026-05-03T23:00,15.1,61,992.4,15,2.90,212,0.66,0.0,0.0,0.0
2026-05-04T00:00,14.2,64,992.2,14,2.72,223,0.58,0.0,0.0,0.0
2026-05-04T01:00,13.4,67,992.1,2,2.59,229,0.51,0.0,0.0,0.0
2026-05-04T02:00,12.6,70,991.9,0,2.44,235,0.44,0.0,0.0,0.0
2026-05-04T03:00,12.0,68,991.8,1,2.26,245,0.45,0.0,0.0,0.0
2026-05-04T04:00,11.3,70,992.0,1,2.42,248,0.40,0.0,0.0,0.0
2026-05-04T05:00,10.6,72,992.0,41,2.26,257,0.36,1.0,0.0,1.0
2026-05-04T06:00,10.6,73,992.1,86,2.03,260,0.35,53.0,24.0,29.0
2026-05-04T07:00,11.4,73,992.6,97,1.87,261,0.36,171.0,110.0,61.0
2026-05-04T08:00,12.9,70,992.7,28,1.30,270,0.44,305.0,211.0,94.0
2026-05-04T09:00,16.1,57,992.8,22,1.26,263,0.79,459.0,370.0,89.0
2026-05-04T10:00,18.5,53,993.2,73,1.60,270,0.99,563.0,419.0,144.0
2026-05-04T11:00,19.9,50,993.2,98,1.36,278,1.15,511.0,288.0,223.0
2026-05-04T12:00,21.2,45,992.9,5,0.89,232,1.38,526.0,251.0,275.0
2026-05-04T13:00,22.6,40,992.7,36,3.12,254,1.66,697.0,538.0,159.0
2026-05-04T14:00,23.0,38,992.3,15,3.96,273,1.75,635.0,490.0,145.0
2026-05-04T15:00,24.2,32,991.6,10,4.47,280,2.04,612.0,484.0,128.0
2026-05-04T16:00,24.0,31,991.5,47,4.18,291,2.05,518.0,410.0,108.0
2026-05-04T17:00,24.0,31,991.5,9,2.92,276,2.05,383.0,271.0,112.0
2026-05-04T18:00,22.2,38,991.7,63,4.41,299,1.67,280.0,200.0,80.0
2026-05-04T19:00,19.9,53,991.6,18,0.78,315,1.09,100.0,44.0,56.0
2026-05-04T20:00,19.5,55,991.4,2,1.66,175,1.01,42.0,17.0,25.0
2026-05-04T21:00,19.2,55,990.8,0,2.45,179,0.99,0.0,0.0,0.0
2026-05-04T22:00,19.3,51,990.6,1,3.02,204,1.09,0.0,0.0,0.0
2026-05-04T23:00,18.8,50,990.6,3,3.60,205,1.08,0.0,0.0,0.0
2026-05-05T00:00,17.6,54,990.4,7,3.33,213,0.92,0.0,0.0,0.0
2026-05-05T01:00,16.9,55,990.2,0,3.27,214,0.86,0.0,0.0,0.0
2026-05-05T02:00,16.2,56,989.8,0,3.29,216,0.81,0.0,0.0,0.0
2026-05-05T03:00,16.3,49,989.5,1,3.33,223,0.94,0.0,0.0,0.0
2026-05-05T04:00,15.8,51,989.4,1,3.32,226,0.88,0.0,0.0,0.0
2026-05-05T05:00,15.0,53,989.6,1,3.37,238,0.81,2.0,0.0,2.0
2026-05-05T06:00,14.9,53,989.7,2,3.24,241,0.79,57.0,28.0,29.0
2026-05-05T07:00,15.6,54,990.1,4,2.61,250,0.82,179.0,120.0,59.0
2026-05-05T08:00,16.7,51,990.2,9,2.40,253,0.92,324.0,248.0,76.0
2026-05-05T09:00,20.3,37,990.5,5,2.24,260,1.51,464.0,375.0,89.0
2026-05-05T10:00,21.9,35,990.6,13,1.81,256,1.70,591.0,493.0,98.0
2026-05-05T11:00,23.3,34,990.7,0,1.82,249,1.88,688.0,584.0,104.0
2026-05-05T12:00,24.3,31,990.5,8,2.95,246,2.09,750.0,645.0,105.0
2026-05-05T13:00,25.4,30,990.2,77,3.37,252,2.28,745.0,626.0,119.0
2026-05-05T14:00,20.8,49,990.9,31,2.93,243,1.25,551.0,341.0,210.0
2026-05-05T15:00,21.4,46,990.6,85,3.19,222,1.38,577.0,437.0,140.0
2026-05-05T16:00,23.3,36,990.2,87,3.67,253,1.84,413.0,220.0,193.0
2026-05-05T17:00,21.9,41,990.9,99,4.85,268,1.56,401.0,273.0,128.0
2026-05-05T18:00,21.4,45,990.3,100,3.05,269,1.39,171.0,15.0,156.0
2026-05-05T19:00,20.7,49,990.3,100,2.53,255,1.25,122.0,29.0,93.0
2026-05-05T20:00,19.7,55,990.3,100,2.62,257,1.04,38.0,6.0,32.0
2026-05-05T21:00,19.3,58,989.7,6,2.09,213,0.95,0.0,0.0,0.0
2026-05-05T22:00,18.8,62,989.8,33,2.24,209,0.83,0.0,0.0,0.0
2026-05-05T23:00,18.3,63,989.8,58,2.26,227,0.77,0.0,0.0,0.0
2026-05-06T00:00,17.6,66,989.7,27,1.91,227,0.69,0.0,0.0,0.0
2026-05-06T01:00,17.0,66,989.8,0,2.32,233,0.65,0.0,0.0,0.0
2026-05-06T02:00,16.5,65,989.4,0,2.32,237,0.66,0.0,0.0,0.0
2026-05-06T03:00,13.9,76,989.3,27,1.00,276,0.39,0.0,0.0,0.0
2026-05-06T04:00,13.7,76,989.5,6,1.22,251,0.38,0.0,0.0,0.0
2026-05-06T05:00,13.2,78,989.4,27,1.16,245,0.33,2.0,0.0,2.0
2026-05-06T06:00,13.3,77,989.5,9,1.22,251,0.35,58.0,27.0,31.0
2026-05-06T07:00,14.7,71,989.5,36,0.85,225,0.48,175.0,114.0,61.0
2026-05-06T08:00,16.9,62,989.7,83,0.85,220,0.73,320.0,240.0,80.0
2026-05-06T09:00,19.6,48,990.7,95,1.31,277,1.19,461.0,358.0,103.0
2026-05-06T10:00,20.3,45,990.9,92,1.45,297,1.31,394.0,221.0,173.0
2026-05-06T11:00,21.7,41,991.2,14,2.17,278,1.53,626.0,451.0,175.0
2026-05-06T12:00,22.7,39,991.2,18,2.71,275,1.69,740.0,621.0,119.0
2026-05-06T13:00,23.6,36,991.0,5,2.98,278,1.87,761.0,649.0,112.0
2026-05-06T14:00,23.9,36,991.0,21,4.15,272,1.90,719.0,597.0,122.0
2026-05-06T15:00,25.1,28,990.7,9,3.44,279,2.30,566.0,429.0,137.0
2026-05-06T16:00,24.9,29,990.9,9,3.68,278,2.23,557.0,452.0,105.0
2026-05-06T17:00,24.5,32,991.3,5,3.21,285,2.09,436.0,344.0,92.0
2026-05-06T18:00,23.7,35,991.4,2,3.29,296,1.91,294.0,216.0,78.0
2026-05-06T19:00,22.5,39,991.9,3,2.77,321,1.65,132.0,74.0,58.0
2026-05-06T20:00,21.5,43,992.2,18,2.10,348,1.47,48.0,22.0,26.0
2026-05-06T21:00,20.6,46,992.3,23,2.33,10,1.31,1.0,0.0,1.0
2026-05-06T22:00,18.9,52,992.9,2,2.92,31,1.06,0.0,0.0,0.0
2026-05-06T23:00,17.8,52,993.1,32,2.62,42,0.99,0.0,0.0,0.0
2026-05-07T00:00,16.6,55,993.3,34,2.82,57,0.85,0.0,0.0,0.0
2026-05-07T01:00,15.5,58,993.3,19,2.79,75,0.75,0.0,0.0,0.0
2026-05-07T02:00,14.7,59,993.1,7,2.96,85,0.69,0.0,0.0,0.0
2026-05-07T03:00,14.2,62,993.2,0,2.95,87,0.61,0.0,0.0,0.0
2026-05-07T04:00,13.9,64,993.1,10,3.19,104,0.56,0.0,0.0,0.0
2026-05-07T05:00,13.6,67,992.5,0,3.31,119,0.52,2.0,0.0,2.0
2026-05-07T06:00,14.1,67,992.2,1,2.73,130,0.53,63.0,31.0,32.0
2026-05-07T07:00,15.2,65,992.1,2,2.09,130,0.60,185.0,125.0,60.0
2026-05-07T08:00,17.4,60,991.7,72,1.92,155,0.80,331.0,256.0,75.0
2026-05-07T09:00,21.8,41,991.4,14,2.28,171,1.53,413.0,292.0,121.0
2026-05-07T10:00,24.4,34,991.3,2,2.52,201,2.01,576.0,438.0,138.0
2026-05-07T11:00,26.4,31,991.5,4,2.75,237,2.39,696.0,591.0,105.0
2026-05-07T12:00,27.2,25,991.3,54,4.43,240,2.69,752.0,638.0,114.0
2026-05-07T13:00,26.4,26,992.0,58,5.69,236,2.56,697.0,521.0,176.0
2026-05-07T14:00,26.7,23,992.1,62,6.29,252,2.70,633.0,476.0,157.0
2026-05-07T15:00,27.1,23,991.5,27,5.06,256,2.74,574.0,401.0,173.0
2026-05-07T16:00,26.4,25,991.5,31,5.58,247,2.58,494.0,354.0,140.0
2026-05-07T17:00,26.2,26,991.4,100,4.86,253,2.52,402.0,274.0,128.0
2026-05-07T18:00,25.7,28,991.4,100,4.15,255,2.38,263.0,131.0,132.0
2026-05-07T19:00,24.8,32,991.5,100,3.70,254,2.12,146.0,53.0,93.0
2026-05-07T20:00,23.1,39,991.7,13,3.06,281,1.72,33.0,2.0,31.0
2026-05-07T21:00,20.8,49,991.5,20,0.94,335,1.27,1.0,0.0,1.0
2026-05-07T22:00,21.1,47,991.4,11,0.30,189,1.33,0.0,0.0,0.0
2026-05-07T23:00,20.9,47,991.6,58,1.62,158,1.32,0.0,0.0,0.0
2026-05-08T00:00,20.6,47,991.5,100,1.80,183,1.29,0.0,0.0,0.0
2026-05-08T01:00,19.6,51,991.4,100,1.97,210,1.13,0.0,0.0,0.0
2026-05-08T02:00,18.6,55,991.3,93,2.82,240,0.97,0.0,0.0,0.0
2026-05-08T03:00,16.8,63,992.0,38,2.93,256,0.71,0.0,0.0,0.0
2026-05-08T04:00,15.7,69,992.4,63,3.06,265,0.56,0.0,0.0,0.0
2026-05-08T05:00,14.9,75,993.0,18,2.80,273,0.42,3.0,0.0,3.0
2026-05-08T06:00,14.7,79,993.6,53,2.24,280,0.35,62.0,27.0,35.0
2026-05-08T07:00,14.7,85,994.2,89,2.94,305,0.25,152.0,77.0,75.0
2026-05-08T08:00,14.4,87,994.8,100,3.06,322,0.21,188.0,82.0,106.0
2026-05-08T09:00,13.6,73,996.4,100,3.53,339,0.42,328.0,134.0,194.0
2026-05-08T10:00,13.2,72,997.3,57,2.87,347,0.43,240.0,1.0,239.0
2026-05-08T11:00,14.7,64,998.0,75,3.07,348,0.60,522.0,244.0,278.0
2026-05-08T12:00,15.5,61,998.2,83,3.13,343,0.69,609.0,353.0,256.0
2026-05-08T13:00,15.2,60,998.8,74,3.27,341,0.69,496.0,214.0,282.0
2026-05-08T14:00,15.5,57,998.9,36,3.42,345,0.75,522.0,246.0,276.0
2026-05-08T15:00,13.2,56,1000.2,59,3.83,348,0.67,455.0,242.0,213.0
2026-05-08T16:00,13.4,54,1000.6,100,4.38,353,0.71,513.0,327.0,186.0
2026-05-08T17:00,11.7,59,1001.2,100,4.10,360,0.57,67.0,0.0,67.0
2026-05-08T18:00,11.4,58,1001.3,100,4.13,7,0.56,26.0,0.0,26.0
2026-05-08T19:00,11.2,56,1001.7,100,4.17,19,0.58,33.0,0.0,33.0
2026-05-08T20:00,11.2,54,1002.1,100,3.49,27,0.62,19.0,0.0,19.0
2026-05-08T21:00,10.4,65,1002.2,100,2.58,47,0.45,1.0,0.0,1.0
2026-05-08T22:00,10.5,66,1002.1,100,1.91,43,0.43,0.0,0.0,0.0
2026-05-08T23:00,10.8,61,1002.4,100,2.02,60,0.50,0.0,0.0,0.0
2026-05-09T00:00,10.7,61,1002.9,100,1.63,43,0.50,0.0,0.0,0.0
2026-05-09T01:00,10.6,61,1003.0,100,1.74,49,0.50,0.0,0.0,0.0
2026-05-09T02:00,10.4,61,1003.3,100,1.98,43,0.49,0.0,0.0,0.0
2026-05-09T03:00,10.3,62,1003.6,100,1.94,35,0.47,0.0,0.0,0.0
2026-05-09T04:00,9.8,62,1003.5,100,2.80,47,0.46,0.0,0.0,0.0
2026-05-09T05:00,9.6,56,1003.9,100,3.19,55,0.53,2.0,0.0,2.0
2026-05-09T06:00,9.5,52,1004.5,100,3.17,52,0.57,21.0,0.0,21.0
2026-05-09T07:00,9.1,58,1004.6,100,3.12,55,0.49,68.0,2.0,66.0
2026-05-09T08:00,9.2,60,1005.0,100,3.05,55,0.46,139.0,15.0,124.0
2026-05-09T09:00,9.9,57,1005.1,100,3.15,63,0.52,196.0,17.0,179.0
2026-05-09T10:00,10.7,51,1005.4,100,3.44,69,0.63,242.0,24.0,218.0
2026-05-09T11:00,11.5,43,1005.4,100,3.81,67,0.77,327.0,44.0,283.0
2026-05-09T12:00,11.9,39,1005.4,100,3.88,68,0.84,320.0,18.0,302.0
2026-05-09T13:00,12.3,38,1005.4,100,3.61,71,0.89,334.0,19.0,315.0
2026-05-09T14:00,12.9,38,1005.3,100,3.50,68,0.93,410.0,64.0,346.0
2026-05-09T15:00,12.9,36,1005.1,100,3.65,65,0.96,317.0,29.0,288.0
2026-05-09T16:00,13.1,35,1004.7,100,3.68,72,0.99,321.0,62.0,259.0
2026-05-09T17:00,12.8,37,1004.5,100,3.63,78,0.93,135.0,0.0,135.0
2026-05-09T18:00,12.6,39,1004.0,100,3.77,75,0.88,77.0,4.0,73.0
2026-05-09T19:00,12.3,42,1004.0,100,3.64,74,0.83,48.0,3.0,45.0
2026-05-09T20:00,12.0,43,1004.2,98,3.50,76,0.80,20.0,2.0,18.0
2026-05-09T21:00,11.7,44,1004.5,100,3.00,79,0.77,1.0,0.0,1.0
2026-05-09T22:00,11.4,45,1004.7,100,3.08,82,0.74,0.0,0.0,0.0
2026-05-09T23:00,11.1,46,1004.8,100,3.34,81,0.72,0.0,0.0,0.0
2026-05-10T00:00,10.7,47,1004.8,100,3.72,84,0.68,0.0,0.0,0.0
2026-05-10T01:00,10.3,50,1005.0,100,3.50,88,0.63,0.0,0.0,0.0
2026-05-10T02:00,10.0,50,1004.8,100,3.71,85,0.61,0.0,0.0,0.0
2026-05-10T03:00,10.0,46,1004.6,100,3.81,95,0.66,0.0,0.0,0.0
2026-05-10T04:00,9.7,45,1004.7,100,3.80,91,0.66,0.0,0.0,0.0
2026-05-10T05:00,9.0,47,1004.8,100,3.95,88,0.61,4.0,0.0,4.0
2026-05-10T06:00,8.9,48,1004.7,100,3.75,90,0.59,44.0,4.0,40.0
2026-05-10T07:00,9.0,49,1004.5,100,3.75,89,0.59,108.0,19.0,89.0
2026-05-10T08:00,9.0,52,1004.3,100,3.75,88,0.55,116.0,7.0,109.0
2026-05-10T09:00,9.6,49,1004.5,100,3.90,90,0.60,148.0,7.0,141.0
2026-05-10T10:00,9.6,51,1004.3,100,3.55,92,0.58,150.0,0.0,150.0
2026-05-10T11:00,10.1,52,1004.1,100,3.66,86,0.59,153.0,2.0,151.0
2026-05-10T12:00,11.5,47,1003.7,100,4.20,91,0.72,243.0,32.0,211.0
2026-05-10T13:00,12.4,40,1003.3,100,4.86,107,0.87,310.0,33.0,277.0
2026-05-10T14:00,13.2,37,1002.9,100,4.86,110,0.96,325.0,34.0,291.0
2026-05-10T15:00,14.3,30,1002.2,3,4.59,114,1.14,266.0,35.0,231.0
2026-05-10T16:00,14.3,31,1001.8,75,4.65,117,1.13,546.0,352.0,194.0
2026-05-10T17:00,14.1,36,1001.3,94,4.51,121,1.04,362.0,181.0,181.0
2026-05-10T18:00,13.8,37,1000.8,100,4.32,131,0.99,143.0,19.0,124.0
2026-05-10T19:00,13.3,41,1000.4,100,4.01,130,0.90,46.0,0.0,46.0
2026-05-10T20:00,13.0,43,999.8,100,3.42,115,0.86,14.0,0.0,14.0
2026-05-10T21:00,12.6,48,999.6,100,3.72,107,0.76,1.0,0.0,1.0
2026-05-10T22:00,12.1,51,999.0,100,3.65,109,0.69,0.0,0.0,0.0
2026-05-10T23:00,12.1,51,998.5,100,3.78,114,0.70,0.0,0.0,0.0
2026-05-11T00:00,11.8,51,998.0,100,3.75,121,0.68,0.0,0.0,0.0
2026-05-11T01:00,11.4,54,997.6,100,3.57,127,0.62,0.0,0.0,0.0
2026-05-11T02:00,10.8,60,997.0,100,3.82,132,0.52,0.0,0.0,0.0
2026-05-11T03:00,9.6,69,996.5,100,2.98,125,0.37,0.0,0.0,0.0
2026-05-11T04:00,9.1,76,995.9,100,2.96,120,0.28,0.0,0.0,0.0
2026-05-11T05:00,8.7,81,995.5,100,2.82,120,0.21,3.0,0.0,3.0
2026-05-11T06:00,9.0,83,995.4,100,3.37,131,0.20,46.0,2.0,44.0
2026-05-11T07:00,9.4,81,995.2,97,2.97,132,0.23,104.0,8.0,96.0
2026-05-11T08:00,10.0,77,995.2,100,2.31,141,0.28,201.0,71.0,130.0
2026-05-11T09:00,9.6,79,995.0,100,1.88,132,0.25,192.0,16.0,176.0
2026-05-11T10:00,10.5,76,995.0,100,1.70,137,0.30,275.0,25.0,250.0
2026-05-11T11:00,11.8,71,995.1,100,1.50,150,0.40,452.0,129.0,323.0
2026-05-11T12:00,12.5,69,995.1,100,1.23,148,0.44,387.0,68.0,319.0
2026-05-11T13:00,13.7,65,994.8,88,0.92,139,0.54,531.0,208.0,323.0
2026-05-11T14:00,14.9,61,994.4,100,0.90,146,0.66,563.0,266.0,297.0
2026-05-11T15:00,11.4,81,994.9,96,1.82,127,0.26,300.0,21.0,279.0
2026-05-11T16:00,12.7,75,994.4,100,1.73,123,0.36,258.0,38.0,220.0
2026-05-11T17:00,13.1,75,994.0,100,1.63,140,0.38,213.0,32.0,181.0
2026-05-11T18:00,13.3,75,993.7,100,1.36,118,0.39,154.0,11.0,143.0
2026-05-11T19:00,13.1,76,993.7,100,1.81,118,0.37,70.0,2.0,68.0
2026-05-11T20:00,12.8,77,993.6,100,1.74,117,0.34,21.0,0.0,21.0
2026-05-11T21:00,11.7,83,993.7,100,1.84,68,0.23,1.0,0.0,1.0
2026-05-11T22:00,11.5,85,993.4,100,2.02,46,0.20,0.0,0.0,0.0
2026-05-11T23:00,11.2,88,992.9,100,2.34,48,0.16,0.0,0.0,0.0
2026-05-12T00:00,10.9,90,992.8,100,2.28,64,0.12,0.0,0.0,0.0
2026-05-12T01:00,10.7,92,992.3,100,2.12,56,0.11,0.0,0.0,0.0
2026-05-12T02:00,10.5,92,992.1,100,2.18,58,0.10,0.0,0.0,0.0
2026-05-12T03:00,10.1,89,992.2,91,1.90,60,0.13,0.0,0.0,0.0
2026-05-12T04:00,10.0,90,991.5,52,1.82,58,0.13,0.0,0.0,0.0
2026-05-12T05:00,9.6,91,991.3,24,2.32,71,0.11,6.0,1.0,5.0
2026-05-12T06:00,10.3,89,991.2,93,2.35,78,0.14,68.0,28.0,40.0
2026-05-12T07:00,11.3,87,990.7,100,2.60,87,0.18,165.0,71.0,94.0
2026-05-12T08:00,12.0,86,990.5,100,2.70,90,0.20,132.0,0.0,132.0
2026-05-12T09:00,11.6,83,990.7,100,2.40,89,0.23,183.0,18.0,165.0
2026-05-12T10:00,12.1,83,990.6,100,2.25,90,0.24,197.0,15.0,182.0
2026-05-12T11:00,13.4,80,990.5,100,2.20,89,0.31,302.0,53.0,249.0
2026-05-12T12:00,14.2,78,990.6,100,2.26,96,0.35,310.0,41.0,269.0
2026-05-12T13:00,15.1,76,990.0,100,2.48,115,0.41,295.0,70.0,225.0
2026-05-12T14:00,15.8,74,989.4,100,1.96,109,0.47,281.0,17.0,264.0
2026-05-12T15:00,15.4,70,989.7,100,1.69,102,0.53,360.0,87.0,273.0
2026-05-12T16:00,15.8,70,989.3,100,1.83,107,0.53,300.0,69.0,231.0
2026-05-12T17:00,16.1,70,988.7,62,1.86,76,0.55,198.0,46.0,152.0
2026-05-12T18:00,16.5,69,988.4,100,1.92,83,0.59,247.0,128.0,119.0
2026-05-12T19:00,16.2,71,988.0,73,2.15,93,0.53,132.0,48.0,84.0
2026-05-12T20:00,15.6,77,987.8,100,2.00,103,0.41,52.0,21.0,31.0
2026-05-12T21:00,15.1,82,988.0,35,2.41,103,0.31,3.0,0.0,3.0
2026-05-12T22:00,14.4,87,987.7,41,2.69,114,0.21,0.0,0.0,0.0
2026-05-12T23:00,13.4,91,987.7,35,2.40,113,0.13,0.0,0.0,0.0
2026-05-13T00:00,12.8,94,987.2,23,2.06,108,0.09,0.0,0.0,0.0
2026-05-13T01:00,12.5,96,987.0,67,1.88,112,0.06,0.0,0.0,0.0
2026-05-13T02:00,12.3,97,986.6,99,1.99,108,0.04,0.0,0.0,0.0
2026-05-13T03:00,12.5,97,986.1,8,1.86,104,0.05,0.0,0.0,0.0
2026-05-13T04:00,12.1,98,985.9,50,2.03,106,0.03,0.0,0.0,0.0
2026-05-13T05:00,11.9,99,985.8,100,1.97,114,0.01,6.0,1.0,5.0
2026-05-13T06:00,12.1,99,986.1,100,1.68,117,0.01,45.0,2.0,43.0
2026-05-13T07:00,12.5,99,986.1,100,1.62,124,0.02,104.0,12.0,92.0
2026-05-13T08:00,12.9,99,986.2,100,1.67,139,0.02,151.0,18.0,133.0
2026-05-13T09:00,14.0,89,986.2,100,1.81,141,0.17,276.0,56.0,220.0
2026-05-13T10:00,15.5,78,986.1,100,1.90,157,0.39,341.0,54.0,287.0
2026-05-13T11:00,16.6,71,986.0,40,1.87,160,0.55,398.0,138.0,260.0
2026-05-13T12:00,18.0,64,985.7,57,2.07,165,0.75,649.0,456.0,193.0
2026-05-13T13:00,18.8,63,985.4,23,2.02,147,0.79,627.0,412.0,215.0
2026-05-13T14:00,19.7,60,985.4,100,2.36,148,0.92,698.0,552.0,146.0
2026-05-13T15:00,20.9,56,984.7,20,2.24,151,1.08,284.0,90.0,194.0
2026-05-13T16:00,20.7,55,984.5,21,2.54,148,1.09,533.0,421.0,112.0
2026-05-13T17:00,20.6,50,984.2,12,2.46,151,1.21,434.0,339.0,95.0
2026-05-13T18:00,20.6,49,984.1,4,2.45,147,1.24,325.0,254.0,71.0
2026-05-13T19:00,20.0,53,983.8,9,2.10,128,1.09,191.0,136.0,55.0
2026-05-13T20:00,18.6,61,983.9,9,2.14,127,0.84,70.0,39.0,31.0
2026-05-13T21:00,18.2,60,983.8,11,2.23,140,0.83,4.0,1.0,3.0
2026-05-13T22:00,17.2,64,984.1,18,2.47,144,0.70,0.0,0.0,0.0
2026-05-13T23:00,16.2,69,984.2,14,2.57,153,0.58,0.0,0.0,0.0
2026-05-14T00:00,15.4,72,984.1,12,2.28,154,0.48,0.0,0.0,0.0
2026-05-14T01:00,14.7,76,984.0,9,2.02,160,0.41,0.0,0.0,0.0
2026-05-14T02:00,13.9,79,983.9,16,1.81,141,0.33,0.0,0.0,0.0
2026-05-14T03:00,13.4,85,983.7,0,1.57,127,0.24,0.0,0.0,0.0
2026-05-14T04:00,12.7,86,983.8,13,1.67,129,0.20,0.0,0.0,0.0
2026-05-14T05:00,12.6,87,984.0,29,1.75,127,0.18,8.0,3.0,5.0
2026-05-14T06:00,13.4,85,984.1,82,1.67,129,0.23,77.0,35.0,42.0
2026-05-14T07:00,14.3,83,984.5,96,0.99,120,0.28,157.0,60.0,97.0
2026-05-14T08:00,15.5,80,984.8,93,0.70,111,0.36,219.0,66.0,153.0
2026-05-14T09:00,18.2,69,984.8,17,0.87,121,0.65,346.0,143.0,203.0
2026-05-14T10:00,20.2,59,985.0,1,1.26,124,0.97,518.0,322.0,196.0
2026-05-14T11:00,21.6,48,985.0,16,1.77,140,1.34,716.0,616.0,100.0
2026-05-14T12:00,22.2,47,985.2,73,1.90,145,1.42,725.0,605.0,120.0
2026-05-14T13:00,22.2,46,985.2,88,1.67,141,1.44,647.0,489.0,158.0
2026-05-14T14:00,22.6,45,984.9,100,2.06,116,1.52,651.0,426.0,225.0
2026-05-14T15:00,24.0,34,984.7,100,1.63,140,1.97,603.0,367.0,236.0
2026-05-14T16:00,23.7,34,984.7,100,1.28,141,1.92,488.0,261.0,227.0
2026-05-14T17:00,23.1,35,984.7,100,0.94,122,1.83,323.0,123.0,200.0
2026-05-14T18:00,22.1,38,984.9,89,1.04,55,1.65,239.0,136.0,103.0
2026-05-14T19:00,21.1,45,984.9,69,1.26,7,1.37,164.0,106.0,58.0
2026-05-14T20:00,19.1,65,985.4,78,2.25,17,0.76,58.0,29.0,29.0
2026-05-14T21:00,18.3,73,985.0,83,2.82,353,0.56,4.0,0.0,4.0
2026-05-14T22:00,17.6,77,984.8,86,2.45,20,0.47,0.0,0.0,0.0
2026-05-14T23:00,17.0,78,984.6,79,1.80,34,0.42,0.0,0.0,0.0
2026-05-15T00:00,16.4,78,984.4,98,1.43,36,0.40,0.0,0.0,0.0
2026-05-15T01:00,16.1,77,984.2,95,1.57,53,0.42,0.0,0.0,0.0
2026-05-15T02:00,16.0,75,984.0,99,1.48,57,0.45,0.0,0.0,0.0
2026-05-15T03:00,14.3,90,984.1,80,1.42,48,0.17,0.0,0.0,0.0
2026-05-15T04:00,13.7,90,983.9,100,1.62,56,0.15,0.0,0.0,0.0
2026-05-15T05:00,13.9,89,983.8,100,1.45,63,0.17,7.0,0.0,7.0
2026-05-15T06:00,14.5,88,983.9,93,1.60,86,0.21,51.0,3.0,48.0
2026-05-15T07:00,15.0,86,984.0,85,1.40,90,0.24,116.0,32.0,84.0
2026-05-15T08:00,15.9,83,983.7,61,0.52,107,0.30,183.0,61.0,122.0
2026-05-15T09:00,19.7,62,983.8,0,1.00,143,0.88,445.0,300.0,145.0
2026-05-15T10:00,20.8,53,983.8,32,2.04,149,1.15,620.0,528.0,92.0
2026-05-15T11:00,21.6,48,984.1,75,2.83,148,1.33,680.0,547.0,133.0
2026-05-15T12:00,22.1,52,984.6,50,3.12,148,1.28,654.0,470.0,184.0
2026-05-15T13:00,22.8,50,984.5,83,3.47,155,1.39,712.0,552.0,160.0
2026-05-15T14:00,23.1,48,984.3,99,3.02,153,1.46,667.0,460.0,207.0
2026-05-15T15:00,22.7,48,984.4,99,3.38,172,1.42,530.0,237.0,293.0
2026-05-15T16:00,22.8,44,984.3,92,3.76,166,1.54,480.0,247.0,233.0
2026-05-15T17:00,22.5,43,984.5,99,3.79,168,1.55,403.0,254.0,149.0
2026-05-15T18:00,21.8,46,984.8,95,3.36,165,1.40,247.0,106.0,141.0
2026-05-15T19:00,21.2,49,985.2,100,2.99,162,1.29,125.0,36.0,89.0
2026-05-15T20:00,20.5,53,985.5,98,2.33,171,1.13,28.0,2.0,26.0
2026-05-15T21:00,20.7,50,985.6,100,2.35,178,1.22,2.0,0.0,2.0
2026-05-15T22:00,19.9,53,986.0,100,1.87,196,1.10,0.0,0.0,0.0
2026-05-15T23:00,19.2,54,986.2,100,1.42,190,1.02,0.0,0.0,0.0
2026-05-16T00:00,18.6,56,986.2,100,1.24,133,0.95,0.0,0.0,0.0
2026-05-16T01:00,17.9,61,986.2,99,1.52,136,0.81,0.0,0.0,0.0
2026-05-16T02:00,17.3,65,986.4,99,1.68,170,0.70,0.0,0.0,0.0
2026-05-16T03:00,16.7,69,986.3,94,1.44,236,0.59,0.0,0.0,0.0
2026-05-16T04:00,15.8,74,986.6,60,1.46,239,0.47,0.0,0.0,0.0
2026-05-16T05:00,15.3,76,987.0,97,1.38,226,0.42,7.0,1.0,6.0
2026-05-16T06:00,15.6,74,987.3,18,0.87,211,0.47,40.0,5.0,35.0
2026-05-16T07:00,16.4,69,987.9,2,1.48,213,0.57,199.0,130.0,69.0
2026-05-16T08:00,17.4,64,988.1,3,1.52,221,0.71,367.0,291.0,76.0
2026-05-16T09:00,19.4,52,988.2,7,2.11,216,1.09,512.0,428.0,84.0
2026-05-16T10:00,20.3,47,988.7,14,2.51,203,1.26,611.0,509.0,102.0
2026-05-16T11:00,21.2,44,989.1,13,2.62,193,1.42,677.0,542.0,135.0
2026-05-16T12:00,21.8,40,989.6,15,2.69,198,1.56,771.0,657.0,114.0
2026-05-16T13:00,22.2,39,989.9,19,2.55,215,1.64,744.0,596.0,148.0
2026-05-16T14:00,22.8,36,990.1,23,2.02,237,1.78,734.0,573.0,161.0
2026-05-16T15:00,24.1,31,990.4,70,1.66,254,2.08,657.0,478.0,179.0
2026-05-16T16:00,24.3,29,990.7,85,1.91,275,2.16,591.0,460.0,131.0
2026-05-16T17:00,23.9,30,991.0,87,2.81,282,2.08,406.0,260.0,146.0
2026-05-16T18:00,22.7,38,991.4,72,3.72,290,1.71,298.0,170.0,128.0
2026-05-16T19:00,21.5,44,991.8,86,3.44,296,1.44,202.0,134.0,68.0
2026-05-16T20:00,20.6,48,992.2,80,2.73,296,1.27,74.0,30.0,44.0
2026-05-16T21:00,20.0,50,992.6,38,2.22,301,1.16,6.0,1.0,5.0
2026-05-16T22:00,18.9,56,993.0,63,1.81,321,0.95,0.0,0.0,0.0
2026-05-16T23:00,17.9,61,993.5,27,1.64,329,0.80,0.0,0.0,0.0
2026-05-17T00:00,17.0,66,994.0,70,1.88,335,0.66,0.0,0.0,0.0
2026-05-17T01:00,16.2,70,994.0,90,2.08,336,0.56,0.0,0.0,0.0
2026-05-17T02:00,15.7,72,994.2,64,2.34,349,0.50,0.0,0.0,0.0
2026-05-17T03:00,15.1,72,994.5,96,2.55,1,0.48,0.0,0.0,0.0
2026-05-17T04:00,14.4,75,994.6,98,2.68,9,0.40,0.0,0.0,0.0
2026-05-17T05:00,14.2,76,994.8,80,2.51,17,0.38,11.0,2.0,9.0
2026-05-17T06:00,14.8,74,995.3,46,1.88,17,0.44,89.0,40.0,49.0
2026-05-17T07:00,16.2,67,995.5,29,2.04,25,0.61,219.0,148.0,71.0
2026-05-17T08:00,18.4,59,995.4,19,2.05,34,0.86,365.0,281.0,84.0
2026-05-17T09:00,21.4,49,995.5,2,2.12,43,1.29,508.0,419.0,89.0
2026-05-17T10:00,23.6,42,995.5,32,2.98,65,1.68,629.0,534.0,95.0
2026-05-17T11:00,24.7,38,995.5,28,3.26,75,1.92,670.0,548.0,122.0
2026-05-17T12:00,25.7,36,995.4,26,3.14,76,2.11,726.0,599.0,127.0
2026-05-17T13:00,26.7,35,995.0,27,3.06,75,2.26,769.0,641.0,128.0
2026-05-17T14:00,27.1,36,994.8,24,2.93,76,2.30,761.0,651.0,110.0
2026-05-17T15:00,27.9,31,994.3,30,2.69,75,2.58,700.0,591.0,109.0
2026-05-17T16:00,27.7,32,994.2,52,2.90,87,2.53,540.0,440.0,100.0
2026-05-17T17:00,26.9,35,994.2,78,3.05,93,2.31,404.0,288.0,116.0
2026-05-17T18:00,26.6,38,994.1,84,3.13,97,2.17,263.0,152.0,111.0
2026-05-17T19:00,26.1,39,994.3,94,2.20,78,2.05,143.0,67.0,76.0
2026-05-17T20:00,24.5,46,994.8,100,1.88,65,1.65,62.0,17.0,45.0
2026-05-17T21:00,22.7,61,995.0,100,1.43,54,1.07,5.0,0.0,5.0
2026-05-17T22:00,20.0,78,995.6,99,1.92,75,0.53,0.0,0.0,0.0
2026-05-17T23:00,19.1,82,996.0,100,2.65,91,0.40,0.0,0.0,0.0
2026-05-18T00:00,18.8,84,994.6,37,1.60,58,0.35,0.0,0.0,0.0
2026-05-18T01:00,18.3,86,994.9,57,1.99,62,0.30,0.0,0.0,0.0
2026-05-18T02:00,18.0,88,995.0,42,1.77,50,0.26,0.0,0.0,0.0
2026-05-18T03:00,17.5,87,994.9,84,2.16,50,0.25,0.0,0.0,0.0
2026-05-18T04:00,17.0,89,995.0,99,2.38,60,0.22,0.0,0.0,0.0
2026-05-18T05:00,16.8,86,995.1,100,2.33,67,0.26,12.0,3.0,9.0
2026-05-18T06:00,17.2,83,995.4,99,1.77,65,0.34,81.0,23.0,58.0
2026-05-18T07:00,18.4,76,995.5,98,1.71,75,0.50,201.0,105.0,96.0
2026-05-18T08:00,20.5,65,995.9,99,1.81,96,0.84,340.0,217.0,123.0
2026-05-18T09:00,23.6,47,996.3,98,1.90,113,1.55,461.0,279.0,182.0
2026-05-18T10:00,25.6,34,996.5,99,2.02,113,2.17,551.0,302.0,249.0
2026-05-18T11:00,27.7,22,996.4,88,2.52,111,2.88,658.0,407.0,251.0
2026-05-18T12:00,28.9,16,996.4,86,3.76,117,3.36,752.0,540.0,212.0
2026-05-18T13:00,29.5,15,996.3,95,3.76,123,3.49,810.0,658.0,152.0
2026-05-18T14:00,29.7,16,996.2,100,3.51,126,3.52,759.0,565.0,194.0
2026-05-18T15:00,30.4,15,995.9,92,3.32,134,3.71,654.0,409.0,245.0
2026-05-18T16:00,30.1,15,996.0,93,3.29,133,3.61,610.0,468.0,142.0
2026-05-18T17:00,29.8,17,996.1,95,3.29,133,3.46,490.0,373.0,117.0
2026-05-18T18:00,29.4,19,996.1,95,3.22,123,3.32,342.0,233.0,109.0
2026-05-18T19:00,28.8,20,996.4,94,3.53,115,3.18,203.0,127.0,76.0
2026-05-18T20:00,27.8,22,996.7,95,2.45,107,2.92,82.0,40.0,42.0
2026-05-18T21:00,27.1,23,996.7,31,2.01,109,2.77,8.0,2.0,6.0
2026-05-18T22:00,25.9,26,996.9,13,2.08,120,2.46,0.0,0.0,0.0
2026-05-18T23:00,24.3,31,997.2,33,1.80,92,2.08,0.0,0.0,0.0
2026-05-19T00:00,22.8,38,997.5,17,2.04,73,1.71,0.0,0.0,0.0
2026-05-19T01:00,21.6,44,997.5,20,1.87,82,1.44,0.0,0.0,0.0
2026-05-19T02:00,20.9,46,997.8,13,2.24,80,1.34,0.0,0.0,0.0
2026-05-19T03:00,20.5,46,997.6,19,2.11,85,1.31,0.0,0.0,0.0
2026-05-19T04:00,19.2,49,997.6,6,2.26,85,1.13,0.0,0.0,0.0
2026-05-19T05:00,18.7,50,997.8,0,2.17,82,1.07,14.0,6.0,8.0
2026-05-19T06:00,19.3,49,998.1,0,1.72,82,1.13,104.0,65.0,39.0
2026-05-19T07:00,20.4,49,998.3,0,1.60,76,1.23,237.0,179.0,58.0
2026-05-19T08:00,22.2,46,998.4,0,1.61,83,1.46,384.0,313.0,71.0
2026-05-19T09:00,25.6,36,998.6,0,1.75,87,2.12,526.0,446.0,80.0
2026-05-19T10:00,27.7,29,998.8,0,2.06,94,2.63,649.0,562.0,87.0
2026-05-19T11:00,29.2,21,999.1,0,3.31,110,3.22,745.0,654.0,91.0
2026-05-19T12:00,29.8,19,999.1,2,3.24,117,3.39,806.0,712.0,94.0
2026-05-19T13:00,30.4,18,999.1,4,3.01,122,3.54,816.0,715.0,101.0
2026-05-19T14:00,30.7,18,999.0,6,2.84,131,3.62,783.0,684.0,99.0
2026-05-19T15:00,31.4,17,998.7,12,3.15,137,3.82,709.0,608.0,101.0
2026-05-19T16:00,31.1,17,998.4,63,3.12,145,3.73,616.0,515.0,101.0
2026-05-19T17:00,30.7,18,998.5,94,3.18,154,3.62,490.0,383.0,107.0
2026-05-19T18:00,30.1,19,998.5,95,3.48,162,3.43,332.0,220.0,112.0
2026-05-19T19:00,29.4,21,998.7,93,3.65,161,3.25,175.0,70.0,105.0
2026-05-19T20:00,28.8,22,999.1,72,2.61,160,3.11,71.0,24.0,47.0
2026-05-19T21:00,28.3,21,999.0,11,2.17,151,3.04,8.0,2.0,6.0
2026-05-19T22:00,27.0,24,999.3,9,1.81,129,2.72,0.0,0.0,0.0
2026-05-19T23:00,25.9,28,999.6,8,1.53,128,2.39,0.0,0.0,0.0
2026-05-20T00:00,25.0,33,999.9,9,0.95,87,2.13,0.0,0.0,0.0
2026-05-20T01:00,24.0,36,999.9,9,0.94,58,1.90,0.0,0.0,0.0
2026-05-20T02:00,22.9,41,1000.1,12,1.82,69,1.64,0.0,0.0,0.0
2026-05-20T03:00,21.7,46,1000.2,9,1.37,57,1.40,0.0,0.0,0.0
2026-05-20T04:00,20.3,53,1000.2,9,1.76,70,1.11,0.0,0.0,0.0
2026-05-20T05:00,20.1,55,1000.3,96,1.68,80,1.05,14.0,5.0,9.0
2026-05-20T06:00,20.6,54,1000.6,89,1.41,73,1.12,84.0,39.0,45.0
2026-05-20T07:00,21.5,52,1000.7,100,1.22,71,1.24,164.0,67.0,97.0
2026-05-20T08:00,22.9,47,1001.0,1,1.52,81,1.48,259.0,127.0,132.0
2026-05-20T09:00,25.6,37,1001.2,86,1.56,84,2.07,445.0,308.0,137.0
2026-05-20T10:00,28.1,28,1001.3,42,2.24,114,2.71,591.0,434.0,157.0
2026-05-20T11:00,29.2,23,1001.2,75,3.08,122,3.13,629.0,404.0,225.0
2026-05-20T12:00,29.8,20,1001.3,83,3.84,122,3.33,702.0,545.0,157.0
2026-05-20T13:00,30.0,21,1001.2,52,3.75,121,3.35,744.0,590.0,154.0
2026-05-20T14:00,30.6,21,1000.9,56,3.38,124,3.48,775.0,648.0,127.0
2026-05-20T15:00,31.6,18,1000.6,67,3.50,121,3.80,715.0,603.0,112.0
2026-05-20T16:00,31.1,19,1000.6,45,3.46,127,3.65,605.0,493.0,112.0
2026-05-20T17:00,30.9,20,1000.4,48,3.17,142,3.57,487.0,385.0,102.0
2026-05-20T18:00,30.0,21,1000.3,49,4.04,149,3.33,335.0,239.0,96.0
2026-05-20T19:00,29.3,22,1000.6,31,3.89,133,3.17,195.0,128.0,67.0
2026-05-20T20:00,28.8,23,1000.9,22,2.58,126,3.04,88.0,50.0,38.0
2026-05-20T21:00,28.2,24,1000.7,23,2.17,142,2.89,11.0,4.0,7.0
2026-05-20T22:00,27.0,27,1001.2,48,1.42,122,2.58,0.0,0.0,0.0
2026-05-20T23:00,26.3,29,1001.3,52,1.07,62,2.42,0.0,0.0,0.0
2026-05-21T00:00,25.2,32,1001.5,16,1.19,62,2.17,0.0,0.0,0.0
2026-05-21T01:00,23.8,38,1001.4,5,1.47,55,1.83,0.0,0.0,0.0
2026-05-21T02:00,22.4,44,1001.6,6,1.59,49,1.52,0.0,0.0,0.0
2026-05-21T03:00,21.4,54,1001.5,2,1.70,62,1.18,0.0,0.0,0.0
2026-05-21T04:00,20.3,56,1001.6,1,2.26,84,1.04,0.0,0.0,0.0
2026-05-21T05:00,20.0,57,1001.8,1,2.11,83,1.01,17.0,7.0,10.0
2026-05-21T06:00,20.6,53,1002.0,0,1.60,76,1.13,108.0,69.0,39.0
2026-05-21T07:00,21.9,49,1002.0,1,1.47,80,1.33,238.0,178.0,60.0
2026-05-21T08:00,23.7,43,1002.0,0,1.55,94,1.66,384.0,311.0,73.0
2026-05-21T09:00,26.7,35,1002.4,5,1.53,101,2.28,525.0,443.0,82.0
2026-05-21T10:00,28.5,30,1002.5,45,1.81,114,2.70,633.0,537.0,96.0
2026-05-21T11:00,29.3,27,1002.6,73,2.07,122,2.99,680.0,555.0,125.0
2026-05-21T12:00,30.1,24,1002.6,98,2.06,119,3.22,682.0,536.0,146.0
2026-05-21T13:00,30.9,23,1002.2,99,2.55,125,3.42,716.0,538.0,178.0
2026-05-21T14:00,30.3,25,1001.8,74,2.69,137,3.24,633.0,357.0,276.0
2026-05-21T15:00,31.2,23,1001.7,43,2.87,149,3.52,623.0,449.0,174.0
2026-05-21T16:00,31.0,24,1001.4,48,2.94,159,3.41,588.0,462.0,126.0
2026-05-21T17:00,30.5,24,1001.4,54,2.79,159,3.29,467.0,372.0,95.0
2026-05-21T18:00,30.0,25,1001.3,41,2.87,149,3.15,322.0,226.0,96.0
2026-05-21T19:00,29.1,27,1001.6,59,3.34,150,2.92,195.0,125.0,70.0
2026-05-21T20:00,28.4,28,1001.7,37,3.38,155,2.77,77.0,34.0,43.0
2026-05-21T21:00,28.1,30,1001.9,63,3.05,162,2.66,10.0,3.0,7.0
2026-05-21T22:00,27.1,33,1002.0,28,2.44,154,2.39,0.0,0.0,0.0
2026-05-21T23:00,25.9,39,1002.2,7,2.25,148,2.03,0.0,0.0,0.0
2026-05-22T00:00,24.7,44,1002.3,4,2.01,153,1.73,0.0,0.0,0.0
2026-05-22T01:00,23.8,48,1002.2,3,1.88,155,1.53,0.0,0.0,0.0
2026-05-22T02:00,23.1,51,1002.3,3,1.81,152,1.39,0.0,0.0,0.0
2026-05-22T03:00,22.3,57,1002.1,2,1.85,142,1.17,0.0,0.0,0.0
2026-05-22T04:00,21.0,62,1002.0,1,1.92,141,0.95,0.0,0.0,0.0
2026-05-22T05:00,20.5,64,1002.1,1,1.74,141,0.86,17.0,7.0,10.0
2026-05-22T06:00,20.8,63,1002.2,1,1.51,146,0.92,107.0,67.0,40.0
2026-05-22T07:00,21.9,58,1002.0,1,1.40,145,1.11,237.0,177.0,60.0
2026-05-22T08:00,23.7,49,1001.9,1,1.57,149,1.50,380.0,307.0,73.0
2026-05-22T09:00,26.4,39,1002.0,1,1.68,157,2.12,519.0,436.0,83.0
2026-05-22T10:00,28.0,33,1001.8,2,2.30,156,2.53,641.0,553.0,88.0
2026-05-22T11:00,29.1,30,1001.7,3,3.45,163,2.81,734.0,639.0,95.0
2026-05-22T12:00,29.7,28,1001.5,5,3.80,167,2.99,779.0,675.0,104.0
2026-05-22T13:00,30.3,27,1001.0,27,3.84,172,3.16,795.0,688.0,107.0
2026-05-22T14:00,30.5,27,1000.4,38,3.60,178,3.19,704.0,560.0,144.0
2026-05-22T15:00,31.2,24,1000.1,75,3.46,183,3.44,573.0,425.0,148.0
2026-05-22T16:00,28.3,32,1000.5,5,3.68,217,2.62,475.0,303.0,172.0
2026-05-22T17:00,29.0,29,999.9,27,3.92,197,2.86,445.0,347.0,98.0
2026-05-22T18:00,28.4,31,999.6,9,3.69,193,2.67,333.0,250.0,83.0
2026-05-22T19:00,27.9,32,999.4,22,3.86,193,2.56,215.0,154.0,61.0
2026-05-22T20:00,27.0,35,999.5,33,3.45,199,2.31,90.0,53.0,37.0
2026-05-22T21:00,25.2,41,999.6,97,3.46,256,1.90,12.0,4.0,8.0
2026-05-22T22:00,24.1,46,999.6,77,1.05,245,1.62,0.0,0.0,0.0
2026-05-22T23:00,23.2,49,999.7,48,2.40,269,1.45,0.0,0.0,0.0
2026-05-23T00:00,21.4,60,999.8,13,3.37,305,1.03,0.0,0.0,0.0
2026-05-23T01:00,19.9,67,1000.1,30,3.43,307,0.78,0.0,0.0,0.0
2026-05-23T02:00,18.6,70,1000.1,9,3.11,307,0.64,0.0,0.0,0.0
2026-05-23T03:00,17.7,72,1000.5,73,3.23,309,0.57,0.0,0.0,0.0
2026-05-23T04:00,16.7,73,1000.5,11,2.97,316,0.51,0.0,0.0,0.0
2026-05-23T05:00,16.1,74,1001.1,44,2.73,319,0.47,14.0,6.0,8.0
2026-05-23T06:00,16.0,72,1001.5,30,2.88,321,0.51,93.0,47.0,46.0
2026-05-23T07:00,16.6,66,1001.7,12,2.52,321,0.63,225.0,148.0,77.0
2026-05-23T08:00,17.5,59,1001.9,0,2.16,318,0.82,383.0,306.0,77.0
2026-05-23T09:00,18.0,57,1002.1,71,2.18,302,0.89,527.0,444.0,83.0
2026-05-23T10:00,18.9,51,1002.3,95,2.38,292,1.07,624.0,495.0,129.0
2026-05-23T11:00,19.8,45,1002.3,75,2.38,285,1.28,671.0,457.0,214.0
2026-05-23T12:00,20.6,41,1002.0,87,2.80,280,1.44,687.0,415.0,272.0
2026-05-23T13:00,21.1,39,1001.7,46,2.96,282,1.53,685.0,388.0,297.0
2026-05-23T14:00,22.3,34,1001.1,13,3.28,291,1.77,790.0,668.0,122.0
2026-05-23T15:00,22.1,34,1001.4,59,3.32,288,1.76,704.0,573.0,131.0
2026-05-23T16:00,21.7,36,1001.2,41,3.52,293,1.67,519.0,354.0,165.0
2026-05-23T17:00,21.7,34,1000.9,70,3.58,297,1.70,431.0,271.0,160.0
2026-05-23T18:00,20.5,39,1001.2,51,4.22,304,1.48,211.0,76.0,135.0
2026-05-23T19:00,19.9,42,1001.4,22,3.86,304,1.35,194.0,121.0,73.0
2026-05-23T20:00,19.1,46,1001.5,8,3.65,300,1.20,57.0,18.0,39.0
2026-05-23T21:00,18.4,53,1001.3,5,2.67,287,1.00,14.0,5.0,9.0
2026-05-23T22:00,17.4,58,1001.3,4,2.43,279,0.83,0.0,0.0,0.0
2026-05-23T23:00,16.6,62,1001.1,3,2.53,279,0.71,0.0,0.0,0.0
2026-05-24T00:00,15.9,66,1001.1,2,2.44,281,0.62,0.0,0.0,0.0
2026-05-24T01:00,15.2,69,1000.7,2,2.31,276,0.53,0.0,0.0,0.0
2026-05-24T02:00,14.7,72,1000.6,2,2.26,275,0.47,0.0,0.0,0.0
2026-05-24T03:00,14.6,72,1000.8,2,2.10,271,0.46,0.0,0.0,0.0
2026-05-24T04:00,13.8,78,1000.6,5,2.05,269,0.35,0.0,0.0,0.0
2026-05-24T05:00,13.7,79,1000.6,2,2.06,274,0.33,20.0,9.0,11.0
2026-05-24T06:00,14.2,78,1000.7,1,1.61,263,0.35,113.0,71.0,42.0
2026-05-24T07:00,15.4,73,1000.7,1,1.60,268,0.47,246.0,185.0,61.0
2026-05-24T08:00,17.0,67,1000.5,1,1.50,266,0.63,392.0,317.0,75.0
2026-05-24T09:00,19.3,58,1000.5,2,1.57,261,0.95,530.0,444.0,86.0
2026-05-24T10:00,20.5,48,1000.2,47,2.21,257,1.26,636.0,539.0,97.0
2026-05-24T11:00,20.7,46,1000.2,44,2.86,266,1.31,555.0,408.0,147.0
2026-05-24T12:00,21.2,44,999.9,45,2.80,268,1.41,629.0,446.0,183.0
2026-05-24T13:00,21.8,45,999.4,28,2.65,269,1.44,632.0,472.0,160.0
2026-05-24T14:00,22.5,42,998.5,100,2.60,272,1.58,598.0,395.0,203.0
2026-05-24T15:00,22.9,36,998.3,27,2.65,271,1.80,272.0,34.0,238.0
2026-05-24T16:00,22.5,38,997.6,57,2.85,281,1.69,560.0,436.0,124.0
2026-05-24T17:00,22.1,40,996.9,2,2.33,280,1.58,384.0,274.0,110.0
2026-05-24T18:00,22.3,41,996.4,5,2.33,260,1.59,336.0,251.0,85.0
2026-05-24T19:00,19.7,54,996.4,53,3.61,251,1.06,196.0,134.0,62.0
2026-05-24T20:00,17.9,64,996.3,84,2.37,288,0.73,68.0,32.0,36.0
2026-05-24T21:00,18.0,65,995.8,41,2.38,248,0.71,12.0,3.0,9.0
2026-05-24T22:00,17.5,68,995.6,96,2.44,251,0.64,0.0,0.0,0.0
2026-05-24T23:00,16.6,71,995.1,100,2.69,246,0.55,0.0,0.0,0.0
2026-05-25T00:00,15.9,78,994.8,100,2.15,245,0.40,0.0,0.0,0.0
2026-05-25T01:00,15.4,82,994.3,81,2.32,251,0.31,0.0,0.0,0.0
2026-05-25T02:00,14.9,84,994.0,87,2.17,251,0.27,0.0,0.0,0.0
2026-05-25T03:00,14.6,86,993.9,91,2.47,262,0.23,0.0,0.0,0.0
2026-05-25T04:00,13.8,90,993.8,88,2.65,267,0.16,0.0,0.0,0.0
2026-05-25T05:00,13.4,92,993.8,100,2.62,283,0.13,17.0,3.0,14.0
2026-05-25T06:00,13.9,87,993.7,100,3.29,303,0.20,57.0,6.0,51.0
2026-05-25T07:00,14.2,84,993.6,100,3.24,308,0.26,84.0,0.0,84.0
2026-05-25T08:00,14.9,79,993.7,100,3.21,307,0.35,184.0,18.0,166.0
2026-05-25T09:00,15.4,72,993.8,90,3.02,320,0.48,272.0,25.0,247.0
2026-05-25T10:00,16.4,68,993.5,81,3.22,316,0.60,513.0,304.0,209.0
2026-05-25T11:00,17.1,64,993.5,67,3.46,315,0.71,629.0,431.0,198.0
2026-05-25T12:00,17.4,60,993.3,66,3.67,304,0.79,616.0,370.0,246.0
2026-05-25T13:00,17.8,59,992.6,54,3.38,289,0.83,606.0,341.0,265.0
2026-05-25T14:00,18.4,58,992.0,92,4.21,300,0.89,558.0,319.0,239.0
2026-05-25T15:00,18.8,43,992.0,88,4.05,296,1.23,500.0,311.0,189.0
2026-05-25T16:00,19.1,41,991.7,20,4.18,291,1.29,569.0,419.0,150.0
2026-05-25T17:00,18.6,46,991.0,35,4.72,298,1.17,475.0,367.0,108.0
2026-05-25T18:00,17.8,47,990.9,47,4.67,313,1.09,344.0,259.0,85.0
2026-05-25T19:00,16.8,53,990.4,63,3.62,290,0.90,207.0,125.0,82.0
2026-05-25T20:00,15.9,60,990.2,100,3.76,284,0.73,94.0,41.0,53.0
2026-05-25T21:00,14.9,62,989.6,100,3.91,291,0.63,10.0,0.0,10.0
2026-05-25T22:00,13.3,72,989.0,100,3.21,291,0.43,0.0,0.0,0.0
2026-05-25T23:00,12.8,77,988.2,100,2.65,273,0.34,0.0,0.0,0.0
2026-05-26T00:00,12.4,77,987.5,100,3.40,260,0.33,0.0,0.0,0.0
2026-05-26T01:00,11.0,88,986.8,99,3.34,279,0.16,0.0,0.0,0.0
2026-05-26T02:00,10.7,90,986.4,91,3.94,300,0.13,0.0,0.0,0.0
2026-05-26T03:00,9.7,90,986.4,16,2.69,294,0.12,0.0,0.0,0.0
2026-05-26T04:00,9.1,92,986.0,21,3.21,281,0.09,0.0,0.0,0.0
2026-05-26T05:00,9.1,86,985.5,13,3.78,290,0.16,22.0,10.0,12.0
2026-05-26T06:00,9.5,83,985.3,13,3.30,288,0.20,113.0,68.0,45.0
2026-05-26T07:00,10.1,77,985.0,14,4.34,299,0.28,243.0,174.0,69.0
2026-05-26T08:00,10.7,72,984.6,40,4.84,301,0.36,367.0,273.0,94.0
2026-05-26T09:00,10.2,72,984.4,64,4.41,295,0.35,456.0,337.0,119.0
2026-05-26T10:00,11.9,53,983.7,65,5.41,298,0.65,505.0,366.0,139.0
2026-05-26T11:00,11.8,60,983.8,28,4.39,307,0.56,522.0,314.0,208.0
2026-05-26T12:00,11.9,61,983.8,64,5.61,296,0.55,671.0,534.0,137.0
2026-05-26T13:00,13.1,60,983.3,93,4.06,289,0.60,702.0,512.0,190.0
2026-05-26T14:00,14.0,54,982.9,99,4.80,301,0.74,760.0,544.0,216.0
2026-05-26T15:00,13.7,44,983.7,84,5.89,305,0.87,614.0,324.0,290.0
2026-05-26T16:00,13.8,44,983.5,77,5.43,307,0.89,495.0,305.0,190.0
2026-05-26T17:00,13.4,46,983.6,85,5.80,316,0.83,392.0,249.0,143.0
2026-05-26T18:00,11.7,60,984.4,100,4.06,326,0.55,181.0,50.0,131.0
2026-05-26T19:00,11.2,61,984.3,100,4.32,307,0.52,61.0,0.0,61.0
2026-05-26T20:00,10.6,68,984.1,90,3.74,300,0.41,35.0,0.0,35.0
2026-05-26T21:00,10.4,72,983.7,88,3.80,291,0.35,11.0,1.0,10.0
2026-05-26T22:00,10.0,74,983.6,95,3.52,293,0.32,0.0,0.0,0.0
2026-05-26T23:00,9.8,76,983.2,81,2.85,281,0.29,0.0,0.0,0.0
2026-05-27T00:00,9.2,82,982.8,52,2.85,268,0.21,0.0,0.0,0.0
2026-05-27T01:00,8.6,84,982.2,4,3.29,261,0.18,0.0,0.0,0.0
2026-05-27T02:00,8.0,86,981.5,3,2.99,260,0.15,0.0,0.0,0.0
2026-05-27T03:00,8.2,83,981.0,0,2.77,250,0.18,0.0,0.0,0.0
2026-05-27T04:00,7.8,82,980.4,16,3.21,255,0.19,0.0,0.0,0.0
2026-05-27T05:00,7.9,80,980.0,0,3.10,255,0.22,24.0,11.0,13.0
2026-05-27T06:00,8.6,80,979.7,5,2.28,247,0.22,124.0,81.0,43.0
2026-05-27T07:00,9.8,76,979.2,66,2.50,254,0.30,261.0,201.0,60.0
2026-05-27T08:00,11.1,69,979.1,99,3.61,266,0.41,389.0,286.0,103.0
2026-05-27T09:00,11.7,63,978.6,64,2.69,292,0.51,357.0,147.0,210.0
2026-05-27T10:00,11.9,64,978.2,99,3.07,286,0.50,567.0,360.0,207.0
2026-05-27T11:00,12.1,64,978.2,100,3.05,280,0.50,541.0,261.0,280.0
2026-05-27T12:00,11.4,69,978.1,93,3.45,289,0.42,477.0,155.0,322.0
2026-05-27T13:00,11.2,66,977.8,62,2.61,282,0.45,359.0,108.0,251.0
2026-05-27T14:00,12.8,64,977.5,80,2.62,305,0.53,610.0,393.0,217.0
2026-05-27T15:00,13.4,50,977.8,54,2.23,304,0.77,578.0,346.0,232.0
2026-05-27T16:00,13.5,49,977.7,42,2.28,293,0.78,554.0,412.0,142.0
2026-05-27T17:00,13.6,48,977.6,37,2.87,293,0.81,494.0,401.0,93.0
2026-05-27T18:00,13.1,49,977.7,70,3.45,300,0.77,329.0,233.0,96.0
2026-05-27T19:00,11.5,60,978.0,73,3.69,327,0.54,206.0,124.0,82.0
2026-05-27T20:00,10.5,68,978.3,86,2.29,328,0.41,95.0,40.0,55.0
2026-05-27T21:00,9.7,76,978.6,91,2.48,318,0.29,18.0,6.0,12.0
2026-05-27T22:00,9.0,81,978.6,76,1.49,310,0.21,0.0,0.0,0.0
2026-05-27T23:00,8.6,86,978.7,45,1.97,279,0.16,0.0,0.0,0.0
2026-05-28T00:00,8.0,89,978.7,48,2.38,278,0.12,0.0,0.0,0.0
2026-05-28T01:00,7.4,91,978.6,40,2.66,282,0.09,0.0,0.0,0.0
2026-05-28T02:00,7.0,93,978.7,4,2.75,286,0.07,0.0,0.0,0.0
2026-05-28T03:00,6.7,93,978.6,6,2.47,278,0.07,0.0,0.0,0.0
2026-05-28T04:00,6.1,95,978.7,100,2.87,276,0.05,0.0,0.0,0.0
2026-05-28T05:00,6.0,94,978.8,95,3.23,286,0.06,22.0,6.0,16.0
2026-05-28T06:00,6.3,85,979.2,100,3.60,294,0.14,50.0,7.0,43.0
2026-05-28T07:00,6.0,84,979.7,97,3.70,293,0.15,47.0,0.0,47.0
2026-05-28T08:00,6.8,80,980.2,100,3.89,298,0.20,206.0,58.0,148.0
2026-05-28T09:00,7.4,73,980.2,100,3.92,293,0.28,276.0,44.0,232.0
2026-05-28T10:00,7.8,68,980.6,99,4.13,291,0.34,326.0,58.0,268.0
2026-05-28T11:00,8.7,61,980.9,82,4.09,295,0.44,531.0,305.0,226.0
2026-05-28T12:00,9.1,57,981.4,99,4.55,300,0.49,541.0,303.0,238.0
2026-05-28T13:00,8.8,60,981.7,94,4.25,300,0.46,344.0,56.0,288.0
2026-05-28T14:00,10.5,60,981.7,96,3.40,296,0.51,686.0,458.0,228.0
2026-05-28T15:00,10.4,53,981.8,100,3.65,293,0.60,665.0,407.0,258.0
2026-05-28T16:00,10.1,53,981.8,98,3.53,295,0.58,275.0,6.0,269.0
2026-05-28T17:00,10.5,52,982.3,85,3.22,300,0.61,350.0,175.0,175.0
2026-05-28T18:00,10.3,53,982.5,97,3.01,302,0.58,264.0,127.0,137.0
2026-05-28T19:00,10.0,56,982.7,95,2.77,304,0.55,158.0,42.0,116.0
2026-05-28T20:00,9.3,60,982.8,45,2.52,311,0.46,89.0,29.0,60.0
2026-05-28T21:00,8.3,69,982.8,87,2.13,309,0.34,17.0,5.0,12.0
2026-05-28T22:00,7.6,77,983.2,85,1.71,277,0.24,0.0,0.0,0.0
2026-05-28T23:00,6.8,83,983.5,100,2.07,285,0.17,0.0,0.0,0.0
2026-05-29T00:00,6.6,86,983.7,100,2.16,277,0.14,0.0,0.0,0.0
2026-05-29T01:00,6.3,87,983.7,100,2.23,290,0.12,0.0,0.0,0.0
2026-05-29T02:00,6.2,88,983.9,100,1.97,300,0.11,0.0,0.0,0.0
2026-05-29T03:00,6.3,82,983.6,100,2.73,310,0.17,0.0,0.0,0.0
2026-05-29T04:00,5.9,85,984.0,100,2.14,303,0.14,0.0,0.0,0.0
2026-05-29T05:00,5.8,86,984.2,100,2.21,298,0.13,7.0,0.0,7.0
2026-05-29T06:00,5.9,87,984.4,100,2.10,295,0.12,30.0,0.0,30.0
2026-05-29T07:00,6.1,86,984.7,100,1.88,299,0.13,45.0,0.0,45.0
2026-05-29T08:00,6.7,83,985.0,100,1.63,297,0.16,103.0,0.0,103.0
2026-05-29T09:00,6.9,79,985.3,100,1.52,314,0.21,104.0,0.0,104.0
2026-05-29T10:00,6.8,82,985.7,100,1.26,304,0.18,102.0,1.0,101.0
2026-05-29T11:00,7.2,82,986.2,100,1.47,280,0.19,112.0,0.0,112.0
2026-05-29T12:00,7.8,80,986.7,100,1.63,281,0.21,173.0,6.0,167.0
2026-05-29T13:00,8.6,76,987.0,100,1.79,288,0.27,270.0,22.0,248.0
2026-05-29T14:00,9.1,74,987.2,100,1.84,292,0.30,309.0,50.0,259.0
2026-05-29T15:00,9.9,69,987.7,92,1.41,337,0.38,417.0,114.0,303.0
2026-05-29T16:00,10.6,65,987.5,66,1.61,344,0.44,316.0,93.0,223.0
2026-05-29T17:00,11.0,65,987.5,47,2.09,339,0.46,403.0,252.0,151.0
2026-05-29T18:00,11.1,66,987.7,100,2.01,346,0.45,330.0,192.0,138.0
2026-05-29T19:00,10.7,66,988.1,90,1.92,353,0.44,130.0,19.0,111.0
2026-05-29T20:00,9.1,79,988.4,69,1.80,326,0.25,86.0,41.0,45.0
2026-05-29T21:00,8.6,85,988.6,61,1.69,258,0.16,15.0,4.0,11.0
2026-05-29T22:00,8.1,89,988.6,41,1.79,297,0.12,0.0,0.0,0.0
2026-05-29T23:00,7.7,90,988.6,10,2.02,327,0.11,0.0,0.0,0.0
2026-05-30T00:00,7.2,91,988.6,27,1.66,353,0.09,0.0,0.0,0.0
2026-05-30T01:00,6.7,92,988.4,16,1.83,349,0.08,0.0,0.0,0.0
2026-05-30T02:00,6.4,93,988.5,21,1.72,343,0.06,0.0,0.0,0.0
2026-05-30T03:00,6.3,91,988.3,5,1.64,348,0.08,0.0,0.0,0.0
2026-05-30T04:00,5.7,93,988.3,4,1.68,350,0.07,0.0,0.0,0.0
2026-05-30T05:00,6.0,93,988.4,5,1.80,357,0.07,28.0,14.0,14.0
2026-05-30T06:00,6.9,91,988.5,67,1.18,348,0.09,125.0,78.0,47.0
2026-05-30T07:00,8.2,87,988.6,54,1.00,3,0.14,249.0,168.0,81.0
2026-05-30T08:00,9.9,79,988.6,60,1.04,35,0.26,403.0,315.0,88.0
2026-05-30T09:00,11.1,68,988.5,35,0.85,69,0.43,527.0,420.0,107.0
2026-05-30T10:00,12.0,64,988.6,89,0.56,63,0.50,639.0,515.0,124.0
2026-05-30T11:00,12.6,61,988.5,100,0.25,90,0.56,624.0,378.0,246.0
2026-05-30T12:00,13.1,58,988.6,100,0.35,172,0.63,575.0,304.0,271.0
2026-05-30T13:00,12.6,58,988.8,100,0.73,196,0.61,290.0,34.0,256.0
2026-05-30T14:00,11.9,62,988.8,99,0.86,277,0.53,249.0,43.0,206.0
2026-05-30T15:00,14.1,50,988.5,24,0.05,270,0.81,536.0,330.0,206.0
2026-05-30T16:00,14.3,48,988.4,25,0.05,90,0.84,620.0,515.0,105.0
2026-05-30T17:00,14.0,49,988.7,27,0.54,22,0.82,476.0,369.0,107.0
2026-05-30T18:00,13.9,47,988.7,53,1.10,24,0.83,338.0,234.0,104.0
2026-05-30T19:00,12.1,64,989.2,45,2.34,74,0.50,187.0,110.0,77.0
2026-05-30T20:00,11.4,72,989.3,34,0.92,68,0.37,83.0,38.0,45.0
2026-05-30T21:00,11.0,78,989.3,37,1.19,28,0.29,21.0,9.0,12.0
2026-05-30T22:00,10.6,80,989.5,34,1.89,37,0.26,0.0,0.0,0.0
2026-05-30T23:00,10.1,81,989.4,5,1.94,46,0.23,0.0,0.0,0.0
2026-05-31T00:00,9.2,85,989.6,23,1.41,45,0.17,0.0,0.0,0.0
2026-05-31T01:00,8.5,89,989.4,31,1.42,32,0.12,0.0,0.0,0.0
2026-05-31T02:00,8.1,92,989.8,31,1.54,36,0.09,0.0,0.0,0.0
2026-05-31T03:00,8.5,91,989.5,15,0.21,135,0.10,0.0,0.0,0.0
2026-05-31T04:00,7.8,94,989.8,5,0.97,215,0.07,0.0,0.0,0.0
2026-05-31T05:00,8.0,94,990.0,2,1.10,317,0.06,25.0,10.0,15.0
2026-05-31T06:00,8.8,92,990.4,8,1.21,353,0.09,118.0,70.0,48.0
2026-05-31T07:00,10.0,87,990.7,1,1.08,13,0.16,256.0,186.0,70.0
2026-05-31T08:00,11.5,83,991.0,2,1.11,36,0.24,405.0,326.0,79.0
2026-05-31T09:00,13.3,71,991.3,13,1.50,53,0.44,541.0,448.0,93.0
2026-05-31T10:00,14.4,64,991.3,31,1.46,59,0.58,662.0,552.0,110.0
2026-05-31T11:00,15.3,59,991.5,100,1.50,60,0.72,728.0,575.0,153.0
2026-05-31T12:00,15.2,56,991.7,100,1.35,68,0.76,367.0,39.0,328.0
2026-05-31T13:00,14.6,57,991.6,100,0.78,40,0.71,224.0,25.0,199.0
2026-05-31T14:00,15.0,59,991.9,100,2.21,355,0.70,389.0,111.0,278.0
2026-05-31T15:00,16.8,45,991.7,80,0.85,21,1.05,379.0,100.0,279.0
2026-05-31T16:00,16.7,45,991.9,98,1.38,13,1.05,636.0,508.0,128.0
2026-05-31T17:00,16.6,45,992.2,98,1.50,26,1.04,421.0,260.0,161.0
2026-05-31T18:00,16.3,46,992.3,99,1.99,28,1.01,291.0,101.0,190.0
2026-05-31T19:00,16.0,48,992.5,100,2.37,35,0.94,188.0,69.0,119.0
2026-05-31T20:00,14.4,59,992.8,99,2.78,30,0.68,72.0,9.0,63.0
2026-05-31T21:00,13.3,71,993.4,99,1.89,12,0.45,19.0,3.0,16.0
2026-05-31T22:00,12.3,78,993.5,98,1.77,8,0.31,0.0,0.0,0.0
2026-05-31T23:00,11.7,82,993.7,99,1.93,10,0.24,0.0,0.0,0.0
2026-06-01T00:00,10.9,87,993.9,74,1.75,3,0.17,0.0,0.0,0.0
2026-06-01T01:00,10.2,91,993.8,88,1.43,348,0.11,0.0,0.0,0.0
2026-06-01T02:00,9.7,94,993.8,100,1.36,343,0.07,0.0,0.0,0.0
2026-06-01T03:00,9.8,92,993.8,100,1.25,337,0.10,0.0,0.0,0.0
2026-06-01T04:00,9.4,92,993.5,98,1.42,321,0.10,0.0,0.0,0.0
2026-06-01T05:00,9.6,91,993.5,80,1.40,305,0.11,25.0,4.0,21.0
2026-06-01T06:00,10.5,88,993.7,52,1.55,285,0.15,121.0,64.0,57.0
2026-06-01T07:00,12.0,82,993.9,65,1.10,294,0.26,251.0,177.0,74.0
2026-06-01T08:00,14.0,74,993.9,75,1.06,289,0.42,397.0,303.0,94.0
2026-06-01T09:00,16.2,64,993.9,63,1.44,290,0.67,515.0,385.0,130.0
2026-06-01T10:00,17.3,48,993.8,85,2.63,327,1.03,611.0,470.0,141.0
2026-06-01T11:00,17.7,42,993.6,52,2.73,332,1.18,604.0,431.0,173.0
2026-06-01T12:00,18.0,40,993.6,66,3.38,335,1.25,584.0,375.0,209.0
2026-06-01T13:00,18.3,39,993.8,91,3.25,329,1.28,617.0,409.0,208.0
2026-06-01T14:00,18.0,40,993.8,98,3.76,337,1.24,472.0,184.0,288.0
2026-06-01T15:00,18.9,36,993.8,80,3.70,337,1.41,522.0,274.0,248.0
2026-06-01T16:00,19.2,33,993.8,89,2.89,330,1.48,613.0,442.0,171.0
2026-06-01T17:00,18.4,37,993.9,22,4.14,337,1.33,411.0,213.0,198.0
2026-06-01T18:00,17.8,41,994.1,2,3.65,335,1.21,341.0,224.0,117.0
2026-06-01T19:00,17.2,44,994.2,48,3.15,340,1.10,218.0,143.0,75.0
2026-06-01T20:00,16.4,51,994.1,35,2.28,337,0.91,98.0,47.0,51.0
2026-06-01T21:00,15.2,55,994.7,41,3.20,337,0.79,22.0,9.0,13.0
2026-06-01T22:00,13.9,63,995.2,62,2.39,344,0.58,0.0,0.0,0.0
2026-06-01T23:00,13.1,68,995.2,12,2.09,320,0.48,0.0,0.0,0.0
2026-06-02T00:00,12.2,72,995.5,12,2.07,307,0.40,0.0,0.0,0.0
2026-06-02T01:00,11.3,76,995.7,88,2.04,298,0.33,0.0,0.0,0.0
2026-06-02T02:00,10.8,78,995.9,97,2.11,292,0.29,0.0,0.0,0.0
2026-06-02T03:00,10.7,76,996.1,97,1.79,288,0.31,0.0,0.0,0.0
2026-06-02T04:00,10.2,79,996.4,100,2.06,284,0.27,0.0,0.0,0.0
2026-06-02T05:00,10.6,77,996.5,99,2.15,282,0.29,22.0,4.0,18.0
2026-06-02T06:00,11.1,77,996.8,94,1.80,272,0.30,75.0,8.0,67.0
2026-06-02T07:00,12.2,75,997.2,87,1.96,285,0.35,152.0,32.0,120.0
2026-06-02T08:00,13.3,73,997.5,96,2.33,295,0.41,207.0,45.0,162.0
2026-06-02T09:00,14.6,64,997.7,60,3.23,302,0.60,285.0,121.0,164.0
2026-06-02T10:00,15.0,64,998.0,100,3.22,303,0.62,391.0,184.0,207.0
2026-06-02T11:00,16.1,59,998.0,82,2.92,301,0.75,470.0,224.0,246.0
2026-06-02T12:00,16.7,56,998.1,45,3.09,304,0.84,448.0,182.0,266.0
2026-06-02T13:00,17.8,51,998.2,74,3.35,308,1.01,597.0,329.0,268.0
2026-06-02T14:00,18.0,50,998.1,66,3.06,308,1.03,473.0,193.0,280.0
2026-06-02T15:00,18.9,41,998.2,100,2.41,313,1.29,353.0,56.0,297.0
2026-06-02T16:00,18.8,41,998.2,100,2.50,307,1.28,300.0,40.0,260.0
2026-06-02T17:00,19.0,41,997.9,100,2.45,303,1.30,288.0,44.0,244.0
2026-06-02T18:00,18.9,41,998.0,100,2.38,300,1.29,235.0,69.0,166.0
2026-06-02T19:00,18.6,42,998.2,100,2.20,287,1.24,116.0,18.0,98.0
2026-06-02T20:00,18.4,45,998.4,25,1.47,260,1.17,74.0,11.0,63.0
2026-06-02T21:00,17.0,57,998.0,0,0.83,237,0.83,20.0,6.0,14.0
2026-06-02T22:00,16.2,56,998.2,1,1.52,221,0.81,0.0,0.0,0.0
2026-06-02T23:00,15.3,60,998.3,1,1.77,230,0.70,0.0,0.0,0.0
2026-06-03T00:00,14.6,62,998.4,2,1.73,237,0.62,0.0,0.0,0.0
2026-06-03T01:00,13.9,65,998.3,5,1.64,232,0.55,0.0,0.0,0.0
2026-06-03T02:00,13.3,68,998.5,11,1.68,233,0.48,0.0,0.0,0.0
2026-06-03T03:00,13.0,68,998.5,6,2.00,233,0.48,0.0,0.0,0.0
2026-06-03T04:00,12.3,70,998.5,2,2.23,236,0.43,0.0,0.0,0.0
2026-06-03T05:00,12.6,70,998.5,5,2.17,232,0.44,32.0,16.0,16.0
2026-06-03T06:00,13.5,68,998.5,4,1.77,230,0.49,130.0,85.0,45.0
2026-06-03T07:00,14.8,66,998.7,8,1.47,235,0.58,264.0,202.0,62.0
2026-06-03T08:00,16.7,61,998.7,63,1.42,228,0.75,407.0,330.0,77.0
2026-06-03T09:00,18.6,54,998.7,100,1.52,229,0.99,538.0,441.0,97.0
2026-06-03T10:00,19.4,49,998.7,99,1.74,229,1.15,373.0,106.0,267.0
2026-06-03T11:00,20.6,42,998.7,100,2.02,226,1.40,506.0,161.0,345.0
2026-06-03T12:00,22.1,37,998.7,93,2.43,238,1.67,738.0,510.0,228.0
2026-06-03T13:00,22.4,33,998.2,100,2.64,245,1.80,613.0,361.0,252.0
2026-06-03T14:00,21.8,35,997.9,100,2.84,246,1.70,292.0,0.0,292.0
2026-06-03T15:00,23.6,26,997.9,57,2.65,248,2.17,359.0,37.0,322.0
2026-06-03T16:00,24.3,21,997.3,54,2.17,255,2.38,588.0,423.0,165.0
2026-06-03T17:00,24.4,22,997.0,89,2.51,257,2.39,502.0,374.0,128.0
2026-06-03T18:00,23.5,26,996.9,98,3.45,248,2.12,353.0,245.0,108.0
2026-06-03T19:00,22.5,32,997.0,28,3.62,250,1.87,172.0,77.0,95.0
2026-06-03T20:00,21.6,36,997.2,39,3.04,261,1.65,100.0,53.0,47.0
2026-06-03T21:00,20.9,37,997.1,34,2.79,261,1.55,24.0,10.0,14.0
2026-06-03T22:00,19.8,42,997.3,46,2.15,282,1.33,0.0,0.0,0.0
2026-06-03T23:00,18.4,51,997.6,34,1.41,293,1.03,0.0,0.0,0.0
2026-06-04T00:00,17.4,57,997.6,62,0.89,254,0.85,0.0,0.0,0.0
2026-06-04T01:00,16.4,61,997.4,37,1.39,240,0.72,0.0,0.0,0.0
2026-06-04T02:00,15.6,66,997.5,48,1.26,277,0.60,0.0,0.0,0.0
2026-06-04T03:00,14.5,80,997.2,69,0.14,45,0.33,0.0,0.0,0.0
2026-06-04T04:00,13.8,82,997.3,61,0.35,360,0.29,0.0,0.0,0.0
2026-06-04T05:00,14.0,82,997.7,48,1.08,13,0.29,29.0,11.0,18.0
2026-06-04T06:00,14.6,78,998.1,23,0.91,9,0.37,102.0,52.0,50.0
2026-06-04T07:00,16.4,68,998.3,5,0.42,45,0.60,245.0,170.0,75.0
2026-06-04T08:00,18.7,54,998.4,0,0.50,53,0.99,409.0,334.0,75.0
2026-06-04T09:00,21.0,42,998.3,4,0.57,345,1.44,560.0,488.0,72.0
2026-06-04T10:00,22.3,37,998.1,23,1.07,323,1.68,670.0,583.0,87.0
2026-06-04T11:00,23.2,34,998.3,37,1.63,320,1.88,744.0,639.0,105.0
2026-06-04T12:00,23.5,34,998.2,39,1.90,325,1.91,762.0,636.0,126.0
2026-06-04T13:00,23.8,34,997.9,49,1.99,342,1.95,729.0,571.0,158.0
2026-06-04T14:00,24.4,33,997.7,42,1.80,341,2.06,729.0,606.0,123.0
2026-06-04T15:00,25.1,27,997.7,93,2.23,344,2.32,651.0,532.0,119.0
2026-06-04T16:00,24.8,27,997.5,22,1.99,342,2.29,567.0,362.0,205.0
2026-06-04T17:00,24.7,27,997.6,26,1.88,343,2.28,513.0,416.0,97.0
2026-06-04T18:00,24.2,29,997.6,16,2.25,357,2.15,352.0,264.0,88.0
2026-06-04T19:00,23.5,31,997.8,9,2.32,7,2.00,226.0,157.0,69.0
2026-06-04T20:00,23.0,33,998.2,13,2.53,27,1.89,105.0,63.0,42.0
2026-06-04T21:00,22.5,34,997.9,11,2.56,39,1.79,25.0,12.0,13.0
2026-06-04T22:00,21.0,45,998.2,12,2.70,79,1.36,0.0,0.0,0.0
2026-06-04T23:00,20.0,51,998.2,6,2.26,84,1.14,0.0,0.0,0.0
2026-06-05T00:00,19.0,56,998.4,9,1.70,62,0.97,0.0,0.0,0.0
2026-06-05T01:00,18.0,61,998.5,5,1.63,67,0.81,0.0,0.0,0.0
2026-06-05T02:00,17.0,66,998.7,30,1.52,73,0.65,0.0,0.0,0.0
2026-06-05T03:00,15.8,74,998.6,55,1.31,43,0.47,0.0,0.0,0.0
2026-06-05T04:00,14.8,80,999.0,79,1.57,59,0.33,0.0,0.0,0.0
2026-06-05T05:00,14.7,81,999.3,70,1.57,68,0.32,31.0,11.0,20.0
2026-06-05T06:00,15.4,78,999.7,64,1.37,66,0.39,126.0,72.0,54.0
2026-06-05T07:00,16.8,71,1000.0,72,1.22,81,0.55,242.0,154.0,88.0
2026-06-05T08:00,18.7,63,1000.1,2,1.30,90,0.80,378.0,259.0,119.0
2026-06-05T09:00,21.2,50,1000.3,2,1.26,72,1.26,546.0,461.0,85.0
2026-06-05T10:00,22.3,42,1000.1,40,1.17,31,1.57,665.0,578.0,87.0
2026-06-05T11:00,22.8,39,1000.0,12,1.53,11,1.70,599.0,440.0,159.0
2026-06-05T12:00,23.9,34,1000.2,17,1.61,7,1.95,767.0,644.0,123.0
2026-06-05T13:00,24.4,32,1000.1,12,2.07,8,2.08,745.0,621.0,124.0
2026-06-05T14:00,24.8,31,999.8,16,2.25,17,2.17,756.0,636.0,120.0
2026-06-05T15:00,25.8,26,999.6,18,2.40,360,2.45,696.0,582.0,114.0
2026-06-05T16:00,25.7,26,999.5,12,2.51,6,2.44,613.0,504.0,109.0
2026-06-05T17:00,25.4,28,999.6,8,2.74,15,2.35,520.0,434.0,86.0
2026-06-05T18:00,24.6,31,999.6,6,3.10,18,2.15,387.0,303.0,84.0
2026-06-05T19:00,23.8,34,1000.0,3,2.91,16,1.95,253.0,194.0,59.0
2026-06-05T20:00,22.8,38,1000.1,1,2.96,22,1.71,126.0,84.0,42.0
2026-06-05T21:00,22.0,41,1000.2,3,2.49,30,1.57,30.0,15.0,15.0
2026-06-05T22:00,20.9,47,1000.4,0,2.04,65,1.31,0.0,0.0,0.0
2026-06-05T23:00,19.8,49,1000.8,0,2.41,77,1.17,0.0,0.0,0.0
2026-06-06T00:00,18.7,51,1001.3,0,2.17,82,1.05,0.0,0.0,0.0
2026-06-06T01:00,17.6,54,1001.5,0,1.93,80,0.92,0.0,0.0,0.0
2026-06-06T02:00,16.8,57,1001.5,0,1.76,85,0.81,0.0,0.0,0.0
2026-06-06T03:00,15.8,60,1001.7,0,1.60,76,0.72,0.0,0.0,0.0
2026-06-06T04:00,14.9,64,1001.7,0,1.89,78,0.61,0.0,0.0,0.0
2026-06-06T05:00,14.8,63,1001.9,0,1.63,79,0.62,35.0,19.0,16.0
2026-06-06T06:00,15.2,61,1002.2,0,1.51,82,0.67,139.0,96.0,43.0
2026-06-06T07:00,16.5,56,1002.7,0,1.25,88,0.82,276.0,217.0,59.0
2026-06-06T08:00,18.3,47,1002.7,0,1.40,94,1.10,423.0,352.0,71.0
2026-06-06T09:00,20.5,37,1002.5,0,1.82,82,1.53,564.0,485.0,79.0
2026-06-06T10:00,21.4,33,1002.6,0,1.62,81,1.71,687.0,602.0,85.0
2026-06-06T11:00,22.3,31,1002.3,0,1.62,81,1.87,783.0,694.0,89.0
2026-06-06T12:00,23.3,28,1002.2,0,1.64,78,2.04,842.0,751.0,91.0
2026-06-06T13:00,24.0,27,1001.8,0,1.69,78,2.18,861.0,769.0,92.0
2026-06-06T14:00,24.6,26,1001.4,0,1.72,73,2.30,838.0,747.0,91.0
2026-06-06T15:00,25.5,23,1001.3,0,1.71,69,2.52,776.0,688.0,88.0
2026-06-06T16:00,25.6,23,1001.0,0,1.77,68,2.53,679.0,595.0,84.0
2026-06-06T17:00,25.6,23,1000.7,0,1.93,73,2.51,554.0,476.0,78.0
2026-06-06T18:00,25.2,25,1000.8,0,2.11,83,2.42,411.0,342.0,69.0
2026-06-06T19:00,24.7,26,1000.9,6,2.25,89,2.29,265.0,207.0,58.0
2026-06-06T20:00,24.0,28,1001.0,2,2.26,96,2.15,131.0,89.0,42.0
2026-06-06T21:00,23.1,29,1001.1,0,2.03,100,2.00,32.0,16.0,16.0
2026-06-06T22:00,21.6,35,1001.4,0,2.45,89,1.68,0.0,0.0,0.0
2026-06-06T23:00,20.5,39,1001.8,0,2.55,93,1.47,0.0,0.0,0.0
2026-06-07T00:00,19.6,43,1002.1,2,2.13,120,1.30,0.0,0.0,0.0
2026-06-07T01:00,18.8,47,1002.0,12,1.91,131,1.15,0.0,0.0,0.0
2026-06-07T02:00,17.9,50,1001.9,21,1.91,135,1.03,0.0,0.0,0.0
2026-06-07T03:00,17.3,53,1002.0,49,1.46,128,0.93,0.0,0.0,0.0
2026-06-07T04:00,16.5,55,1001.8,59,1.77,130,0.84,0.0,0.0,0.0
2026-06-07T05:00,16.6,55,1002.1,58,1.59,139,0.86,35.0,17.0,18.0
2026-06-07T06:00,17.1,53,1002.3,50,1.15,146,0.91,135.0,87.0,48.0
2026-06-07T07:00,18.5,49,1002.6,61,0.94,155,1.09,269.0,202.0,67.0
2026-06-07T08:00,20.6,41,1002.6,91,0.96,174,1.42,408.0,318.0,90.0
2026-06-07T09:00,23.0,32,1002.5,98,0.99,225,1.91,534.0,407.0,127.0
2026-06-07T10:00,24.1,28,1002.5,99,0.79,235,2.14,638.0,465.0,173.0
2026-06-07T11:00,25.0,27,1002.2,100,0.67,243,2.32,748.0,594.0,154.0
2026-06-07T12:00,25.7,26,1002.2,100,0.92,257,2.45,784.0,572.0,212.0
2026-06-07T13:00,26.4,25,1001.8,100,1.25,265,2.57,806.0,593.0,213.0
2026-06-07T14:00,26.9,25,1001.3,100,1.45,268,2.67,776.0,562.0,214.0
2026-06-07T15:00,27.4,23,1001.3,99,1.40,235,2.83,719.0,525.0,194.0
2026-06-07T16:00,27.4,23,1001.0,98,1.74,231,2.81,614.0,422.0,192.0
2026-06-07T17:00,27.1,24,1000.7,98,2.02,226,2.74,486.0,302.0,184.0
2026-06-07T18:00,26.7,24,1000.6,99,2.41,230,2.66,365.0,224.0,141.0
2026-06-07T19:00,26.1,25,1000.3,98,2.64,233,2.54,235.0,135.0,100.0
2026-06-07T20:00,25.4,27,1000.4,99,2.51,239,2.37,116.0,51.0,65.0
2026-06-07T21:00,24.7,30,1000.2,98,1.96,238,2.18,29.0,7.0,22.0
2026-06-07T22:00,23.2,36,1000.3,94,1.15,236,1.81,0.0,0.0,0.0
2026-06-07T23:00,22.4,40,1000.3,88,0.71,219,1.63,0.0,0.0,0.0
2026-06-08T00:00,21.3,43,1000.3,48,0.97,215,1.43,0.0,0.0,0.0
2026-06-08T01:00,20.3,47,1000.0,24,1.13,221,1.26,0.0,0.0,0.0
2026-06-08T02:00,19.5,51,1000.0,30,1.38,257,1.11,0.0,0.0,0.0
2026-06-08T03:00,18.9,56,999.9,11,1.18,306,0.97,0.0,0.0,0.0
2026-06-08T04:00,17.6,61,999.8,27,1.07,259,0.78,0.0,0.0,0.0
2026-06-08T05:00,17.6,60,999.8,29,1.06,225,0.80,36.0,18.0,18.0
2026-06-08T06:00,18.1,57,999.9,55,1.03,247,0.89,136.0,88.0,48.0
2026-06-08T07:00,19.8,51,999.8,43,0.90,267,1.12,257.0,176.0,81.0
2026-06-08T08:00,22.1,43,999.8,26,1.00,267,1.50,400.0,304.0,96.0
2026-06-08T09:00,24.6,34,999.7,78,1.75,267,2.03,550.0,456.0,94.0
2026-06-08T10:00,25.7,31,999.6,75,1.43,258,2.29,652.0,514.0,138.0
2026-06-08T11:00,26.6,28,999.4,67,1.47,260,2.49,754.0,619.0,135.0
2026-06-08T12:00,27.5,26,999.3,99,1.47,260,2.70,800.0,673.0,127.0
2026-06-08T13:00,28.3,24,998.7,99,1.90,272,2.93,714.0,457.0,257.0
2026-06-08T14:00,25.6,38,998.7,100,4.92,294,2.04,569.0,238.0,331.0
2026-06-08T15:00,26.5,32,998.8,93,4.10,314,2.34,524.0,215.0,309.0
2026-06-08T16:00,26.0,34,998.6,99,3.17,308,2.21,477.0,250.0,227.0
2026-06-08T17:00,25.4,37,998.2,72,2.38,309,2.03,293.0,128.0,165.0
2026-06-08T18:00,25.8,36,997.7,6,1.78,328,2.12,321.0,193.0,128.0
2026-06-08T19:00,25.5,37,997.4,2,1.53,349,2.04,240.0,167.0,73.0
2026-06-08T20:00,24.9,40,997.1,19,1.50,21,1.87,128.0,85.0,43.0
2026-06-08T21:00,24.2,42,997.2,31,1.46,31,1.74,32.0,15.0,17.0
2026-06-08T22:00,22.8,51,997.4,47,1.87,46,1.36,0.0,0.0,0.0
2026-06-08T23:00,22.0,55,997.5,58,1.44,70,1.19,0.0,0.0,0.0
2026-06-09T00:00,21.6,57,997.5,66,1.03,76,1.12,0.0,0.0,0.0
2026-06-09T01:00,21.1,59,997.2,30,1.06,71,1.03,0.0,0.0,0.0
2026-06-09T02:00,20.6,60,997.0,31,1.44,76,0.97,0.0,0.0,0.0
2026-06-09T03:00,20.2,67,996.6,4,1.26,72,0.78,0.0,0.0,0.0
2026-06-09T04:00,19.2,70,996.4,2,1.48,123,0.66,0.0,0.0,0.0
2026-06-09T05:00,19.1,71,996.5,2,1.19,112,0.64,35.0,17.0,18.0
2026-06-09T06:00,19.8,68,996.5,3,0.91,99,0.73,134.0,89.0,45.0
2026-06-09T07:00,21.5,60,996.3,1,0.64,129,1.03,265.0,204.0,61.0
2026-06-09T08:00,23.6,48,996.2,1,0.67,153,1.50,406.0,333.0,73.0
2026-06-09T09:00,25.0,40,996.4,5,0.39,140,1.90,538.0,451.0,87.0
2026-06-09T10:00,26.3,36,996.4,5,0.35,180,2.18,650.0,546.0,104.0
2026-06-09T11:00,27.5,33,996.0,16,0.40,210,2.44,739.0,630.0,109.0
2026-06-09T12:00,28.4,32,995.9,55,0.51,241,2.63,798.0,693.0,105.0
2026-06-09T13:00,28.9,30,995.3,100,0.76,262,2.78,806.0,679.0,127.0
2026-06-09T14:00,27.8,33,995.2,100,0.71,352,2.50,459.0,224.0,235.0
2026-06-09T15:00,28.8,26,995.2,47,1.10,336,2.92,321.0,100.0,221.0
2026-06-09T16:00,29.1,26,994.6,34,0.64,321,2.97,567.0,447.0,120.0
2026-06-09T17:00,29.1,27,994.3,41,0.63,299,2.95,490.0,400.0,90.0
2026-06-09T18:00,28.5,28,994.3,46,1.22,305,2.80,360.0,266.0,94.0
2026-06-09T19:00,27.9,30,994.5,48,1.33,326,2.64,217.0,152.0,65.0
2026-06-09T20:00,27.3,31,994.7,33,1.46,6,2.49,118.0,71.0,47.0
2026-06-09T21:00,26.2,34,994.7,14,1.99,72,2.22,29.0,13.0,16.0
2026-06-09T22:00,25.1,40,995.0,26,2.33,99,1.91,0.0,0.0,0.0
2026-06-09T23:00,24.3,43,994.9,28,2.10,142,1.72,0.0,0.0,0.0
2026-06-10T00:00,23.3,49,994.9,29,1.78,169,1.47,0.0,0.0,0.0
2026-06-10T01:00,22.5,53,994.9,33,1.74,192,1.27,0.0,0.0,0.0
2026-06-10T02:00,21.6,58,994.9,34,1.73,213,1.09,0.0,0.0,0.0
2026-06-10T03:00,20.1,73,995.0,11,0.72,295,0.63,0.0,0.0,0.0
2026-06-10T04:00,19.2,75,995.0,5,0.78,297,0.55,0.0,0.0,0.0
2026-06-10T05:00,19.3,76,995.2,8,0.97,258,0.54,36.0,19.0,17.0
2026-06-10T06:00,19.8,76,995.4,11,0.92,241,0.54,136.0,92.0,44.0
2026-06-10T07:00,21.2,75,995.6,8,0.49,246,0.64,266.0,207.0,59.0
2026-06-10T08:00,23.4,63,995.6,0,0.49,246,1.05,413.0,342.0,71.0
2026-06-10T09:00,25.9,41,996.0,0,1.51,264,1.97,553.0,474.0,79.0
2026-06-10T10:00,27.2,34,996.1,17,1.40,268,2.38,670.0,585.0,85.0
2026-06-10T11:00,27.9,32,996.1,12,1.19,255,2.56,718.0,607.0,111.0
2026-06-10T12:00,28.5,29,996.1,11,1.34,243,2.74,751.0,612.0,139.0
2026-06-10T13:00,29.2,27,995.9,9,1.66,241,2.96,796.0,667.0,129.0
2026-06-10T14:00,29.8,25,995.7,3,1.83,253,3.16,799.0,682.0,117.0
2026-06-10T15:00,30.3,20,995.9,7,2.05,270,3.45,742.0,641.0,101.0
2026-06-10T16:00,30.5,18,995.8,5,2.15,271,3.55,658.0,562.0,96.0
2026-06-10T17:00,30.4,18,995.6,4,2.16,274,3.53,541.0,457.0,84.0
2026-06-10T18:00,30.1,19,995.5,5,2.21,275,3.45,410.0,339.0,71.0
2026-06-10T19:00,29.7,21,995.8,15,2.64,299,3.29,262.0,203.0,59.0
2026-06-10T20:00,28.5,25,996.1,12,3.44,327,2.91,133.0,90.0,43.0
2026-06-10T21:00,26.6,36,996.6,9,2.43,352,2.21,34.0,18.0,16.0
2026-06-10T22:00,25.3,43,996.9,10,1.78,10,1.83,0.0,0.0,0.0
2026-06-10T23:00,24.2,50,997.6,15,1.46,31,1.52,0.0,0.0,0.0
2026-06-11T00:00,23.3,54,997.7,29,1.46,31,1.30,0.0,0.0,0.0
2026-06-11T01:00,22.4,60,997.7,4,1.39,15,1.09,0.0,0.0,0.0
2026-06-11T02:00,21.6,64,997.8,2,1.35,4,0.92,0.0,0.0,0.0
2026-06-11T03:00,20.9,69,997.8,2,1.12,339,0.77,0.0,0.0,0.0
2026-06-11T04:00,20.0,75,997.9,2,1.24,320,0.59,0.0,0.0,0.0
2026-06-11T05:00,20.1,75,998.0,3,0.85,315,0.59,36.0,18.0,18.0
2026-06-11T06:00,20.8,73,998.3,2,0.47,302,0.67,132.0,88.0,44.0
2026-06-11T07:00,22.3,67,998.5,26,0.54,326,0.90,257.0,194.0,63.0
2026-06-11T08:00,24.1,59,998.5,26,0.60,355,1.23,366.0,285.0,81.0
2026-06-11T09:00,26.0,51,998.7,23,0.51,11,1.66,500.0,396.0,104.0
2026-06-11T10:00,28.1,39,998.8,21,0.10,360,2.33,616.0,499.0,117.0
2026-06-11T11:00,29.3,33,998.6,23,0.57,255,2.71,715.0,600.0,115.0
2026-06-11T12:00,30.1,31,998.6,46,1.10,270,2.95,761.0,640.0,121.0
2026-06-11T13:00,28.5,35,998.8,68,1.74,12,2.51,695.0,557.0,138.0
2026-06-11T14:00,26.1,51,999.1,93,1.74,49,1.64,581.0,351.0,230.0
2026-06-11T15:00,29.3,32,998.4,96,0.63,252,2.76,491.0,268.0,223.0
2026-06-11T16:00,30.0,29,998.2,96,0.78,320,3.02,577.0,412.0,165.0
2026-06-11T17:00,28.8,34,998.1,83,2.46,29,2.61,417.0,260.0,157.0
2026-06-11T18:00,27.7,42,998.0,79,3.21,53,2.16,318.0,194.0,124.0
2026-06-11T19:00,27.2,43,997.8,82,2.75,74,2.07,238.0,160.0,78.0
2026-06-11T20:00,26.8,45,997.5,44,2.50,92,1.95,121.0,63.0,58.0
2026-06-11T21:00,26.4,47,997.5,13,2.52,104,1.83,34.0,16.0,18.0
2026-06-11T22:00,25.2,52,997.9,13,2.38,100,1.53,0.0,0.0,0.0
2026-06-11T23:00,24.0,59,998.2,31,2.32,97,1.23,0.0,0.0,0.0
2026-06-12T00:00,23.0,64,998.3,9,2.35,102,1.00,0.0,0.0,0.0
2026-06-12T01:00,22.2,68,998.4,9,2.12,117,0.86,0.0,0.0,0.0
2026-06-12T02:00,21.4,70,998.2,7,2.14,111,0.75,0.0,0.0,0.0
2026-06-12T03:00,21.4,74,997.9,10,1.99,115,0.67,0.0,0.0,0.0
2026-06-12T04:00,20.5,79,997.7,8,2.10,118,0.51,0.0,0.0,0.0
2026-06-12T05:00,20.6,78,997.7,5,1.88,115,0.52,35.0,17.0,18.0
2026-06-12T06:00,21.1,77,997.8,5,1.48,114,0.57,132.0,88.0,44.0
2026-06-12T07:00,22.1,74,997.7,3,1.34,117,0.70,262.0,202.0,60.0
2026-06-12T08:00,23.7,67,997.5,4,1.18,126,0.95,404.0,332.0,72.0
2026-06-12T09:00,26.2,56,997.6,12,1.24,140,1.49,541.0,461.0,80.0
2026-06-12T10:00,28.2,44,997.6,3,1.60,141,2.12,655.0,565.0,90.0
2026-06-12T11:00,29.4,37,997.4,4,1.66,136,2.59,751.0,659.0,92.0
2026-06-12T12:00,30.4,33,997.2,34,1.38,134,2.90,806.0,707.0,99.0
2026-06-12T13:00,30.5,32,996.7,45,1.38,134,2.98,710.0,536.0,174.0
2026-06-12T14:00,31.0,31,996.3,38,1.38,136,3.11,765.0,644.0,121.0
2026-06-12T15:00,30.9,30,995.8,100,3.18,114,3.12,680.0,540.0,140.0
2026-06-12T16:00,28.4,37,996.0,91,1.70,137,2.43,503.0,323.0,180.0
2026-06-12T17:00,27.8,38,995.9,80,1.62,158,2.32,374.0,229.0,145.0
2026-06-12T18:00,27.7,38,995.7,45,0.76,157,2.29,334.0,204.0,130.0
2026-06-12T19:00,27.5,40,995.3,49,0.72,124,2.20,217.0,127.0,90.0
2026-06-12T20:00,27.0,43,995.3,27,0.67,48,2.01,119.0,62.0,57.0
2026-06-12T21:00,26.2,48,994.8,33,1.05,65,1.76,34.0,14.0,20.0
2026-06-12T22:00,25.1,54,994.8,62,1.32,61,1.46,0.0,0.0,0.0
2026-06-12T23:00,24.4,58,994.7,57,1.30,74,1.29,0.0,0.0,0.0
2026-06-13T00:00,23.8,58,994.4,23,1.67,81,1.23,0.0,0.0,0.0
2026-06-13T01:00,23.0,60,994.1,9,2.05,90,1.12,0.0,0.0,0.0
2026-06-13T02:00,22.0,64,993.8,1,2.19,101,0.94,0.0,0.0,0.0
2026-06-13T03:00,21.7,77,993.5,7,0.60,42,0.61,0.0,0.0,0.0
2026-06-13T04:00,20.7,79,993.0,12,0.92,49,0.51,0.0,0.0,0.0
2026-06-13T05:00,20.5,80,992.5,15,0.96,43,0.47,36.0,17.0,19.0
2026-06-13T06:00,20.8,81,992.2,13,1.03,76,0.47,135.0,90.0,45.0
2026-06-13T07:00,22.0,73,992.3,16,1.31,83,0.72,265.0,203.0,62.0
2026-06-13T08:00,23.7,61,992.0,16,1.56,96,1.14,404.0,330.0,74.0
2026-06-13T09:00,26.1,50,992.0,11,1.75,114,1.70,540.0,459.0,81.0
2026-06-13T10:00,26.5,47,991.6,66,0.85,183,1.83,659.0,571.0,88.0
2026-06-13T11:00,26.7,45,990.8,66,1.84,151,1.93,667.0,482.0,185.0
2026-06-13T12:00,27.0,43,990.6,60,1.38,131,2.02,665.0,449.0,216.0
2026-06-13T13:00,27.8,41,989.7,61,1.23,117,2.19,706.0,544.0,162.0
2026-06-13T14:00,28.4,41,988.8,48,1.88,130,2.26,769.0,622.0,147.0
2026-06-13T15:00,29.6,33,988.2,49,2.57,153,2.80,652.0,516.0,136.0
2026-06-13T16:00,28.1,34,988.2,91,4.32,193,2.52,579.0,440.0,139.0
2026-06-13T17:00,25.9,47,988.2,80,3.29,223,1.75,383.0,236.0,147.0
2026-06-13T18:00,25.4,50,988.2,87,2.65,234,1.61,347.0,205.0,142.0
2026-06-13T19:00,24.5,54,988.2,75,2.50,244,1.42,223.0,128.0,95.0
2026-06-13T20:00,23.4,58,988.2,84,2.25,249,1.20,116.0,49.0,67.0
2026-06-13T21:00,20.0,74,989.2,100,2.97,257,0.60,33.0,10.0,23.0
2026-06-13T22:00,18.9,82,989.2,100,3.11,274,0.39,0.0,0.0,0.0
2026-06-13T23:00,18.7,83,988.9,100,2.65,292,0.37,0.0,0.0,0.0
2026-06-14T00:00,18.4,83,988.6,100,2.42,300,0.35,0.0,0.0,0.0
2026-06-14T01:00,18.0,85,988.4,99,2.31,300,0.32,0.0,0.0,0.0
2026-06-14T02:00,17.4,86,988.4,100,2.78,300,0.27,0.0,0.0,0.0
2026-06-14T03:00,16.2,83,988.3,72,3.33,303,0.30,0.0,0.0,0.0
2026-06-14T04:00,15.4,83,988.3,76,2.87,311,0.30,0.0,0.0,0.0
2026-06-14T05:00,15.2,82,988.4,82,2.81,309,0.31,33.0,9.0,24.0
2026-06-14T06:00,15.3,81,988.4,98,2.93,316,0.32,118.0,55.0,63.0
2026-06-14T07:00,15.7,79,988.2,93,2.41,320,0.38,204.0,105.0,99.0
2026-06-14T08:00,16.3,75,987.8,95,2.09,316,0.46,294.0,145.0,149.0
2026-06-14T09:00,16.6,72,988.0,86,2.17,308,0.54,450.0,287.0,163.0
2026-06-14T10:00,16.8,73,987.8,100,2.62,296,0.52,484.0,245.0,239.0
2026-06-14T11:00,16.1,77,987.7,100,2.55,293,0.42,336.0,80.0,256.0
2026-06-14T12:00,15.8,79,988.1,100,2.59,304,0.37,306.0,47.0,259.0
2026-06-14T13:00,14.7,86,987.6,100,2.93,297,0.24,140.0,0.0,140.0
2026-06-14T14:00,15.2,80,987.2,98,2.23,318,0.34,231.0,57.0,174.0
2026-06-14T15:00,16.7,69,987.1,98,2.16,314,0.59,559.0,245.0,314.0
2026-06-14T16:00,17.5,64,986.5,98,2.05,313,0.71,495.0,215.0,280.0
2026-06-14T17:00,18.1,61,986.2,66,1.32,331,0.82,416.0,191.0,225.0
2026-06-14T18:00,18.5,59,986.2,33,1.04,343,0.88,356.0,233.0,123.0
2026-06-14T19:00,18.5,59,986.1,45,0.92,22,0.88,229.0,143.0,86.0
2026-06-14T20:00,17.7,66,986.3,34,1.02,79,0.69,114.0,65.0,49.0
2026-06-14T21:00,16.2,78,986.5,28,0.41,76,0.41,32.0,14.0,18.0
2026-06-14T22:00,15.5,79,986.4,2,1.12,80,0.37,0.0,0.0,0.0
2026-06-14T23:00,15.0,82,986.2,1,0.93,106,0.31,0.0,0.0,0.0
2026-06-15T00:00,14.6,82,986.0,0,1.13,139,0.29,0.0,0.0,0.0
2026-06-15T01:00,14.1,85,985.8,2,1.40,180,0.23,0.0,0.0,0.0
2026-06-15T02:00,13.7,87,985.5,16,1.27,189,0.20,0.0,0.0,0.0
2026-06-15T03:00,13.3,92,985.3,14,0.72,205,0.12,0.0,0.0,0.0
2026-06-15T04:00,12.9,92,985.2,9,1.19,213,0.12,0.0,0.0,0.0
2026-06-15T05:00,13.4,89,985.2,8,1.01,237,0.17,39.0,21.0,18.0
2026-06-15T06:00,14.3,87,985.2,19,0.46,229,0.21,139.0,94.0,45.0
2026-06-15T07:00,15.7,83,985.2,18,0.28,135,0.30,272.0,208.0,64.0
2026-06-15T08:00,17.5,74,985.2,5,0.67,153,0.53,414.0,341.0,73.0
2026-06-15T09:00,19.1,58,985.2,10,1.29,167,0.93,552.0,471.0,81.0
2026-06-15T10:00,19.9,53,985.0,22,1.57,153,1.09,663.0,573.0,90.0
2026-06-15T11:00,20.5,50,984.8,30,1.83,154,1.20,716.0,608.0,108.0
2026-06-15T12:00,21.1,48,984.7,32,1.86,153,1.29,733.0,612.0,121.0
2026-06-15T13:00,21.6,47,984.3,24,1.84,158,1.37,781.0,649.0,132.0
2026-06-15T14:00,21.8,46,983.7,56,2.21,162,1.40,665.0,536.0,129.0
2026-06-15T15:00,20.0,54,984.0,52,3.57,227,1.08,594.0,403.0,191.0
2026-06-15T16:00,18.5,63,984.2,88,3.47,224,0.80,507.0,338.0,169.0
2026-06-15T17:00,17.6,74,984.0,91,1.43,241,0.51,294.0,120.0,174.0
2026-06-15T18:00,17.8,74,983.8,100,1.65,267,0.53,246.0,82.0,164.0
2026-06-15T19:00,17.2,74,983.6,100,2.15,271,0.52,86.0,4.0,82.0
2026-06-15T20:00,16.0,82,983.9,100,2.25,269,0.33,41.0,0.0,41.0
2026-06-15T21:00,15.1,82,983.4,100,3.05,268,0.31,7.0,0.0,7.0
2026-06-15T22:00,14.3,87,983.2,100,3.06,264,0.22,0.0,0.0,0.0
2026-06-15T23:00,13.8,89,983.2,100,3.26,259,0.18,0.0,0.0,0.0
2026-06-16T00:00,13.1,92,983.1,100,3.75,261,0.12,0.0,0.0,0.0
2026-06-16T01:00,12.7,94,982.9,100,4.22,260,0.09,0.0,0.0,0.0
2026-06-16T02:00,12.7,95,982.8,100,4.54,256,0.08,0.0,0.0,0.0
2026-06-16T03:00,11.6,93,983.2,100,3.74,240,0.10,0.0,0.0,0.0
2026-06-16T04:00,11.5,93,983.3,100,3.51,234,0.10,0.0,0.0,0.0
2026-06-16T05:00,11.7,93,983.2,100,3.83,237,0.09,13.0,1.0,12.0
2026-06-16T06:00,12.1,91,983.5,100,3.94,240,0.12,31.0,0.0,31.0
2026-06-16T07:00,12.1,90,983.9,100,4.07,238,0.14,43.0,0.0,43.0
2026-06-16T08:00,12.1,90,984.3,100,3.74,240,0.14,52.0,0.0,52.0
2026-06-16T09:00,12.8,90,984.7,94,4.27,241,0.15,112.0,7.0,105.0
2026-06-16T10:00,14.4,81,984.9,100,3.71,244,0.31,316.0,99.0,217.0
2026-06-16T11:00,15.5,71,985.0,100,4.78,252,0.50,458.0,142.0,316.0
2026-06-16T12:00,14.4,78,985.9,99,3.89,233,0.35,431.0,80.0,351.0
2026-06-16T13:00,16.5,67,985.9,100,4.52,237,0.61,491.0,91.0,400.0
2026-06-16T14:00,17.1,61,985.9,100,3.86,257,0.76,348.0,77.0,271.0
2026-06-16T15:00,17.3,60,986.7,82,3.62,244,0.79,315.0,79.0,236.0
2026-06-16T16:00,16.9,62,987.0,39,3.55,231,0.74,361.0,165.0,196.0
2026-06-16T17:00,17.3,61,986.8,30,3.92,232,0.77,381.0,206.0,175.0
2026-06-16T18:00,17.2,63,986.8,34,3.55,231,0.72,302.0,182.0,120.0
2026-06-16T19:00,17.2,61,987.0,38,4.19,234,0.76,236.0,164.0,72.0
2026-06-16T20:00,16.3,66,987.2,5,3.33,227,0.63,132.0,86.0,46.0
2026-06-16T21:00,15.2,71,987.6,13,2.99,218,0.50,38.0,20.0,18.0
2026-06-16T22:00,14.5,75,987.6,14,2.82,207,0.41,0.0,0.0,0.0
2026-06-16T23:00,13.9,76,987.9,4,3.11,213,0.38,0.0,0.0,0.0
2026-06-17T00:00,13.3,77,988.0,2,3.25,217,0.35,0.0,0.0,0.0
2026-06-17T01:00,12.7,80,987.9,3,3.12,215,0.29,0.0,0.0,0.0
2026-06-17T02:00,12.2,83,988.0,1,3.23,215,0.24,0.0,0.0,0.0
2026-06-17T03:00,11.8,87,987.9,5,2.94,215,0.18,0.0,0.0,0.0
2026-06-17T04:00,11.4,90,987.9,2,2.94,212,0.14,0.0,0.0,0.0
2026-06-17T05:00,11.4,90,988.0,2,2.80,209,0.13,38.0,19.0,19.0
2026-06-17T06:00,12.0,88,988.4,20,2.95,204,0.16,137.0,90.0,47.0
2026-06-17T07:00,13.0,84,988.5,100,3.55,212,0.24,251.0,172.0,79.0
2026-06-17T08:00,13.8,80,988.6,100,3.29,204,0.31,266.0,75.0,191.0
2026-06-17T09:00,14.4,77,988.8,100,3.63,203,0.38,356.0,87.0,269.0
2026-06-17T10:00,14.6,75,988.4,100,4.07,208,0.41,297.0,42.0,255.0
2026-06-17T11:00,15.9,69,988.7,86,4.09,213,0.55,559.0,336.0,223.0
2026-06-17T12:00,16.3,68,988.9,100,4.06,218,0.59,523.0,205.0,318.0
2026-06-17T13:00,14.8,73,989.0,71,3.77,219,0.46,372.0,84.0,288.0
2026-06-17T14:00,17.0,65,989.0,100,3.55,220,0.68,472.0,211.0,261.0
2026-06-17T15:00,17.9,57,989.2,52,3.87,213,0.88,543.0,316.0,227.0
2026-06-17T16:00,17.9,59,989.2,24,4.11,228,0.85,575.0,451.0,124.0
2026-06-17T17:00,17.5,59,989.5,9,4.32,228,0.83,479.0,365.0,114.0
2026-06-17T18:00,17.3,58,989.3,5,3.82,228,0.82,394.0,313.0,81.0
2026-06-17T19:00,16.8,61,989.4,10,3.47,227,0.74,266.0,205.0,61.0
2026-06-17T20:00,16.1,68,989.5,2,3.10,218,0.59,138.0,94.0,44.0
2026-06-17T21:00,15.5,73,989.8,14,2.98,215,0.47,40.0,21.0,19.0
2026-06-17T22:00,14.7,77,989.8,9,3.01,212,0.38,0.0,0.0,0.0
2026-06-17T23:00,13.9,80,989.8,5,3.05,215,0.31,0.0,0.0,0.0
2026-06-18T00:00,13.2,83,990.0,10,2.98,215,0.26,0.0,0.0,0.0
2026-06-18T01:00,12.6,87,990.0,5,2.79,213,0.19,0.0,0.0,0.0
2026-06-18T02:00,12.0,91,989.8,30,2.83,212,0.13,0.0,0.0,0.0
2026-06-18T03:00,12.0,91,989.7,94,2.84,214,0.13,0.0,0.0,0.0
2026-06-18T04:00,11.8,92,989.7,100,2.80,215,0.11,0.0,0.0,0.0
2026-06-18T05:00,11.8,94,989.9,100,2.85,218,0.09,29.0,4.0,25.0
2026-06-18T06:00,12.5,91,990.0,100,3.38,218,0.13,84.0,15.0,69.0
2026-06-18T07:00,13.0,88,989.8,100,3.40,223,0.18,129.0,11.0,118.0
2026-06-18T08:00,13.7,85,989.9,100,3.51,221,0.24,185.0,16.0,169.0
2026-06-18T09:00,14.9,78,989.8,97,3.66,212,0.38,295.0,75.0,220.0
2026-06-18T10:00,15.8,71,989.6,100,4.19,219,0.51,543.0,352.0,191.0
2026-06-18T11:00,15.3,73,989.8,100,4.18,229,0.47,342.0,131.0,211.0
2026-06-18T12:00,14.7,78,990.3,100,3.83,221,0.36,165.0,0.0,165.0
2026-06-18T13:00,14.7,80,990.2,100,3.69,213,0.33,183.0,1.0,182.0
2026-06-18T14:00,15.5,75,990.1,100,3.85,218,0.44,310.0,69.0,241.0
2026-06-18T15:00,16.4,69,990.2,96,4.88,241,0.57,209.0,6.0,203.0
2026-06-18T16:00,16.5,71,990.4,100,4.66,246,0.55,472.0,249.0,223.0
2026-06-18T17:00,15.8,77,990.8,100,3.62,246,0.41,201.0,15.0,186.0
2026-06-18T18:00,15.8,77,990.8,75,4.19,250,0.41,182.0,31.0,151.0
2026-06-18T19:00,15.7,80,990.9,100,4.05,254,0.36,146.0,16.0,130.0
2026-06-18T20:00,15.2,86,991.2,100,3.22,244,0.24,28.0,0.0,28.0
2026-06-18T21:00,15.0,87,991.5,94,3.19,253,0.22,8.0,0.0,8.0
2026-06-18T22:00,14.9,89,991.6,100,3.07,258,0.19,0.0,0.0,0.0
2026-06-18T23:00,14.7,90,991.8,100,3.07,258,0.17,0.0,0.0,0.0
2026-06-19T00:00,14.7,90,992.2,100,3.03,262,0.16,0.0,0.0,0.0
2026-06-19T01:00,14.6,90,992.3,96,2.95,270,0.17,0.0,0.0,0.0
2026-06-19T02:00,14.4,89,992.5,100,2.98,278,0.18,0.0,0.0,0.0
2026-06-19T03:00,13.9,88,992.8,6,2.88,278,0.19,0.0,0.0,0.0
2026-06-19T04:00,13.3,92,993.1,5,2.80,271,0.13,0.0,0.0,0.0
2026-06-19T05:00,13.4,92,993.5,18,2.80,269,0.13,37.0,18.0,19.0
2026-06-19T06:00,14.0,89,994.0,2,2.37,263,0.17,133.0,85.0,48.0
2026-06-19T07:00,15.1,83,994.6,0,2.50,270,0.29,272.0,209.0,63.0
2026-06-19T08:00,16.5,76,994.8,36,2.50,273,0.45,423.0,352.0,71.0
2026-06-19T09:00,18.0,62,995.0,97,2.90,285,0.78,541.0,449.0,92.0
2026-06-19T10:00,18.9,56,995.2,95,2.97,290,0.95,612.0,426.0,186.0
2026-06-19T11:00,19.7,52,995.4,66,3.02,294,1.10,704.0,514.0,190.0
2026-06-19T12:00,20.2,50,995.8,25,2.67,291,1.17,662.0,459.0,203.0
2026-06-19T13:00,20.4,50,995.8,51,2.59,295,1.21,760.0,638.0,122.0
2026-06-19T14:00,19.0,60,996.1,99,3.78,281,0.87,706.0,540.0,166.0
2026-06-19T15:00,20.1,61,995.9,17,1.96,251,0.92,399.0,145.0,254.0
2026-06-19T16:00,20.6,56,996.2,66,2.20,267,1.08,619.0,491.0,128.0
2026-06-19T17:00,16.3,80,997.2,100,4.46,260,0.38,418.0,265.0,153.0
2026-06-19T18:00,15.4,91,996.5,41,0.78,297,0.16,124.0,29.0,95.0
2026-06-19T19:00,16.8,86,996.6,89,1.84,257,0.27,240.0,159.0,81.0
2026-06-19T20:00,16.3,88,996.5,80,2.23,261,0.23,93.0,34.0,59.0
2026-06-19T21:00,16.0,89,997.0,51,2.05,273,0.20,35.0,11.0,24.0
2026-06-19T22:00,15.2,92,997.0,8,2.08,280,0.13,0.0,0.0,0.0
2026-06-19T23:00,14.7,93,997.2,8,1.78,281,0.11,0.0,0.0,0.0
2026-06-20T00:00,14.2,94,997.4,14,1.76,285,0.09,0.0,0.0,0.0
2026-06-20T01:00,13.7,95,997.7,9,1.92,298,0.08,0.0,0.0,0.0
2026-06-20T02:00,13.3,95,997.7,0,1.98,304,0.08,0.0,0.0,0.0
2026-06-20T03:00,13.3,92,998.1,20,1.99,309,0.12,0.0,0.0,0.0
2026-06-20T04:00,12.8,93,998.3,13,2.04,301,0.10,0.0,0.0,0.0
2026-06-20T05:00,13.0,94,998.6,36,2.04,295,0.09,37.0,18.0,19.0
2026-06-20T06:00,13.6,93,999.0,95,1.80,289,0.11,134.0,84.0,50.0
2026-06-20T07:00,14.7,89,999.1,16,2.05,304,0.19,251.0,162.0,89.0
2026-06-20T08:00,16.3,79,999.5,70,2.56,321,0.38,384.0,278.0,106.0
2026-06-20T09:00,17.0,75,999.8,88,2.58,317,0.49,483.0,313.0,170.0
2026-06-20T10:00,17.7,65,999.5,68,3.20,321,0.70,548.0,358.0,190.0
2026-06-20T11:00,18.6,57,1000.0,80,3.55,321,0.92,688.0,531.0,157.0
2026-06-20T12:00,18.9,53,1000.2,9,4.10,322,1.03,778.0,606.0,172.0
2026-06-20T13:00,19.2,51,1000.4,24,4.00,328,1.08,836.0,721.0,115.0
2026-06-20T14:00,19.5,50,1000.7,39,4.16,334,1.13,761.0,630.0,131.0
2026-06-20T15:00,19.8,42,1001.3,27,3.89,332,1.35,694.0,549.0,145.0
2026-06-20T16:00,19.9,38,1000.9,67,4.70,333,1.44,592.0,445.0,147.0
2026-06-20T17:00,19.4,41,1001.0,96,4.44,343,1.33,453.0,290.0,163.0
2026-06-20T18:00,18.8,45,1001.4,81,4.43,344,1.20,375.0,279.0,96.0
2026-06-20T19:00,18.1,54,1001.5,9,3.52,349,0.95,199.0,109.0,90.0
2026-06-20T20:00,17.3,60,1001.8,5,2.52,353,0.79,135.0,89.0,46.0
2026-06-20T21:00,16.4,67,1001.9,2,1.30,356,0.61,41.0,21.0,20.0
2026-06-20T22:00,15.7,70,1002.1,1,1.02,349,0.53,1.0,0.0,1.0
2026-06-20T23:00,14.9,75,1002.4,0,0.89,344,0.43,0.0,0.0,0.0
2026-06-21T00:00,14.2,79,1002.7,2,0.89,297,0.34,0.0,0.0,0.0
2026-06-21T01:00,13.4,83,1002.9,10,1.11,288,0.25,0.0,0.0,0.0
2026-06-21T02:00,12.9,86,1002.8,1,1.14,285,0.21,0.0,0.0,0.0
2026-06-21T03:00,12.2,88,1002.8,2,0.95,267,0.17,0.0,0.0,0.0
2026-06-21T04:00,11.8,88,1002.7,0,1.60,270,0.16,0.0,0.0,0.0
2026-06-21T05:00,12.2,86,1002.5,0,1.80,270,0.19,39.0,20.0,19.0
2026-06-21T06:00,13.1,85,1002.8,0,1.90,273,0.22,140.0,96.0,44.0
2026-06-21T07:00,15.0,79,1003.0,0,1.56,318,0.35,276.0,216.0,60.0
2026-06-21T08:00,16.7,72,1003.2,0,2.08,350,0.53,420.0,350.0,70.0
2026-06-21T09:00,18.6,62,1003.3,1,2.05,3,0.82,559.0,480.0,79.0
2026-06-21T10:00,19.5,55,1003.3,0,2.10,359,1.03,683.0,598.0,85.0
2026-06-21T11:00,20.5,50,1003.0,1,2.47,353,1.21,780.0,693.0,87.0
2026-06-21T12:00,21.3,47,1002.7,0,2.95,349,1.35,845.0,757.0,88.0
2026-06-21T13:00,22.1,45,1002.4,47,3.48,353,1.47,866.0,778.0,88.0
2026-06-21T14:00,22.5,45,1002.0,5,3.22,348,1.49,759.0,590.0,169.0
2026-06-21T15:00,23.5,39,1001.7,9,2.52,346,1.77,759.0,652.0,107.0
2026-06-21T16:00,23.7,40,1001.4,0,2.63,346,1.77,694.0,612.0,82.0
2026-06-21T17:00,23.8,41,1001.3,48,3.18,347,1.74,571.0,497.0,74.0
2026-06-21T18:00,23.6,40,1000.9,58,3.28,344,1.74,374.0,260.0,114.0
2026-06-21T19:00,23.0,47,1000.6,8,2.45,340,1.48,237.0,137.0,100.0
2026-06-21T20:00,22.0,58,1000.5,29,1.35,321,1.11,143.0,98.0,45.0
2026-06-21T21:00,20.7,65,1000.3,2,0.91,354,0.85,41.0,19.0,22.0
2026-06-21T22:00,19.7,69,1000.2,5,0.47,58,0.70,1.0,0.0,1.0
2026-06-21T23:00,19.1,71,999.9,63,0.70,159,0.65,0.0,0.0,0.0
2026-06-22T00:00,18.5,72,999.6,96,1.18,192,0.60,0.0,0.0,0.0
2026-06-22T01:00,18.0,75,999.2,92,1.22,215,0.52,0.0,0.0,0.0
2026-06-22T02:00,17.4,77,998.8,91,1.59,229,0.45,0.0,0.0,0.0
2026-06-22T03:00,17.0,80,998.4,80,1.70,225,0.40,0.0,0.0,0.0
2026-06-22T04:00,16.6,80,997.6,80,1.84,225,0.38,0.0,0.0,0.0
2026-06-22T05:00,16.9,79,997.4,84,2.06,247,0.40,31.0,7.0,24.0
2026-06-22T06:00,17.6,81,997.6,73,2.15,273,0.38,98.0,39.0,59.0
2026-06-22T07:00,18.7,82,997.0,91,1.62,304,0.38,219.0,133.0,86.0
2026-06-22T08:00,19.9,80,996.9,91,1.39,300,0.48,320.0,157.0,163.0
2026-06-22T09:00,22.5,68,996.5,98,1.87,290,0.87,414.0,186.0,228.0
2026-06-22T10:00,22.1,69,996.3,98,2.07,323,0.84,545.0,303.0,242.0
2026-06-22T11:00,21.5,74,995.9,85,2.55,296,0.66,542.0,288.0,254.0
2026-06-22T12:00,21.8,75,995.8,75,1.35,301,0.65,577.0,279.0,298.0
2026-06-22T13:00,23.3,68,995.1,75,2.35,294,0.93,623.0,329.0,294.0
2026-06-22T14:00,21.1,78,994.9,85,2.57,303,0.55,532.0,255.0,277.0
2026-06-22T15:00,23.8,54,994.3,34,2.49,308,1.34,460.0,144.0,316.0
2026-06-22T16:00,24.2,50,994.1,77,2.69,312,1.52,668.0,579.0,89.0
2026-06-22T17:00,24.2,48,993.7,35,2.72,314,1.57,534.0,424.0,110.0
2026-06-22T18:00,23.7,51,993.2,66,3.08,324,1.43,398.0,305.0,93.0
2026-06-22T19:00,22.5,60,993.2,28,2.84,319,1.08,249.0,173.0,76.0
2026-06-22T20:00,21.2,70,993.6,77,3.08,313,0.75,131.0,79.0,52.0
2026-06-22T21:00,20.0,77,993.4,60,2.66,304,0.53,38.0,15.0,23.0
2026-06-22T22:00,18.9,83,993.4,91,3.02,309,0.37,1.0,0.0,1.0
2026-06-22T23:00,18.1,88,993.3,98,2.91,311,0.25,0.0,0.0,0.0
2026-06-23T00:00,17.7,90,993.2,9,2.79,316,0.20,0.0,0.0,0.0
2026-06-23T01:00,17.3,92,993.3,1,2.65,313,0.16,0.0,0.0,0.0
2026-06-23T02:00,16.8,94,993.2,3,2.55,312,0.12,0.0,0.0,0.0
2026-06-23T03:00,16.7,92,993.3,1,2.83,314,0.16,0.0,0.0,0.0
2026-06-23T04:00,16.5,91,993.3,6,3.15,324,0.16,0.0,0.0,0.0
2026-06-23T05:00,16.5,87,993.5,52,3.10,329,0.24,37.0,18.0,19.0
2026-06-23T06:00,16.6,82,993.8,19,2.84,321,0.35,131.0,83.0,48.0
2026-06-23T07:00,17.0,75,994.0,20,2.97,316,0.49,255.0,187.0,68.0
2026-06-23T08:00,17.7,70,994.2,1,3.11,315,0.60,396.0,308.0,88.0
2026-06-23T09:00,19.0,62,994.3,75,3.36,313,0.84,555.0,478.0,77.0
2026-06-23T10:00,19.9,57,994.4,57,3.48,320,0.99,659.0,525.0,134.0
2026-06-23T11:00,20.9,52,994.3,44,3.66,325,1.19,772.0,666.0,106.0
2026-06-23T12:00,21.5,48,994.4,98,3.96,332,1.34,814.0,702.0,112.0
2026-06-23T13:00,21.6,46,994.4,66,4.19,327,1.40,787.0,580.0,207.0
2026-06-23T14:00,21.8,44,994.3,30,4.56,325,1.45,790.0,625.0,165.0
2026-06-23T15:00,22.5,37,994.6,58,4.37,321,1.73,708.0,565.0,143.0
2026-06-23T16:00,22.5,34,994.6,0,4.64,319,1.81,684.0,590.0,94.0
2026-06-23T17:00,22.0,36,994.6,3,4.71,323,1.70,573.0,496.0,77.0
2026-06-23T18:00,21.5,39,994.6,10,4.60,326,1.56,425.0,351.0,74.0
2026-06-23T19:00,20.7,42,994.8,9,4.12,331,1.42,274.0,208.0,66.0
2026-06-23T20:00,19.7,49,995.1,14,3.30,342,1.17,144.0,99.0,45.0
2026-06-23T21:00,18.6,53,995.1,80,2.66,344,1.01,42.0,21.0,21.0
2026-06-23T22:00,17.6,57,995.2,80,2.40,337,0.87,1.0,0.0,1.0
2026-06-23T23:00,16.6,62,995.2,77,2.15,324,0.72,0.0,0.0,0.0
2026-06-24T00:00,15.9,66,995.3,84,2.15,306,0.62,0.0,0.0,0.0
2026-06-24T01:00,15.2,69,995.2,42,2.17,299,0.54,0.0,0.0,0.0
2026-06-24T02:00,14.6,71,995.5,16,2.20,300,0.49,0.0,0.0,0.0
2026-06-24T03:00,14.0,71,995.4,24,1.82,302,0.47,0.0,0.0,0.0
2026-06-24T04:00,13.3,74,995.4,77,2.06,309,0.40,0.0,0.0,0.0
2026-06-24T05:00,13.6,72,995.6,55,1.95,318,0.43,33.0,11.0,22.0
2026-06-24T06:00,14.2,71,995.8,59,1.52,314,0.48,125.0,70.0,55.0
2026-06-24T07:00,15.2,66,995.8,85,1.41,315,0.59,232.0,153.0,79.0
2026-06-24T08:00,16.6,59,995.8,51,1.37,303,0.77,350.0,207.0,143.0
2026-06-24T09:00,18.2,45,996.0,5,2.09,314,1.15,506.0,375.0,131.0
2026-06-24T10:00,19.4,39,996.1,4,2.87,320,1.36,661.0,552.0,109.0
2026-06-24T11:00,20.4,35,995.7,58,3.78,316,1.55,769.0,666.0,103.0
2026-06-24T12:00,20.3,33,995.6,91,3.68,312,1.59,561.0,285.0,276.0
2026-06-24T13:00,20.4,34,995.5,95,3.47,306,1.59,460.0,164.0,296.0
2026-06-24T14:00,20.6,34,995.1,89,3.34,300,1.60,401.0,65.0,336.0
2026-06-24T15:00,22.0,29,994.9,100,3.38,294,1.87,406.0,117.0,289.0
2026-06-24T16:00,21.3,32,994.6,80,3.62,298,1.73,283.0,24.0,259.0
2026-06-24T17:00,21.4,33,994.3,65,3.47,297,1.72,308.0,121.0,187.0
2026-06-24T18:00,21.2,35,994.0,41,3.39,301,1.64,282.0,142.0,140.0
2026-06-24T19:00,20.6,38,993.9,98,3.19,305,1.52,138.0,47.0,91.0
2026-06-24T20:00,20.1,41,993.9,88,2.43,328,1.38,103.0,39.0,64.0
2026-06-24T21:00,19.0,49,993.7,100,1.51,354,1.11,34.0,8.0,26.0
2026-06-24T22:00,18.3,54,993.7,100,1.49,346,0.96,0.0,0.0,0.0
2026-06-24T23:00,16.1,65,994.3,100,3.32,339,0.64,0.0,0.0,0.0
2026-06-25T00:00,15.1,74,994.4,100,2.15,338,0.46,0.0,0.0,0.0
2026-06-25T01:00,14.5,80,994.0,100,1.12,339,0.34,0.0,0.0,0.0
2026-06-25T02:00,14.3,81,993.7,100,1.48,327,0.31,0.0,0.0,0.0
2026-06-25T03:00,13.9,82,993.6,100,1.20,275,0.29,0.0,0.0,0.0
2026-06-25T04:00,13.8,83,993.2,100,1.46,239,0.27,0.0,0.0,0.0
2026-06-25T05:00,13.9,82,993.1,100,1.31,252,0.29,8.0,0.0,8.0
2026-06-25T06:00,14.0,80,993.1,100,1.33,250,0.32,20.0,0.0,20.0
2026-06-25T07:00,14.0,79,993.1,100,1.40,266,0.34,40.0,3.0,37.0
2026-06-25T08:00,14.1,78,993.1,100,1.55,285,0.36,82.0,0.0,82.0
2026-06-25T09:00,14.1,75,993.2,98,1.73,292,0.40,123.0,0.0,123.0
2026-06-25T10:00,15.0,69,993.2,66,1.41,278,0.53,286.0,42.0,244.0
2026-06-25T11:00,16.0,64,992.9,61,1.66,265,0.65,491.0,262.0,229.0
2026-06-25T12:00,17.1,59,992.9,55,1.70,267,0.80,568.0,330.0,238.0
2026-06-25T13:00,18.0,60,992.6,29,1.96,285,0.83,644.0,413.0,231.0
2026-06-25T14:00,19.0,56,992.5,100,1.57,279,0.96,680.0,377.0,303.0
2026-06-25T15:00,18.1,55,992.9,14,1.48,298,0.93,440.0,175.0,265.0
2026-06-25T16:00,18.8,52,992.4,21,1.77,310,1.04,663.0,561.0,102.0
2026-06-25T17:00,19.3,48,992.3,66,2.75,327,1.16,503.0,396.0,107.0
2026-06-25T18:00,16.7,67,992.9,20,3.15,335,0.62,245.0,137.0,108.0
2026-06-25T19:00,16.8,69,993.1,30,2.51,343,0.59,236.0,158.0,78.0
2026-06-25T20:00,16.3,72,993.5,15,2.51,343,0.53,137.0,84.0,53.0
2026-06-25T21:00,15.4,77,994.0,23,2.25,343,0.40,40.0,20.0,20.0
2026-06-25T22:00,14.8,81,994.2,27,1.86,329,0.33,0.0,0.0,0.0
2026-06-25T23:00,14.2,84,994.3,38,1.84,317,0.25,0.0,0.0,0.0
2026-06-26T00:00,13.5,87,994.5,13,1.91,315,0.21,0.0,0.0,0.0
2026-06-26T01:00,13.1,86,994.7,3,1.98,313,0.21,0.0,0.0,0.0
2026-06-26T02:00,12.7,85,994.8,2,2.12,315,0.22,0.0,0.0,0.0
2026-06-26T03:00,12.3,84,995.0,1,1.85,322,0.22,0.0,0.0,0.0
2026-06-26T04:00,11.7,87,995.1,5,1.74,321,0.18,0.0,0.0,0.0
2026-06-26T05:00,11.9,86,995.2,5,1.67,321,0.19,36.0,19.0,17.0
2026-06-26T06:00,12.6,85,995.8,0,1.20,315,0.22,135.0,90.0,45.0
2026-06-26T07:00,13.8,80,996.0,0,1.17,320,0.32,270.0,209.0,61.0
2026-06-26T08:00,15.3,71,996.2,2,1.25,331,0.50,414.0,342.0,72.0
2026-06-26T09:00,17.2,56,996.5,9,1.77,338,0.87,554.0,472.0,82.0
2026-06-26T10:00,18.1,51,996.6,27,1.63,337,1.02,644.0,540.0,104.0
2026-06-26T11:00,18.9,46,996.8,8,1.84,331,1.18,719.0,580.0,139.0
2026-06-26T12:00,19.6,42,997.0,14,2.29,328,1.33,792.0,674.0,118.0
2026-06-26T13:00,19.9,40,996.8,26,2.57,327,1.38,750.0,611.0,139.0
2026-06-26T14:00,19.8,42,996.8,36,2.62,325,1.34,671.0,518.0,153.0
2026-06-26T15:00,20.3,41,996.8,41,2.92,329,1.42,609.0,494.0,115.0
2026-06-26T16:00,18.4,50,997.4,69,4.30,331,1.06,580.0,453.0,127.0
2026-06-26T17:00,18.0,59,997.2,7,1.88,331,0.85,404.0,256.0,148.0
2026-06-26T18:00,18.6,55,997.0,13,2.24,331,0.98,410.0,333.0,77.0
2026-06-26T19:00,18.4,55,997.4,42,2.61,340,0.96,260.0,194.0,66.0
2026-06-26T20:00,17.5,60,997.9,45,2.10,357,0.81,110.0,58.0,52.0
2026-06-26T21:00,16.4,67,998.3,94,1.50,2,0.61,37.0,17.0,20.0
2026-06-26T22:00,15.7,74,998.3,3,1.22,325,0.47,0.0,0.0,0.0
2026-06-26T23:00,15.0,78,998.2,1,1.40,305,0.37,0.0,0.0,0.0
2026-06-27T00:00,14.4,81,998.1,18,1.48,303,0.31,0.0,0.0,0.0
2026-06-27T01:00,13.8,85,998.3,95,1.48,298,0.23,0.0,0.0,0.0
2026-06-27T02:00,13.3,88,998.6,100,1.54,299,0.18,0.0,0.0,0.0
2026-06-27T03:00,12.8,92,998.3,100,0.78,297,0.12,0.0,0.0,0.0
2026-06-27T04:00,12.5,93,998.4,100,0.83,295,0.10,0.0,0.0,0.0
2026-06-27T05:00,12.8,93,998.7,100,0.94,302,0.10,28.0,4.0,24.0
2026-06-27T06:00,13.6,90,998.4,100,0.22,243,0.15,107.0,35.0,72.0
2026-06-27T07:00,15.2,82,998.7,52,0.34,297,0.31,238.0,141.0,97.0
2026-06-27T08:00,16.8,73,998.6,95,0.32,342,0.51,393.0,301.0,92.0
2026-06-27T09:00,18.1,60,998.6,73,0.60,294,0.83,495.0,355.0,140.0
2026-06-27T10:00,19.1,55,998.3,99,0.99,300,0.98,617.0,459.0,158.0
2026-06-27T11:00,19.5,55,998.3,100,1.77,299,1.03,582.0,367.0,215.0
2026-06-27T12:00,20.1,51,998.1,100,1.57,301,1.16,445.0,99.0,346.0
2026-06-27T13:00,19.2,55,997.6,100,2.94,313,1.01,409.0,55.0,354.0
2026-06-27T14:00,16.5,74,997.9,98,1.97,324,0.49,184.0,0.0,184.0
2026-06-27T15:00,20.6,45,997.4,43,2.06,309,1.32,310.0,44.0,266.0
2026-06-27T16:00,20.3,47,996.9,58,2.80,297,1.26,480.0,317.0,163.0
2026-06-27T17:00,19.9,49,996.9,100,3.50,301,1.19,406.0,272.0,134.0
2026-06-27T18:00,18.8,57,996.7,100,3.61,314,0.94,174.0,43.0,131.0
2026-06-27T19:00,17.9,64,996.7,90,3.02,321,0.74,64.0,0.0,64.0
2026-06-27T20:00,17.4,69,996.9,23,2.43,328,0.61,85.0,30.0,55.0
2026-06-27T21:00,16.8,76,996.6,91,2.29,324,0.47,34.0,13.0,21.0
2026-06-27T22:00,16.4,80,996.5,98,1.63,315,0.38,0.0,0.0,0.0
2026-06-27T23:00,16.1,79,996.4,88,1.65,305,0.39,0.0,0.0,0.0
2026-06-28T00:00,15.7,82,996.5,17,1.83,296,0.32,0.0,0.0,0.0
2026-06-28T01:00,14.9,88,996.4,38,2.12,304,0.21,0.0,0.0,0.0
2026-06-28T02:00,14.4,91,996.6,20,2.09,314,0.14,0.0,0.0,0.0
2026-06-28T03:00,14.0,92,996.7,11,1.95,334,0.13,0.0,0.0,0.0
2026-06-28T04:00,13.5,92,996.7,2,2.04,335,0.12,0.0,0.0,0.0
2026-06-28T05:00,13.6,92,996.8,0,2.04,338,0.13,34.0,16.0,18.0
2026-06-28T06:00,14.3,89,997.4,1,1.79,337,0.19,131.0,87.0,44.0
2026-06-28T07:00,15.5,84,997.4,1,1.66,339,0.29,261.0,198.0,63.0
2026-06-28T08:00,17.1,71,997.7,16,2.41,355,0.57,404.0,329.0,75.0
2026-06-28T09:00,18.4,61,997.9,15,2.66,356,0.82,520.0,415.0,105.0
2026-06-28T10:00,19.5,55,998.1,13,2.63,346,1.02,634.0,524.0,110.0
2026-06-28T11:00,20.5,51,998.1,16,2.75,341,1.19,713.0,597.0,116.0
2026-06-28T12:00,21.3,48,997.9,16,2.93,337,1.32,754.0,633.0,121.0
2026-06-28T13:00,22.1,44,997.9,23,3.56,334,1.48,770.0,649.0,121.0
2026-06-28T14:00,22.5,43,998.0,26,4.16,334,1.55,714.0,598.0,116.0
2026-06-28T15:00,22.8,42,998.0,33,4.36,333,1.62,647.0,519.0,128.0
2026-06-28T16:00,22.6,44,998.0,57,4.67,334,1.52,550.0,408.0,142.0
2026-06-28T17:00,22.6,45,998.1,23,4.79,333,1.49,490.0,371.0,119.0
2026-06-28T18:00,22.2,48,997.9,51,4.61,334,1.39,399.0,320.0,79.0
2026-06-28T19:00,21.5,52,998.2,43,4.15,329,1.23,252.0,181.0,71.0
2026-06-28T20:00,20.6,59,998.0,40,3.49,322,0.99,127.0,72.0,55.0
2026-06-28T21:00,20.1,62,997.9,20,3.29,314,0.89,39.0,17.0,22.0
2026-06-28T22:00,19.2,66,998.0,11,3.11,314,0.75,0.0,0.0,0.0
2026-06-28T23:00,18.5,69,998.0,77,2.90,316,0.65,0.0,0.0,0.0
2026-06-29T00:00,17.9,72,998.3,93,2.73,319,0.58,0.0,0.0,0.0
2026-06-29T01:00,17.3,74,998.2,95,2.48,313,0.51,0.0,0.0,0.0
2026-06-29T02:00,16.8,77,998.2,98,2.42,308,0.43,0.0,0.0,0.0
2026-06-29T03:00,16.4,76,998.1,54,1.92,321,0.45,0.0,0.0,0.0
2026-06-29T04:00,15.7,79,997.7,63,2.08,297,0.38,0.0,0.0,0.0
2026-06-29T05:00,15.7,78,997.5,91,2.17,285,0.39,32.0,13.0,19.0
2026-06-29T06:00,16.3,77,997.6,99,1.87,278,0.43,116.0,49.0,67.0
2026-06-29T07:00,17.4,73,997.4,100,1.60,284,0.54,189.0,58.0,131.0
2026-06-29T08:00,18.8,67,997.0,98,1.49,290,0.71,282.0,82.0,200.0
2026-06-29T09:00,19.8,65,997.1,100,1.60,290,0.81,368.0,129.0,239.0
2026-06-29T10:00,21.2,57,997.1,100,2.07,302,1.08,358.0,91.0,267.0
2026-06-29T11:00,21.3,55,997.1,99,2.88,296,1.13,281.0,7.0,274.0
2026-06-29T12:00,21.3,57,997.2,100,3.32,307,1.08,345.0,31.0,314.0
2026-06-29T13:00,21.2,58,996.9,99,3.34,309,1.06,372.0,106.0,266.0
2026-06-29T14:00,21.3,58,996.5,97,3.34,310,1.07,370.0,91.0,279.0
2026-06-29T15:00,22.4,54,996.5,76,3.12,311,1.25,330.0,80.0,250.0
2026-06-29T16:00,21.9,55,996.3,83,2.41,320,1.18,445.0,258.0,187.0
2026-06-29T17:00,22.0,55,996.3,100,2.30,316,1.19,331.0,150.0,181.0
2026-06-29T18:00,21.2,59,996.4,99,2.14,323,1.04,118.0,3.0,115.0
2026-06-29T19:00,20.3,66,996.5,100,2.04,343,0.81,112.0,26.0,86.0
2026-06-29T20:00,19.9,69,996.7,43,1.53,341,0.71,73.0,21.0,52.0
2026-06-29T21:00,19.5,74,996.7,31,1.01,303,0.59,27.0,9.0,18.0
2026-06-29T22:00,18.7,80,996.9,16,1.48,315,0.44,0.0,0.0,0.0
2026-06-29T23:00,18.0,84,997.2,9,1.48,348,0.33,0.0,0.0,0.0
2026-06-30T00:00,17.3,87,997.4,9,1.50,21,0.25,0.0,0.0,0.0
2026-06-30T01:00,16.6,89,997.7,2,1.23,21,0.20,0.0,0.0,0.0
2026-06-30T02:00,16.1,91,997.9,0,1.00,360,0.16,0.0,0.0,0.0
2026-06-30T03:00,15.3,94,998.1,0,1.11,342,0.10,0.0,0.0,0.0
2026-06-30T04:00,14.7,94,998.3,1,1.32,335,0.09,0.0,0.0,0.0
2026-06-30T05:00,15.0,94,998.5,9,1.32,335,0.10,33.0,17.0,16.0
2026-06-30T06:00,15.8,91,999.0,41,0.85,320,0.16,130.0,86.0,44.0
2026-06-30T07:00,17.4,84,999.4,20,0.78,315,0.32,257.0,191.0,66.0
2026-06-30T08:00,19.3,72,999.3,0,0.85,320,0.62,400.0,323.0,77.0
2026-06-30T09:00,21.1,61,999.3,2,1.43,335,0.97,540.0,459.0,81.0
2026-06-30T10:00,22.5,54,999.4,100,2.32,341,1.25,625.0,509.0,116.0
2026-06-30T11:00,23.0,52,999.4,100,2.39,334,1.35,471.0,236.0,235.0
2026-06-30T12:00,24.0,50,999.4,100,2.87,329,1.48,584.0,302.0,282.0
2026-06-30T13:00,24.4,49,999.1,95,2.93,327,1.55,554.0,278.0,276.0
2026-06-30T14:00,25.2,47,998.8,100,2.88,326,1.70,627.0,357.0,270.0
2026-06-30T15:00,25.7,42,998.8,22,2.21,332,1.90,501.0,137.0,364.0
2026-06-30T16:00,26.6,39,998.4,67,2.57,333,2.11,644.0,531.0,113.0
2026-06-30T17:00,26.7,40,997.9,69,2.94,313,2.11,484.0,346.0,138.0
2026-06-30T18:00,26.4,40,997.9,2,2.66,298,2.05,349.0,222.0,127.0
2026-06-30T19:00,25.9,44,997.6,17,2.58,302,1.88,262.0,197.0,65.0
2026-06-30T20:00,24.9,50,997.7,15,2.79,303,1.58,139.0,93.0,46.0
2026-06-30T21:00,23.7,56,997.8,10,3.33,303,1.28,39.0,19.0,20.0
2026-06-30T22:00,22.7,62,997.8,3,2.50,296,1.06,0.0,0.0,0.0
2026-06-30T23:00,21.8,66,998.0,9,2.23,279,0.90,0.0,0.0,0.0
2026-07-01T00:00,21.0,71,998.1,4,2.20,267,0.73,0.0,0.0,0.0
2026-07-01T01:00,20.4,75,997.8,3,2.15,258,0.60,0.0,0.0,0.0
2026-07-01T02:00,20.0,77,997.5,3,2.47,263,0.54,0.0,0.0,0.0
2026-07-01T03:00,19.2,82,997.9,9,2.03,254,0.40,0.0,0.0,0.0
2026-07-01T04:00,18.6,86,997.9,2,2.10,270,0.30,0.0,0.0,0.0
2026-07-01T05:00,18.5,88,997.9,1,2.06,284,0.26,31.0,15.0,16.0
2026-07-01T06:00,19.4,85,998.0,2,1.76,290,0.34,126.0,82.0,44.0
2026-07-01T07:00,20.7,79,998.2,2,1.87,314,0.51,252.0,191.0,61.0
2026-07-01T08:00,22.1,74,998.3,0,1.91,327,0.70,391.0,317.0,74.0
2026-07-01T09:00,24.7,64,998.7,9,1.77,344,1.11,532.0,450.0,82.0
2026-07-01T10:00,25.9,54,998.4,17,2.03,344,1.53,617.0,519.0,98.0
2026-07-01T11:00,26.7,50,998.5,20,2.64,335,1.75,682.0,542.0,140.0
2026-07-01T12:00,27.4,46,998.4,10,2.98,335,1.96,760.0,620.0,140.0
2026-07-01T13:00,28.0,43,998.4,16,3.12,338,2.16,806.0,690.0,116.0
2026-07-01T14:00,28.3,41,998.2,22,3.13,343,2.28,795.0,686.0,109.0
2026-07-01T15:00,29.0,35,998.5,81,2.68,346,2.58,730.0,618.0,112.0
2026-07-01T16:00,29.0,34,998.4,38,2.38,338,2.65,606.0,455.0,151.0
2026-07-01T17:00,29.0,32,998.0,7,2.26,332,2.73,536.0,433.0,103.0
2026-07-01T18:00,28.7,32,998.1,1,2.58,345,2.70,417.0,347.0,70.0
2026-07-01T19:00,27.9,34,998.1,0,2.88,352,2.47,277.0,218.0,59.0
2026-07-01T20:00,26.7,40,998.0,0,2.75,1,2.09,143.0,98.0,45.0
2026-07-01T21:00,25.5,49,998.2,1,2.28,9,1.68,41.0,22.0,19.0
2026-07-01T22:00,24.4,55,998.2,1,1.98,21,1.38,0.0,0.0,0.0
2026-07-01T23:00,23.5,60,998.0,0,1.63,45,1.16,0.0,0.0,0.0
2026-07-02T00:00,22.8,63,998.0,29,1.48,66,1.03,0.0,0.0,0.0
2026-07-02T01:00,22.4,65,997.8,16,1.05,90,0.94,0.0,0.0,0.0
2026-07-02T02:00,21.8,69,997.8,5,0.45,84,0.81,0.0,0.0,0.0
2026-07-02T03:00,20.6,72,997.9,82,1.03,61,0.68,0.0,0.0,0.0
2026-07-02T04:00,19.9,73,997.8,94,1.26,72,0.62,0.0,0.0,0.0
2026-07-02T05:00,19.6,74,997.6,95,1.31,83,0.60,27.0,7.0,20.0
2026-07-02T06:00,20.2,71,997.3,39,1.05,87,0.69,100.0,34.0,66.0
2026-07-02T07:00,21.5,66,997.1,25,0.98,105,0.88,203.0,98.0,105.0
2026-07-02T08:00,23.7,57,996.6,17,1.17,133,1.26,379.0,286.0,93.0
2026-07-02T09:00,26.2,48,996.5,23,1.73,158,1.77,530.0,446.0,84.0
2026-07-02T10:00,27.4,42,995.9,13,2.24,170,2.10,625.0,503.0,122.0
2026-07-02T11:00,28.3,39,995.3,16,2.25,180,2.35,661.0,512.0,149.0
2026-07-02T12:00,29.2,36,995.0,9,2.25,192,2.59,751.0,637.0,114.0
2026-07-02T13:00,30.1,34,994.5,11,2.47,201,2.82,793.0,672.0,121.0
2026-07-02T14:00,30.5,32,993.7,30,2.87,203,2.97,790.0,683.0,107.0
2026-07-02T15:00,31.2,25,993.1,45,3.36,208,3.43,750.0,651.0,99.0
2026-07-02T16:00,31.2,26,992.6,64,3.24,214,3.36,668.0,578.0,90.0
2026-07-02T17:00,31.0,28,992.3,45,3.58,229,3.22,538.0,418.0,120.0
2026-07-02T18:00,30.5,31,991.8,99,3.25,225,3.00,357.0,238.0,119.0
2026-07-02T19:00,29.8,34,991.5,96,4.23,241,2.77,165.0,30.0,135.0
2026-07-02T20:00,26.2,51,991.6,94,3.18,257,1.67,61.0,10.0,51.0
2026-07-02T21:00,25.5,57,990.9,76,2.28,218,1.41,29.0,6.0,23.0
2026-07-02T22:00,25.1,59,990.5,84,2.91,209,1.32,0.0,0.0,0.0
2026-07-02T23:00,24.3,65,990.5,65,3.33,229,1.06,0.0,0.0,0.0
2026-07-03T00:00,23.5,72,990.4,89,3.42,252,0.81,0.0,0.0,0.0
2026-07-03T01:00,22.4,80,990.6,96,3.16,266,0.54,0.0,0.0,0.0
2026-07-03T02:00,21.5,85,990.8,100,3.37,277,0.39,0.0,0.0,0.0
2026-07-03T03:00,20.6,87,990.9,91,2.44,285,0.31,0.0,0.0,0.0
2026-07-03T04:00,20.0,87,991.1,42,2.38,292,0.30,0.0,0.0,0.0
2026-07-03T05:00,19.6,85,991.5,25,2.98,305,0.35,27.0,11.0,16.0
2026-07-03T06:00,19.5,73,991.7,1,2.72,316,0.61,119.0,75.0,44.0
2026-07-03T07:00,19.7,66,991.8,0,2.44,316,0.77,250.0,190.0,60.0
2026-07-03T08:00,20.4,61,991.7,2,2.19,315,0.94,392.0,321.0,71.0
2026-07-03T09:00,21.9,53,992.1,5,1.83,305,1.24,526.0,446.0,80.0
2026-07-03T10:00,23.0,47,992.2,3,1.77,310,1.49,641.0,547.0,94.0
2026-07-03T11:00,24.1,42,992.0,19,1.55,303,1.74,732.0,636.0,96.0
2026-07-03T12:00,25.2,38,992.0,4,1.77,299,1.97,791.0,683.0,108.0
2026-07-03T13:00,26.1,36,991.9,9,1.79,306,2.17,833.0,742.0,91.0
2026-07-03T14:00,26.5,35,991.3,30,2.00,307,2.24,787.0,676.0,111.0
2026-07-03T15:00,27.3,31,991.5,20,1.72,296,2.50,663.0,514.0,149.0
2026-07-03T16:00,27.5,32,991.0,34,2.07,302,2.48,643.0,539.0,104.0
2026-07-03T17:00,27.7,34,990.6,100,2.05,283,2.45,430.0,245.0,185.0
2026-07-03T18:00,27.3,35,990.3,53,2.30,297,2.35,309.0,160.0,149.0
2026-07-03T19:00,26.4,37,990.2,26,2.55,320,2.16,231.0,148.0,83.0
2026-07-03T20:00,25.6,39,990.2,36,2.38,338,1.99,113.0,59.0,54.0
2026-07-03T21:00,25.1,40,990.2,37,2.18,20,1.89,29.0,10.0,19.0
2026-07-03T22:00,23.8,47,990.2,66,2.44,46,1.56,0.0,0.0,0.0
2026-07-03T23:00,23.2,50,989.8,66,2.08,60,1.42,0.0,0.0,0.0
2026-07-04T00:00,22.7,52,989.6,89,2.31,84,1.32,0.0,0.0,0.0
2026-07-04T01:00,22.0,54,989.3,98,1.82,99,1.20,0.0,0.0,0.0
2026-07-04T02:00,21.3,58,989.3,97,0.81,30,1.07,0.0,0.0,0.0
2026-07-04T03:00,19.2,73,989.3,100,2.25,94,0.59,0.0,0.0,0.0
2026-07-04T04:00,17.8,84,988.8,92,2.92,96,0.33,0.0,0.0,0.0
2026-07-04T05:00,17.6,88,988.6,79,1.82,82,0.25,11.0,2.0,9.0
2026-07-04T06:00,17.9,88,988.1,84,1.39,69,0.24,79.0,35.0,44.0
2026-07-04T07:00,18.6,85,988.3,80,1.05,59,0.32,170.0,78.0,92.0
2026-07-04T08:00,19.6,78,987.9,72,2.26,84,0.49,310.0,189.0,121.0
2026-07-04T09:00,20.1,75,987.4,97,1.32,143,0.59,369.0,209.0,160.0
2026-07-04T10:00,20.9,70,987.0,97,1.35,180,0.74,444.0,226.0,218.0
2026-07-04T11:00,21.9,66,986.8,100,1.44,200,0.89,442.0,210.0,232.0
2026-07-04T12:00,21.5,70,986.7,100,1.41,225,0.77,232.0,9.0,223.0
2026-07-04T13:00,21.1,74,986.1,100,1.24,284,0.66,179.0,3.0,176.0
2026-07-04T14:00,21.8,72,985.6,99,1.02,281,0.73,440.0,105.0,335.0
2026-07-04T15:00,21.9,64,985.5,100,1.47,280,0.94,530.0,204.0,326.0
2026-07-04T16:00,21.4,66,985.4,95,2.30,274,0.88,390.0,135.0,255.0
2026-07-04T17:00,21.1,67,985.4,62,2.80,281,0.82,332.0,151.0,181.0
2026-07-04T18:00,21.0,67,985.4,80,3.28,282,0.81,314.0,179.0,135.0
2026-07-04T19:00,20.0,71,985.3,98,3.45,289,0.67,162.0,77.0,85.0
2026-07-04T20:00,19.0,76,985.6,98,3.23,292,0.52,104.0,37.0,67.0
2026-07-04T21:00,18.6,80,985.4,39,2.93,300,0.42,26.0,3.0,23.0
2026-07-04T22:00,17.7,86,985.4,34,2.53,285,0.29,0.0,0.0,0.0
2026-07-04T23:00,17.1,90,985.2,15,2.37,277,0.20,0.0,0.0,0.0
2026-07-05T00:00,16.6,93,985.2,20,2.11,274,0.14,0.0,0.0,0.0
2026-07-05T01:00,16.2,94,985.2,45,2.05,271,0.10,0.0,0.0,0.0
2026-07-05T02:00,15.9,95,985.1,36,2.00,273,0.10,0.0,0.0,0.0
2026-07-05T03:00,16.3,94,984.6,73,1.36,264,0.11,0.0,0.0,0.0
2026-07-05T04:00,16.0,95,984.2,100,1.47,252,0.09,0.0,0.0,0.0
2026-07-05T05:00,16.2,94,984.1,100,1.62,248,0.11,17.0,0.0,17.0
2026-07-05T06:00,16.7,91,984.3,99,1.36,253,0.17,78.0,7.0,71.0
2026-07-05T07:00,17.6,84,984.0,100,1.62,261,0.32,176.0,50.0,126.0
2026-07-05T08:00,18.2,77,983.5,100,1.45,272,0.49,198.0,42.0,156.0
2026-07-05T09:00,18.6,70,983.1,100,1.62,279,0.64,132.0,0.0,132.0
2026-07-05T10:00,18.5,68,983.0,100,1.33,283,0.68,123.0,0.0,123.0
2026-07-05T11:00,18.9,65,983.0,100,0.85,273,0.76,246.0,4.0,242.0
2026-07-05T12:00,19.6,59,983.0,100,1.10,231,0.93,287.0,17.0,270.0
2026-07-05T13:00,19.9,57,982.9,100,1.36,253,1.00,265.0,5.0,260.0
2026-07-05T14:00,20.1,56,982.6,100,1.80,272,1.03,328.0,38.0,290.0
2026-07-05T15:00,21.2,47,982.2,96,1.10,267,1.34,268.0,11.0,257.0
2026-07-05T16:00,21.9,43,982.0,14,1.87,262,1.50,623.0,468.0,155.0
2026-07-05T17:00,21.8,42,981.6,30,2.58,248,1.52,484.0,383.0,101.0
2026-07-05T18:00,21.6,43,982.0,27,3.09,241,1.48,372.0,287.0,85.0
2026-07-05T19:00,21.2,44,981.8,18,3.07,240,1.42,241.0,174.0,67.0
2026-07-05T20:00,20.0,51,982.0,13,3.49,245,1.15,131.0,87.0,44.0
2026-07-05T21:00,18.9,64,981.8,20,2.52,231,0.78,35.0,17.0,18.0
2026-07-05T22:00,16.9,76,982.0,33,3.06,218,0.46,0.0,0.0,0.0
2026-07-05T23:00,15.8,82,982.0,23,2.55,223,0.33,0.0,0.0,0.0
2026-07-06T00:00,15.2,86,982.0,10,2.49,218,0.24,0.0,0.0,0.0
2026-07-06T01:00,14.6,88,982.3,80,2.97,228,0.19,0.0,0.0,0.0
2026-07-06T02:00,14.3,91,982.3,82,2.62,223,0.15,0.0,0.0,0.0
2026-07-06T03:00,14.9,88,982.6,84,4.08,220,0.21,0.0,0.0,0.0
2026-07-06T04:00,14.1,91,982.6,81,1.66,265,0.15,0.0,0.0,0.0
2026-07-06T05:00,13.9,92,983.0,98,3.06,232,0.13,19.0,7.0,12.0
2026-07-06T06:00,13.7,92,982.8,91,2.99,201,0.12,64.0,15.0,49.0
2026-07-06T07:00,14.6,87,983.3,100,3.71,223,0.22,187.0,72.0,115.0
2026-07-06T08:00,15.6,82,983.7,100,3.88,235,0.32,218.0,45.0,173.0
2026-07-06T09:00,16.6,79,984.1,100,3.62,229,0.40,198.0,4.0,194.0
2026-07-06T10:00,17.4,73,984.3,70,4.33,234,0.54,384.0,91.0,293.0
2026-07-06T11:00,18.6,64,984.6,36,4.16,235,0.77,516.0,253.0,263.0
2026-07-06T12:00,20.4,60,985.0,16,3.57,227,0.96,699.0,557.0,142.0
2026-07-06T13:00,21.6,51,985.0,20,3.73,230,1.25,779.0,651.0,128.0
2026-07-06T14:00,22.4,46,985.3,20,3.75,226,1.47,766.0,635.0,131.0
2026-07-06T15:00,23.4,37,985.3,21,3.71,217,1.81,713.0,597.0,116.0
2026-07-06T16:00,23.2,34,985.6,60,4.59,213,1.87,638.0,533.0,105.0
2026-07-06T17:00,21.7,42,986.2,36,4.79,217,1.51,400.0,287.0,113.0
2026-07-06T18:00,19.9,54,986.3,11,4.07,226,1.08,367.0,279.0,88.0
2026-07-06T19:00,19.5,56,986.5,42,3.75,217,1.00,270.0,208.0,62.0
2026-07-06T20:00,19.1,56,986.6,99,3.49,218,0.97,128.0,81.0,47.0
2026-07-06T21:00,18.4,58,987.0,91,2.80,207,0.88,34.0,10.0,24.0
2026-07-06T22:00,17.8,61,987.1,94,2.69,202,0.79,0.0,0.0,0.0
2026-07-06T23:00,17.1,66,987.1,94,2.74,201,0.67,0.0,0.0,0.0
2026-07-07T00:00,16.5,69,987.1,96,2.48,199,0.59,0.0,0.0,0.0
2026-07-07T01:00,15.7,72,987.1,96,2.28,203,0.49,0.0,0.0,0.0
2026-07-07T02:00,15.3,75,987.1,99,2.02,200,0.43,0.0,0.0,0.0
2026-07-07T03:00,14.9,80,986.6,84,1.40,184,0.34,0.0,0.0,0.0
2026-07-07T04:00,14.5,83,986.5,53,1.76,195,0.29,0.0,0.0,0.0
2026-07-07T05:00,14.2,83,986.4,30,2.11,202,0.27,23.0,9.0,14.0
2026-07-07T06:00,14.2,84,986.4,16,2.02,220,0.26,102.0,58.0,44.0
2026-07-07T07:00,14.8,80,986.7,100,2.94,235,0.33,225.0,150.0,75.0
2026-07-07T08:00,15.7,75,986.8,88,3.12,238,0.45,301.0,159.0,142.0
2026-07-07T09:00,17.4,71,987.3,100,2.91,229,0.58,262.0,38.0,224.0
2026-07-07T10:00,17.7,69,987.6,100,4.24,236,0.62,488.0,227.0,261.0
2026-07-07T11:00,16.8,73,988.1,91,4.31,235,0.51,416.0,128.0,288.0
2026-07-07T12:00,17.7,68,988.4,94,4.27,244,0.65,478.0,201.0,277.0
2026-07-07T13:00,19.5,54,988.4,97,4.25,245,1.04,735.0,550.0,185.0
2026-07-07T14:00,19.8,49,988.6,91,4.65,251,1.17,585.0,347.0,238.0
2026-07-07T15:00,21.5,37,988.7,97,4.69,239,1.63,543.0,270.0,273.0
2026-07-07T16:00,19.9,43,989.0,100,5.06,245,1.33,439.0,211.0,228.0
2026-07-07T17:00,17.6,57,989.6,100,3.03,261,0.86,163.0,7.0,156.0
2026-07-07T18:00,17.3,61,989.6,100,1.66,224,0.76,113.0,8.0,105.0
2026-07-07T19:00,17.4,62,989.2,100,2.36,175,0.76,75.0,0.0,75.0
2026-07-07T20:00,17.2,64,988.7,100,3.06,154,0.71,37.0,0.0,37.0
2026-07-07T21:00,16.3,74,988.5,100,3.40,152,0.48,8.0,0.0,8.0
2026-07-07T22:00,16.2,76,988.3,100,3.72,156,0.45,0.0,0.0,0.0
2026-07-07T23:00,16.2,76,987.7,100,3.92,157,0.43,0.0,0.0,0.0
2026-07-08T00:00,15.9,79,987.4,100,4.08,169,0.38,0.0,0.0,0.0
2026-07-08T01:00,15.3,82,986.9,100,3.87,169,0.31,0.0,0.0,0.0
2026-07-08T02:00,15.4,81,986.6,100,3.71,175,0.33,0.0,0.0,0.0
2026-07-08T03:00,15.1,88,986.5,33,3.33,172,0.20,0.0,0.0,0.0
2026-07-08T04:00,14.9,90,986.4,86,3.06,169,0.18,0.0,0.0,0.0
2026-07-08T05:00,15.0,90,986.1,83,2.97,163,0.18,21.0,6.0,15.0
2026-07-08T06:00,15.6,89,986.0,98,2.24,153,0.20,101.0,48.0,53.0
2026-07-08T07:00,16.5,87,986.0,100,2.67,157,0.25,190.0,73.0,117.0
2026-07-08T08:00,17.5,83,985.9,36,2.76,158,0.33,266.0,87.0,179.0
2026-07-08T09:00,19.4,71,985.6,86,4.24,187,0.64,496.0,368.0,128.0
2026-07-08T10:00,20.4,65,985.6,98,4.32,185,0.84,538.0,384.0,154.0
2026-07-08T11:00,19.3,74,985.9,100,4.53,186,0.58,528.0,301.0,227.0
2026-07-08T12:00,19.8,75,986.1,85,4.25,183,0.58,325.0,123.0,202.0
2026-07-08T13:00,21.6,68,986.3,91,4.41,184,0.83,713.0,492.0,221.0
2026-07-08T14:00,22.5,61,985.6,100,4.41,183,1.07,577.0,232.0,345.0
2026-07-08T15:00,23.0,51,985.9,73,4.51,176,1.39,314.0,74.0,240.0
2026-07-08T16:00,23.5,48,985.4,63,4.89,173,1.49,610.0,475.0,135.0
2026-07-08T17:00,21.3,61,985.8,77,5.80,167,1.00,387.0,244.0,143.0
2026-07-08T18:00,20.6,71,985.7,100,4.05,156,0.69,269.0,133.0,136.0
2026-07-08T19:00,19.7,78,986.5,100,5.54,173,0.50,195.0,95.0,100.0
2026-07-08T20:00,18.5,90,986.8,98,3.21,175,0.22,21.0,0.0,21.0
2026-07-08T21:00,19.0,89,986.5,95,3.94,168,0.25,20.0,2.0,18.0
2026-07-08T22:00,19.0,84,986.6,93,4.15,167,0.36,0.0,0.0,0.0
2026-07-08T23:00,18.9,83,986.8,97,3.37,173,0.38,0.0,0.0,0.0
2026-07-09T00:00,17.9,86,987.2,100,3.65,180,0.30,0.0,0.0,0.0
2026-07-09T01:00,17.6,87,986.7,79,2.56,168,0.26,0.0,0.0,0.0
2026-07-09T02:00,17.2,89,986.9,91,1.90,182,0.21,0.0,0.0,0.0
2026-07-09T03:00,17.6,83,986.9,48,1.91,123,0.35,0.0,0.0,0.0
2026-07-09T04:00,17.3,82,987.0,98,2.35,142,0.35,0.0,0.0,0.0
2026-07-09T05:00,16.5,89,987.2,100,2.93,157,0.21,11.0,2.0,9.0
2026-07-09T06:00,16.2,94,987.7,100,3.29,163,0.11,30.0,2.0,28.0
2026-07-09T07:00,16.4,94,988.0,100,2.63,166,0.10,74.0,11.0,63.0
2026-07-09T08:00,17.5,87,988.1,100,2.09,191,0.25,174.0,24.0,150.0
2026-07-09T09:00,18.4,88,988.6,100,2.65,158,0.25,251.0,42.0,209.0
2026-07-09T10:00,19.1,81,989.0,100,3.56,169,0.42,295.0,56.0,239.0
2026-07-09T11:00,17.4,90,989.7,100,2.85,195,0.20,148.0,0.0,148.0
2026-07-09T12:00,17.2,89,990.5,94,1.87,250,0.22,174.0,5.0,169.0
2026-07-09T13:00,19.1,75,990.9,100,1.54,216,0.55,511.0,251.0,260.0
2026-07-09T14:00,18.5,80,991.1,99,1.77,205,0.43,277.0,0.0,277.0
2026-07-09T15:00,21.2,63,992.1,64,2.29,190,0.92,324.0,50.0,274.0
2026-07-09T16:00,21.0,63,992.4,83,2.17,188,0.91,381.0,174.0,207.0
2026-07-09T17:00,21.1,63,993.0,99,2.25,192,0.93,462.0,329.0,133.0
2026-07-09T18:00,20.7,65,993.5,100,2.02,213,0.85,254.0,76.0,178.0
2026-07-09T19:00,20.3,68,993.8,100,1.07,217,0.76,135.0,9.0,126.0
2026-07-09T20:00,20.0,73,994.1,90,0.68,234,0.62,66.0,1.0,65.0
2026-07-09T21:00,19.5,79,994.5,38,1.35,176,0.48,27.0,8.0,19.0
2026-07-09T22:00,18.8,83,994.9,100,0.91,174,0.37,0.0,0.0,0.0
2026-07-09T23:00,19.0,83,995.1,82,0.64,129,0.37,0.0,0.0,0.0
2026-07-10T00:00,16.6,95,995.7,100,1.67,189,0.09,0.0,0.0,0.0
2026-07-10T01:00,16.9,97,995.6,85,0.90,56,0.07,0.0,0.0,0.0
2026-07-10T02:00,16.4,98,995.7,94,0.69,30,0.03,0.0,0.0,0.0
2026-07-10T03:00,17.2,89,995.8,98,0.35,90,0.22,0.0,0.0,0.0
2026-07-10T04:00,17.3,89,995.9,95,0.49,66,0.21,0.0,0.0,0.0
2026-07-10T05:00,17.6,90,996.0,95,1.27,79,0.20,17.0,3.0,14.0
2026-07-10T06:00,18.1,90,996.4,87,1.75,93,0.20,40.0,7.0,33.0
2026-07-10T07:00,18.5,92,997.1,100,2.55,116,0.16,176.0,69.0,107.0
2026-07-10T08:00,18.3,94,997.1,100,1.98,137,0.13,131.0,37.0,94.0
2026-07-10T09:00,20.0,87,996.7,89,1.45,86,0.29,242.0,76.0,166.0
2026-07-10T10:00,21.4,82,996.9,100,2.62,77,0.45,448.0,244.0,204.0
2026-07-10T11:00,22.4,77,997.3,98,1.67,131,0.63,433.0,153.0,280.0
2026-07-10T12:00,22.5,77,997.7,100,0.29,239,0.63,377.0,142.0,235.0
2026-07-10T13:00,23.8,74,996.8,100,2.46,66,0.77,438.0,136.0,302.0
2026-07-10T14:00,25.7,68,996.4,99,2.16,95,1.05,657.0,394.0,263.0
2026-07-10T15:00,27.6,52,996.2,100,2.84,81,1.78,629.0,366.0,263.0
2026-07-10T16:00,27.7,50,996.1,99,3.92,95,1.86,502.0,236.0,266.0
2026-07-10T17:00,21.8,80,997.4,93,2.37,115,0.51,304.0,80.0,224.0
2026-07-10T18:00,22.1,80,997.0,93,1.82,58,0.54,183.0,89.0,94.0
2026-07-10T19:00,22.4,82,997.0,82,1.88,73,0.48,191.0,67.0,124.0
2026-07-10T20:00,22.9,80,996.5,53,2.95,88,0.56,108.0,39.0,69.0
2026-07-10T21:00,23.4,73,996.4,79,2.59,131,0.79,31.0,13.0,18.0
2026-07-10T22:00,22.5,78,996.6,95,1.79,113,0.60,0.0,0.0,0.0
2026-07-10T23:00,21.8,82,996.5,93,1.61,95,0.48,0.0,0.0,0.0
2026-07-11T00:00,21.6,78,996.2,70,2.41,96,0.58,0.0,0.0,0.0
2026-07-11T01:00,21.3,71,995.7,61,3.15,88,0.74,0.0,0.0,0.0
2026-07-11T02:00,21.5,68,995.7,40,3.77,95,0.82,0.0,0.0,0.0
2026-07-11T03:00,20.6,75,995.5,74,3.03,98,0.61,0.0,0.0,0.0
2026-07-11T04:00,20.3,76,995.5,74,3.17,96,0.56,0.0,0.0,0.0
2026-07-11T05:00,19.8,79,995.6,71,1.95,130,0.48,20.0,7.0,13.0
2026-07-11T06:00,20.3,79,995.7,89,2.30,94,0.50,104.0,57.0,47.0
2026-07-11T07:00,21.2,78,995.4,96,2.49,75,0.54,215.0,123.0,92.0
2026-07-11T08:00,22.4,75,995.2,98,2.73,82,0.69,320.0,170.0,150.0
2026-07-11T09:00,24.0,66,995.4,95,2.98,99,1.01,397.0,188.0,209.0
2026-07-11T10:00,24.8,62,995.3,88,2.89,113,1.20,511.0,271.0,240.0
2026-07-11T11:00,25.8,57,995.1,92,2.70,124,1.41,681.0,499.0,182.0
2026-07-11T12:00,26.1,55,995.2,100,2.37,138,1.52,725.0,519.0,206.0
2026-07-11T13:00,25.9,56,994.7,100,2.38,139,1.48,498.0,121.0,377.0
2026-07-11T14:00,25.0,59,994.7,100,1.60,122,1.30,397.0,102.0,295.0
2026-07-11T15:00,26.1,50,994.1,99,1.19,152,1.70,526.0,189.0,337.0
2026-07-11T16:00,26.4,49,993.9,100,1.05,149,1.76,498.0,223.0,275.0
2026-07-11T17:00,24.5,57,993.7,100,2.25,184,1.31,342.0,88.0,254.0
2026-07-11T18:00,18.8,93,994.9,100,0.50,323,0.14,201.0,43.0,158.0
2026-07-11T19:00,19.0,90,994.7,100,1.70,284,0.22,100.0,20.0,80.0
2026-07-11T20:00,19.1,89,994.7,100,0.51,191,0.24,49.0,0.0,49.0
2026-07-11T21:00,19.3,88,993.9,98,1.30,337,0.28,14.0,0.0,14.0
2026-07-11T22:00,18.6,92,993.7,96,1.31,342,0.18,0.0,0.0,0.0
2026-07-11T23:00,18.4,93,993.4,100,1.23,12,0.15,0.0,0.0,0.0
2026-07-12T00:00,18.3,94,993.0,100,1.35,4,0.13,0.0,0.0,0.0
2026-07-12T01:00,18.2,94,992.4,100,0.85,360,0.13,0.0,0.0,0.0
2026-07-12T02:00,17.8,95,992.1,99,0.72,335,0.10,0.0,0.0,0.0
2026-07-12T03:00,17.2,94,991.5,100,0.34,153,0.12,0.0,0.0,0.0
2026-07-12T04:00,16.9,94,991.1,100,0.91,171,0.11,0.0,0.0,0.0
2026-07-12T05:00,16.6,96,990.7,98,2.26,174,0.08,9.0,0.0,9.0
2026-07-12T06:00,16.8,94,990.4,98,0.40,240,0.11,74.0,16.0,58.0
2026-07-12T07:00,17.2,96,990.6,100,0.98,75,0.09,129.0,26.0,103.0
2026-07-12T08:00,17.3,96,989.7,91,1.06,278,0.09,77.0,6.0,71.0
2026-07-12T09:00,18.4,85,989.6,100,2.14,303,0.33,358.0,141.0,217.0
2026-07-12T10:00,18.5,85,989.1,100,1.52,316,0.32,126.0,0.0,126.0
2026-07-12T11:00,19.6,82,988.8,100,1.23,333,0.42,270.0,65.0,205.0
2026-07-12T12:00,19.5,85,988.5,100,1.32,323,0.33,152.0,0.0,152.0
2026-07-12T13:00,20.2,82,988.1,100,1.15,360,0.43,198.0,0.0,198.0
2026-07-12T14:00,21.0,76,987.5,100,1.40,35,0.59,309.0,65.0,244.0
2026-07-12T15:00,19.3,82,987.2,100,2.27,327,0.40,274.0,37.0,237.0
2026-07-12T16:00,18.3,94,986.2,99,1.90,333,0.13,54.0,0.0,54.0
2026-07-12T17:00,19.2,86,986.1,100,1.48,332,0.31,243.0,55.0,188.0
2026-07-12T18:00,18.6,90,986.0,100,1.88,338,0.22,60.0,0.0,60.0
2026-07-12T19:00,18.3,91,985.6,100,1.48,332,0.19,55.0,4.0,51.0
2026-07-12T20:00,17.9,94,985.1,100,2.03,280,0.12,17.0,0.0,17.0
2026-07-12T21:00,17.9,90,985.0,100,2.50,348,0.20,6.0,0.0,6.0
2026-07-12T22:00,17.4,94,984.7,100,3.01,5,0.12,0.0,0.0,0.0
2026-07-12T23:00,17.4,97,984.3,100,3.01,15,0.06,0.0,0.0,0.0
2026-07-13T00:00,17.5,96,984.3,100,3.56,38,0.07,0.0,0.0,0.0
2026-07-13T01:00,16.9,96,984.6,95,3.36,46,0.07,0.0,0.0,0.0
2026-07-13T02:00,16.5,97,984.8,100,3.01,32,0.06,0.0,0.0,0.0
2026-07-13T03:00,16.1,96,984.6,12,3.51,26,0.07,0.0,0.0,0.0
2026-07-13T04:00,15.8,97,985.0,34,3.47,36,0.06,0.0,0.0,0.0
2026-07-13T05:00,15.8,97,985.5,100,3.44,40,0.06,16.0,5.0,11.0
2026-07-13T06:00,16.1,95,985.8,84,3.04,45,0.10,56.0,4.0,52.0
2026-07-13T07:00,16.5,91,986.1,56,2.94,47,0.18,146.0,52.0,94.0
2026-07-13T08:00,17.5,83,986.4,83,3.15,46,0.35,288.0,177.0,111.0
2026-07-13T09:00,18.1,76,987.3,72,3.58,42,0.49,386.0,230.0,156.0
2026-07-13T10:00,18.8,72,987.3,98,3.36,42,0.60,382.0,168.0,214.0
2026-07-13T11:00,19.8,66,987.5,100,2.87,43,0.79,435.0,129.0,306.0
2026-07-13T12:00,20.3,63,987.5,100,2.15,28,0.88,403.0,87.0,316.0
2026-07-13T13:00,21.0,62,987.3,91,1.31,7,0.94,399.0,90.0,309.0
2026-07-13T14:00,21.7,60,987.3,98,2.01,4,1.04,627.0,412.0,215.0
2026-07-13T15:00,22.6,51,987.9,55,1.20,360,1.35,518.0,193.0,325.0
2026-07-13T16:00,22.6,52,987.7,97,1.08,304,1.31,570.0,426.0,144.0
2026-07-13T17:00,22.1,55,987.9,100,1.87,286,1.18,226.0,60.0,166.0
2026-07-13T18:00,20.6,67,988.1,100,2.11,306,0.80,117.0,3.0,114.0
2026-07-13T19:00,19.5,80,988.0,83,1.60,340,0.46,50.0,2.0,48.0
2026-07-13T20:00,19.0,84,988.4,67,1.50,339,0.35,98.0,47.0,51.0
2026-07-13T21:00,18.4,88,988.6,31,1.56,6,0.25,26.0,9.0,17.0
2026-07-13T22:00,17.7,92,988.9,9,1.78,10,0.17,0.0,0.0,0.0
2026-07-13T23:00,17.3,93,989.0,61,1.87,8,0.14,0.0,0.0,0.0
2026-07-14T00:00,17.1,94,989.5,67,1.85,358,0.12,0.0,0.0,0.0
2026-07-14T01:00,16.6,95,989.5,58,1.73,350,0.09,0.0,0.0,0.0
2026-07-14T02:00,16.3,96,989.9,2,1.39,345,0.07,0.0,0.0,0.0
2026-07-14T03:00,16.1,93,990.3,5,1.51,352,0.12,0.0,0.0,0.0
2026-07-14T04:00,15.8,94,990.6,0,1.66,344,0.10,0.0,0.0,0.0
2026-07-14T05:00,15.9,95,990.8,2,1.82,339,0.08,18.0,8.0,10.0
2026-07-14T06:00,16.3,97,991.3,56,1.68,343,0.06,100.0,54.0,46.0
2026-07-14T07:00,17.1,94,991.5,52,1.61,334,0.12,178.0,80.0,98.0
2026-07-14T08:00,18.8,86,991.8,30,1.75,323,0.30,337.0,213.0,124.0
2026-07-14T09:00,19.4,81,992.4,62,2.11,329,0.43,503.0,405.0,98.0
2026-07-14T10:00,20.5,78,992.5,66,2.64,331,0.53,544.0,364.0,180.0
2026-07-14T11:00,21.4,74,992.8,14,2.33,329,0.65,625.0,459.0,166.0
2026-07-14T12:00,22.4,69,992.9,21,2.51,329,0.84,744.0,620.0,124.0
2026-07-14T13:00,23.3,65,993.0,20,2.34,340,1.01,772.0,654.0,118.0
2026-07-14T14:00,23.7,62,992.8,30,2.29,349,1.10,713.0,569.0,144.0
2026-07-14T15:00,24.6,54,992.8,10,1.84,338,1.42,641.0,479.0,162.0
2026-07-14T16:00,24.8,52,992.6,30,2.42,336,1.51,615.0,509.0,106.0
2026-07-14T17:00,24.6,53,992.5,35,2.71,335,1.46,492.0,395.0,97.0
2026-07-14T18:00,24.1,56,992.5,50,2.74,339,1.33,349.0,267.0,82.0
2026-07-14T19:00,23.2,64,992.8,10,2.86,344,1.01,173.0,99.0,74.0
2026-07-14T20:00,21.8,74,993.0,2,2.67,347,0.69,111.0,66.0,45.0
2026-07-14T21:00,20.7,80,993.2,25,2.66,340,0.50,27.0,13.0,14.0
2026-07-14T22:00,18.9,87,993.5,38,1.33,304,0.28,0.0,0.0,0.0
2026-07-14T23:00,19.1,89,993.9,20,2.33,329,0.25,0.0,0.0,0.0
2026-07-15T00:00,18.6,91,993.8,17,2.28,322,0.20,0.0,0.0,0.0
2026-07-15T01:00,18.0,93,993.6,6,2.44,313,0.14,0.0,0.0,0.0
2026-07-15T02:00,17.8,94,993.8,11,2.62,317,0.11,0.0,0.0,0.0
2026-07-15T03:00,17.7,91,993.8,5,2.59,320,0.18,0.0,0.0,0.0
2026-07-15T04:00,17.5,92,993.7,29,2.74,329,0.16,0.0,0.0,0.0
2026-07-15T05:00,17.3,91,993.9,59,2.82,335,0.17,16.0,6.0,10.0
2026-07-15T06:00,17.5,89,994.1,49,2.37,325,0.22,96.0,50.0,46.0
2026-07-15T07:00,18.0,85,994.0,31,2.57,327,0.30,207.0,131.0,76.0
2026-07-15T08:00,18.8,80,994.1,8,2.82,333,0.43,350.0,266.0,84.0
2026-07-15T09:00,19.2,76,994.4,38,2.94,328,0.53,496.0,397.0,99.0
2026-07-15T10:00,20.1,72,994.3,27,3.51,327,0.67,560.0,426.0,134.0
2026-07-15T11:00,20.7,68,994.5,48,3.83,331,0.79,655.0,505.0,150.0
2026-07-15T12:00,21.3,68,994.5,46,3.73,334,0.80,711.0,490.0,221.0
2026-07-15T13:00,22.0,66,994.2,21,3.40,336,0.91,732.0,510.0,222.0
2026-07-15T14:00,22.4,65,994.1,32,3.22,334,0.95,734.0,600.0,134.0
2026-07-15T15:00,22.9,59,994.6,19,3.65,327,1.14,682.0,562.0,120.0
2026-07-15T16:00,22.9,57,994.1,29,3.79,326,1.19,602.0,495.0,107.0
2026-07-15T17:00,22.7,60,993.9,9,3.50,318,1.11,418.0,312.0,106.0
2026-07-15T18:00,22.4,61,993.9,60,4.22,324,1.07,365.0,291.0,74.0
2026-07-15T19:00,21.0,67,994.1,96,4.13,339,0.82,209.0,123.0,86.0
2026-07-15T20:00,20.2,73,994.2,69,3.05,330,0.64,72.0,20.0,52.0
2026-07-15T21:00,20.1,76,994.3,100,2.98,325,0.56,22.0,8.0,14.0
2026-07-15T22:00,19.7,78,994.4,53,2.72,324,0.51,0.0,0.0,0.0
2026-07-15T23:00,18.8,80,994.2,46,2.90,314,0.43,0.0,0.0,0.0
2026-07-16T00:00,18.3,81,994.3,49,2.80,310,0.40,0.0,0.0,0.0
2026-07-16T01:00,17.7,81,993.9,30,2.80,310,0.39,0.0,0.0,0.0
2026-07-16T02:00,16.9,83,993.7,59,2.74,301,0.33,0.0,0.0,0.0
2026-07-16T03:00,16.5,83,993.7,60,2.68,297,0.31,0.0,0.0,0.0
2026-07-16T04:00,15.9,85,993.0,78,2.93,290,0.27,0.0,0.0,0.0
2026-07-16T05:00,16.1,84,992.8,95,2.97,297,0.29,11.0,2.0,9.0
2026-07-16T06:00,16.7,82,992.5,100,2.89,298,0.34,48.0,5.0,43.0
2026-07-16T07:00,17.2,80,992.3,98,3.09,309,0.39,70.0,8.0,62.0
2026-07-16T08:00,17.4,79,992.3,100,3.73,328,0.42,149.0,34.0,115.0
2026-07-16T09:00,16.8,82,992.8,98,4.19,343,0.34,86.0,0.0,86.0
2026-07-16T10:00,17.6,78,993.1,100,4.46,350,0.44,207.0,28.0,179.0
2026-07-16T11:00,18.1,71,993.7,22,5.03,354,0.61,437.0,157.0,280.0
2026-07-16T12:00,18.7,65,994.1,23,5.30,358,0.74,731.0,601.0,130.0
2026-07-16T13:00,18.9,57,994.5,100,5.65,359,0.93,771.0,646.0,125.0
2026-07-16T14:00,18.2,56,994.9,91,5.40,358,0.91,620.0,325.0,295.0
2026-07-16T15:00,18.8,51,995.6,30,4.98,354,1.07,638.0,419.0,219.0
2026-07-16T16:00,18.3,51,995.9,22,4.97,355,1.04,601.0,451.0,150.0
2026-07-16T17:00,17.5,53,996.6,24,5.54,7,0.94,507.0,395.0,112.0
2026-07-16T18:00,16.6,55,997.1,88,4.84,8,0.86,376.0,280.0,96.0
2026-07-16T19:00,15.9,55,997.4,16,4.44,14,0.82,227.0,131.0,96.0
2026-07-16T20:00,15.1,60,997.6,3,3.34,19,0.69,120.0,72.0,48.0
2026-07-16T21:00,14.4,63,997.8,4,2.86,16,0.61,27.0,13.0,14.0
2026-07-16T22:00,13.8,64,997.9,3,2.99,10,0.57,0.0,0.0,0.0
2026-07-16T23:00,13.3,64,998.3,17,3.18,7,0.55,0.0,0.0,0.0
2026-07-17T00:00,12.6,68,998.9,1,3.05,18,0.47,0.0,0.0,0.0
2026-07-17T01:00,11.8,70,999.1,2,3.10,15,0.41,0.0,0.0,0.0
2026-07-17T02:00,11.2,70,999.0,0,3.27,6,0.39,0.0,0.0,0.0
2026-07-17T03:00,10.6,70,999.0,0,3.00,359,0.38,0.0,0.0,0.0
2026-07-17T04:00,10.1,72,999.0,0,2.89,351,0.35,0.0,0.0,0.0
2026-07-17T05:00,10.0,74,999.2,0,2.83,343,0.32,16.0,7.0,9.0
2026-07-17T06:00,10.7,73,999.6,0,2.51,343,0.34,106.0,68.0,38.0
2026-07-17T07:00,11.8,74,999.7,0,2.53,338,0.36,239.0,181.0,58.0
2026-07-17T08:00,13.1,66,999.8,0,3.70,359,0.52,386.0,315.0,71.0
2026-07-17T09:00,14.6,57,999.9,0,3.95,359,0.71,529.0,449.0,80.0
2026-07-17T10:00,15.6,57,999.7,0,3.90,350,0.77,657.0,570.0,87.0
2026-07-17T11:00,16.8,55,999.4,2,4.12,346,0.86,756.0,665.0,91.0
2026-07-17T12:00,17.9,53,999.1,3,4.32,344,0.96,811.0,709.0,102.0
2026-07-17T13:00,18.9,49,998.8,1,4.39,345,1.10,841.0,742.0,99.0
2026-07-17T14:00,19.6,47,998.8,0,4.33,349,1.21,825.0,732.0,93.0
2026-07-17T15:00,20.8,45,998.3,0,4.08,349,1.36,766.0,676.0,90.0
2026-07-17T16:00,21.0,44,998.4,0,4.01,350,1.39,671.0,586.0,85.0
2026-07-17T17:00,21.0,45,998.3,0,3.96,350,1.37,548.0,469.0,79.0
2026-07-17T18:00,20.7,45,998.1,0,3.93,353,1.33,407.0,337.0,70.0
2026-07-17T19:00,20.1,49,998.1,0,3.36,355,1.19,261.0,203.0,58.0
2026-07-17T20:00,19.1,56,998.2,0,2.66,356,0.98,126.0,85.0,41.0
2026-07-17T21:00,18.0,61,998.0,0,2.00,359,0.81,26.0,13.0,13.0
2026-07-17T22:00,16.8,68,998.4,0,2.00,3,0.61,0.0,0.0,0.0
2026-07-17T23:00,16.0,71,998.4,0,2.00,13,0.53,0.0,0.0,0.0
2026-07-18T00:00,15.2,72,998.7,0,1.81,6,0.48,0.0,0.0,0.0
2026-07-18T01:00,14.6,74,998.8,0,1.55,358,0.43,0.0,0.0,0.0
2026-07-18T02:00,14.1,77,998.9,0,1.39,345,0.37,0.0,0.0,0.0
2026-07-18T03:00,13.4,83,998.9,0,1.04,325,0.25,0.0,0.0,0.0
2026-07-18T04:00,13.1,85,999.0,0,1.15,326,0.23,0.0,0.0,0.0
2026-07-18T05:00,13.0,87,999.3,0,1.04,325,0.20,14.0,6.0,8.0
2026-07-18T06:00,14.0,84,999.6,0,1.18,324,0.26,100.0,63.0,37.0
2026-07-18T07:00,15.5,81,999.8,0,0.64,321,0.34,228.0,172.0,56.0
2026-07-18T08:00,17.5,73,999.8,0,0.55,355,0.54,372.0,302.0,70.0
2026-07-18T09:00,19.5,59,999.7,0,0.65,4,0.93,513.0,434.0,79.0
2026-07-18T10:00,20.7,53,999.4,0,0.85,357,1.15,640.0,555.0,85.0
2026-07-18T11:00,21.7,50,999.4,0,0.85,360,1.31,738.0,649.0,89.0
2026-07-18T12:00,22.7,47,999.1,0,0.80,4,1.46,802.0,710.0,92.0
2026-07-18T13:00,23.6,45,998.8,0,0.85,357,1.59,826.0,733.0,93.0
2026-07-18T14:00,24.3,44,998.5,0,0.85,360,1.71,808.0,716.0,92.0
2026-07-18T15:00,24.9,39,998.2,1,0.57,345,1.93,750.0,661.0,89.0
2026-07-18T16:00,25.6,37,997.9,0,0.22,333,2.07,660.0,575.0,85.0
2026-07-18T17:00,25.6,37,997.6,0,0.05,270,2.07,538.0,460.0,78.0
2026-07-18T18:00,25.5,38,997.4,0,0.18,236,2.03,399.0,329.0,70.0
2026-07-18T19:00,25.2,38,997.1,0,0.39,220,1.97,254.0,196.0,58.0
2026-07-18T20:00,24.4,45,997.0,0,0.74,222,1.67,121.0,81.0,40.0
2026-07-18T21:00,22.7,55,996.8,0,0.95,198,1.25,24.0,12.0,12.0
2026-07-18T22:00,21.7,53,996.8,0,1.62,202,1.22,0.0,0.0,0.0
2026-07-18T23:00,20.5,58,997.0,0,1.74,219,1.01,0.0,0.0,0.0
2026-07-19T00:00,19.5,63,997.5,0,1.88,241,0.84,0.0,0.0,0.0
2026-07-19T01:00,18.5,66,997.5,0,1.59,242,0.72,0.0,0.0,0.0
2026-07-19T02:00,17.9,67,997.5,0,1.13,225,0.67,0.0,0.0,0.0
2026-07-19T03:00,16.8,76,997.8,0,0.54,236,0.46,0.0,0.0,0.0
2026-07-19T04:00,16.1,78,997.6,0,0.71,231,0.40,0.0,0.0,0.0
2026-07-19T05:00,15.9,80,997.5,0,0.92,202,0.36,13.0,6.0,7.0
2026-07-19T06:00,16.6,79,997.6,0,0.89,196,0.39,98.0,62.0,36.0
2026-07-19T07:00,18.0,75,997.7,0,0.55,180,0.52,227.0,172.0,55.0
2026-07-19T08:00,20.1,64,997.7,0,0.67,167,0.83,373.0,305.0,68.0
2026-07-19T09:00,22.4,45,997.8,0,1.66,213,1.49,517.0,440.0,77.0
2026-07-19T10:00,23.5,39,997.8,0,1.77,209,1.78,643.0,561.0,82.0
2026-07-19T11:00,24.4,35,997.8,0,1.75,204,1.98,744.0,657.0,87.0
2026-07-19T12:00,25.3,33,997.8,0,1.75,204,2.16,808.0,719.0,89.0
2026-07-19T13:00,26.1,32,997.6,0,1.86,204,2.29,831.0,741.0,90.0
2026-07-19T14:00,26.6,32,997.3,0,2.04,202,2.37,812.0,723.0,89.0
2026-07-19T15:00,27.6,29,997.1,0,2.06,209,2.62,754.0,666.0,88.0
2026-07-19T16:00,27.9,30,996.8,0,2.21,218,2.63,659.0,575.0,84.0
2026-07-19T17:00,27.7,33,996.5,0,2.27,220,2.50,535.0,458.0,77.0
2026-07-19T18:00,27.3,35,996.6,0,2.55,228,2.36,395.0,326.0,69.0
2026-07-19T19:00,26.6,38,996.4,0,2.63,237,2.16,250.0,192.0,58.0
2026-07-19T20:00,25.9,41,996.3,0,2.29,238,1.97,118.0,78.0,40.0
2026-07-19T21:00,24.9,45,996.4,0,1.86,234,1.73,23.0,11.0,12.0
2026-07-19T22:00,23.5,53,996.4,0,1.80,226,1.36,0.0,0.0,0.0
2026-07-19T23:00,22.3,60,996.6,2,1.72,234,1.09,0.0,0.0,0.0
2026-07-20T00:00,21.2,65,996.8,47,1.62,248,0.87,0.0,0.0,0.0
2026-07-20T01:00,20.2,70,997.0,100,1.47,252,0.71,0.0,0.0,0.0
2026-07-20T02:00,19.5,73,996.9,53,1.19,242,0.60,0.0,0.0,0.0
2026-07-20T03:00,18.3,79,996.8,25,0.92,229,0.44,0.0,0.0,0.0
2026-07-20T04:00,17.7,80,996.7,86,1.25,233,0.39,0.0,0.0,0.0
2026-07-20T05:00,17.5,81,996.6,100,1.24,223,0.38,12.0,4.0,8.0
2026-07-20T06:00,18.2,79,996.5,98,0.94,212,0.44,85.0,36.0,49.0
2026-07-20T07:00,19.5,74,996.7,30,0.69,210,0.59,212.0,139.0,73.0
2026-07-20T08:00,21.6,63,996.6,27,0.69,210,0.94,363.0,286.0,77.0
2026-07-20T09:00,24.2,48,996.6,52,1.38,199,1.58,506.0,422.0,84.0
2026-07-20T10:00,25.3,42,996.5,63,1.87,196,1.86,622.0,512.0,110.0
2026-07-20T11:00,26.2,38,996.5,45,1.93,197,2.10,723.0,611.0,112.0
2026-07-20T12:00,27.0,36,996.3,87,1.80,199,2.29,786.0,670.0,116.0
2026-07-20T13:00,27.6,33,996.0,100,1.97,207,2.45,790.0,623.0,167.0
2026-07-20T14:00,27.8,32,995.7,100,2.23,214,2.52,707.0,445.0,262.0
2026-07-20T15:00,28.5,33,995.7,100,2.60,218,2.59,656.0,415.0,241.0
2026-07-20T16:00,28.2,35,995.5,100,2.45,221,2.49,498.0,219.0,279.0
2026-07-20T17:00,27.9,35,995.1,100,2.38,219,2.45,332.0,86.0,246.0
2026-07-20T18:00,27.4,37,994.7,100,2.69,211,2.29,247.0,59.0,188.0
2026-07-20T19:00,26.7,40,994.5,100,2.66,200,2.09,135.0,18.0,117.0
2026-07-20T20:00,25.9,44,994.7,100,2.98,209,1.85,74.0,7.0,67.0
2026-07-20T21:00,24.6,50,994.7,98,2.69,222,1.56,14.0,0.0,14.0
2026-07-20T22:00,23.5,52,994.8,98,2.27,220,1.38,0.0,0.0,0.0
2026-07-20T23:00,22.9,55,994.6,50,1.71,201,1.26,0.0,0.0,0.0
2026-07-21T00:00,22.2,58,994.8,96,1.65,177,1.11,0.0,0.0,0.0
2026-07-21T01:00,21.9,61,994.6,30,1.55,176,1.03,0.0,0.0,0.0
2026-07-21T02:00,21.6,63,994.0,37,1.88,155,0.95,0.0,0.0,0.0
2026-07-21T03:00,20.9,68,994.0,38,1.94,136,0.79,0.0,0.0,0.0
2026-07-21T04:00,20.4,69,993.6,98,2.35,156,0.74,0.0,0.0,0.0
2026-07-21T05:00,20.0,72,993.4,100,1.99,192,0.65,9.0,1.0,8.0
2026-07-21T06:00,20.1,73,993.4,50,1.50,206,0.62,61.0,6.0,55.0
2026-07-21T07:00,20.7,71,993.1,38,1.30,184,0.71,181.0,98.0,83.0
2026-07-21T08:00,22.0,66,993.0,80,0.97,192,0.89,329.0,241.0,88.0
2026-07-21T09:00,20.1,83,993.4,97,1.81,219,0.40,361.0,219.0,142.0
2026-07-21T10:00,21.9,76,993.2,95,1.72,210,0.63,489.0,284.0,205.0
2026-07-21T11:00,22.9,71,993.4,100,1.98,223,0.81,523.0,302.0,221.0
2026-07-21T12:00,23.1,68,993.0,100,2.88,236,0.89,369.0,53.0,316.0
2026-07-21T13:00,21.7,77,993.0,100,2.51,241,0.61,385.0,94.0,291.0
2026-07-21T14:00,23.7,68,992.6,100,1.98,236,0.95,589.0,297.0,292.0
2026-07-21T15:00,24.9,56,992.7,85,2.20,240,1.38,461.0,187.0,274.0
2026-07-21T16:00,24.9,56,992.3,60,2.26,245,1.39,518.0,360.0,158.0
2026-07-21T17:00,24.8,56,992.2,98,2.41,249,1.38,491.0,380.0,111.0
2026-07-21T18:00,23.9,58,992.1,97,2.42,248,1.24,295.0,179.0,116.0
2026-07-21T19:00,23.0,60,992.5,98,2.79,255,1.14,185.0,89.0,96.0
2026-07-21T20:00,22.1,61,992.5,95,2.35,272,1.03,70.0,6.0,64.0
2026-07-21T21:00,21.4,69,992.3,99,1.37,280,0.79,14.0,2.0,12.0
2026-07-21T22:00,20.8,68,992.0,98,1.80,289,0.78,0.0,0.0,0.0
2026-07-21T23:00,20.0,71,991.8,99,1.60,284,0.69,0.0,0.0,0.0
2026-07-22T00:00,19.3,73,991.6,100,1.64,290,0.61,0.0,0.0,0.0
2026-07-22T01:00,18.6,75,991.6,100,1.71,285,0.53,0.0,0.0,0.0
2026-07-22T02:00,18.2,77,991.6,100,1.45,274,0.48,0.0,0.0,0.0
2026-07-22T03:00,17.8,77,991.0,100,1.15,252,0.47,0.0,0.0,0.0
2026-07-22T04:00,17.4,80,990.4,100,1.46,262,0.40,0.0,0.0,0.0
2026-07-22T05:00,17.1,81,989.6,100,1.70,272,0.37,3.0,0.0,3.0
2026-07-22T06:00,17.0,81,989.6,100,1.53,259,0.36,21.0,0.0,21.0
2026-07-22T07:00,17.6,80,989.8,100,1.32,241,0.41,102.0,12.0,90.0
2026-07-22T08:00,18.9,73,989.8,48,1.23,243,0.58,252.0,122.0,130.0
2026-07-22T09:00,20.7,57,989.5,88,1.60,250,1.06,483.0,372.0,111.0
2026-07-22T10:00,21.4,51,989.3,93,1.83,235,1.26,531.0,381.0,150.0
2026-07-22T11:00,22.2,46,989.3,92,2.26,225,1.44,639.0,444.0,195.0
2026-07-22T12:00,23.0,43,989.4,96,2.38,219,1.59,736.0,567.0,169.0
2026-07-22T13:00,23.4,40,989.4,63,2.59,220,1.71,718.0,512.0,206.0
2026-07-22T14:00,23.9,38,989.1,25,2.48,214,1.84,725.0,574.0,151.0
2026-07-22T15:00,24.3,36,988.9,27,3.26,216,1.95,667.0,547.0,120.0
2026-07-22T16:00,23.8,38,988.7,84,3.23,212,1.83,565.0,461.0,104.0
2026-07-22T17:00,23.8,37,988.7,94,3.27,209,1.85,478.0,364.0,114.0
2026-07-22T18:00,22.7,43,988.9,82,3.15,213,1.58,260.0,145.0,115.0
2026-07-22T19:00,22.0,48,989.1,67,2.69,215,1.38,196.0,113.0,83.0
2026-07-22T20:00,21.3,54,989.0,73,2.08,210,1.15,93.0,51.0,42.0
2026-07-22T21:00,20.2,61,989.1,29,2.02,210,0.92,16.0,5.0,11.0
2026-07-22T22:00,19.3,66,989.1,37,2.08,207,0.75,0.0,0.0,0.0
2026-07-22T23:00,18.6,70,988.9,81,2.02,222,0.63,0.0,0.0,0.0
2026-07-23T00:00,17.9,74,988.9,54,1.86,243,0.54,0.0,0.0,0.0
2026-07-23T01:00,17.0,78,988.8,5,1.71,249,0.44,0.0,0.0,0.0
2026-07-23T02:00,16.2,81,988.6,35,2.02,250,0.36,0.0,0.0,0.0
2026-07-23T03:00,16.1,82,988.3,48,3.20,272,0.34,0.0,0.0,0.0
2026-07-23T04:00,15.2,86,988.4,73,2.21,264,0.25,0.0,0.0,0.0
2026-07-23T05:00,14.8,89,988.7,82,1.93,211,0.18,5.0,1.0,4.0
2026-07-23T06:00,14.7,91,988.6,57,1.53,218,0.15,66.0,20.0,46.0
2026-07-23T07:00,15.2,88,988.9,58,2.41,249,0.21,184.0,107.0,77.0
2026-07-23T08:00,16.1,83,989.1,100,2.28,251,0.31,239.0,75.0,164.0
2026-07-23T09:00,16.3,81,989.3,100,2.39,244,0.35,240.0,43.0,197.0
2026-07-23T10:00,17.4,72,989.6,38,3.14,256,0.55,423.0,157.0,266.0
2026-07-23T11:00,18.3,69,990.0,86,3.09,261,0.64,543.0,335.0,208.0
2026-07-23T12:00,19.0,66,990.3,66,3.15,267,0.76,604.0,341.0,263.0
2026-07-23T13:00,19.3,63,990.4,20,3.36,275,0.83,504.0,274.0,230.0
2026-07-23T14:00,20.5,57,990.5,16,3.23,278,1.04,680.0,509.0,171.0
2026-07-23T15:00,21.3,52,990.6,19,2.57,283,1.22,669.0,541.0,128.0
2026-07-23T16:00,21.6,51,990.6,21,2.13,279,1.27,600.0,498.0,102.0
2026-07-23T17:00,21.6,51,991.0,17,1.60,268,1.26,463.0,361.0,102.0
2026-07-23T18:00,21.6,52,991.3,23,1.28,249,1.22,330.0,236.0,94.0
2026-07-23T19:00,20.0,59,991.4,74,1.56,277,0.96,168.0,95.0,73.0
2026-07-23T20:00,19.0,66,991.6,34,1.35,266,0.75,71.0,31.0,40.0
2026-07-23T21:00,18.9,74,991.9,36,0.51,259,0.57,14.0,5.0,9.0
2026-07-23T22:00,18.3,73,992.1,20,0.80,274,0.57,0.0,0.0,0.0
2026-07-23T23:00,17.8,78,992.3,18,1.03,284,0.45,0.0,0.0,0.0
2026-07-24T00:00,16.9,84,992.5,13,1.06,289,0.31,0.0,0.0,0.0
2026-07-24T01:00,16.2,89,992.5,16,1.03,321,0.21,0.0,0.0,0.0
2026-07-24T02:00,15.8,91,992.5,6,0.97,12,0.17,0.0,0.0,0.0
2026-07-24T03:00,15.2,91,992.8,43,0.74,42,0.15,0.0,0.0,0.0
2026-07-24T04:00,15.0,91,993.0,15,1.27,42,0.15,0.0,0.0,0.0
2026-07-24T05:00,14.8,92,993.0,100,1.20,48,0.14,7.0,2.0,5.0
2026-07-24T06:00,15.2,90,993.2,48,1.08,34,0.17,65.0,23.0,42.0
2026-07-24T07:00,16.0,86,993.4,63,0.93,54,0.26,154.0,71.0,83.0
2026-07-24T08:00,17.3,81,993.6,66,1.03,51,0.38,279.0,148.0,131.0
2026-07-24T09:00,19.3,73,993.5,98,1.25,53,0.61,390.0,264.0,126.0
2026-07-24T10:00,20.5,60,993.2,99,1.76,83,0.97,533.0,362.0,171.0
2026-07-24T11:00,21.1,58,993.4,86,1.50,69,1.05,593.0,362.0,231.0
2026-07-24T12:00,21.5,57,993.4,98,1.61,64,1.10,630.0,444.0,186.0
2026-07-24T13:00,21.8,56,992.8,98,1.59,62,1.15,670.0,391.0,279.0
2026-07-24T14:00,22.0,55,992.5,100,1.40,55,1.19,539.0,224.0,315.0
2026-07-24T15:00,23.3,42,992.7,96,2.32,57,1.65,542.0,267.0,275.0
2026-07-24T16:00,23.4,41,992.2,99,2.30,56,1.71,549.0,408.0,141.0
2026-07-24T17:00,22.8,42,991.9,100,3.09,51,1.60,364.0,150.0,214.0
2026-07-24T18:00,21.6,51,991.9,100,3.08,54,1.25,178.0,18.0,160.0
2026-07-24T19:00,21.0,57,991.8,92,2.79,44,1.08,141.0,28.0,113.0
2026-07-24T20:00,20.3,62,991.7,86,2.37,35,0.90,72.0,17.0,55.0
2026-07-24T21:00,19.5,71,992.1,100,2.44,55,0.65,11.0,2.0,9.0
2026-07-24T22:00,18.7,76,991.7,100,2.08,55,0.51,0.0,0.0,0.0
2026-07-24T23:00,18.1,81,991.6,100,1.97,24,0.40,0.0,0.0,0.0
2026-07-25T00:00,17.6,84,991.6,100,1.74,18,0.33,0.0,0.0,0.0
2026-07-25T01:00,17.3,86,991.3,100,1.44,20,0.28,0.0,0.0,0.0
2026-07-25T02:00,17.1,87,991.2,100,1.35,358,0.25,0.0,0.0,0.0
2026-07-25T03:00,16.6,88,991.2,96,1.53,349,0.23,0.0,0.0,0.0
2026-07-25T04:00,16.3,89,991.1,100,1.60,358,0.20,0.0,0.0,0.0
2026-07-25T05:00,16.2,90,991.1,100,1.70,3,0.19,5.0,0.0,5.0
2026-07-25T06:00,16.4,89,991.3,99,1.51,354,0.21,50.0,6.0,44.0
2026-07-25T07:00,16.9,86,991.5,100,1.41,352,0.26,130.0,36.0,94.0
2026-07-25T08:00,17.8,83,991.6,99,1.23,348,0.35,206.0,52.0,154.0
2026-07-25T09:00,18.1,80,991.6,93,1.01,351,0.41,282.0,54.0,228.0
2026-07-25T10:00,19.7,70,991.8,95,1.25,53,0.69,361.0,125.0,236.0
2026-07-25T11:00,20.1,67,992.0,100,1.36,82,0.77,396.0,131.0,265.0
2026-07-25T12:00,19.7,69,992.2,100,0.98,75,0.72,280.0,6.0,274.0
2026-07-25T13:00,20.1,65,992.2,99,1.06,41,0.83,396.0,85.0,311.0
2026-07-25T14:00,21.2,59,992.4,85,1.17,43,1.04,622.0,304.0,318.0
2026-07-25T15:00,21.3,53,992.5,13,1.41,45,1.20,642.0,472.0,170.0
2026-07-25T16:00,21.5,52,992.6,6,1.03,51,1.23,608.0,507.0,101.0
2026-07-25T17:00,21.5,51,992.3,9,1.13,41,1.26,499.0,418.0,81.0
2026-07-25T18:00,21.4,51,992.6,4,0.82,38,1.24,364.0,293.0,71.0
2026-07-25T19:00,21.1,53,992.5,14,0.95,18,1.18,229.0,172.0,57.0
2026-07-25T20:00,20.3,64,992.6,41,0.78,27,0.85,100.0,63.0,37.0
2026-07-25T21:00,18.8,69,993.1,81,1.15,90,0.68,14.0,6.0,8.0
2026-07-25T22:00,17.9,72,992.9,96,1.86,84,0.58,0.0,0.0,0.0
2026-07-25T23:00,17.0,79,993.1,96,1.80,93,0.41,0.0,0.0,0.0
2026-07-26T00:00,16.3,84,993.1,100,1.58,79,0.30,0.0,0.0,0.0
2026-07-26T01:00,15.8,87,993.0,99,1.48,78,0.24,0.0,0.0,0.0
2026-07-26T02:00,15.3,90,993.0,100,1.25,37,0.18,0.0,0.0,0.0
2026-07-26T03:00,15.0,91,992.8,100,1.28,21,0.15,0.0,0.0,0.0
2026-07-26T04:00,14.8,93,992.1,100,1.72,26,0.12,0.0,0.0,0.0
2026-07-26T05:00,14.8,94,992.3,100,1.50,26,0.10,2.0,0.0,2.0
2026-07-26T06:00,15.0,94,992.3,100,1.46,22,0.10,11.0,0.0,11.0
2026-07-26T07:00,15.0,95,992.1,100,1.85,360,0.09,23.0,0.0,23.0
2026-07-26T08:00,15.5,96,992.2,100,1.63,342,0.08,70.0,0.0,70.0
2026-07-26T09:00,16.1,93,992.1,100,1.83,349,0.12,71.0,0.0,71.0
2026-07-26T10:00,17.3,87,991.3,100,2.46,355,0.25,268.0,88.0,180.0
2026-07-26T11:00,18.7,78,990.9,100,2.97,17,0.47,428.0,150.0,278.0
2026-07-26T12:00,18.8,75,990.8,100,3.13,20,0.53,299.0,47.0,252.0
2026-07-26T13:00,19.1,75,990.5,100,3.13,27,0.55,309.0,54.0,255.0
2026-07-26T14:00,19.0,76,990.6,100,2.79,21,0.54,272.0,26.0,246.0
2026-07-26T15:00,19.7,69,990.5,100,3.04,9,0.72,201.0,2.0,199.0
2026-07-26T16:00,19.6,68,989.8,100,3.39,9,0.74,282.0,38.0,244.0
2026-07-26T17:00,19.0,71,989.7,100,2.55,20,0.63,172.0,8.0,164.0
2026-07-26T18:00,18.0,79,989.6,100,1.66,29,0.43,46.0,0.0,46.0
2026-07-26T19:00,17.5,84,989.3,100,1.97,351,0.32,36.0,0.0,36.0
2026-07-26T20:00,17.3,86,989.4,98,1.68,333,0.28,46.0,4.0,42.0
2026-07-26T21:00,17.3,89,988.6,100,2.42,330,0.23,8.0,0.0,8.0
2026-07-26T22:00,17.2,90,988.4,100,2.18,328,0.20,0.0,0.0,0.0
2026-07-26T23:00,17.0,91,988.3,100,2.13,311,0.17,0.0,0.0,0.0
2026-07-27T00:00,16.7,93,988.4,96,2.24,297,0.13,0.0,0.0,0.0
2026-07-27T01:00,16.4,94,987.9,41,2.61,290,0.10,0.0,0.0,0.0
2026-07-27T02:00,16.2,94,988.0,47,2.99,288,0.11,0.0,0.0,0.0
2026-07-27T03:00,15.8,96,988.9,16,2.66,282,0.07,0.0,0.0,0.0
2026-07-27T04:00,15.6,96,988.3,16,2.64,289,0.07,0.0,0.0,0.0
2026-07-27T05:00,15.6,96,988.3,63,2.25,282,0.07,4.0,1.0,3.0
2026-07-27T06:00,16.1,94,988.6,9,2.42,277,0.10,52.0,17.0,35.0
2026-07-27T07:00,16.9,92,988.8,19,2.05,271,0.15,181.0,120.0,61.0
2026-07-27T08:00,18.1,87,988.8,1,1.80,273,0.28,322.0,242.0,80.0
2026-07-27T09:00,19.2,73,988.9,3,2.23,261,0.60,484.0,407.0,77.0
2026-07-27T10:00,20.9,73,989.2,5,2.13,261,0.67,607.0,519.0,88.0
2026-07-27T11:00,22.2,66,989.3,13,2.52,262,0.90,680.0,580.0,100.0
2026-07-27T12:00,23.2,60,989.5,12,2.72,264,1.12,727.0,625.0,102.0
2026-07-27T13:00,24.0,55,989.6,23,2.96,265,1.33,735.0,624.0,111.0
2026-07-27T14:00,24.2,53,989.6,30,2.90,255,1.40,634.0,497.0,137.0
2026-07-27T15:00,24.6,47,989.6,30,3.35,250,1.65,642.0,510.0,132.0
2026-07-27T16:00,24.5,46,989.6,36,3.05,249,1.65,562.0,444.0,118.0
2026-07-27T17:00,24.7,45,989.3,29,2.68,243,1.72,461.0,367.0,94.0
2026-07-27T18:00,24.6,46,989.5,14,2.08,235,1.67,337.0,258.0,79.0
2026-07-27T19:00,24.1,52,989.6,8,1.82,217,1.44,209.0,152.0,57.0
2026-07-27T20:00,22.7,59,989.7,8,2.16,214,1.14,93.0,58.0,35.0
2026-07-27T21:00,21.6,62,989.6,11,2.07,212,0.98,12.0,5.0,7.0
2026-07-27T22:00,20.9,65,989.9,5,2.18,200,0.87,0.0,0.0,0.0
2026-07-27T23:00,19.9,70,989.7,4,2.43,188,0.70,0.0,0.0,0.0
2026-07-28T00:00,19.3,72,989.8,5,2.54,190,0.62,0.0,0.0,0.0
2026-07-28T01:00,18.8,73,989.8,5,2.56,192,0.59,0.0,0.0,0.0
2026-07-28T02:00,18.4,73,989.7,5,2.68,189,0.57,0.0,0.0,0.0
2026-07-28T03:00,18.0,78,989.8,2,2.25,183,0.45,0.0,0.0,0.0
2026-07-28T04:00,17.6,79,989.7,5,2.45,184,0.41,0.0,0.0,0.0
2026-07-28T05:00,17.2,81,989.7,9,2.36,185,0.37,5.0,2.0,3.0
2026-07-28T06:00,17.8,79,989.8,8,2.15,179,0.42,72.0,42.0,30.0
2026-07-28T07:00,18.6,79,990.1,8,1.76,160,0.45,192.0,137.0,55.0
2026-07-28T08:00,19.9,76,990.1,47,1.90,162,0.55,335.0,267.0,68.0
2026-07-28T09:00,22.0,71,989.9,62,1.93,159,0.76,473.0,392.0,81.0
2026-07-28T10:00,23.6,66,990.0,99,2.38,165,0.98,587.0,472.0,115.0
2026-07-28T11:00,24.8,60,989.8,100,2.61,163,1.26,653.0,471.0,182.0
2026-07-28T12:00,25.8,53,989.7,100,2.99,159,1.55,693.0,471.0,222.0
2026-07-28T13:00,26.5,47,989.0,99,3.15,162,1.82,701.0,464.0,237.0
2026-07-28T14:00,24.9,52,989.3,95,2.64,165,1.51,614.0,388.0,226.0
2026-07-28T15:00,28.0,32,988.7,46,3.48,159,2.59,586.0,330.0,256.0
2026-07-28T16:00,27.8,30,988.6,38,4.89,172,2.60,564.0,448.0,116.0
2026-07-28T17:00,27.0,34,988.7,68,4.57,170,2.36,477.0,382.0,95.0
2026-07-28T18:00,26.1,39,988.7,42,3.69,159,2.06,305.0,220.0,85.0
2026-07-28T19:00,24.7,46,988.7,80,3.13,160,1.69,175.0,117.0,58.0
2026-07-28T20:00,23.6,52,988.7,84,4.02,159,1.40,68.0,26.0,42.0
2026-07-28T21:00,21.7,59,989.3,99,3.53,196,1.07,9.0,1.0,8.0
2026-07-28T22:00,20.0,67,989.3,100,2.80,179,0.78,0.0,0.0,0.0
2026-07-28T23:00,18.7,76,989.2,100,2.91,156,0.52,0.0,0.0,0.0
2026-07-29T00:00,18.3,80,989.3,98,2.91,153,0.42,0.0,0.0,0.0
2026-07-29T01:00,17.8,84,989.0,27,2.40,144,0.32,0.0,0.0,0.0
2026-07-29T02:00,17.2,88,988.8,51,2.59,139,0.23,0.0,0.0,0.0
2026-07-29T03:00,16.8,91,988.8,38,0.79,162,0.17,0.0,0.0,0.0
2026-07-29T04:00,16.5,92,988.4,34,2.00,177,0.14,0.0,0.0,0.0
2026-07-29T05:00,15.9,93,988.4,99,2.24,207,0.12,3.0,1.0,2.0
2026-07-29T06:00,15.9,91,988.7,100,1.96,218,0.16,47.0,13.0,34.0
2026-07-29T07:00,16.1,89,988.8,100,2.50,237,0.19,69.0,1.0,68.0
2026-07-29T08:00,16.5,86,988.8,100,2.45,250,0.26,92.0,0.0,92.0
2026-07-29T09:00,16.3,82,988.9,100,2.21,237,0.34,146.0,1.0,145.0
2026-07-29T10:00,16.9,78,989.1,100,1.84,241,0.42,180.0,36.0,144.0
2026-07-29T11:00,17.7,75,989.1,100,1.24,256,0.51,265.0,83.0,182.0
2026-07-29T12:00,18.6,71,989.4,100,0.90,251,0.62,350.0,141.0,209.0
2026-07-29T13:00,18.6,73,989.5,100,0.71,231,0.59,325.0,178.0,147.0
2026-07-29T14:00,18.6,75,989.4,100,0.70,201,0.54,299.0,134.0,165.0
2026-07-29T15:00,19.3,64,989.9,100,0.63,18,0.81,240.0,260.0,-20.0
2026-07-29T16:00,19.6,62,989.3,100,0.83,335,0.86,342.0,245.0,97.0
2026-07-29T17:00,19.5,61,989.3,100,1.38,316,0.87,220.0,121.0,99.0
2026-07-29T18:00,19.2,62,989.0,100,1.71,322,0.84,87.0,40.0,47.0
2026-07-29T19:00,18.7,70,989.2,87,1.79,300,0.65,67.0,27.0,40.0
2026-07-29T20:00,17.8,80,989.3,97,2.09,318,0.40,33.0,5.0,28.0
2026-07-29T21:00,17.1,90,988.6,100,2.80,313,0.19,4.0,0.0,4.0
2026-07-29T22:00,16.3,96,987.9,100,2.53,261,0.08,0.0,0.0,0.0
2026-07-29T23:00,16.0,97,987.1,100,2.24,321,0.05,0.0,0.0,0.0
2026-07-30T00:00,16.2,97,987.2,100,2.60,16,0.05,0.0,0.0,0.0
2026-07-30T01:00,16.1,98,987.0,98,2.26,25,0.04,0.0,0.0,0.0
2026-07-30T02:00,15.9,98,987.4,50,1.94,46,0.03,0.0,0.0,0.0
2026-07-30T03:00,15.8,97,988.1,57,3.63,30,0.05,0.0,0.0,0.0
2026-07-30T04:00,15.2,98,988.5,44,2.95,28,0.04,0.0,0.0,0.0
2026-07-30T05:00,15.0,97,989.1,100,2.71,25,0.05,3.0,1.0,2.0
2026-07-30T06:00,15.6,96,989.6,63,2.60,30,0.08,35.0,2.0,33.0
2026-07-30T07:00,16.3,92,990.3,73,2.67,38,0.15,107.0,32.0,75.0
2026-07-30T08:00,16.9,88,990.6,59,2.20,41,0.23,211.0,84.0,127.0
2026-07-30T09:00,17.7,83,991.3,99,2.73,26,0.35,341.0,189.0,152.0
2026-07-30T10:00,18.7,79,991.5,99,1.78,10,0.46,325.0,108.0,217.0
2026-07-30T11:00,20.1,70,991.8,100,3.00,3,0.70,455.0,159.0,296.0
2026-07-30T12:00,20.4,74,992.1,100,3.20,358,0.62,337.0,76.0,261.0
2026-07-30T13:00,20.4,74,992.4,73,3.28,348,0.62,358.0,125.0,233.0
2026-07-30T14:00,19.7,82,992.7,100,4.94,352,0.40,501.0,218.0,283.0
2026-07-30T15:00,22.3,61,992.4,99,4.42,329,1.04,312.0,111.0,201.0
2026-07-30T16:00,22.4,62,992.4,30,4.60,318,1.02,481.0,293.0,188.0
2026-07-30T17:00,22.9,58,992.4,46,4.92,327,1.16,465.0,367.0,98.0
2026-07-30T18:00,22.4,65,992.7,55,4.62,326,0.95,301.0,217.0,84.0
2026-07-30T19:00,20.6,75,993.4,95,4.44,337,0.61,169.0,95.0,74.0
2026-07-30T20:00,19.4,85,993.8,74,4.50,330,0.34,44.0,13.0,31.0
2026-07-30T21:00,18.1,92,993.7,92,4.53,329,0.17,7.0,1.0,6.0
2026-07-30T22:00,17.9,92,993.7,92,4.35,326,0.16,0.0,0.0,0.0
2026-07-30T23:00,17.8,92,993.8,95,4.25,328,0.17,0.0,0.0,0.0
2026-07-31T00:00,17.7,92,994.0,55,3.86,329,0.17,0.0,0.0,0.0
2026-07-31T01:00,17.7,92,994.2,24,3.92,330,0.16,0.0,0.0,0.0
2026-07-31T02:00,17.5,92,994.5,36,3.88,330,0.15,0.0,0.0,0.0
2026-07-31T03:00,17.3,87,994.6,2,3.63,330,0.25,0.0,0.0,0.0
2026-07-31T04:00,16.9,88,994.8,2,3.48,325,0.24,0.0,0.0,0.0
2026-07-31T05:00,16.5,88,995.1,2,3.38,322,0.22,3.0,1.0,2.0
2026-07-31T06:00,16.7,87,995.5,3,3.48,320,0.25,64.0,35.0,29.0
2026-07-31T07:00,17.5,83,995.8,5,3.23,311,0.33,184.0,130.0,54.0
2026-07-31T08:00,18.3,79,995.7,1,3.65,319,0.44,328.0,259.0,69.0
2026-07-31T09:00,20.0,72,996.0,3,4.06,330,0.65,471.0,388.0,83.0
2026-07-31T10:00,21.1,68,996.3,7,3.86,326,0.79,586.0,483.0,103.0
2026-07-31T11:00,22.3,62,996.1,25,4.78,340,1.04,682.0,574.0,108.0
2026-07-31T12:00,23.2,57,996.1,35,4.83,344,1.22,655.0,506.0,149.0
2026-07-31T13:00,23.4,57,996.2,43,5.00,342,1.23,694.0,536.0,158.0
2026-07-31T14:00,23.7,57,996.4,27,4.73,340,1.25,696.0,551.0,145.0
2026-07-31T15:00,24.5,47,996.8,4,4.39,336,1.62,662.0,553.0,109.0
2026-07-31T16:00,24.3,47,996.7,3,4.16,334,1.62,598.0,506.0,92.0
2026-07-31T17:00,24.1,48,996.6,1,4.00,332,1.56,486.0,407.0,79.0
2026-07-31T18:00,23.5,51,996.5,0,3.52,330,1.41,354.0,286.0,68.0
2026-07-31T19:00,22.7,56,996.7,0,3.23,328,1.23,213.0,159.0,54.0
2026-07-31T20:00,21.6,61,997.4,0,2.75,331,1.00,85.0,52.0,33.0
2026-07-31T21:00,20.2,66,997.3,0,2.21,327,0.80,8.0,3.0,5.0
2026-07-31T22:00,19.2,70,997.4,0,2.27,319,0.66,0.0,0.0,0.0
2026-07-31T23:00,18.5,74,997.4,0,2.16,314,0.55,0.0,0.0,0.0
2026-08-01T00:00,17.8,77,997.6,0,2.23,304,0.47,0.0,0.0,0.0
2026-08-01T01:00,17.3,79,997.8,0,2.14,303,0.41,0.0,0.0,0.0
2026-08-01T02:00,16.8,81,998.2,0,2.33,298,0.36,0.0,0.0,0.0
2026-08-01T03:00,16.4,84,998.3,0,1.93,307,0.30,0.0,0.0,0.0
2026-08-01T04:00,15.8,86,998.2,0,1.72,300,0.26,0.0,0.0,0.0
2026-08-01T05:00,15.4,87,998.4,0,1.76,290,0.23,2.0,1.0,1.0
2026-08-01T06:00,16.0,87,998.9,0,1.74,288,0.25,64.0,37.0,27.0
2026-08-01T07:00,17.1,85,999.3,0,1.51,276,0.29,187.0,135.0,52.0
2026-08-01T08:00,18.9,80,999.5,0,1.27,279,0.43,329.0,263.0,66.0
2026-08-01T09:00,21.5,73,999.6,14,1.27,279,0.70,471.0,395.0,76.0
2026-08-01T10:00,23.6,58,999.7,15,2.08,297,1.23,596.0,512.0,84.0
2026-08-01T11:00,24.4,51,999.6,27,2.21,308,1.49,693.0,599.0,94.0
2026-08-01T12:00,25.0,49,999.6,8,1.87,304,1.60,753.0,645.0,108.0
2026-08-01T13:00,25.6,48,999.5,41,1.72,296,1.72,783.0,687.0,96.0
2026-08-01T14:00,26.0,47,999.3,53,1.66,291,1.79,759.0,649.0,110.0
2026-08-01T15:00,26.6,44,999.6,70,1.39,285,1.93,701.0,598.0,103.0
2026-08-01T16:00,26.7,44,999.3,99,1.14,285,1.95,604.0,497.0,107.0
2026-08-01T17:00,26.7,45,999.1,100,1.01,279,1.92,449.0,295.0,154.0
2026-08-01T18:00,26.4,47,998.9,1,1.26,263,1.83,337.0,242.0,95.0
2026-08-01T19:00,25.8,55,999.0,11,1.10,265,1.50,210.0,156.0,54.0
2026-08-01T20:00,24.3,65,998.9,41,0.89,243,1.08,82.0,50.0,32.0
2026-08-01T21:00,22.8,69,998.7,55,1.17,250,0.85,7.0,2.0,5.0
2026-08-01T22:00,22.2,71,999.1,56,1.66,237,0.79,0.0,0.0,0.0
2026-08-01T23:00,21.3,76,999.3,15,2.04,245,0.60,0.0,0.0,0.0
2026-08-02T00:00,20.7,80,999.3,42,1.77,248,0.50,0.0,0.0,0.0
2026-08-02T01:00,20.1,82,999.4,41,2.02,250,0.42,0.0,0.0,0.0
2026-08-02T02:00,19.8,83,999.4,88,1.97,240,0.40,0.0,0.0,0.0
2026-08-02T03:00,19.5,83,999.4,92,1.90,235,0.39,0.0,0.0,0.0
2026-08-02T04:00,18.9,84,999.2,91,1.74,221,0.35,0.0,0.0,0.0
2026-08-02T05:00,18.7,84,999.2,84,1.88,228,0.34,2.0,0.0,2.0
2026-08-02T06:00,19.3,82,999.2,20,2.02,226,0.40,55.0,23.0,32.0
2026-08-02T07:00,20.3,81,999.3,24,1.86,211,0.46,173.0,119.0,54.0
2026-08-02T08:00,21.4,78,999.0,33,1.49,200,0.56,287.0,212.0,75.0
2026-08-02T09:00,23.8,71,999.1,6,1.86,204,0.85,444.0,358.0,86.0
2026-08-02T10:00,25.4,64,999.0,4,2.37,205,1.16,562.0,466.0,96.0
2026-08-02T11:00,26.9,56,998.9,5,2.79,216,1.55,669.0,573.0,96.0
2026-08-02T12:00,28.0,50,998.8,0,3.08,224,1.89,735.0,636.0,99.0
2026-08-02T13:00,28.8,46,998.5,28,3.23,229,2.14,765.0,674.0,91.0
2026-08-02T14:00,29.4,43,998.2,10,3.43,227,2.32,751.0,659.0,92.0
2026-08-02T15:00,30.1,40,998.2,49,3.39,224,2.56,699.0,614.0,85.0
2026-08-02T16:00,30.0,41,997.7,13,3.45,219,2.48,591.0,480.0,111.0
2026-08-02T17:00,29.7,44,997.4,13,3.33,216,2.32,485.0,408.0,77.0
2026-08-02T18:00,28.9,49,997.7,57,3.04,237,2.02,312.0,233.0,79.0
2026-08-02T19:00,28.0,55,997.8,80,2.53,252,1.70,180.0,121.0,59.0
2026-08-02T20:00,26.2,61,998.0,51,3.01,291,1.31,65.0,23.0,42.0
2026-08-02T21:00,23.3,76,998.0,73,2.23,314,0.68,5.0,1.0,4.0
2026-08-02T22:00,22.0,82,998.8,98,3.03,329,0.49,0.0,0.0,0.0
2026-08-02T23:00,20.9,88,999.0,99,2.69,312,0.31,0.0,0.0,0.0
2026-08-03T00:00,20.0,94,999.6,98,2.20,300,0.14,0.0,0.0,0.0
2026-08-03T01:00,19.6,98,999.6,91,2.50,307,0.05,0.0,0.0,0.0
2026-08-03T02:00,19.5,98,999.8,100,2.33,337,0.03,0.0,0.0,0.0
2026-08-03T03:00,18.7,94,1000.6,58,2.45,359,0.12,0.0,0.0,0.0
2026-08-03T04:00,18.0,93,1000.7,39,2.20,360,0.14,0.0,0.0,0.0
2026-08-03T05:00,17.2,94,1000.9,60,1.85,358,0.13,2.0,0.0,2.0
2026-08-03T06:00,17.2,92,1001.3,45,1.83,349,0.16,55.0,26.0,29.0
2026-08-03T07:00,17.9,87,1001.7,52,1.65,346,0.27,173.0,114.0,59.0
2026-08-03T08:00,18.9,78,1002.0,54,1.58,349,0.48,313.0,232.0,81.0
2026-08-03T09:00,20.1,69,1002.4,89,1.56,354,0.73,451.0,352.0,99.0
2026-08-03T10:00,21.2,64,1002.9,85,1.16,353,0.91,547.0,390.0,157.0
2026-08-03T11:00,22.4,57,1002.9,74,1.61,344,1.16,666.0,515.0,151.0
2026-08-03T12:00,23.0,52,1002.9,46,1.79,330,1.34,596.0,368.0,228.0
2026-08-03T13:00,24.0,49,1002.7,38,1.84,315,1.53,688.0,503.0,185.0
2026-08-03T14:00,24.6,45,1002.4,29,2.10,308,1.69,704.0,569.0,135.0
2026-08-03T15:00,24.7,41,1002.5,7,1.39,308,1.84,625.0,467.0,158.0
2026-08-03T16:00,25.0,39,1002.2,48,1.72,306,1.92,600.0,504.0,96.0
2026-08-03T17:00,24.8,40,1001.9,87,1.98,304,1.88,436.0,302.0,134.0
2026-08-03T18:00,24.3,41,1001.8,9,2.18,302,1.79,264.0,140.0,124.0
2026-08-03T19:00,23.6,45,1001.7,3,2.42,297,1.60,171.0,99.0,72.0
2026-08-03T20:00,22.0,55,1001.6,5,2.41,317,1.18,74.0,40.0,34.0
2026-08-03T21:00,20.5,64,1002.1,3,1.50,2,0.87,5.0,1.0,4.0
2026-08-03T22:00,19.7,68,1002.3,2,1.29,36,0.74,0.0,0.0,0.0
2026-08-03T23:00,19.1,72,1002.4,4,0.54,34,0.63,0.0,0.0,0.0
2026-08-04T00:00,18.4,75,1002.6,0,0.52,17,0.54,0.0,0.0,0.0
2026-08-04T01:00,17.7,76,1002.8,0,1.00,6,0.48,0.0,0.0,0.0
2026-08-04T02:00,16.8,83,1002.8,5,0.60,355,0.32,0.0,0.0,0.0
2026-08-04T03:00,15.7,88,1003.1,9,0.51,11,0.22,0.0,0.0,0.0
2026-08-04T04:00,15.4,89,1003.0,1,0.10,270,0.19,0.0,0.0,0.0
2026-08-04T05:00,15.1,93,1003.0,10,0.05,270,0.12,1.0,0.0,1.0
2026-08-04T06:00,15.8,93,1003.1,46,0.59,20,0.13,56.0,31.0,25.0
2026-08-04T07:00,17.0,87,1003.2,41,0.46,41,0.24,173.0,116.0,57.0
2026-08-04T08:00,18.6,77,1003.2,13,0.25,53,0.49,316.0,240.0,76.0
2026-08-04T09:00,21.2,63,1003.6,34,0.43,144,0.92,467.0,392.0,75.0
2026-08-04T10:00,22.7,45,1003.6,97,0.41,194,1.53,588.0,489.0,99.0
2026-08-04T11:00,23.1,42,1003.3,99,0.49,225,1.64,601.0,380.0,221.0
2026-08-04T12:00,23.4,40,1003.1,64,0.46,229,1.73,609.0,343.0,266.0
2026-08-04T13:00,23.8,40,1002.8,100,0.62,256,1.77,651.0,377.0,274.0
2026-08-04T14:00,23.9,41,1002.5,100,0.72,282,1.75,571.0,249.0,322.0
2026-08-04T15:00,25.5,34,1002.1,91,1.03,313,2.14,468.0,200.0,268.0
2026-08-04T16:00,25.5,34,1001.8,97,1.13,283,2.14,459.0,234.0,225.0
2026-08-04T17:00,25.2,35,1001.5,84,1.20,268,2.08,290.0,85.0,205.0
2026-08-04T18:00,24.9,36,1001.2,80,1.30,266,2.03,193.0,43.0,150.0
2026-08-04T19:00,24.5,39,1001.0,29,1.13,283,1.89,105.0,11.0,94.0
2026-08-04T20:00,23.4,50,1000.9,2,0.60,5,1.43,67.0,35.0,32.0
2026-08-04T21:00,22.6,53,1001.0,5,0.11,153,1.29,4.0,1.0,3.0
2026-08-04T22:00,21.6,57,1001.1,8,0.40,173,1.11,0.0,0.0,0.0
2026-08-04T23:00,20.5,62,1001.0,12,0.76,188,0.92,0.0,0.0,0.0
2026-08-05T00:00,19.6,69,1001.1,2,1.32,217,0.71,0.0,0.0,0.0
2026-08-05T01:00,18.9,74,1001.0,2,1.35,228,0.56,0.0,0.0,0.0
2026-08-05T02:00,18.3,77,1000.9,8,1.45,229,0.48,0.0,0.0,0.0
2026-08-05T03:00,17.5,82,1001.0,61,0.05,180,0.36,0.0,0.0,0.0
2026-08-05T04:00,17.3,84,1000.8,99,1.25,175,0.31,0.0,0.0,0.0
2026-08-05T05:00,17.2,85,1000.7,99,1.03,209,0.30,1.0,0.0,1.0
2026-08-05T06:00,18.1,81,1000.9,97,1.14,247,0.39,39.0,4.0,35.0
2026-08-05T07:00,18.9,79,1001.0,99,1.12,238,0.46,140.0,60.0,80.0
2026-08-05T08:00,19.7,76,1001.1,100,0.96,208,0.55,220.0,67.0,153.0
2026-08-05T09:00,21.6,70,1001.1,99,1.17,190,0.78,361.0,167.0,194.0
2026-08-05T10:00,23.6,62,1001.2,82,1.43,192,1.11,475.0,260.0,215.0
2026-08-05T11:00,24.9,53,1000.9,12,2.02,200,1.49,656.0,528.0,128.0
2026-08-05T12:00,25.7,49,1000.9,17,1.88,205,1.69,710.0,606.0,104.0
2026-08-05T13:00,26.3,45,1000.7,48,1.85,218,1.87,681.0,532.0,149.0
2026-08-05T14:00,26.7,43,1000.5,19,1.87,226,1.99,670.0,503.0,167.0
2026-08-05T15:00,27.4,37,1000.2,50,1.99,231,2.28,597.0,429.0,168.0
2026-08-05T16:00,27.4,36,999.9,45,1.86,234,2.33,531.0,368.0,163.0
2026-08-05T17:00,27.5,34,999.7,52,1.88,253,2.40,434.0,330.0,104.0
2026-08-05T18:00,26.9,37,999.6,94,1.92,263,2.24,283.0,188.0,95.0
2026-08-05T19:00,26.0,47,999.5,88,1.15,268,1.79,144.0,70.0,74.0
2026-08-05T20:00,24.7,55,999.5,21,1.00,233,1.38,60.0,30.0,30.0
2026-08-05T21:00,23.2,64,999.6,52,1.22,235,1.02,3.0,1.0,2.0
2026-08-05T22:00,22.2,67,999.7,16,1.41,247,0.87,0.0,0.0,0.0
2026-08-05T23:00,21.3,71,999.6,5,1.49,228,0.74,0.0,0.0,0.0
2026-08-06T00:00,20.5,73,999.7,8,1.50,217,0.65,0.0,0.0,0.0
2026-08-06T01:00,19.9,74,999.7,6,1.43,209,0.60,0.0,0.0,0.0
2026-08-06T02:00,19.4,76,999.3,5,1.44,200,0.55,0.0,0.0,0.0
2026-08-06T03:00,18.4,83,998.9,1,0.90,183,0.36,0.0,0.0,0.0
2026-08-06T04:00,18.2,83,998.8,8,1.45,180,0.36,0.0,0.0,0.0
2026-08-06T05:00,17.9,84,998.6,17,1.76,173,0.33,1.0,0.0,1.0
2026-08-06T06:00,18.4,83,998.5,2,1.96,184,0.36,46.0,23.0,23.0
2026-08-06T07:00,19.6,81,998.6,41,2.00,181,0.44,160.0,110.0,50.0
2026-08-06T08:00,21.1,76,998.3,13,1.56,187,0.61,290.0,207.0,83.0
2026-08-06T09:00,23.0,72,998.3,32,2.07,188,0.78,434.0,349.0,85.0
2026-08-06T10:00,24.6,67,997.8,2,2.81,192,1.03,553.0,457.0,96.0
2026-08-06T11:00,26.0,61,997.6,6,3.04,197,1.31,666.0,577.0,89.0
2026-08-06T12:00,27.1,59,997.2,4,2.94,201,1.48,708.0,599.0,109.0
2026-08-06T13:00,28.2,58,997.0,15,3.05,210,1.60,742.0,639.0,103.0
2026-08-06T14:00,28.8,57,996.8,21,3.01,223,1.70,704.0,586.0,118.0
2026-08-06T15:00,30.0,46,996.4,13,2.39,217,2.27,657.0,552.0,105.0
2026-08-06T16:00,30.3,44,996.0,27,2.77,229,2.41,552.0,452.0,100.0
2026-08-06T17:00,30.0,45,995.9,66,3.00,242,2.31,437.0,348.0,89.0
2026-08-06T18:00,29.0,50,995.5,30,2.62,239,1.99,283.0,185.0,98.0
2026-08-06T19:00,28.3,55,995.6,16,2.18,254,1.71,178.0,120.0,58.0
2026-08-06T20:00,27.0,64,995.8,42,1.57,248,1.29,64.0,35.0,29.0
2026-08-06T21:00,26.5,69,995.4,63,1.77,227,1.06,3.0,0.0,3.0
2026-08-06T22:00,25.8,73,995.6,98,2.16,228,0.90,0.0,0.0,0.0
2026-08-06T23:00,25.1,75,995.4,98,2.19,235,0.79,0.0,0.0,0.0
2026-08-07T00:00,24.4,78,995.2,97,2.15,234,0.67,0.0,0.0,0.0
2026-08-07T01:00,23.7,81,995.1,6,2.28,251,0.57,0.0,0.0,0.0
2026-08-07T02:00,22.9,83,994.9,11,2.21,257,0.46,0.0,0.0,0.0
2026-08-07T03:00,21.0,94,994.6,41,1.25,241,0.15,0.0,0.0,0.0
2026-08-07T04:00,20.6,95,994.6,34,1.46,248,0.12,0.0,0.0,0.0
2026-08-07T05:00,20.3,96,994.6,91,1.45,243,0.09,0.0,0.0,0.0
2026-08-07T06:00,20.6,95,994.5,96,1.48,237,0.11,41.0,13.0,28.0
2026-08-07T07:00,21.5,92,994.6,95,1.17,239,0.20,134.0,55.0,79.0
2026-08-07T08:00,22.9,88,994.4,75,0.81,227,0.33,260.0,147.0,113.0
2026-08-07T09:00,24.6,78,994.6,0,1.31,220,0.68,419.0,318.0,101.0
2026-08-07T10:00,26.3,68,994.5,4,1.67,219,1.10,559.0,477.0,82.0
2026-08-07T11:00,27.8,61,994.4,20,2.30,228,1.45,658.0,571.0,87.0
2026-08-07T12:00,27.0,63,994.6,84,3.69,243,1.30,727.0,629.0,98.0
2026-08-07T13:00,27.5,62,993.6,18,3.01,227,1.39,574.0,348.0,226.0
2026-08-07T14:00,28.8,58,992.6,37,3.01,226,1.67,701.0,580.0,121.0
2026-08-07T15:00,28.8,51,992.7,60,2.56,219,1.94,651.0,539.0,112.0
2026-08-07T16:00,29.9,46,992.4,63,3.57,233,2.26,510.0,363.0,147.0
2026-08-07T17:00,29.1,48,992.3,66,4.10,236,2.09,375.0,254.0,121.0
2026-08-07T18:00,27.8,55,992.6,100,4.23,235,1.67,259.0,156.0,103.0
2026-08-07T19:00,26.6,58,993.0,100,3.61,260,1.44,123.0,31.0,92.0
2026-08-07T20:00,23.7,72,993.6,98,3.78,281,0.81,36.0,2.0,34.0
2026-08-07T21:00,23.1,75,993.2,13,2.30,268,0.70,1.0,0.0,1.0
2026-08-07T22:00,22.6,78,993.4,87,2.60,271,0.59,0.0,0.0,0.0
2026-08-07T23:00,22.0,83,993.6,100,2.54,280,0.44,0.0,0.0,0.0
2026-08-08T00:00,21.4,88,994.0,100,2.25,282,0.30,0.0,0.0,0.0
2026-08-08T01:00,21.2,90,994.3,100,2.33,279,0.25,0.0,0.0,0.0
2026-08-08T02:00,21.0,85,994.7,100,2.70,304,0.37,0.0,0.0,0.0
2026-08-08T03:00,20.3,81,994.7,40,2.51,316,0.45,0.0,0.0,0.0
2026-08-08T04:00,19.5,83,995.0,75,2.27,303,0.39,0.0,0.0,0.0
2026-08-08T05:00,18.9,85,995.3,37,2.50,307,0.34,0.0,0.0,0.0
2026-08-08T06:00,18.5,84,995.7,65,2.17,308,0.33,44.0,21.0,23.0
2026-08-08T07:00,18.7,82,996.1,7,1.86,306,0.40,155.0,96.0,59.0
2026-08-08T08:00,19.6,75,996.5,7,1.80,314,0.57,305.0,240.0,65.0
2026-08-08T09:00,20.9,66,996.9,16,1.38,319,0.85,450.0,374.0,76.0
2026-08-08T10:00,22.0,58,996.9,20,1.41,287,1.10,582.0,499.0,83.0
2026-08-08T11:00,22.8,52,996.9,98,1.93,280,1.33,681.0,590.0,91.0
2026-08-08T12:00,23.5,48,996.9,98,1.93,280,1.51,698.0,524.0,174.0
2026-08-08T13:00,24.0,45,996.8,11,1.88,281,1.63,687.0,446.0,241.0
2026-08-08T14:00,24.6,42,996.4,24,2.00,270,1.78,739.0,620.0,119.0
2026-08-08T15:00,24.7,37,996.6,34,2.20,291,1.98,614.0,460.0,154.0
2026-08-08T16:00,25.0,36,996.0,23,1.91,276,2.03,592.0,496.0,96.0
2026-08-08T17:00,25.0,35,995.8,95,2.58,261,2.06,411.0,284.0,127.0
2026-08-08T18:00,23.8,42,996.1,100,3.47,300,1.72,245.0,111.0,134.0
2026-08-08T19:00,22.8,46,996.2,88,2.88,309,1.50,155.0,67.0,88.0
2026-08-08T20:00,22.1,51,996.5,61,2.17,308,1.31,52.0,18.0,34.0
2026-08-08T21:00,21.5,55,996.9,100,1.85,308,1.15,1.0,0.0,1.0
2026-08-08T22:00,20.3,62,997.3,97,2.76,302,0.89,0.0,0.0,0.0
2026-08-08T23:00,19.1,69,997.2,92,2.62,315,0.68,0.0,0.0,0.0
2026-08-09T00:00,18.3,74,997.5,95,2.32,307,0.55,0.0,0.0,0.0
2026-08-09T01:00,17.6,78,997.6,43,2.15,295,0.44,0.0,0.0,0.0
2026-08-09T02:00,16.9,81,997.7,10,2.30,297,0.36,0.0,0.0,0.0
2026-08-09T03:00,16.6,81,997.9,2,2.25,307,0.37,0.0,0.0,0.0
2026-08-09T04:00,16.0,83,997.9,3,2.23,316,0.31,0.0,0.0,0.0
2026-08-09T05:00,15.5,85,998.1,5,2.23,318,0.26,0.0,0.0,0.0
2026-08-09T06:00,15.5,86,998.3,1,1.90,305,0.24,41.0,21.0,20.0
2026-08-09T07:00,16.0,84,998.7,0,1.87,304,0.29,156.0,107.0,49.0
2026-08-09T08:00,17.1,79,999.2,1,1.91,313,0.40,298.0,232.0,66.0
2026-08-09T09:00,18.6,72,999.5,6,2.13,321,0.61,437.0,358.0,79.0
2026-08-09T10:00,19.6,64,999.5,24,2.61,324,0.82,550.0,460.0,90.0
2026-08-09T11:00,20.2,58,999.8,23,2.69,325,0.99,591.0,485.0,106.0
2026-08-09T12:00,20.9,53,1000.0,16,2.68,323,1.15,661.0,528.0,133.0
2026-08-09T13:00,21.4,49,1000.1,30,2.96,323,1.29,702.0,583.0,119.0
2026-08-09T14:00,21.2,50,1000.2,29,3.40,334,1.26,662.0,514.0,148.0
2026-08-09T15:00,22.3,42,1000.5,35,3.25,323,1.56,626.0,518.0,108.0
2026-08-09T16:00,22.3,42,1000.7,23,3.58,324,1.57,551.0,443.0,108.0
2026-08-09T17:00,21.9,43,1000.7,8,3.48,325,1.49,434.0,341.0,93.0
2026-08-09T18:00,21.4,44,1000.8,9,3.21,329,1.42,309.0,233.0,76.0
2026-08-09T19:00,20.6,46,1001.2,2,2.84,334,1.31,180.0,127.0,53.0
2026-08-09T20:00,19.5,53,1001.4,0,1.74,333,1.06,59.0,34.0,25.0
2026-08-09T21:00,18.7,56,1001.7,0,2.06,337,0.95,1.0,0.0,1.0
2026-08-09T22:00,17.5,64,1002.2,0,1.86,346,0.73,0.0,0.0,0.0
2026-08-09T23:00,17.0,69,1002.4,0,0.72,326,0.60,0.0,0.0,0.0
2026-08-10T00:00,16.3,73,1002.9,0,0.96,276,0.51,0.0,0.0,0.0
2026-08-10T01:00,15.7,77,1003.0,0,1.30,268,0.42,0.0,0.0,0.0
2026-08-10T02:00,15.1,80,1003.1,0,1.30,270,0.34,0.0,0.0,0.0
2026-08-10T03:00,14.1,85,1003.3,1,0.75,270,0.23,0.0,0.0,0.0
2026-08-10T04:00,13.7,87,1003.4,1,1.20,268,0.21,0.0,0.0,0.0
2026-08-10T05:00,13.3,88,1003.4,0,1.21,263,0.18,0.0,0.0,0.0
2026-08-10T06:00,13.6,87,1003.7,0,1.39,255,0.20,40.0,22.0,18.0
2026-08-10T07:00,14.7,85,1003.8,0,1.24,256,0.25,156.0,110.0,46.0
2026-08-10T08:00,16.6,75,1004.0,0,0.73,254,0.47,298.0,235.0,63.0
2026-08-10T09:00,19.3,62,1004.4,0,1.11,234,0.86,441.0,367.0,74.0
2026-08-10T10:00,20.6,47,1004.4,23,1.70,230,1.29,569.0,488.0,81.0
2026-08-10T11:00,21.3,45,1004.3,50,1.70,230,1.39,665.0,571.0,94.0
2026-08-10T12:00,22.0,44,1004.1,10,1.63,227,1.47,728.0,624.0,104.0
2026-08-10T13:00,22.6,44,1003.6,4,1.45,224,1.54,753.0,650.0,103.0
2026-08-10T14:00,23.0,43,1003.2,1,1.22,215,1.59,739.0,642.0,97.0
2026-08-10T15:00,23.8,38,1002.6,77,1.48,192,1.83,682.0,595.0,87.0
2026-08-10T16:00,23.9,38,1002.1,73,1.81,186,1.84,579.0,478.0,101.0
2026-08-10T17:00,23.7,39,1001.6,83,2.25,181,1.79,441.0,324.0,117.0
2026-08-10T18:00,23.1,40,1001.1,1,2.55,182,1.70,294.0,185.0,109.0
2026-08-10T19:00,22.5,42,1000.8,0,2.47,188,1.58,178.0,128.0,50.0
2026-08-10T20:00,21.2,52,1000.5,0,1.51,186,1.20,55.0,32.0,23.0
2026-08-10T21:00,20.3,59,1000.3,0,1.18,168,0.97,1.0,0.0,1.0
2026-08-10T22:00,19.5,61,1000.1,1,2.23,164,0.88,0.0,0.0,0.0
2026-08-10T23:00,18.5,65,1000.1,20,2.71,184,0.75,0.0,0.0,0.0
2026-08-11T00:00,17.6,70,999.9,56,2.43,189,0.60,0.0,0.0,0.0
2026-08-11T01:00,17.1,71,999.7,82,2.46,185,0.56,0.0,0.0,0.0
2026-08-11T02:00,16.7,71,999.5,99,2.50,181,0.55,0.0,0.0,0.0
2026-08-11T03:00,16.2,75,999.1,84,2.47,173,0.46,0.0,0.0,0.0
2026-08-11T04:00,15.8,78,998.8,4,2.67,174,0.40,0.0,0.0,0.0
2026-08-11T05:00,15.4,79,998.5,22,2.77,174,0.36,0.0,0.0,0.0
2026-08-11T06:00,15.7,79,998.2,56,2.87,173,0.38,36.0,17.0,19.0
2026-08-11T07:00,16.4,78,998.0,12,2.27,166,0.41,147.0,94.0,53.0
2026-08-11T08:00,17.7,74,997.3,5,2.67,172,0.52,292.0,228.0,64.0
2026-08-11T09:00,20.2,66,996.9,1,3.01,176,0.80,435.0,362.0,73.0
2026-08-11T10:00,21.9,60,996.6,91,3.41,177,1.04,564.0,483.0,81.0
2026-08-11T11:00,23.2,53,996.1,99,4.28,187,1.33,644.0,520.0,124.0
2026-08-11T12:00,24.0,47,995.8,100,5.28,195,1.58,575.0,341.0,234.0
2026-08-11T13:00,24.5,44,994.9,98,5.27,198,1.73,498.0,220.0,278.0
2026-08-11T14:00,25.0,41,994.5,99,5.36,202,1.86,531.0,279.0,252.0
2026-08-11T15:00,25.2,39,994.3,100,5.17,207,1.96,450.0,198.0,252.0
2026-08-11T16:00,24.5,41,993.5,95,4.98,199,1.81,329.0,83.0,246.0
2026-08-11T17:00,24.6,41,992.7,99,4.59,198,1.81,322.0,121.0,201.0
2026-08-11T18:00,23.9,46,992.3,100,3.34,197,1.60,151.0,52.0,99.0
2026-08-11T19:00,22.9,50,992.1,95,3.85,208,1.39,52.0,0.0,52.0
2026-08-11T20:00,18.8,76,992.1,100,3.97,211,0.51,21.0,3.0,18.0
2026-08-11T21:00,17.8,89,991.9,57,3.20,181,0.23,0.0,0.0,0.0
2026-08-11T22:00,17.6,90,991.4,18,3.15,216,0.20,0.0,0.0,0.0
2026-08-11T23:00,17.0,92,991.2,41,3.74,236,0.16,0.0,0.0,0.0
2026-08-12T00:00,16.5,94,991.1,96,3.29,244,0.12,0.0,0.0,0.0
2026-08-12T01:00,16.2,93,991.4,100,3.64,257,0.12,0.0,0.0,0.0
2026-08-12T02:00,16.0,91,991.6,100,3.35,270,0.17,0.0,0.0,0.0
2026-08-12T03:00,15.7,94,991.2,29,2.71,266,0.10,0.0,0.0,0.0
2026-08-12T04:00,14.9,95,991.1,18,2.90,268,0.08,0.0,0.0,0.0
2026-08-12T05:00,14.1,96,991.3,27,3.01,265,0.07,0.0,0.0,0.0
2026-08-12T06:00,14.1,93,991.9,95,3.31,265,0.11,33.0,15.0,18.0
2026-08-12T07:00,14.2,86,992.4,85,4.26,279,0.22,99.0,26.0,73.0
2026-08-12T08:00,14.6,83,992.3,24,3.55,270,0.29,220.0,107.0,113.0
2026-08-12T09:00,14.0,81,993.0,81,4.48,281,0.31,395.0,288.0,107.0
2026-08-12T10:00,14.7,77,993.3,60,4.86,294,0.38,359.0,195.0,164.0
2026-08-12T11:00,16.2,71,993.7,59,4.61,291,0.54,522.0,366.0,156.0
2026-08-12T12:00,15.9,68,994.3,73,5.14,289,0.59,561.0,376.0,185.0
2026-08-12T13:00,16.4,63,994.5,30,4.50,285,0.68,531.0,320.0,211.0
2026-08-12T14:00,18.1,51,994.6,38,5.19,296,1.02,665.0,496.0,169.0
2026-08-12T15:00,18.3,46,995.8,26,5.06,298,1.14,570.0,425.0,145.0
2026-08-12T16:00,18.3,45,995.9,27,5.32,296,1.16,520.0,412.0,108.0
2026-08-12T17:00,18.3,44,996.0,15,5.23,295,1.17,396.0,300.0,96.0
2026-08-12T18:00,17.8,45,996.5,14,5.19,299,1.13,287.0,206.0,81.0
2026-08-12T19:00,16.8,50,997.0,8,4.43,298,0.95,156.0,105.0,51.0
2026-08-12T20:00,15.6,56,997.4,19,3.75,291,0.78,47.0,25.0,22.0
2026-08-12T21:00,14.5,64,997.6,14,3.97,284,0.60,0.0,0.0,0.0
2026-08-12T22:00,13.8,68,997.6,13,3.91,280,0.51,0.0,0.0,0.0
2026-08-12T23:00,13.1,71,997.6,56,4.01,280,0.44,0.0,0.0,0.0
2026-08-13T00:00,12.8,73,997.5,100,3.92,281,0.41,0.0,0.0,0.0
2026-08-13T01:00,13.0,72,997.3,100,3.95,279,0.42,0.0,0.0,0.0
2026-08-13T02:00,12.7,73,997.2,93,4.06,280,0.40,0.0,0.0,0.0
2026-08-13T03:00,11.8,76,997.0,57,4.03,277,0.33,0.0,0.0,0.0
2026-08-13T04:00,11.6,78,996.8,1,4.18,277,0.30,0.0,0.0,0.0
2026-08-13T05:00,11.3,79,996.7,1,4.24,277,0.28,0.0,0.0,0.0
2026-08-13T06:00,11.4,79,996.7,3,4.31,283,0.29,33.0,18.0,15.0
2026-08-13T07:00,12.1,77,996.9,16,3.73,277,0.33,145.0,97.0,48.0
2026-08-13T08:00,13.0,73,996.8,55,5.08,289,0.41,274.0,200.0,74.0
2026-08-13T09:00,13.2,72,997.0,100,5.29,301,0.43,324.0,162.0,162.0
2026-08-13T10:00,13.4,71,997.2,100,4.86,299,0.44,186.0,0.0,186.0
2026-08-13T11:00,14.6,65,997.2,100,5.05,302,0.57,335.0,74.0,261.0
2026-08-13T12:00,14.3,65,997.3,79,5.02,308,0.58,220.0,10.0,210.0
2026-08-13T13:00,14.9,61,997.4,34,5.42,312,0.67,417.0,248.0,169.0
2026-08-13T14:00,15.4,56,997.6,100,5.66,316,0.77,499.0,281.0,218.0
2026-08-13T15:00,14.8,51,998.5,100,6.42,319,0.82,417.0,228.0,189.0
2026-08-13T16:00,14.3,51,998.4,100,5.81,319,0.80,199.0,12.0,187.0
2026-08-13T17:00,14.1,53,998.4,91,4.22,324,0.75,165.0,29.0,136.0
2026-08-13T18:00,14.6,54,998.5,91,3.57,313,0.77,144.0,37.0,107.0
2026-08-13T19:00,14.6,54,998.5,48,3.50,316,0.76,90.0,26.0,64.0
2026-08-13T20:00,13.9,57,998.5,91,2.83,314,0.69,39.0,17.0,22.0
2026-08-13T21:00,13.3,63,998.8,88,3.24,304,0.56,0.0,0.0,0.0
2026-08-13T22:00,13.5,63,998.7,99,3.72,311,0.58,0.0,0.0,0.0
2026-08-13T23:00,13.2,63,998.8,32,3.89,312,0.57,0.0,0.0,0.0
2026-08-14T00:00,12.1,66,998.9,12,3.76,310,0.49,0.0,0.0,0.0
2026-08-14T01:00,11.3,69,998.6,7,3.67,304,0.42,0.0,0.0,0.0
2026-08-14T02:00,10.7,71,998.8,2,3.76,299,0.37,0.0,0.0,0.0
2026-08-14T03:00,10.3,72,998.5,2,3.60,299,0.35,0.0,0.0,0.0
2026-08-14T04:00,9.8,75,998.3,3,3.72,294,0.31,0.0,0.0,0.0
2026-08-14T05:00,9.5,77,998.2,2,3.80,291,0.28,0.0,0.0,0.0
2026-08-14T06:00,9.6,76,997.8,3,4.00,290,0.29,31.0,17.0,14.0
2026-08-14T07:00,10.4,74,998.0,29,3.38,283,0.33,145.0,100.0,45.0
2026-08-14T08:00,11.5,69,997.8,87,3.97,284,0.42,287.0,224.0,63.0
2026-08-14T09:00,13.1,63,997.6,77,4.93,293,0.57,428.0,336.0,92.0
2026-08-14T10:00,14.4,54,997.3,40,6.51,313,0.75,501.0,322.0,179.0
2026-08-14T11:00,15.2,48,996.7,87,6.91,318,0.91,535.0,377.0,158.0
2026-08-14T12:00,16.2,43,996.6,73,6.65,317,1.05,644.0,439.0,205.0
2026-08-14T13:00,16.9,38,996.5,99,6.72,321,1.19,651.0,422.0,229.0
2026-08-14T14:00,16.9,39,996.5,100,6.53,325,1.17,457.0,131.0,326.0
2026-08-14T15:00,18.0,31,996.6,87,6.73,319,1.41,348.0,72.0,276.0
2026-08-14T16:00,17.4,33,996.5,100,6.57,323,1.33,358.0,145.0,213.0
2026-08-14T17:00,16.4,41,996.8,100,4.34,333,1.10,120.0,14.0,106.0
2026-08-14T18:00,15.8,46,997.1,100,3.46,340,0.97,63.0,1.0,62.0
2026-08-14T19:00,14.6,53,997.7,100,3.05,1,0.78,32.0,0.0,32.0
2026-08-14T20:00,13.7,59,997.7,99,2.51,343,0.64,11.0,0.0,11.0
2026-08-14T21:00,13.3,61,997.9,98,2.69,329,0.60,0.0,0.0,0.0
2026-08-14T22:00,13.0,63,998.0,95,2.59,320,0.55,0.0,0.0,0.0
2026-08-14T23:00,12.5,65,997.9,100,2.65,316,0.50,0.0,0.0,0.0
2026-08-15T00:00,12.4,66,997.9,97,2.59,311,0.49,0.0,0.0,0.0
2026-08-15T01:00,12.2,68,997.8,62,2.51,305,0.46,0.0,0.0,0.0
2026-08-15T02:00,11.8,70,997.9,65,2.53,292,0.41,0.0,0.0,0.0
2026-08-15T03:00,10.5,77,997.7,0,2.15,269,0.30,0.0,0.0,0.0
2026-08-15T04:00,9.9,81,997.5,0,2.45,270,0.23,0.0,0.0,0.0
2026-08-15T05:00,9.1,84,997.5,0,2.76,274,0.19,0.0,0.0,0.0
2026-08-15T06:00,9.2,81,997.2,2,3.25,280,0.22,29.0,16.0,13.0
2026-08-15T07:00,10.2,79,997.4,0,2.83,283,0.27,136.0,88.0,48.0
2026-08-15T08:00,11.6,74,997.4,6,3.00,288,0.36,284.0,223.0,61.0
2026-08-15T09:00,13.8,65,997.4,14,3.45,289,0.56,428.0,356.0,72.0
2026-08-15T10:00,15.4,53,997.1,0,4.38,305,0.82,566.0,485.0,81.0
2026-08-15T11:00,16.6,47,996.6,0,4.40,306,1.00,673.0,589.0,84.0
2026-08-15T12:00,17.6,44,996.4,0,4.35,304,1.14,740.0,654.0,86.0
2026-08-15T13:00,18.5,40,996.1,5,4.30,303,1.28,763.0,677.0,86.0
2026-08-15T14:00,19.2,37,996.1,29,4.33,301,1.40,746.0,661.0,85.0
2026-08-15T15:00,19.8,33,996.0,95,4.05,299,1.55,684.0,593.0,91.0
2026-08-15T16:00,19.6,36,995.8,95,4.12,294,1.47,547.0,404.0,143.0
2026-08-15T17:00,19.0,40,995.8,100,4.32,295,1.31,357.0,191.0,166.0
2026-08-15T18:00,17.2,50,996.1,100,4.27,288,0.98,92.0,5.0,87.0
2026-08-15T19:00,15.7,59,996.1,100,3.50,287,0.73,36.0,0.0,36.0
2026-08-15T20:00,14.7,69,995.9,100,2.82,287,0.52,9.0,0.0,9.0
2026-08-15T21:00,14.6,75,995.8,100,2.64,289,0.41,0.0,0.0,0.0
2026-08-15T22:00,14.4,78,995.7,100,2.26,283,0.36,0.0,0.0,0.0
2026-08-15T23:00,14.2,81,995.4,100,2.17,278,0.32,0.0,0.0,0.0
2026-08-16T00:00,14.1,83,995.5,54,2.01,276,0.27,0.0,0.0,0.0
2026-08-16T01:00,13.5,87,995.3,61,1.82,279,0.20,0.0,0.0,0.0
2026-08-16T02:00,13.0,89,995.3,19,1.65,268,0.16,0.0,0.0,0.0
2026-08-16T03:00,12.6,93,995.4,85,1.58,252,0.10,0.0,0.0,0.0
2026-08-16T04:00,12.5,95,995.1,8,1.88,245,0.07,0.0,0.0,0.0
2026-08-16T05:00,12.1,98,994.7,48,1.88,245,0.03,0.0,0.0,0.0
2026-08-16T06:00,12.5,97,994.7,45,1.93,249,0.04,24.0,11.0,13.0
2026-08-16T07:00,13.6,93,994.7,30,1.68,253,0.11,117.0,58.0,59.0
2026-08-16T08:00,15.3,86,994.3,2,1.41,243,0.24,253.0,171.0,82.0
2026-08-16T09:00,17.6,77,993.8,11,2.08,243,0.45,399.0,314.0,85.0
2026-08-16T10:00,19.3,72,993.5,16,2.83,257,0.63,500.0,394.0,106.0
2026-08-16T11:00,20.9,61,993.2,32,3.66,274,0.96,563.0,409.0,154.0
2026-08-16T12:00,22.3,55,993.1,44,3.56,275,1.21,657.0,500.0,157.0
2026-08-16T13:00,22.7,54,992.8,54,3.41,259,1.27,596.0,390.0,206.0
2026-08-16T14:00,23.3,53,992.5,97,3.87,259,1.35,591.0,410.0,181.0
2026-08-16T15:00,24.7,44,992.1,84,3.93,263,1.73,541.0,367.0,174.0
2026-08-16T16:00,24.7,43,991.9,59,3.94,262,1.77,533.0,426.0,107.0
2026-08-16T17:00,24.5,44,991.6,33,3.85,257,1.70,399.0,300.0,99.0
2026-08-16T18:00,23.9,51,991.2,94,3.48,249,1.44,261.0,188.0,73.0
2026-08-16T19:00,23.1,58,990.8,100,2.73,235,1.20,131.0,76.0,55.0
2026-08-16T20:00,22.1,61,990.3,100,2.79,224,1.02,28.0,4.0,24.0
2026-08-16T21:00,21.6,61,990.1,100,3.22,234,0.99,0.0,0.0,0.0
2026-08-16T22:00,21.0,64,989.9,100,3.30,238,0.90,0.0,0.0,0.0
2026-08-16T23:00,20.7,66,989.4,100,3.54,239,0.84,0.0,0.0,0.0
2026-08-17T00:00,20.5,68,988.8,100,2.61,234,0.78,0.0,0.0,0.0
2026-08-17T01:00,17.6,87,988.6,100,2.11,239,0.25,0.0,0.0,0.0
2026-08-17T02:00,17.2,88,988.6,100,3.37,238,0.23,0.0,0.0,0.0
2026-08-17T03:00,17.2,91,987.6,32,2.31,231,0.17,0.0,0.0,0.0
2026-08-17T04:00,17.1,91,987.5,93,3.18,240,0.17,0.0,0.0,0.0
2026-08-17T05:00,16.4,93,988.0,100,3.07,240,0.13,0.0,0.0,0.0
2026-08-17T06:00,16.4,94,986.9,92,2.87,230,0.11,8.0,0.0,8.0
2026-08-17T07:00,16.8,94,987.0,99,2.41,228,0.12,22.0,1.0,21.0
2026-08-17T08:00,17.7,91,986.9,100,3.73,235,0.18,122.0,32.0,90.0
2026-08-17T09:00,18.2,90,986.5,100,3.13,245,0.20,121.0,8.0,113.0
2026-08-17T10:00,19.1,85,986.5,14,3.27,247,0.32,272.0,48.0,224.0
2026-08-17T11:00,21.0,66,986.7,34,4.68,263,0.84,595.0,466.0,129.0
2026-08-17T12:00,21.8,62,986.9,11,4.22,265,0.98,607.0,460.0,147.0
2026-08-17T13:00,22.3,58,986.9,27,3.82,265,1.13,654.0,516.0,138.0
2026-08-17T14:00,22.7,55,986.9,27,3.55,260,1.23,624.0,475.0,149.0
2026-08-17T15:00,23.1,50,987.1,48,3.25,284,1.40,579.0,451.0,128.0
2026-08-17T16:00,22.8,52,987.0,88,3.20,280,1.33,422.0,273.0,149.0
2026-08-17T17:00,22.5,50,986.8,46,3.00,288,1.36,349.0,222.0,127.0
2026-08-17T18:00,22.2,52,987.1,63,2.77,287,1.29,260.0,178.0,82.0
2026-08-17T19:00,21.0,55,987.3,59,2.74,285,1.13,133.0,78.0,55.0
2026-08-17T20:00,19.4,62,987.6,34,2.31,276,0.86,30.0,13.0,17.0
2026-08-17T21:00,18.7,66,987.3,95,1.97,277,0.73,0.0,0.0,0.0
2026-08-17T22:00,17.9,71,987.4,52,2.10,270,0.60,0.0,0.0,0.0
2026-08-17T23:00,16.8,77,987.7,34,2.31,264,0.45,0.0,0.0,0.0
2026-08-18T00:00,16.0,81,987.9,3,2.30,270,0.35,0.0,0.0,0.0
2026-08-18T01:00,15.4,83,987.8,19,2.26,265,0.31,0.0,0.0,0.0
2026-08-18T02:00,14.9,84,988.2,1,2.20,269,0.27,0.0,0.0,0.0
2026-08-18T03:00,14.3,87,987.9,1,1.78,260,0.22,0.0,0.0,0.0
2026-08-18T04:00,13.8,88,987.9,2,1.84,257,0.18,0.0,0.0,0.0
2026-08-18T05:00,13.3,90,987.9,1,1.84,257,0.15,0.0,0.0,0.0
2026-08-18T06:00,13.3,91,988.3,9,1.87,261,0.14,22.0,11.0,11.0
2026-08-18T07:00,14.1,89,988.5,98,1.24,256,0.18,125.0,79.0,46.0
2026-08-18T08:00,15.4,85,988.5,55,0.81,248,0.26,242.0,144.0,98.0
2026-08-18T09:00,17.8,77,988.5,100,0.78,243,0.46,405.0,323.0,82.0
2026-08-18T10:00,19.3,65,988.6,93,1.35,239,0.79,464.0,270.0,194.0
2026-08-18T11:00,20.4,57,988.6,80,1.77,225,1.03,550.0,334.0,216.0
2026-08-18T12:00,21.4,52,988.6,51,1.84,202,1.23,657.0,508.0,149.0
2026-08-18T13:00,22.1,48,988.4,80,2.41,186,1.38,677.0,524.0,153.0
2026-08-18T14:00,22.1,47,988.2,60,2.57,173,1.42,574.0,378.0,196.0
2026-08-18T15:00,22.6,44,988.1,41,2.40,184,1.52,590.0,424.0,166.0
2026-08-18T16:00,22.8,45,987.6,97,2.95,177,1.54,475.0,351.0,124.0
2026-08-18T17:00,22.3,50,987.2,99,2.34,160,1.35,327.0,162.0,165.0
2026-08-18T18:00,21.8,54,986.6,99,2.41,140,1.19,156.0,27.0,129.0
2026-08-18T19:00,21.1,58,986.1,95,2.80,140,1.04,119.0,50.0,69.0
2026-08-18T20:00,20.1,63,985.7,98,2.94,133,0.87,23.0,4.0,19.0
2026-08-18T21:00,19.6,68,985.4,96,3.30,131,0.72,0.0,0.0,0.0
2026-08-18T22:00,19.4,70,984.8,98,4.07,134,0.67,0.0,0.0,0.0
2026-08-18T23:00,19.0,75,983.7,100,4.49,135,0.55,0.0,0.0,0.0
2026-08-19T00:00,18.4,80,983.4,99,5.09,135,0.42,0.0,0.0,0.0
2026-08-19T01:00,18.3,85,982.3,88,4.30,141,0.33,0.0,0.0,0.0
2026-08-19T02:00,18.9,80,981.8,51,4.59,147,0.43,0.0,0.0,0.0
2026-08-19T03:00,19.4,78,981.1,66,3.78,152,0.50,0.0,0.0,0.0
2026-08-19T04:00,19.5,73,980.8,97,3.53,173,0.60,0.0,0.0,0.0
2026-08-19T05:00,19.0,73,980.3,100,3.90,170,0.59,0.0,0.0,0.0
2026-08-19T06:00,18.6,73,980.9,91,4.97,195,0.58,10.0,1.0,9.0
2026-08-19T07:00,17.8,75,981.5,73,5.70,207,0.51,76.0,12.0,64.0
2026-08-19T08:00,17.2,77,981.9,75,5.64,207,0.45,183.0,69.0,114.0
2026-08-19T09:00,17.0,71,982.7,100,5.64,217,0.56,319.0,198.0,121.0
2026-08-19T10:00,17.3,65,983.6,72,5.59,226,0.69,279.0,89.0,190.0
2026-08-19T11:00,17.9,60,984.6,100,5.98,226,0.81,458.0,286.0,172.0
2026-08-19T12:00,17.8,59,985.5,100,5.99,229,0.84,420.0,114.0,306.0
2026-08-19T13:00,17.9,58,986.4,68,6.27,234,0.85,369.0,103.0,266.0
2026-08-19T14:00,18.9,53,987.2,99,6.09,242,1.02,551.0,346.0,205.0
2026-08-19T15:00,18.8,49,988.3,77,5.15,252,1.11,318.0,95.0,223.0
2026-08-19T16:00,18.7,47,988.7,1,4.56,243,1.14,377.0,201.0,176.0
2026-08-19T17:00,19.2,43,989.2,62,4.92,249,1.26,408.0,330.0,78.0
2026-08-19T18:00,19.0,46,989.5,16,3.45,231,1.18,217.0,128.0,89.0
2026-08-19T19:00,18.3,52,990.0,5,3.75,228,1.00,121.0,72.0,49.0
2026-08-19T20:00,17.2,59,990.7,7,3.50,223,0.80,26.0,13.0,13.0
2026-08-19T21:00,16.3,66,991.1,5,3.36,227,0.62,0.0,0.0,0.0
2026-08-19T22:00,15.7,70,991.5,10,3.15,223,0.53,0.0,0.0,0.0
2026-08-19T23:00,15.1,73,991.6,9,3.08,226,0.46,0.0,0.0,0.0
2026-08-20T00:00,14.6,75,992.1,11,2.86,226,0.42,0.0,0.0,0.0
2026-08-20T01:00,14.2,77,992.3,4,2.65,226,0.37,0.0,0.0,0.0
2026-08-20T02:00,13.7,79,992.9,8,2.55,222,0.32,0.0,0.0,0.0
2026-08-20T03:00,13.3,80,993.0,80,2.16,214,0.30,0.0,0.0,0.0
2026-08-20T04:00,12.9,82,992.9,98,2.33,211,0.27,0.0,0.0,0.0
2026-08-20T05:00,12.7,83,993.0,2,2.44,206,0.26,0.0,0.0,0.0
2026-08-20T06:00,12.6,83,993.3,4,2.62,206,0.25,18.0,8.0,10.0
2026-08-20T07:00,13.4,82,993.6,99,1.87,200,0.28,119.0,78.0,41.0
2026-08-20T08:00,14.4,77,993.7,95,1.83,206,0.38,224.0,131.0,93.0
2026-08-20T09:00,16.4,71,994.1,44,2.02,203,0.54,371.0,252.0,119.0
2026-08-20T10:00,18.2,67,994.1,13,2.36,201,0.69,518.0,419.0,99.0
2026-08-20T11:00,19.4,59,993.7,18,3.23,215,0.93,629.0,539.0,90.0
2026-08-20T12:00,20.2,53,993.9,23,3.50,224,1.12,627.0,513.0,114.0
2026-08-20T13:00,20.9,49,993.6,81,3.61,226,1.26,652.0,522.0,130.0
2026-08-20T14:00,21.5,45,993.6,85,3.68,223,1.40,663.0,536.0,127.0
2026-08-20T15:00,21.9,43,993.8,99,3.70,210,1.50,535.0,385.0,150.0
2026-08-20T16:00,21.4,44,993.8,100,4.22,211,1.42,301.0,87.0,214.0
2026-08-20T17:00,21.0,47,993.5,100,3.18,206,1.31,232.0,43.0,189.0
2026-08-20T18:00,20.8,52,993.0,100,2.87,193,1.19,168.0,36.0,132.0
2026-08-20T19:00,20.0,56,992.6,100,2.81,185,1.03,55.0,0.0,55.0
2026-08-20T20:00,19.0,62,992.4,100,3.26,184,0.83,13.0,0.0,13.0
2026-08-20T21:00,18.4,66,992.1,79,4.07,191,0.71,0.0,0.0,0.0
2026-08-20T22:00,17.3,76,991.1,74,3.85,180,0.48,0.0,0.0,0.0
2026-08-20T23:00,16.2,85,990.2,100,4.11,175,0.27,0.0,0.0,0.0
2026-08-21T00:00,15.7,90,988.9,100,4.23,154,0.17,0.0,0.0,0.0
2026-08-21T01:00,16.1,87,988.2,100,4.66,184,0.23,0.0,0.0,0.0
2026-08-21T02:00,16.8,85,988.4,100,4.36,222,0.28,0.0,0.0,0.0
2026-08-21T03:00,15.8,91,988.6,20,3.70,238,0.17,0.0,0.0,0.0
2026-08-21T04:00,16.0,93,988.8,100,3.91,249,0.13,0.0,0.0,0.0
2026-08-21T05:00,16.2,93,989.2,100,3.89,250,0.12,0.0,0.0,0.0
2026-08-21T06:00,16.5,92,989.9,100,3.92,251,0.15,9.0,1.0,8.0
2026-08-21T07:00,16.7,91,990.5,100,3.89,254,0.17,45.0,3.0,42.0
2026-08-21T08:00,17.1,87,991.0,53,3.48,254,0.26,111.0,16.0,95.0
2026-08-21T09:00,18.0,82,991.7,73,4.80,271,0.38,277.0,132.0,145.0
2026-08-21T10:00,18.8,76,992.2,84,4.44,278,0.51,456.0,312.0,144.0
2026-08-21T11:00,19.6,71,993.0,38,4.19,278,0.66,530.0,357.0,173.0
2026-08-21T12:00,20.3,66,993.5,90,4.32,265,0.81,549.0,367.0,182.0
2026-08-21T13:00,20.8,63,993.8,99,4.65,262,0.92,479.0,245.0,234.0
2026-08-21T14:00,21.5,57,994.3,99,4.57,260,1.10,567.0,321.0,246.0
2026-08-21T15:00,21.0,52,994.9,100,4.35,257,1.20,451.0,189.0,262.0
2026-08-21T16:00,20.6,52,994.4,100,3.91,249,1.16,351.0,129.0,222.0
2026-08-21T17:00,20.1,55,994.2,78,3.65,245,1.05,221.0,33.0,188.0
2026-08-21T18:00,19.9,57,994.6,16,3.15,252,0.99,224.0,130.0,94.0
2026-08-21T19:00,19.2,61,995.1,13,2.71,258,0.87,122.0,77.0,45.0
2026-08-21T20:00,17.9,67,995.5,8,2.38,262,0.68,21.0,10.0,11.0
2026-08-21T21:00,17.0,71,995.8,11,2.07,262,0.57,0.0,0.0,0.0
2026-08-21T22:00,16.0,76,996.0,37,2.14,254,0.44,0.0,0.0,0.0
2026-08-21T23:00,15.3,79,996.4,88,2.25,253,0.37,0.0,0.0,0.0
2026-08-22T00:00,14.7,81,996.7,0,2.29,259,0.31,0.0,0.0,0.0
2026-08-22T01:00,14.1,83,997.0,1,2.27,256,0.28,0.0,0.0,0.0
2026-08-22T02:00,13.7,84,997.3,1,2.12,262,0.25,0.0,0.0,0.0
2026-08-22T03:00,13.2,89,997.8,1,1.76,255,0.17,0.0,0.0,0.0
2026-08-22T04:00,12.8,89,997.6,39,1.87,250,0.16,0.0,0.0,0.0
2026-08-22T05:00,12.4,91,997.6,38,1.68,247,0.13,0.0,0.0,0.0
2026-08-22T06:00,12.5,91,997.9,77,1.50,249,0.12,15.0,6.0,9.0
2026-08-22T07:00,13.4,90,998.3,52,1.56,228,0.15,106.0,56.0,50.0
2026-08-22T08:00,14.9,86,998.5,34,0.88,227,0.23,244.0,173.0,71.0
2026-08-22T09:00,17.2,80,998.6,73,0.85,201,0.38,389.0,308.0,81.0
2026-08-22T10:00,19.1,72,998.6,55,1.42,190,0.62,498.0,379.0,119.0
2026-08-22T11:00,20.3,62,998.6,30,1.87,188,0.89,610.0,512.0,98.0
2026-08-22T12:00,21.1,57,998.3,58,1.77,172,1.07,666.0,552.0,114.0
2026-08-22T13:00,21.7,54,997.7,98,1.97,156,1.19,691.0,568.0,123.0
2026-08-22T14:00,21.6,55,997.1,97,2.26,155,1.17,441.0,178.0,263.0
2026-08-22T15:00,22.3,53,996.9,100,2.43,148,1.27,488.0,256.0,232.0
2026-08-22T16:00,21.9,54,995.8,99,3.08,137,1.21,405.0,189.0,216.0
2026-08-22T17:00,21.0,62,995.3,29,2.48,118,0.95,152.0,26.0,126.0
2026-08-22T18:00,21.3,59,994.5,0,3.02,129,1.04,213.0,142.0,71.0
2026-08-22T19:00,20.5,62,993.7,0,3.73,125,0.93,117.0,75.0,42.0
2026-08-22T20:00,19.6,66,993.7,36,3.65,139,0.78,18.0,8.0,10.0
2026-08-22T21:00,19.0,66,993.0,84,4.25,139,0.74,0.0,0.0,0.0
2026-08-22T22:00,18.5,69,992.3,92,4.31,142,0.67,0.0,0.0,0.0
2026-08-22T23:00,18.2,72,991.5,61,4.30,144,0.59,0.0,0.0,0.0
2026-08-23T00:00,18.1,75,990.7,4,4.18,148,0.52,0.0,0.0,0.0
2026-08-23T01:00,18.0,79,989.9,1,3.91,153,0.43,0.0,0.0,0.0
2026-08-23T02:00,18.1,84,989.3,12,3.46,162,0.34,0.0,0.0,0.0
2026-08-23T03:00,17.4,87,989.2,55,2.75,170,0.25,0.0,0.0,0.0
2026-08-23T04:00,17.5,89,989.0,88,2.73,188,0.23,0.0,0.0,0.0
2026-08-23T05:00,17.5,89,989.2,31,2.97,225,0.22,0.0,0.0,0.0
2026-08-23T06:00,17.4,90,989.8,70,3.09,241,0.19,11.0,4.0,7.0
2026-08-23T07:00,17.6,87,990.8,100,3.31,245,0.27,69.0,31.0,38.0
2026-08-23T08:00,17.0,83,990.5,100,3.24,250,0.34,53.0,0.0,53.0
2026-08-23T09:00,16.9,78,990.8,45,3.23,235,0.42,103.0,0.0,103.0
2026-08-23T10:00,18.3,68,991.0,1,3.22,228,0.67,417.0,319.0,98.0
2026-08-23T11:00,19.8,60,991.2,0,3.43,226,0.92,639.0,552.0,87.0
2026-08-23T12:00,20.8,53,991.3,0,3.89,222,1.15,694.0,612.0,82.0
2026-08-23T13:00,21.6,49,991.1,2,4.22,221,1.32,719.0,635.0,84.0
2026-08-23T14:00,21.8,49,991.0,21,4.58,230,1.33,682.0,593.0,89.0
2026-08-23T15:00,22.3,46,991.1,12,4.14,233,1.45,572.0,430.0,142.0
2026-08-23T16:00,22.0,48,991.4,28,4.55,237,1.36,511.0,420.0,91.0
2026-08-23T17:00,21.3,51,991.7,58,4.23,243,1.25,380.0,291.0,89.0
2026-08-23T18:00,20.6,54,991.9,98,3.45,240,1.12,232.0,140.0,92.0
2026-08-23T19:00,19.7,57,992.0,97,3.27,231,0.99,89.0,23.0,66.0
2026-08-23T20:00,18.7,60,992.3,39,3.04,243,0.85,13.0,3.0,10.0
2026-08-23T21:00,17.6,61,992.7,1,3.24,253,0.78,0.0,0.0,0.0
2026-08-23T22:00,16.5,65,992.5,1,3.32,233,0.65,0.0,0.0,0.0
2026-08-23T23:00,15.9,69,992.2,4,3.40,229,0.57,0.0,0.0,0.0
2026-08-24T00:00,15.3,72,992.2,38,3.33,223,0.48,0.0,0.0,0.0
2026-08-24T01:00,14.8,75,991.9,68,3.43,223,0.43,0.0,0.0,0.0
2026-08-24T02:00,14.4,76,991.9,23,3.55,220,0.39,0.0,0.0,0.0
2026-08-24T03:00,13.7,78,991.7,2,3.29,222,0.35,0.0,0.0,0.0
2026-08-24T04:00,13.4,79,991.6,1,3.34,219,0.32,0.0,0.0,0.0
2026-08-24T05:00,13.0,81,991.8,0,3.40,223,0.29,0.0,0.0,0.0
2026-08-24T06:00,12.9,81,991.9,1,3.46,225,0.28,12.0,5.0,7.0
2026-08-24T07:00,13.5,81,991.9,5,3.23,231,0.30,105.0,66.0,39.0
2026-08-24T08:00,15.0,76,991.9,44,3.54,239,0.40,241.0,179.0,62.0
2026-08-24T09:00,15.7,74,992.0,100,5.30,254,0.46,319.0,188.0,131.0
2026-08-24T10:00,16.4,71,992.3,100,5.05,250,0.55,321.0,108.0,213.0
2026-08-24T11:00,16.9,69,992.4,100,4.69,248,0.60,297.0,56.0,241.0
2026-08-24T12:00,17.5,66,992.5,46,4.61,240,0.68,319.0,48.0,271.0
2026-08-24T13:00,18.4,61,992.7,53,5.16,248,0.83,520.0,327.0,193.0
2026-08-24T14:00,19.1,58,992.6,48,5.08,249,0.93,555.0,408.0,147.0
2026-08-24T15:00,19.4,54,992.9,29,4.65,243,1.04,513.0,385.0,128.0
2026-08-24T16:00,19.7,51,992.7,27,4.92,242,1.12,452.0,350.0,102.0
2026-08-24T17:00,18.6,57,993.1,55,5.00,248,0.92,298.0,192.0,106.0
2026-08-24T18:00,17.8,64,993.3,22,4.78,249,0.73,185.0,112.0,73.0
2026-08-24T19:00,16.7,71,993.7,17,3.95,248,0.55,98.0,57.0,41.0
2026-08-24T20:00,15.8,75,993.9,13,4.07,245,0.46,13.0,5.0,8.0
2026-08-24T21:00,14.9,83,993.6,7,3.69,249,0.30,0.0,0.0,0.0
2026-08-24T22:00,14.5,83,993.6,5,3.67,253,0.28,0.0,0.0,0.0
2026-08-24T23:00,13.7,86,993.6,5,3.59,254,0.22,0.0,0.0,0.0
2026-08-25T00:00,13.1,90,993.7,13,3.37,249,0.16,0.0,0.0,0.0
2026-08-25T01:00,12.8,92,993.7,21,3.22,244,0.12,0.0,0.0,0.0
2026-08-25T02:00,12.6,93,993.5,57,3.23,248,0.10,0.0,0.0,0.0
2026-08-25T03:00,12.1,91,993.5,1,2.86,245,0.13,0.0,0.0,0.0
2026-08-25T04:00,11.9,92,993.4,3,2.96,240,0.11,0.0,0.0,0.0
2026-08-25T05:00,11.6,93,993.4,18,3.08,238,0.09,0.0,0.0,0.0
2026-08-25T06:00,11.6,94,993.5,99,3.16,239,0.09,10.0,3.0,7.0
2026-08-25T07:00,12.3,91,993.6,100,3.05,238,0.13,66.0,24.0,42.0
2026-08-25T08:00,12.9,88,993.4,100,3.93,248,0.18,123.0,17.0,106.0
2026-08-25T09:00,13.7,82,993.7,100,4.17,251,0.28,194.0,16.0,178.0
2026-08-25T10:00,14.7,77,993.8,100,4.16,252,0.38,268.0,44.0,224.0
2026-08-25T11:00,15.1,76,994.0,79,4.02,249,0.42,258.0,31.0,227.0
2026-08-25T12:00,15.1,74,994.2,100,4.30,252,0.44,364.0,168.0,196.0
2026-08-25T13:00,15.9,71,994.2,93,4.56,261,0.53,421.0,215.0,206.0
2026-08-25T14:00,16.8,69,994.0,38,4.66,261,0.59,339.0,111.0,228.0
2026-08-25T15:00,17.8,58,994.3,70,5.27,266,0.86,490.0,287.0,203.0
2026-08-25T16:00,17.4,61,994.3,78,5.05,272,0.77,352.0,209.0,143.0
2026-08-25T17:00,17.2,64,994.8,94,4.61,274,0.70,235.0,116.0,119.0
2026-08-25T18:00,15.9,76,995.2,100,3.97,281,0.43,114.0,20.0,94.0
2026-08-25T19:00,15.4,80,995.7,100,3.59,279,0.36,54.0,13.0,41.0
2026-08-25T20:00,15.2,78,996.2,100,3.96,291,0.37,4.0,0.0,4.0
2026-08-25T21:00,14.3,87,996.1,85,3.59,286,0.21,0.0,0.0,0.0
2026-08-25T22:00,14.0,91,996.4,43,3.40,284,0.15,0.0,0.0,0.0
2026-08-25T23:00,13.7,92,996.5,57,3.35,284,0.12,0.0,0.0,0.0
2026-08-26T00:00,13.2,94,996.7,48,3.25,284,0.10,0.0,0.0,0.0
2026-08-26T01:00,12.9,94,996.9,28,3.14,284,0.09,0.0,0.0,0.0
2026-08-26T02:00,12.6,94,997.3,36,3.13,283,0.09,0.0,0.0,0.0
2026-08-26T03:00,12.5,93,997.7,21,2.96,282,0.11,0.0,0.0,0.0
2026-08-26T04:00,12.2,93,997.9,9,2.99,288,0.10,0.0,0.0,0.0
2026-08-26T05:00,11.7,94,998.0,48,2.96,292,0.08,0.0,0.0,0.0
2026-08-26T06:00,12.0,93,998.2,100,2.86,289,0.09,7.0,2.0,5.0
2026-08-26T07:00,13.1,89,998.5,100,2.66,286,0.17,62.0,12.0,50.0
2026-08-26T08:00,13.7,87,998.8,100,3.58,303,0.20,123.0,18.0,105.0
2026-08-26T09:00,13.6,88,999.2,100,3.16,301,0.18,124.0,11.0,113.0
2026-08-26T10:00,14.1,86,999.8,100,3.19,305,0.22,77.0,0.0,77.0
2026-08-26T11:00,15.2,80,1000.1,100,3.22,318,0.35,266.0,73.0,193.0
2026-08-26T12:00,15.1,80,1000.7,100,3.00,323,0.35,185.0,1.0,184.0
2026-08-26T13:00,15.9,73,1001.0,94,3.31,326,0.48,222.0,11.0,211.0
2026-08-26T14:00,17.0,67,1001.1,74,3.43,326,0.64,407.0,171.0,236.0
2026-08-26T15:00,17.9,60,1001.8,62,3.60,322,0.82,380.0,191.0,189.0
2026-08-26T16:00,17.6,59,1001.8,30,3.20,326,0.83,339.0,162.0,177.0
2026-08-26T17:00,17.5,58,1002.2,51,3.35,333,0.83,332.0,213.0,119.0
2026-08-26T18:00,16.6,63,1002.6,37,3.58,340,0.70,193.0,112.0,81.0
2026-08-26T19:00,15.6,69,1003.0,70,2.74,339,0.56,85.0,39.0,46.0
2026-08-26T20:00,14.6,74,1003.6,100,2.35,333,0.44,10.0,3.0,7.0
2026-08-26T21:00,14.0,79,1004.1,100,2.36,343,0.34,0.0,0.0,0.0
2026-08-26T22:00,13.9,80,1004.2,100,2.06,342,0.32,0.0,0.0,0.0
2026-08-26T23:00,13.7,81,1004.4,100,1.90,342,0.29,0.0,0.0,0.0
2026-08-27T00:00,13.6,82,1004.7,99,1.73,350,0.28,0.0,0.0,0.0
2026-08-27T01:00,13.1,85,1004.8,91,1.64,348,0.23,0.0,0.0,0.0
2026-08-27T02:00,12.6,87,1005.0,59,1.68,333,0.19,0.0,0.0,0.0
2026-08-27T03:00,11.5,89,1005.2,50,1.21,300,0.15,0.0,0.0,0.0
2026-08-27T04:00,11.3,89,1005.4,42,1.59,298,0.14,0.0,0.0,0.0
2026-08-27T05:00,11.0,90,1005.6,42,1.68,297,0.13,0.0,0.0,0.0
2026-08-27T06:00,10.8,91,1005.8,93,1.67,309,0.12,7.0,2.0,5.0
2026-08-27T07:00,11.5,88,1006.2,84,1.35,329,0.16,58.0,9.0,49.0
2026-08-27T08:00,12.6,84,1006.4,65,1.65,357,0.24,187.0,106.0,81.0
2026-08-27T09:00,13.3,73,1006.7,100,3.20,23,0.41,320.0,199.0,121.0
2026-08-27T10:00,13.5,66,1007.2,100,3.11,46,0.53,227.0,50.0,177.0
2026-08-27T11:00,14.3,62,1007.4,100,2.19,55,0.62,291.0,57.0,234.0
2026-08-27T12:00,14.8,63,1007.5,100,1.54,29,0.63,285.0,23.0,262.0
2026-08-27T13:00,15.4,61,1007.3,100,2.04,22,0.68,318.0,48.0,270.0
2026-08-27T14:00,15.8,60,1007.2,100,1.82,21,0.71,304.0,67.0,237.0
2026-08-27T15:00,16.9,51,1007.2,42,2.62,31,0.95,257.0,47.0,210.0
2026-08-27T16:00,17.2,49,1007.2,69,2.50,37,1.00,406.0,234.0,172.0
2026-08-27T17:00,17.5,49,1007.0,50,2.09,48,1.02,306.0,172.0,134.0
2026-08-27T18:00,17.4,52,1006.9,57,1.32,65,0.96,176.0,67.0,109.0
2026-08-27T19:00,16.6,62,1006.8,5,0.63,108,0.72,88.0,45.0,43.0
2026-08-27T20:00,15.8,61,1007.1,20,0.10,270,0.69,8.0,3.0,5.0
2026-08-27T21:00,14.7,65,1007.1,0,0.41,284,0.59,0.0,0.0,0.0
2026-08-27T22:00,13.7,69,1007.1,2,0.67,297,0.48,0.0,0.0,0.0
2026-08-27T23:00,12.8,74,1007.2,2,0.78,297,0.38,0.0,0.0,0.0
2026-08-28T00:00,12.2,78,1007.4,2,0.76,293,0.32,0.0,0.0,0.0
2026-08-28T01:00,11.7,80,1007.3,4,0.87,283,0.27,0.0,0.0,0.0
2026-08-28T02:00,11.2,83,1007.5,7,1.16,277,0.23,0.0,0.0,0.0
2026-08-28T03:00,10.4,89,1007.8,9,1.26,263,0.14,0.0,0.0,0.0
2026-08-28T04:00,10.1,89,1007.8,13,1.82,262,0.13,0.0,0.0,0.0
2026-08-28T05:00,9.9,90,1007.8,6,1.96,274,0.12,0.0,0.0,0.0
2026-08-28T06:00,10.0,89,1008.0,11,1.86,284,0.14,7.0,2.0,5.0
2026-08-28T07:00,11.3,84,1008.1,66,1.61,286,0.21,86.0,49.0,37.0
2026-08-28T08:00,13.0,80,1008.3,99,1.74,297,0.29,172.0,77.0,95.0
2026-08-28T09:00,15.3,72,1008.6,51,1.83,325,0.48,274.0,155.0,119.0
2026-08-28T10:00,16.5,71,1008.7,21,1.47,342,0.55,400.0,271.0,129.0
2026-08-28T11:00,17.6,61,1008.6,16,1.90,2,0.78,532.0,419.0,113.0
2026-08-28T12:00,18.5,54,1008.5,7,1.85,2,0.99,615.0,511.0,104.0
2026-08-28T13:00,19.2,49,1008.4,17,1.95,360,1.14,685.0,594.0,91.0
2026-08-28T14:00,19.8,46,1008.3,32,2.39,349,1.25,646.0,538.0,108.0
2026-08-28T15:00,20.3,36,1008.3,20,2.26,355,1.53,535.0,381.0,154.0
2026-08-28T16:00,20.2,36,1008.3,57,2.00,359,1.51,494.0,409.0,85.0
2026-08-28T17:00,19.9,38,1008.2,65,1.60,4,1.45,362.0,273.0,89.0
2026-08-28T18:00,19.4,40,1008.0,79,1.35,22,1.35,213.0,142.0,71.0
2026-08-28T19:00,18.1,49,1007.9,52,0.90,56,1.06,82.0,38.0,44.0
2026-08-28T20:00,17.0,50,1007.7,27,1.36,96,0.97,7.0,2.0,5.0
2026-08-28T21:00,15.5,60,1007.5,5,1.07,118,0.70,0.0,0.0,0.0
2026-08-28T22:00,15.1,63,1007.7,16,0.61,171,0.64,0.0,0.0,0.0
2026-08-28T23:00,14.4,66,1008.4,28,0.68,197,0.56,0.0,0.0,0.0
2026-08-29T00:00,14.2,69,1008.7,98,0.82,166,0.51,0.0,0.0,0.0
2026-08-29T01:00,14.5,67,1008.8,100,1.12,153,0.54,0.0,0.0,0.0
2026-08-29T02:00,14.0,70,1008.5,99,1.43,151,0.48,0.0,0.0,0.0
2026-08-29T03:00,12.5,78,1008.2,98,1.28,149,0.32,0.0,0.0,0.0
2026-08-29T04:00,12.2,79,1008.1,51,1.39,154,0.30,0.0,0.0,0.0
2026-08-29T05:00,11.7,80,1008.2,88,1.46,158,0.27,0.0,0.0,0.0
2026-08-29T06:00,11.6,80,1008.4,95,1.63,162,0.27,5.0,1.0,4.0
2026-08-29T07:00,12.4,76,1008.5,70,1.25,182,0.34,72.0,22.0,50.0
2026-08-29T08:00,13.5,75,1008.4,80,1.17,190,0.39,161.0,84.0,77.0
2026-08-29T09:00,13.3,87,1008.5,87,1.10,133,0.20,246.0,116.0,130.0
2026-08-29T10:00,15.2,81,1008.4,28,1.35,165,0.33,311.0,179.0,132.0
2026-08-29T11:00,17.2,72,1008.0,19,1.36,172,0.56,434.0,297.0,137.0
2026-08-29T12:00,19.3,63,1007.7,9,1.41,186,0.82,584.0,448.0,136.0
2026-08-29T13:00,20.4,58,1007.3,33,1.56,230,1.01,609.0,503.0,106.0
2026-08-29T14:00,20.5,56,1007.0,40,1.97,240,1.06,498.0,376.0,122.0
2026-08-29T15:00,21.3,46,1006.6,20,1.84,257,1.38,447.0,296.0,151.0
2026-08-29T16:00,21.2,46,1006.1,22,1.76,250,1.36,413.0,309.0,104.0
2026-08-29T17:00,21.1,48,1005.6,17,1.46,248,1.31,293.0,209.0,84.0
2026-08-29T18:00,20.8,49,1005.4,32,1.49,220,1.26,176.0,102.0,74.0
2026-08-29T19:00,19.4,56,1005.2,31,2.32,194,1.00,72.0,38.0,34.0
2026-08-29T20:00,17.9,64,1005.0,5,2.28,199,0.74,5.0,1.0,4.0
2026-08-29T21:00,16.5,73,1004.7,77,1.37,204,0.50,0.0,0.0,0.0
2026-08-29T22:00,16.2,73,1004.6,23,1.66,201,0.49,0.0,0.0,0.0
2026-08-29T23:00,15.7,74,1004.7,9,1.50,195,0.47,0.0,0.0,0.0
2026-08-30T00:00,15.2,75,1004.9,21,1.66,185,0.43,0.0,0.0,0.0
2026-08-30T01:00,14.6,77,1004.8,21,1.70,178,0.38,0.0,0.0,0.0
2026-08-30T02:00,14.1,77,1004.7,61,1.85,183,0.36,0.0,0.0,0.0
2026-08-30T03:00,13.0,79,1004.7,26,1.71,173,0.31,0.0,0.0,0.0
2026-08-30T04:00,12.9,76,1004.4,51,2.11,175,0.36,0.0,0.0,0.0
2026-08-30T05:00,12.6,75,1004.1,20,2.27,172,0.36,0.0,0.0,0.0
2026-08-30T06:00,12.3,74,1004.1,7,2.29,170,0.37,5.0,2.0,3.0
2026-08-30T07:00,13.0,70,1003.9,22,2.16,167,0.45,86.0,54.0,32.0
2026-08-30T08:00,14.1,69,1003.7,47,1.86,149,0.50,222.0,167.0,55.0
2026-08-30T09:00,16.3,65,1003.8,43,2.14,147,0.65,365.0,295.0,70.0
2026-08-30T10:00,18.1,60,1003.6,86,2.42,156,0.83,494.0,416.0,78.0
2026-08-30T11:00,19.7,56,1003.4,93,2.78,162,1.02,588.0,492.0,96.0
2026-08-30T12:00,20.9,51,1003.0,98,3.38,167,1.21,635.0,508.0,127.0
2026-08-30T13:00,21.7,48,1002.6,100,3.95,180,1.36,635.0,498.0,137.0
2026-08-30T14:00,22.0,47,1002.2,98,4.01,184,1.40,467.0,206.0,261.0
2026-08-30T15:00,22.1,45,1001.8,91,4.11,185,1.46,413.0,180.0,233.0
2026-08-30T16:00,22.0,49,1001.5,100,4.22,194,1.36,435.0,310.0,125.0
2026-08-30T17:00,20.8,55,1001.2,100,4.02,201,1.11,157.0,21.0,136.0
2026-08-30T18:00,19.2,65,1000.8,100,2.77,193,0.79,48.0,0.0,48.0
2026-08-30T19:00,18.1,73,1000.7,100,2.56,174,0.56,11.0,0.0,11.0
2026-08-30T20:00,17.3,78,1000.5,100,2.80,158,0.44,1.0,0.0,1.0
2026-08-30T21:00,16.5,86,1000.3,100,2.95,179,0.26,0.0,0.0,0.0
2026-08-30T22:00,16.2,89,1000.2,100,2.77,187,0.21,0.0,0.0,0.0
2026-08-30T23:00,15.9,91,1000.3,100,2.97,197,0.17,0.0,0.0,0.0
2026-08-31T00:00,15.9,91,1000.0,100,2.64,195,0.17,0.0,0.0,0.0
2026-08-31T01:00,15.9,90,999.7,100,2.38,195,0.18,0.0,0.0,0.0
2026-08-31T02:00,15.9,91,999.9,44,2.20,197,0.17,0.0,0.0,0.0
2026-08-31T03:00,14.8,93,999.7,17,1.19,202,0.13,0.0,0.0,0.0
2026-08-31T04:00,14.6,94,999.3,21,1.10,210,0.10,0.0,0.0,0.0
2026-08-31T05:00,14.1,95,999.3,39,1.25,241,0.08,0.0,0.0,0.0
2026-08-31T06:00,13.9,96,999.4,80,1.42,260,0.06,4.0,1.0,3.0
2026-08-31T07:00,14.5,97,999.6,89,1.51,264,0.06,73.0,31.0,42.0
2026-08-31T08:00,15.2,96,999.6,99,1.41,264,0.07,175.0,76.0,99.0
2026-08-31T09:00,16.7,90,1000.2,98,1.60,268,0.18,275.0,119.0,156.0
2026-08-31T10:00,17.9,80,1000.2,96,1.61,263,0.41,359.0,156.0,203.0
2026-08-31T11:00,19.0,72,1000.2,96,1.76,255,0.62,481.0,286.0,195.0
2026-08-31T12:00,19.8,66,1000.0,100,1.82,254,0.79,475.0,272.0,203.0
2026-08-31T13:00,20.2,64,1000.0,100,1.75,257,0.85,354.0,64.0,290.0
2026-08-31T14:00,20.8,61,1000.0,69,2.01,243,0.95,408.0,183.0,225.0
2026-08-31T15:00,20.3,57,1000.3,77,1.91,250,1.01,518.0,369.0,149.0
2026-08-31T16:00,20.5,56,1000.0,59,1.70,256,1.07,360.0,173.0,187.0
2026-08-31T17:00,20.7,54,999.8,55,1.77,248,1.13,272.0,153.0,119.0
2026-08-31T18:00,20.3,59,999.4,23,1.72,240,0.98,186.0,113.0,73.0
2026-08-31T19:00,19.2,67,999.3,13,1.56,225,0.73,72.0,39.0,33.0
2026-08-31T20:00,18.2,71,999.4,10,1.08,214,0.61,4.0,1.0,3.0
2026-08-31T21:00,17.1,77,999.3,2,1.20,178,0.45,0.0,0.0,0.0
2026-08-31T22:00,16.7,78,999.5,2,1.65,177,0.42,0.0,0.0,0.0
2026-08-31T23:00,15.9,83,999.6,2,1.60,184,0.30,0.0,0.0,0.0
2026-09-01T00:00,15.3,86,999.6,2,1.72,188,0.24,0.0,0.0,0.0
2026-09-01T01:00,15.1,86,999.5,2,1.91,185,0.23,0.0,0.0,0.0
2026-09-01T02:00,14.9,86,999.5,2,1.96,186,0.23,0.0,0.0,0.0
2026-09-01T03:00,14.4,89,999.1,1,1.56,187,0.18,0.0,0.0,0.0
2026-09-01T04:00,14.2,89,998.9,0,1.91,175,0.17,0.0,0.0,0.0
2026-09-01T05:00,13.9,89,998.6,0,2.05,179,0.17,0.0,0.0,0.0
2026-09-01T06:00,13.8,89,998.6,0,2.10,183,0.17,3.0,1.0,2.0
2026-09-01T07:00,14.8,86,998.8,80,1.95,179,0.23,76.0,45.0,31.0
2026-09-01T08:00,16.0,86,998.5,45,1.72,163,0.26,198.0,128.0,70.0
2026-09-01T09:00,18.2,81,998.6,91,1.55,165,0.39,348.0,276.0,72.0
2026-09-01T10:00,20.2,74,998.7,91,1.87,164,0.62,448.0,323.0,125.0
2026-09-01T11:00,21.5,63,998.6,76,2.70,179,0.96,529.0,367.0,162.0
2026-09-01T12:00,22.3,58,998.3,94,2.61,176,1.13,623.0,505.0,118.0
2026-09-01T13:00,22.9,55,998.1,100,2.47,166,1.26,621.0,456.0,165.0
2026-09-01T14:00,23.1,52,997.6,100,2.65,169,1.36,510.0,247.0,263.0
2026-09-01T15:00,24.2,47,997.3,100,2.66,175,1.61,469.0,237.0,232.0
2026-09-01T16:00,23.9,47,996.7,99,2.63,171,1.56,357.0,148.0,209.0
2026-09-01T17:00,23.5,51,995.9,99,2.40,163,1.42,293.0,158.0,135.0
2026-09-01T18:00,22.7,56,995.5,100,2.28,157,1.20,174.0,80.0,94.0
2026-09-01T19:00,21.4,64,995.0,100,2.17,151,0.91,59.0,16.0,43.0
2026-09-01T20:00,20.5,70,994.9,98,2.61,148,0.72,2.0,0.0,2.0
2026-09-01T21:00,20.1,75,994.5,98,2.91,156,0.58,0.0,0.0,0.0
2026-09-01T22:00,19.9,76,994.1,100,3.20,179,0.55,0.0,0.0,0.0
2026-09-01T23:00,19.4,77,993.9,94,3.03,202,0.52,0.0,0.0,0.0
2026-09-02T00:00,18.6,79,993.6,99,2.97,200,0.44,0.0,0.0,0.0
2026-09-02T01:00,18.1,81,993.4,96,3.31,209,0.39,0.0,0.0,0.0
2026-09-02T02:00,17.5,86,993.2,91,3.31,205,0.28,0.0,0.0,0.0
2026-09-02T03:00,17.6,82,993.2,95,4.03,208,0.37,0.0,0.0,0.0
2026-09-02T04:00,17.4,86,993.1,99,3.52,215,0.29,0.0,0.0,0.0
2026-09-02T05:00,17.0,89,993.1,87,3.40,216,0.21,0.0,0.0,0.0
2026-09-02T06:00,16.6,93,993.3,100,3.58,222,0.14,2.0,0.0,2.0
2026-09-02T07:00,16.8,90,993.4,100,3.50,224,0.20,32.0,2.0,30.0
2026-09-02T08:00,16.9,87,993.1,100,3.37,221,0.26,92.0,9.0,83.0
2026-09-02T09:00,17.8,80,993.3,58,4.11,221,0.41,217.0,75.0,142.0
2026-09-02T10:00,18.6,73,993.7,19,4.25,222,0.57,361.0,191.0,170.0
2026-09-02T11:00,19.1,72,993.6,24,4.24,218,0.63,530.0,415.0,115.0
2026-09-02T12:00,19.7,67,993.7,30,4.24,218,0.76,535.0,372.0,163.0
2026-09-02T13:00,20.4,62,993.7,40,4.46,224,0.91,616.0,499.0,117.0
2026-09-02T14:00,20.5,59,993.5,13,4.42,226,0.98,586.0,459.0,127.0
2026-09-02T15:00,20.4,54,993.9,21,4.84,232,1.10,516.0,405.0,111.0
2026-09-02T16:00,20.2,53,993.6,10,4.92,235,1.11,437.0,344.0,93.0
2026-09-02T17:00,19.9,54,993.5,22,5.04,240,1.07,326.0,252.0,74.0
2026-09-02T18:00,19.0,59,993.7,56,4.53,248,0.90,186.0,128.0,58.0
2026-09-02T19:00,18.1,64,993.8,10,4.00,242,0.75,55.0,29.0,26.0
2026-09-02T20:00,17.3,67,994.0,6,3.82,243,0.65,2.0,0.0,2.0
2026-09-02T21:00,16.0,77,994.1,7,3.67,244,0.41,0.0,0.0,0.0
2026-09-02T22:00,15.5,80,994.4,27,3.58,245,0.34,0.0,0.0,0.0
2026-09-02T23:00,15.2,84,994.6,37,3.49,246,0.28,0.0,0.0,0.0
2026-09-03T00:00,14.8,86,994.7,22,3.18,251,0.23,0.0,0.0,0.0
2026-09-03T01:00,14.4,89,994.7,16,2.94,249,0.19,0.0,0.0,0.0
2026-09-03T02:00,14.1,90,994.8,14,2.82,247,0.16,0.0,0.0,0.0
2026-09-03T03:00,13.8,90,994.9,16,2.36,238,0.16,0.0,0.0,0.0
2026-09-03T04:00,13.5,91,994.7,5,2.45,229,0.14,0.0,0.0,0.0
2026-09-03T05:00,13.1,92,994.8,5,2.57,233,0.12,0.0,0.0,0.0
2026-09-03T06:00,12.8,93,995.1,3,2.54,234,0.10,2.0,0.0,2.0
2026-09-03T07:00,13.3,92,995.2,3,2.15,234,0.12,68.0,38.0,30.0
2026-09-03T08:00,14.3,88,995.3,52,2.66,244,0.19,194.0,133.0,61.0
2026-09-03T09:00,15.4,85,995.8,100,2.64,243,0.27,319.0,225.0,94.0
2026-09-03T10:00,16.5,77,996.0,41,3.11,244,0.43,312.0,123.0,189.0
2026-09-03T11:00,17.5,71,995.9,34,3.30,252,0.58,456.0,297.0,159.0
2026-09-03T12:00,18.4,69,995.8,37,2.86,258,0.67,560.0,436.0,124.0
2026-09-03T13:00,19.4,63,995.5,100,3.16,259,0.82,569.0,407.0,162.0
2026-09-03T14:00,19.4,61,995.3,100,3.31,255,0.87,354.0,112.0,242.0
2026-09-03T15:00,19.0,58,995.7,17,2.45,268,0.91,242.0,31.0,211.0
2026-09-03T16:00,19.4,57,995.4,9,2.20,258,0.98,417.0,324.0,93.0
2026-09-03T17:00,19.2,58,995.1,4,2.07,255,0.94,318.0,246.0,72.0
2026-09-03T18:00,18.7,62,995.2,34,1.90,256,0.82,190.0,137.0,53.0
2026-09-03T19:00,17.6,69,995.2,91,1.57,243,0.62,62.0,32.0,30.0
2026-09-03T20:00,16.8,72,995.4,61,1.98,236,0.53,1.0,0.0,1.0
2026-09-03T21:00,16.5,74,995.5,92,2.02,240,0.48,0.0,0.0,0.0
2026-09-03T22:00,15.9,78,995.6,100,1.94,252,0.40,0.0,0.0,0.0
2026-09-03T23:00,15.1,82,995.3,100,1.68,253,0.30,0.0,0.0,0.0
2026-09-04T00:00,14.5,86,995.3,99,1.66,249,0.23,0.0,0.0,0.0
2026-09-04T01:00,14.2,88,995.4,99,1.69,251,0.19,0.0,0.0,0.0
2026-09-04T02:00,13.7,90,995.4,100,1.77,254,0.15,0.0,0.0,0.0
2026-09-04T03:00,13.2,91,995.3,97,1.55,255,0.14,0.0,0.0,0.0
2026-09-04T04:00,12.8,92,995.2,95,1.59,246,0.12,0.0,0.0,0.0
2026-09-04T05:00,12.5,92,994.9,100,1.54,241,0.11,0.0,0.0,0.0
2026-09-04T06:00,12.3,93,995.0,94,1.60,238,0.10,1.0,0.0,1.0
2026-09-04T07:00,13.0,91,995.3,12,1.65,235,0.14,60.0,25.0,35.0
2026-09-04T08:00,14.1,88,994.9,1,1.03,223,0.19,193.0,136.0,57.0
2026-09-04T09:00,15.7,83,995.3,1,1.10,231,0.29,336.0,268.0,68.0
2026-09-04T10:00,17.4,69,995.3,13,2.09,237,0.62,461.0,384.0,77.0
2026-09-04T11:00,18.4,61,995.0,23,2.43,238,0.82,521.0,420.0,101.0
2026-09-04T12:00,19.4,56,994.4,31,2.47,234,0.98,549.0,428.0,121.0
2026-09-04T13:00,20.1,53,993.9,34,2.45,229,1.11,551.0,411.0,140.0
2026-09-04T14:00,20.5,51,993.1,39,2.71,218,1.18,535.0,404.0,131.0
2026-09-04T15:00,20.9,48,992.6,5,2.47,216,1.29,495.0,395.0,100.0
2026-09-04T16:00,20.9,49,992.2,9,2.62,204,1.27,451.0,376.0,75.0
2026-09-04T17:00,20.6,50,991.5,9,2.91,204,1.22,322.0,253.0,69.0
2026-09-04T18:00,19.9,54,991.2,8,2.72,200,1.08,185.0,133.0,52.0
2026-09-04T19:00,18.7,60,991.2,3,2.36,185,0.86,59.0,35.0,24.0
2026-09-04T20:00,17.7,65,991.2,2,2.70,181,0.71,1.0,0.0,1.0
2026-09-04T21:00,17.2,68,990.5,2,2.70,181,0.62,0.0,0.0,0.0
2026-09-04T22:00,16.6,70,989.8,2,3.21,184,0.58,0.0,0.0,0.0
2026-09-04T23:00,16.2,70,989.2,13,3.22,192,0.56,0.0,0.0,0.0
2026-09-05T00:00,15.6,72,988.6,27,3.28,196,0.49,0.0,0.0,0.0
2026-09-05T01:00,15.1,76,987.9,95,3.30,194,0.42,0.0,0.0,0.0
2026-09-05T02:00,14.8,77,987.3,99,3.38,188,0.38,0.0,0.0,0.0
2026-09-05T03:00,14.5,79,986.0,100,3.24,189,0.35,0.0,0.0,0.0
2026-09-05T04:00,14.5,79,985.2,100,3.58,187,0.35,0.0,0.0,0.0
2026-09-05T05:00,14.3,82,983.8,100,3.90,179,0.30,0.0,0.0,0.0
2026-09-05T06:00,13.7,86,982.9,100,3.87,174,0.22,0.0,0.0,0.0
2026-09-05T07:00,13.5,92,981.3,100,4.76,159,0.12,10.0,0.0,10.0
2026-09-05T08:00,13.9,91,979.6,100,5.13,174,0.15,22.0,0.0,22.0
2026-09-05T09:00,14.2,91,976.9,100,6.56,162,0.15,20.0,0.0,20.0
2026-09-05T10:00,14.6,91,975.0,100,7.48,172,0.14,89.0,1.0,88.0
2026-09-05T11:00,15.2,90,973.9,100,7.33,191,0.18,128.0,4.0,124.0
2026-09-05T12:00,15.6,89,973.2,100,7.45,205,0.19,92.0,1.0,91.0
2026-09-05T13:00,17.2,80,974.4,20,6.72,240,0.38,186.0,0.0,186.0
2026-09-05T14:00,19.5,59,975.6,13,7.67,251,0.94,568.0,463.0,105.0
2026-09-05T15:00,18.7,55,977.3,26,6.89,257,0.96,469.0,325.0,144.0
2026-09-05T16:00,18.0,57,978.3,11,6.48,258,0.89,419.0,329.0,90.0
2026-09-05T17:00,17.8,57,979.2,9,5.81,262,0.87,302.0,226.0,76.0
2026-09-05T18:00,17.2,61,979.8,9,5.05,250,0.77,172.0,117.0,55.0
2026-09-05T19:00,16.3,66,980.6,13,4.40,249,0.63,53.0,30.0,23.0
2026-09-05T20:00,15.6,69,981.3,4,3.67,250,0.55,0.0,0.0,0.0
2026-09-05T21:00,15.1,74,981.6,35,3.72,248,0.45,0.0,0.0,0.0
2026-09-05T22:00,14.4,77,981.8,52,3.38,245,0.38,0.0,0.0,0.0
2026-09-05T23:00,13.9,81,981.9,48,3.20,243,0.30,0.0,0.0,0.0
2026-09-06T00:00,13.5,83,982.2,66,3.31,250,0.26,0.0,0.0,0.0
2026-09-06T01:00,12.9,88,982.3,91,3.13,250,0.18,0.0,0.0,0.0
2026-09-06T02:00,12.5,91,982.6,95,2.88,244,0.13,0.0,0.0,0.0
2026-09-06T03:00,12.2,87,982.7,33,1.75,239,0.19,0.0,0.0,0.0
2026-09-06T04:00,11.8,90,982.9,28,1.96,238,0.14,0.0,0.0,0.0
2026-09-06T05:00,11.4,93,982.9,52,1.97,240,0.10,0.0,0.0,0.0
2026-09-06T06:00,11.3,94,983.2,76,2.37,235,0.08,1.0,0.0,1.0
2026-09-06T07:00,11.5,94,983.6,100,2.38,240,0.09,39.0,11.0,28.0
2026-09-06T08:00,12.1,90,983.7,89,3.12,254,0.14,109.0,30.0,79.0
2026-09-06T09:00,13.1,85,983.9,100,2.79,261,0.22,254.0,131.0,123.0
2026-09-06T10:00,14.0,83,984.1,100,3.18,248,0.28,353.0,219.0,134.0
2026-09-06T11:00,14.8,76,984.4,100,3.11,259,0.40,326.0,79.0,247.0
2026-09-06T12:00,15.5,71,984.7,100,3.41,256,0.51,370.0,112.0,258.0
2026-09-06T13:00,16.0,66,984.6,48,3.35,267,0.61,276.0,63.0,213.0
2026-09-06T14:00,16.2,65,984.7,81,3.07,258,0.64,333.0,151.0,182.0
2026-09-06T15:00,16.5,60,985.5,68,2.90,267,0.74,352.0,190.0,162.0
2026-09-06T16:00,15.2,70,985.9,83,3.58,243,0.52,304.0,147.0,157.0
2026-09-06T17:00,14.7,78,986.4,59,2.29,290,0.36,220.0,121.0,99.0
2026-09-06T18:00,14.7,81,987.0,92,2.45,266,0.32,146.0,87.0,59.0
2026-09-06T19:00,13.7,83,987.6,94,2.66,290,0.26,45.0,17.0,28.0
2026-09-06T20:00,13.0,88,988.0,59,2.36,275,0.18,0.0,0.0,0.0
2026-09-06T21:00,12.2,91,988.4,93,2.66,266,0.12,0.0,0.0,0.0
2026-09-06T22:00,12.1,92,988.6,25,2.75,270,0.11,0.0,0.0,0.0
2026-09-06T23:00,11.7,93,988.8,9,2.80,273,0.10,0.0,0.0,0.0
2026-09-07T00:00,11.4,93,989.1,13,3.22,277,0.09,0.0,0.0,0.0
2026-09-07T01:00,11.1,94,989.6,16,3.24,287,0.09,0.0,0.0,0.0
2026-09-07T02:00,10.7,94,990.1,100,3.20,293,0.08,0.0,0.0,0.0
2026-09-07T03:00,10.5,91,990.7,4,2.86,295,0.12,0.0,0.0,0.0
2026-09-07T04:00,10.2,92,991.2,7,3.05,293,0.10,0.0,0.0,0.0
2026-09-07T05:00,9.8,92,991.7,3,3.01,291,0.10,0.0,0.0,0.0
2026-09-07T06:00,9.3,92,992.0,5,3.17,286,0.09,1.0,0.0,1.0
2026-09-07T07:00,9.6,89,992.5,27,3.34,289,0.13,56.0,32.0,24.0
2026-09-07T08:00,10.3,85,992.8,25,3.40,287,0.18,176.0,116.0,60.0
2026-09-07T09:00,10.9,80,993.0,100,4.03,290,0.26,275.0,198.0,77.0
2026-09-07T10:00,11.5,69,993.3,34,4.52,298,0.42,296.0,164.0,132.0
2026-09-07T11:00,12.6,61,993.5,51,4.43,298,0.57,428.0,305.0,123.0
2026-09-07T12:00,13.4,55,993.8,100,4.79,302,0.69,487.0,332.0,155.0
2026-09-07T13:00,12.9,58,994.3,100,4.76,297,0.63,311.0,79.0,232.0
2026-09-07T14:00,12.6,60,994.8,100,4.61,299,0.58,191.0,16.0,175.0
2026-09-07T15:00,12.5,53,995.3,98,4.58,306,0.68,179.0,19.0,160.0
2026-09-07T16:00,12.7,53,995.6,91,4.48,301,0.68,209.0,51.0,158.0
2026-09-07T17:00,12.3,57,996.0,99,4.26,310,0.62,172.0,81.0,91.0
2026-09-07T18:00,11.5,65,996.4,99,3.45,304,0.48,55.0,4.0,51.0
2026-09-07T19:00,11.0,67,996.9,94,3.92,308,0.44,13.0,0.0,13.0
2026-09-07T20:00,10.5,70,997.4,95,3.48,310,0.39,0.0,0.0,0.0
2026-09-07T21:00,9.5,79,997.5,99,2.93,314,0.25,0.0,0.0,0.0
2026-09-07T22:00,9.4,79,997.6,99,2.77,311,0.25,0.0,0.0,0.0
2026-09-07T23:00,9.4,78,997.6,100,2.98,310,0.26,0.0,0.0,0.0
2026-09-08T00:00,9.4,79,997.7,98,2.99,308,0.25,0.0,0.0,0.0
2026-09-08T01:00,9.5,78,997.8,91,2.95,309,0.26,0.0,0.0,0.0
2026-09-08T02:00,9.5,78,997.7,100,2.73,310,0.26,0.0,0.0,0.0
2026-09-08T03:00,8.8,79,997.7,2,2.66,304,0.23,0.0,0.0,0.0
2026-09-08T04:00,8.2,82,997.8,2,2.75,303,0.20,0.0,0.0,0.0
2026-09-08T05:00,7.6,85,998.0,3,2.89,307,0.15,0.0,0.0,0.0
2026-09-08T06:00,7.2,86,998.5,27,2.98,311,0.14,0.0,0.0,0.0
2026-09-08T07:00,7.4,86,998.7,81,2.57,307,0.15,45.0,23.0,22.0
2026-09-08T08:00,8.1,82,998.7,76,2.58,306,0.19,106.0,37.0,69.0
2026-09-08T09:00,9.1,78,999.0,91,3.12,320,0.26,212.0,64.0,148.0
2026-09-08T10:00,10.3,72,999.1,93,3.78,336,0.35,271.0,86.0,185.0
2026-09-08T11:00,11.2,68,998.8,100,3.80,339,0.43,307.0,121.0,186.0
2026-09-08T12:00,11.7,66,998.8,100,3.58,337,0.47,285.0,48.0,237.0
2026-09-08T13:00,12.6,63,998.3,100,3.29,336,0.54,333.0,75.0,258.0
2026-09-08T14:00,13.1,62,998.2,100,3.27,335,0.58,292.0,42.0,250.0
2026-09-08T15:00,14.2,49,998.2,13,2.61,328,0.82,300.0,103.0,197.0
2026-09-08T16:00,14.5,46,997.9,1,2.35,333,0.89,434.0,354.0,80.0
2026-09-08T17:00,14.4,46,997.7,1,2.26,332,0.88,313.0,250.0,63.0
2026-09-08T18:00,13.7,53,997.5,10,1.79,330,0.73,174.0,127.0,47.0
2026-09-08T19:00,12.1,62,997.6,2,1.80,326,0.53,46.0,27.0,19.0
2026-09-08T20:00,11.1,67,997.7,0,1.66,316,0.44,0.0,0.0,0.0
2026-09-08T21:00,10.1,72,997.9,1,1.13,319,0.34,0.0,0.0,0.0
2026-09-08T22:00,9.7,74,997.6,5,1.14,308,0.32,0.0,0.0,0.0
2026-09-08T23:00,8.9,78,997.2,3,0.85,298,0.25,0.0,0.0,0.0
2026-09-09T00:00,8.2,83,997.1,13,0.84,287,0.19,0.0,0.0,0.0
2026-09-09T01:00,7.8,85,997.2,23,1.42,280,0.16,0.0,0.0,0.0
2026-09-09T02:00,7.3,87,997.2,13,1.35,272,0.13,0.0,0.0,0.0
2026-09-09T03:00,6.6,90,997.1,73,1.00,264,0.10,0.0,0.0,0.0
2026-09-09T04:00,6.4,91,996.8,74,0.92,248,0.08,0.0,0.0,0.0
2026-09-09T05:00,6.2,92,996.7,27,1.19,255,0.08,0.0,0.0,0.0
2026-09-09T06:00,6.1,92,996.8,5,1.06,251,0.07,0.0,0.0,0.0
2026-09-09T07:00,7.3,90,997.0,30,1.10,227,0.11,51.0,30.0,21.0
2026-09-09T08:00,9.0,87,997.0,67,1.04,197,0.15,177.0,125.0,52.0
2026-09-09T09:00,11.3,80,997.3,64,0.89,207,0.26,312.0,242.0,70.0
2026-09-09T10:00,13.6,75,997.1,45,0.76,212,0.39,431.0,340.0,91.0
2026-09-09T11:00,16.0,68,996.8,31,0.99,225,0.57,530.0,436.0,94.0
2026-09-09T12:00,17.8,60,996.3,70,1.76,250,0.81,594.0,507.0,87.0
2026-09-09T13:00,19.2,56,996.0,82,2.70,268,0.98,595.0,481.0,114.0
2026-09-09T14:00,20.2,53,995.6,100,2.75,268,1.12,512.0,304.0,208.0
2026-09-09T15:00,20.3,51,995.4,1,1.86,243,1.16,403.0,184.0,219.0
2026-09-09T16:00,20.4,52,995.0,5,1.97,234,1.15,425.0,353.0,72.0
2026-09-09T17:00,20.2,55,995.0,14,2.07,238,1.07,296.0,233.0,63.0
2026-09-09T18:00,19.3,61,994.8,4,1.50,244,0.87,158.0,110.0,48.0
2026-09-09T19:00,17.5,69,994.8,5,1.25,233,0.63,39.0,22.0,17.0
2026-09-09T20:00,16.7,72,995.1,4,1.52,207,0.54,0.0,0.0,0.0
2026-09-09T21:00,16.0,76,994.9,15,1.68,207,0.44,0.0,0.0,0.0
2026-09-09T22:00,15.5,78,994.7,26,2.06,203,0.39,0.0,0.0,0.0
2026-09-09T23:00,14.9,80,994.6,38,2.10,205,0.34,0.0,0.0,0.0
2026-09-10T00:00,14.4,80,994.7,20,2.11,211,0.33,0.0,0.0,0.0
2026-09-10T01:00,13.9,81,994.6,10,2.07,217,0.30,0.0,0.0,0.0
2026-09-10T02:00,13.5,82,994.6,2,2.09,220,0.28,0.0,0.0,0.0
2026-09-10T03:00,12.8,84,994.5,18,1.82,212,0.24,0.0,0.0,0.0
2026-09-10T04:00,12.7,84,994.4,23,2.11,211,0.24,0.0,0.0,0.0
2026-09-10T05:00,12.3,85,994.5,38,2.02,203,0.22,0.0,0.0,0.0
2026-09-10T06:00,12.1,86,994.7,41,2.14,196,0.20,0.0,0.0,0.0
2026-09-10T07:00,12.6,84,994.7,0,2.18,189,0.23,47.0,25.0,22.0
2026-09-10T08:00,13.8,82,994.8,0,1.75,178,0.28,172.0,124.0,48.0
2026-09-10T09:00,16.0,77,994.7,0,1.71,175,0.42,310.0,248.0,62.0
2026-09-10T10:00,18.0,72,994.6,0,1.77,172,0.58,435.0,364.0,71.0
2026-09-10T11:00,20.0,68,994.6,0,2.21,175,0.75,533.0,456.0,77.0
2026-09-10T12:00,21.6,63,994.5,35,2.55,177,0.95,594.0,515.0,79.0
2026-09-10T13:00,22.9,57,994.4,34,3.01,186,1.20,609.0,520.0,89.0
2026-09-10T14:00,23.6,51,994.2,94,3.40,194,1.42,584.0,494.0,90.0
2026-09-10T15:00,24.3,47,993.8,84,3.32,186,1.62,508.0,403.0,105.0
2026-09-10T16:00,24.2,48,993.5,42,3.11,184,1.58,404.0,301.0,103.0
2026-09-10T17:00,23.8,52,993.4,81,2.56,176,1.42,287.0,216.0,71.0
2026-09-10T18:00,22.6,58,993.0,1,2.55,169,1.15,148.0,93.0,55.0
2026-09-10T19:00,21.0,65,992.9,0,2.77,163,0.87,35.0,19.0,16.0
2026-09-10T20:00,20.0,69,992.8,1,2.84,166,0.73,0.0,0.0,0.0
2026-09-10T21:00,19.3,70,992.1,83,2.89,166,0.66,0.0,0.0,0.0
2026-09-10T22:00,18.7,72,991.6,84,2.98,171,0.61,0.0,0.0,0.0
2026-09-10T23:00,18.1,74,991.5,95,2.91,176,0.55,0.0,0.0,0.0
2026-09-11T00:00,17.7,75,991.3,72,2.86,176,0.51,0.0,0.0,0.0
2026-09-11T01:00,17.3,77,990.8,41,2.91,175,0.46,0.0,0.0,0.0
2026-09-11T02:00,16.9,78,990.6,84,2.84,190,0.42,0.0,0.0,0.0
2026-09-11T03:00,16.5,80,990.3,93,2.64,209,0.38,0.0,0.0,0.0
2026-09-11T04:00,15.9,81,990.3,99,3.00,252,0.34,0.0,0.0,0.0
2026-09-11T05:00,14.9,95,990.6,100,3.21,285,0.09,0.0,0.0,0.0
2026-09-11T06:00,14.5,96,991.1,100,3.30,288,0.06,0.0,0.0,0.0
2026-09-11T07:00,14.1,97,991.5,99,3.50,271,0.05,2.0,0.0,2.0
2026-09-11T08:00,13.5,92,991.8,73,3.95,279,0.12,86.0,26.0,60.0
2026-09-11T09:00,13.9,83,992.7,100,3.97,276,0.28,280.0,188.0,92.0
2026-09-11T10:00,14.4,75,993.1,99,4.16,265,0.41,272.0,88.0,184.0
2026-09-11T11:00,15.1,69,993.4,16,4.10,261,0.53,413.0,203.0,210.0
2026-09-11T12:00,15.7,62,993.8,66,4.60,262,0.68,572.0,460.0,112.0
2026-09-11T13:00,15.9,57,994.0,35,4.48,259,0.77,489.0,316.0,173.0
2026-09-11T14:00,15.5,60,994.0,23,5.40,257,0.71,479.0,363.0,116.0
2026-09-11T15:00,13.3,77,995.1,53,3.47,264,0.35,357.0,204.0,153.0
2026-09-11T16:00,14.6,73,995.0,26,3.40,256,0.45,277.0,157.0,120.0
2026-09-11T17:00,14.8,64,995.1,12,4.38,263,0.61,204.0,115.0,89.0
2026-09-11T18:00,14.6,65,995.4,19,3.60,260,0.58,139.0,93.0,46.0
2026-09-11T19:00,13.9,67,996.0,55,4.14,262,0.52,30.0,15.0,15.0
2026-09-11T20:00,13.0,74,996.5,15,3.55,270,0.38,0.0,0.0,0.0
2026-09-11T21:00,12.3,81,996.8,36,3.35,267,0.27,0.0,0.0,0.0
2026-09-11T22:00,12.2,82,997.1,31,3.55,272,0.26,0.0,0.0,0.0
2026-09-11T23:00,11.8,84,997.1,82,3.05,273,0.23,0.0,0.0,0.0
2026-09-12T00:00,11.6,85,997.5,91,3.11,264,0.20,0.0,0.0,0.0
2026-09-12T01:00,11.6,85,997.8,55,3.40,269,0.21,0.0,0.0,0.0
2026-09-12T02:00,11.2,85,998.2,21,3.45,271,0.19,0.0,0.0,0.0
2026-09-12T03:00,10.7,85,998.1,0,3.10,270,0.19,0.0,0.0,0.0
2026-09-12T04:00,10.3,88,997.9,0,3.22,264,0.15,0.0,0.0,0.0
2026-09-12T05:00,9.9,88,998.1,1,3.25,267,0.15,0.0,0.0,0.0
2026-09-12T06:00,9.6,88,998.4,2,3.21,266,0.14,0.0,0.0,0.0
2026-09-12T07:00,9.8,87,998.7,4,3.21,266,0.16,41.0,23.0,18.0
2026-09-12T08:00,10.6,85,998.5,2,2.41,265,0.19,165.0,117.0,48.0
2026-09-12T09:00,12.2,78,998.7,3,3.00,267,0.31,305.0,242.0,63.0
2026-09-12T10:00,13.7,70,998.9,25,3.45,272,0.47,433.0,360.0,73.0
2026-09-12T11:00,15.1,62,998.8,59,4.71,285,0.65,536.0,456.0,80.0
2026-09-12T12:00,15.7,59,998.6,98,4.62,292,0.73,474.0,294.0,180.0
2026-09-12T13:00,15.6,59,998.8,98,3.95,288,0.73,275.0,51.0,224.0
2026-09-12T14:00,16.2,57,998.7,95,3.92,287,0.80,340.0,129.0,211.0
2026-09-12T15:00,16.4,53,999.1,98,3.68,292,0.88,344.0,180.0,164.0
2026-09-12T16:00,16.2,54,998.8,49,3.02,289,0.85,229.0,61.0,168.0
2026-09-12T17:00,16.1,55,998.9,74,2.66,286,0.83,251.0,170.0,81.0
2026-09-12T18:00,15.3,59,998.8,63,2.28,279,0.71,112.0,62.0,50.0
2026-09-12T19:00,14.1,65,998.9,23,2.12,278,0.56,24.0,11.0,13.0
2026-09-12T20:00,13.2,70,998.8,25,2.06,276,0.46,0.0,0.0,0.0
2026-09-12T21:00,12.6,73,998.9,38,2.06,276,0.39,0.0,0.0,0.0
2026-09-12T22:00,11.9,76,999.0,6,2.30,272,0.34,0.0,0.0,0.0
2026-09-12T23:00,11.2,78,998.9,8,2.40,274,0.30,0.0,0.0,0.0
2026-09-13T00:00,10.5,80,999.2,48,2.40,269,0.26,0.0,0.0,0.0
2026-09-13T01:00,9.9,82,999.1,85,2.30,268,0.22,0.0,0.0,0.0
2026-09-13T02:00,9.4,84,999.2,25,2.25,267,0.18,0.0,0.0,0.0
2026-09-13T03:00,8.9,86,999.1,9,2.11,265,0.17,0.0,0.0,0.0
2026-09-13T04:00,8.6,87,998.9,7,2.17,262,0.15,0.0,0.0,0.0
2026-09-13T05:00,8.2,88,998.9,2,2.21,264,0.13,0.0,0.0,0.0
2026-09-13T06:00,7.9,90,999.1,1,2.16,263,0.11,0.0,0.0,0.0
2026-09-13T07:00,8.2,89,999.1,1,2.10,258,0.12,39.0,22.0,17.0
2026-09-13T08:00,9.2,87,999.1,96,1.67,261,0.15,162.0,115.0,47.0
2026-09-13T09:00,10.8,84,999.5,63,1.55,255,0.21,271.0,164.0,107.0
2026-09-13T10:00,12.8,77,999.6,85,1.52,247,0.34,398.0,280.0,118.0
2026-09-13T11:00,14.5,63,999.3,99,2.70,270,0.61,480.0,326.0,154.0
2026-09-13T12:00,15.3,56,999.2,98,2.93,278,0.76,485.0,270.0,215.0
2026-09-13T13:00,15.6,52,999.1,100,3.23,283,0.85,399.0,149.0,250.0
2026-09-13T14:00,15.6,52,999.1,94,3.01,276,0.85,285.0,65.0,220.0
2026-09-13T15:00,15.8,50,999.2,100,2.69,280,0.90,325.0,121.0,204.0
2026-09-13T16:00,15.7,54,999.2,74,2.40,274,0.83,157.0,11.0,146.0
2026-09-13T17:00,15.7,55,999.2,55,1.99,258,0.81,194.0,96.0,98.0
2026-09-13T18:00,15.1,60,999.3,46,1.88,228,0.69,117.0,57.0,60.0
2026-09-13T19:00,13.7,65,999.2,27,2.09,230,0.55,24.0,11.0,13.0
2026-09-13T20:00,13.5,66,999.2,74,2.29,250,0.53,0.0,0.0,0.0
2026-09-13T21:00,12.8,72,999.7,10,2.29,259,0.41,0.0,0.0,0.0
2026-09-13T22:00,12.1,78,999.9,11,1.93,253,0.30,0.0,0.0,0.0
2026-09-13T23:00,11.4,83,1000.0,33,1.95,247,0.23,0.0,0.0,0.0
2026-09-14T00:00,11.1,86,1000.2,29,2.12,243,0.18,0.0,0.0,0.0
2026-09-14T01:00,10.8,89,1000.1,11,2.04,259,0.14,0.0,0.0,0.0
2026-09-14T02:00,10.3,92,1000.0,2,1.97,261,0.10,0.0,0.0,0.0
2026-09-14T03:00,9.5,92,1000.2,37,1.49,256,0.09,0.0,0.0,0.0
2026-09-14T04:00,9.3,93,1000.2,88,1.75,239,0.09,0.0,0.0,0.0
2026-09-14T05:00,9.2,93,1000.3,63,1.86,243,0.08,0.0,0.0,0.0
2026-09-14T06:00,9.1,93,1000.6,76,1.87,250,0.08,0.0,0.0,0.0
2026-09-14T07:00,9.6,92,1000.8,41,2.02,237,0.09,32.0,12.0,20.0
2026-09-14T08:00,10.7,91,1000.9,0,1.55,237,0.12,151.0,100.0,51.0
2026-09-14T09:00,12.2,88,1001.1,8,1.14,232,0.18,291.0,228.0,63.0
2026-09-14T10:00,14.4,80,1001.3,24,1.18,234,0.32,417.0,344.0,73.0
2026-09-14T11:00,16.1,70,1001.2,26,1.57,243,0.55,512.0,429.0,83.0
2026-09-14T12:00,17.2,61,1001.2,77,1.99,252,0.77,506.0,388.0,118.0
2026-09-14T13:00,18.0,56,1000.9,80,2.15,258,0.90,516.0,365.0,151.0
2026-09-14T14:00,18.1,54,1000.6,85,2.11,256,0.96,402.0,200.0,202.0
2026-09-14T15:00,18.6,47,1000.8,91,1.87,278,1.14,337.0,148.0,189.0
2026-09-14T16:00,18.4,46,1000.6,84,1.47,288,1.14,345.0,213.0,132.0
2026-09-14T17:00,18.3,47,1000.2,67,0.75,274,1.11,228.0,124.0,104.0
2026-09-14T18:00,17.3,59,1000.1,22,0.62,194,0.81,115.0,57.0,58.0
2026-09-14T19:00,15.6,64,1000.2,23,1.03,203,0.64,21.0,10.0,11.0
2026-09-14T20:00,14.7,68,1000.2,91,1.06,225,0.54,0.0,0.0,0.0
2026-09-14T21:00,13.8,73,1000.6,100,1.06,251,0.43,0.0,0.0,0.0
2026-09-14T22:00,13.8,75,1000.6,100,1.26,277,0.39,0.0,0.0,0.0
2026-09-14T23:00,13.0,81,1000.5,100,0.96,264,0.28,0.0,0.0,0.0
2026-09-15T00:00,12.5,85,1000.5,100,0.82,256,0.21,0.0,0.0,0.0
2026-09-15T01:00,12.4,86,1000.3,100,1.20,268,0.20,0.0,0.0,0.0
2026-09-15T02:00,12.3,87,1000.3,100,1.20,272,0.19,0.0,0.0,0.0
2026-09-15T03:00,10.6,91,1000.3,97,0.70,270,0.11,0.0,0.0,0.0
2026-09-15T04:00,10.5,92,1000.1,94,0.86,280,0.10,0.0,0.0,0.0
2026-09-15T05:00,10.2,94,999.8,77,1.22,305,0.08,0.0,0.0,0.0
2026-09-15T06:00,10.0,94,1000.0,95,1.17,320,0.07,0.0,0.0,0.0
2026-09-15T07:00,10.6,94,1000.3,96,1.36,332,0.08,27.0,5.0,22.0
2026-09-15T08:00,11.8,91,1000.2,98,1.29,324,0.12,128.0,54.0,74.0
2026-09-15T09:00,13.4,88,1000.5,95,1.03,346,0.18,251.0,139.0,112.0
2026-09-15T10:00,15.0,83,1000.5,90,1.30,356,0.30,312.0,190.0,122.0
2026-09-15T11:00,16.2,74,1000.1,76,1.80,358,0.48,435.0,288.0,147.0
2026-09-15T12:00,17.1,67,999.9,80,1.96,15,0.65,526.0,401.0,125.0
2026-09-15T13:00,17.6,63,999.3,92,2.37,7,0.74,479.0,337.0,142.0
2026-09-15T14:00,18.1,60,999.0,93,2.44,11,0.83,522.0,401.0,121.0
2026-09-15T15:00,18.0,57,999.2,81,2.90,1,0.89,406.0,271.0,135.0
2026-09-15T16:00,17.8,55,998.7,85,3.00,3,0.91,369.0,266.0,103.0
2026-09-15T17:00,17.2,57,998.7,98,2.81,5,0.85,240.0,142.0,98.0
2026-09-15T18:00,16.1,61,998.7,95,2.65,2,0.71,106.0,36.0,70.0
2026-09-15T19:00,14.6,67,998.9,92,2.53,351,0.54,17.0,4.0,13.0
2026-09-15T20:00,13.8,71,998.9,88,2.50,357,0.46,0.0,0.0,0.0
2026-09-15T21:00,13.1,74,998.9,88,2.22,8,0.39,0.0,0.0,0.0
2026-09-15T22:00,12.2,78,998.8,97,2.16,4,0.31,0.0,0.0,0.0
2026-09-15T23:00,11.4,80,998.7,52,2.20,3,0.26,0.0,0.0,0.0
